"id","vid","relation","official"
v1,v9650,char,true
v2,v29,char,true
v2,v5134,seq,false
v2,v5135,seq,false
v3,v446,char,true
v3,v7721,seq,true
v3,v26075,char,true
v3,v33944,char,true
v4,v12,seq,true
v4,v869,char,false
v4,v4060,side,true
v4,v5698,seq,false
v4,v7983,preq,false
v4,v8324,char,false
v4,v10058,side,false
v4,v11057,char,false
v4,v16901,side,false
v4,v21002,char,false
v4,v23354,side,false
v4,v25142,set,false
v4,v27548,side,false
v4,v28752,side,false
v4,v29951,side,false
v4,v42392,char,false
v4,v54298,seq,false
v5,v3079,fan,true
v5,v11567,side,true
v5,v19693,side,true
v7,v11,set,true
v7,v47,side,true
v7,v49,fan,true
v7,v165,side,true
v7,v2941,char,false
v7,v5398,char,false
v7,v7602,char,true
v7,v9314,side,false
v7,v11479,char,false
v7,v12243,preq,false
v7,v12462,side,false
v7,v13966,char,false
v7,v13968,char,false
v7,v13969,char,false
v7,v15765,char,false
v7,v17543,char,false
v7,v17909,alt,true
v7,v18513,char,false
v7,v18514,char,false
v7,v18516,char,false
v7,v18524,char,false
v7,v18525,char,false
v7,v18526,char,false
v7,v27541,char,false
v7,v28652,char,false
v7,v40147,char,false
v7,v47949,char,false
v7,v49584,char,false
v7,v49585,char,false
v7,v50014,alt,false
v7,v55371,char,false
v9,v1030,seq,true
v9,v35403,char,false
v10,v70,preq,true
v10,v16695,char,true
v10,v18738,preq,true
v10,v18739,ser,true
v11,v7,set,true
v11,v50,fan,true
v11,v777,set,true
v11,v5398,set,false
v11,v5647,seq,false
v11,v7555,char,false
v11,v7602,set,true
v11,v9339,char,false
v11,v9340,char,false
v11,v9341,char,false
v11,v9342,char,false
v11,v9343,char,false
v11,v9344,char,false
v11,v9345,char,false
v11,v9888,side,false
v11,v12243,preq,false
v11,v12463,fan,false
v11,v12706,fan,false
v11,v12779,preq,false
v11,v13288,side,false
v11,v14554,preq,false
v11,v14957,char,false
v11,v15808,preq,false
v11,v16202,char,false
v11,v18204,char,false
v11,v23380,char,false
v11,v29977,char,false
v11,v30132,ser,false
v11,v40698,fan,false
v11,v45083,preq,false
v11,v53084,char,false
v11,v53209,char,false
v11,v53550,char,false
v11,v57775,set,false
v11,v58467,ser,false
v11,v62117,char,false
v11,v62120,char,false
v11,v62123,char,false
v11,v62124,char,false
v12,v4,preq,true
v12,v5698,char,false
v13,v17,ser,true
v13,v247,ser,true
v13,v5950,ser,true
v14,v73,alt,true
v14,v1193,set,true
v14,v4215,set,true
v14,v14273,ser,true
v15,v6072,fan,true
v16,v16151,char,true
v17,v13,ser,true
v17,v248,ser,true
v17,v3794,seq,false
v17,v19373,alt,true
v18,v20,ser,true
v18,v184,ser,true
v18,v204,ser,true
v18,v446,char,true
v18,v5698,char,false
v18,v6113,fan,true
v18,v25243,char,false
v18,v27089,char,false
v18,v27398,alt,false
v18,v27592,char,false
v18,v27617,char,false
v18,v27618,char,false
v18,v28262,alt,false
v18,v30616,alt,true
v18,v39272,char,false
v18,v51542,char,false
v18,v53592,char,false
v18,v57522,char,false
v18,v58055,char,false
v19,v857,ser,true
v19,v5390,seq,true
v19,v21129,ser,true
v19,v29708,fan,true
v19,v49960,char,false
v20,v18,ser,true
v20,v90,side,true
v20,v204,ser,true
v20,v236,set,true
v20,v2964,fan,true
v20,v7721,char,true
v20,v9234,char,false
v20,v13926,char,false
v20,v13927,char,false
v20,v33943,fan,true
v20,v33944,fan,true
v20,v34029,char,false
v20,v38603,fan,false
v20,v47304,char,false
v20,v47312,char,false
v20,v47314,char,false
v20,v48785,side,false
v20,v52312,alt,false
v20,v53218,char,false
v20,v54548,char,false
v20,v54550,char,false
v20,v59481,set,false
v21,v446,char,true
v21,v47313,char,false
v22,v12416,ser,true
v24,v68,ser,true
v24,v2153,seq,true
v24,v5057,char,false
v24,v6264,alt,false
v24,v13973,char,false
v24,v21002,char,false
v24,v23649,char,false
v24,v24610,fan,false
v24,v31305,char,false
v24,v33017,char,false
v24,v33020,char,false
v24,v34252,char,false
v24,v37036,char,false
v24,v40346,char,false
v24,v47949,char,false
v24,v55324,alt,false
v24,v60545,par,false
v25,v263,fan,true
v25,v3794,char,false
v26,v74,preq,true
v26,v833,fan,true
v26,v2353,preq,true
v26,v18176,seq,true
v26,v27047,fan,true
v28,v201,seq,true
v28,v202,seq,true
v28,v590,char,true
v28,v6427,fan,true
v28,v8664,char,true
v28,v12525,side,true
v28,v24748,set,true
v28,v25725,seq,true
v28,v30216,char,true
v29,v2,char,true
v33,v869,char,false
v33,v1463,alt,false
v33,v3794,char,false
v33,v5698,char,false
v33,v6184,side,false
v33,v11058,side,false
v33,v11251,set,false
v33,v11252,char,false
v33,v12111,side,false
v33,v14025,side,false
v33,v14076,alt,false
v33,v20973,char,false
v33,v23001,side,false
v33,v27408,char,false
v33,v27629,char,false
v33,v27632,char,false
v33,v27634,side,false
v33,v28772,side,false
v33,v31030,alt,false
v33,v34306,char,false
v33,v37620,alt,false
v33,v38039,char,false
v33,v39180,char,false
v33,v39259,char,false
v33,v39260,char,false
v33,v39273,char,false
v33,v39866,side,false
v33,v39867,char,false
v33,v40146,char,false
v33,v40148,char,false
v33,v40151,preq,false
v33,v42392,char,false
v33,v47480,alt,false
v33,v47680,char,false
v33,v49801,char,false
v33,v53442,char,false
v33,v53443,char,false
v33,v55373,char,false
v33,v57522,char,false
v33,v58055,char,false
v33,v59372,par,false
v33,v59809,alt,false
v34,v5698,char,false
v34,v27747,preq,true
v35,v592,fan,true
v36,v869,char,false
v36,v11253,alt,false
v36,v11256,side,false
v36,v14020,alt,false
v36,v24844,alt,false
v36,v27407,side,false
v36,v27630,alt,false
v36,v28773,side,false
v36,v28789,preq,false
v36,v34306,seq,false
v36,v37084,side,false
v36,v37620,char,false
v36,v38039,char,false
v36,v42392,char,false
v36,v48020,char,false
v36,v53066,side,false
v36,v59389,par,false
v36,v59400,side,false
v37,v4777,char,true
v37,v28009,preq,true
v37,v28045,fan,true
v37,v28455,fan,true
v38,v34306,char,false
v38,v48322,side,false
v39,v239,side,true
v39,v744,char,true
v40,v744,char,true
v43,v128,seq,true
v43,v50859,char,false
v43,v50860,char,false
v45,v444,char,true
v45,v39292,char,true
v45,v46419,char,false
v47,v7,par,true
v49,v7,orig,true
v50,v11,orig,true
v50,v14408,char,false
v50,v59216,seq,false
v51,v670,ser,true
v51,v5698,char,false
v51,v6072,fan,true
v51,v14621,side,false
v51,v20973,side,false
v51,v20974,side,false
v51,v23001,side,false
v51,v27863,char,false
v51,v28771,alt,false
v51,v38039,char,false
v51,v50017,char,false
v51,v51542,set,false
v57,v84,fan,true
v57,v3095,set,true
v57,v20273,char,true
v60,v49837,ser,true
v60,v49839,ser,true
v67,v68,seq,true
v67,v951,char,false
v67,v2084,char,false
v67,v3895,set,false
v67,v12010,char,false
v67,v14600,alt,false
v67,v15618,side,false
v67,v15849,char,false
v67,v15850,char,false
v67,v23649,char,false
v67,v30824,alt,false
v67,v31157,side,true
v67,v32082,side,true
v67,v33274,set,false
v67,v36039,side,false
v67,v37253,char,false
v67,v47586,set,false
v67,v48120,char,false
v67,v53446,side,false
v67,v58807,side,false
v67,v60545,ser,false
v68,v24,ser,true
v68,v67,preq,true
v68,v69,fan,true
v68,v12703,char,false
v68,v15523,fan,true
v68,v21482,seq,false
v68,v26390,fan,true
v68,v31157,side,true
v68,v42278,side,true
v69,v68,orig,true
v70,v10,seq,true
v70,v1542,seq,true
v70,v18736,side,true
v70,v18739,ser,true
v71,v514,char,false
v71,v5072,fan,true
v71,v6463,char,true
v73,v14,alt,true
v73,v7751,alt,true
v74,v26,seq,true
v74,v76,fan,true
v74,v77,seq,true
v74,v18176,alt,true
v74,v27047,fan,true
v74,v55506,char,false
v75,v12951,fan,true
v76,v74,orig,true
v77,v74,preq,true
v77,v3847,fan,true
v77,v55506,char,false
v78,v276,char,true
v78,v407,side,true
v78,v4848,char,true
v78,v9836,char,true
v78,v14039,fan,true
v79,v764,set,true
v80,v458,char,true
v80,v56226,side,true
v82,v572,char,true
v82,v577,char,true
v84,v57,orig,true
v85,v2796,alt,true
v86,v4265,fan,true
v87,v8158,set,true
v87,v28893,fan,true
v88,v1025,side,true
v88,v4189,fan,true
v88,v12562,set,true
v88,v20275,side,true
v88,v24372,side,true
v89,v3232,fan,true
v90,v20,par,true
v91,v744,char,true
v92,v93,preq,true
v92,v405,fan,true
v92,v1362,fan,true
v92,v1743,set,true
v92,v5895,fan,true
v92,v7052,set,true
v92,v14910,set,true
v92,v26768,seq,true
v92,v32753,side,true
v92,v32754,side,true
v92,v32785,side,true
v92,v32787,side,true
v92,v32788,side,true
v92,v32789,side,true
v92,v32791,side,true
v92,v32794,fan,true
v92,v32795,side,true
v92,v42209,set,false
v93,v92,seq,true
v93,v94,set,true
v93,v404,fan,true
v93,v443,char,true
v93,v4463,seq,true
v93,v6913,char,true
v93,v21343,fan,true
v93,v21816,set,true
v93,v32467,char,false
v94,v93,set,true
v94,v161,side,true
v94,v358,fan,true
v94,v443,char,true
v94,v1362,char,true
v94,v6913,char,true
v94,v18592,fan,true
v94,v21343,fan,true
v94,v28307,side,true
v94,v32759,set,true
v94,v39292,char,true
v97,v22591,alt,false
v97,v23649,char,false
v97,v61098,set,false
v98,v710,ser,true
v99,v276,char,true
v99,v319,char,true
v99,v320,side,true
v99,v331,char,true
v99,v406,char,true
v99,v408,side,true
v99,v4848,char,true
v99,v5282,char,true
v99,v7228,seq,true
v100,v5193,char,true
v104,v216,seq,true
v104,v10403,char,false
v104,v18530,char,false
v104,v50807,set,false
v104,v56115,char,false
v105,v1099,alt,true
v106,v643,char,true
v106,v1149,seq,true
v106,v1150,ser,true
v106,v20205,preq,true
v109,v140,set,true
v109,v5563,char,true
v109,v5564,preq,true
v114,v1793,preq,true
v115,v10917,ser,true
v118,v132,ser,true
v124,v31417,fan,true
v125,v1402,char,true
v125,v1403,seq,true
v126,v9650,char,true
v127,v4067,seq,true
v128,v43,preq,true
v128,v129,seq,true
v128,v50859,char,false
v128,v50860,char,false
v129,v128,preq,true
v129,v130,ser,true
v129,v50859,char,false
v129,v50860,char,false
v130,v129,ser,true
v130,v817,ser,true
v130,v10817,ser,true
v131,v645,char,true
v132,v118,ser,true
v133,v134,seq,true
v134,v133,preq,true
v137,v149,set,true
v137,v3233,char,true
v137,v5109,set,true
v137,v6883,char,true
v140,v109,set,true
v140,v2393,set,true
v140,v5109,ser,true
v140,v5564,set,true
v140,v10388,char,true
v141,v6086,preq,true
v141,v6620,char,true
v143,v4731,seq,true
v143,v7959,preq,true
v144,v15146,fan,true
v146,v147,preq,true
v146,v3338,alt,true
v146,v12675,char,false
v147,v146,seq,true
v147,v667,seq,true
v147,v740,char,true
v147,v2708,seq,true
v147,v2709,preq,true
v147,v17976,alt,true
v147,v24798,seq,true
v149,v137,set,true
v149,v150,set,true
v149,v5109,set,true
v149,v6884,char,true
v149,v9650,char,true
v150,v149,set,true
v150,v5109,set,true
v151,v32893,preq,true
v152,v739,set,true
v152,v2662,set,true
v155,v3184,side,true
v158,v603,seq,true
v159,v8680,ser,true
v160,v16345,alt,true
v161,v94,par,true
v163,v1111,char,true
v165,v7,par,true
v165,v1701,side,false
v165,v13969,char,false
v165,v17544,side,false
v165,v23403,char,true
v166,v458,char,true
v166,v12793,side,true
v169,v1517,ser,true
v169,v2396,seq,true
v169,v8965,char,true
v169,v12570,ser,true
v169,v21687,fan,true
v169,v47307,char,false
v169,v47313,char,false
v169,v49251,char,false
v172,v1267,char,true
v174,v175,ser,true
v174,v550,set,true
v174,v968,ser,true
v174,v9853,fan,true
v175,v174,ser,true
v175,v18378,fan,true
v175,v23355,side,false
v176,v1384,side,true
v176,v3794,char,false
v176,v13325,set,true
v177,v446,char,true
v177,v6307,fan,true
v177,v25243,char,false
v177,v27592,char,false
v177,v44103,char,false
v177,v53216,char,false
v177,v53592,char,false
v178,v213,seq,true
v179,v591,fan,true
v180,v1858,fan,true
v180,v28896,fan,true
v182,v479,char,true
v182,v491,char,true
v182,v683,ser,true
v182,v684,fan,true
v183,v39292,char,true
v184,v18,ser,true
v184,v235,ser,true
v184,v446,char,true
v184,v3794,char,false
v184,v6113,char,true
v184,v6152,fan,true
v184,v25243,char,false
v184,v26075,char,true
v184,v27592,char,false
v184,v27635,char,false
v184,v53592,char,false
v185,v2295,char,true
v185,v2337,seq,true
v185,v2341,set,true
v185,v34136,alt,true
v185,v47672,fan,true
v186,v446,char,true
v186,v25243,char,false
v187,v984,fan,true
v188,v189,side,true
v188,v1285,seq,true
v189,v188,par,true
v190,v7578,ser,true
v191,v9256,set,true
v192,v915,char,true
v192,v927,char,true
v192,v1136,char,true
v192,v1507,fan,true
v192,v1508,fan,true
v192,v1509,char,true
v192,v8499,ser,true
v192,v11124,fan,true
v192,v11125,fan,true
v192,v11126,fan,true
v192,v11127,fan,true
v192,v11128,fan,true
v192,v11129,fan,true
v192,v11130,fan,true
v192,v14294,char,true
v192,v15658,char,true
v192,v23198,side,false
v192,v23442,side,false
v192,v53265,char,false
v193,v813,char,true
v193,v5575,char,true
v193,v8175,char,true
v193,v34605,alt,true
v194,v28978,fan,true
v195,v541,side,true
v195,v544,side,true
v195,v3861,seq,true
v196,v4975,fan,true
v197,v583,seq,true
v198,v458,char,true
v198,v12793,side,true
v199,v200,seq,true
v199,v6628,fan,true
v200,v199,preq,true
v200,v2301,side,true
v200,v3999,ser,true
v200,v7029,fan,true
v200,v7416,fan,true
v200,v25742,fan,true
v200,v25743,fan,true
v201,v28,preq,true
v201,v202,alt,true
v202,v28,preq,true
v202,v201,alt,true
v202,v6427,fan,true
v202,v8664,char,true
v203,v2295,char,true
v204,v18,ser,true
v204,v20,ser,true
v204,v446,char,true
v204,v5698,char,false
v205,v275,fan,true
v205,v5193,set,true
v206,v843,char,true
v208,v11749,seq,true
v210,v4876,fan,true
v210,v18498,set,true
v211,v20273,side,true
v212,v6492,side,true
v213,v178,preq,true
v213,v214,seq,true
v214,v213,preq,true
v216,v104,preq,true
v216,v1275,seq,true
v216,v50807,set,false
v217,v218,preq,true
v218,v217,seq,true
v219,v220,seq,true
v219,v7532,ser,true
v219,v12194,ser,true
v219,v46079,set,false
v220,v219,preq,true
v221,v306,set,true
v221,v309,char,true
v221,v491,side,true
v221,v1306,ser,true
v226,v7669,alt,true
v228,v2195,set,true
v228,v2196,set,true
v228,v2913,seq,true
v231,v234,seq,true
v232,v1398,fan,true
v232,v5937,char,true
v234,v231,preq,true
v235,v184,ser,true
v235,v446,char,true
v235,v6113,char,true
v235,v6152,fan,true
v235,v25243,char,false
v235,v27618,set,false
v236,v20,set,true
v236,v7771,ser,true
v236,v14024,char,false
v236,v27089,side,false
v237,v446,char,true
v238,v7533,fan,true
v238,v7719,ser,true
v239,v39,par,true
v240,v242,char,true
v240,v243,set,true
v240,v2703,fan,true
v240,v3666,side,true
v240,v5548,side,true
v240,v50076,alt,true
v241,v9149,char,true
v242,v240,char,true
v242,v243,char,true
v242,v1521,char,true
v242,v1777,char,true
v242,v3703,fan,true
v242,v7476,fan,true
v243,v240,set,true
v243,v242,char,true
v244,v245,set,true
v244,v2010,ser,true
v245,v244,set,true
v245,v2010,ser,true
v247,v13,ser,true
v248,v17,ser,true
v248,v1152,set,true
v248,v1966,char,true
v248,v26011,char,true
v248,v32005,alt,false
v250,v1853,side,true
v252,v421,char,true
v252,v3208,char,true
v252,v3755,set,true
v253,v304,set,true
v253,v2904,set,true
v254,v1037,ser,true
v254,v3232,fan,true
v254,v17245,fan,true
v254,v28917,fan,true
v256,v257,fan,true
v256,v1389,fan,true
v256,v1881,ser,true
v256,v3185,set,true
v256,v4029,fan,true
v256,v7981,fan,true
v256,v10867,ser,true
v257,v256,orig,true
v258,v1082,char,true
v258,v1420,alt,true
v258,v2146,char,true
v263,v25,orig,true
v264,v266,seq,true
v264,v272,side,true
v264,v273,side,true
v264,v276,fan,true
v264,v320,char,true
v264,v332,side,true
v264,v407,side,true
v264,v408,side,true
v264,v947,side,true
v264,v1708,alt,true
v264,v3537,alt,true
v264,v4848,char,true
v264,v5282,alt,true
v264,v5409,side,true
v264,v12510,alt,true
v264,v17742,set,true
v264,v19748,fan,true
v264,v38040,char,false
v264,v44104,char,false
v265,v4061,fan,true
v266,v264,preq,true
v266,v276,fan,true
v266,v384,side,true
v266,v407,side,true
v266,v947,side,true
v266,v969,char,true
v266,v1910,side,true
v266,v2932,side,true
v266,v4848,char,true
v266,v5282,char,true
v266,v5409,side,true
v266,v6438,seq,true
v266,v9836,side,true
v266,v9837,side,true
v266,v16261,seq,true
v266,v25293,fan,true
v266,v25294,fan,true
v266,v44104,char,false
v269,v270,seq,true
v269,v4805,side,true
v270,v269,preq,true
v270,v713,seq,true
v272,v264,par,true
v273,v264,par,true
v273,v313,char,true
v273,v44104,char,false
v273,v53434,orig,true
v274,v7358,preq,true
v275,v205,orig,true
v276,v78,char,true
v276,v99,char,true
v276,v264,orig,true
v276,v266,orig,true
v276,v323,char,true
v276,v380,char,true
v276,v406,char,true
v278,v580,seq,true
v278,v1274,preq,true
v279,v285,preq,true
v284,v311,ser,true
v284,v1111,char,true
v284,v3100,seq,true
v284,v3105,char,true
v284,v21142,ser,true
v285,v279,seq,true
v285,v2839,ser,true
v289,v290,side,true
v290,v289,par,true
v291,v3835,char,true
v292,v293,fan,true
v292,v1310,preq,true
v292,v3059,seq,true
v293,v292,orig,true
v295,v3433,seq,true
v298,v299,ser,true
v298,v487,char,true
v298,v1111,char,true
v298,v2047,char,true
v298,v3066,ser,true
v299,v298,ser,true
v299,v487,char,true
v299,v1111,char,true
v299,v3066,ser,true
v299,v30469,side,true
v304,v253,set,true
v304,v1186,seq,true
v304,v1895,set,true
v306,v221,set,true
v306,v308,set,true
v306,v479,char,true
v307,v308,set,true
v308,v306,set,true
v308,v307,set,true
v309,v221,char,true
v309,v479,side,true
v309,v491,side,true
v310,v828,set,true
v311,v284,ser,true
v311,v1080,char,true
v311,v1111,char,true
v311,v3100,char,true
v312,v2008,ser,true
v313,v273,char,true
v313,v314,side,true
v313,v316,alt,true
v313,v317,alt,true
v313,v331,char,true
v313,v444,char,true
v314,v313,par,true
v314,v316,par,true
v314,v317,par,true
v315,v2296,char,true
v315,v2339,char,true
v315,v14434,char,false
v315,v14435,char,false
v315,v14436,char,false
v315,v18190,char,true
v315,v39014,char,true
v316,v313,alt,true
v316,v314,side,true
v316,v317,char,true
v316,v332,char,true
v316,v408,side,true
v316,v4848,char,true
v317,v313,alt,true
v317,v314,side,true
v317,v316,char,true
v317,v332,char,true
v317,v408,side,true
v317,v4848,char,true
v318,v331,char,true
v318,v4848,char,true
v319,v99,char,true
v320,v99,par,true
v320,v264,char,true
v323,v276,char,true
v323,v947,side,true
v323,v4848,char,true
v323,v9838,preq,true
v324,v1518,side,true
v324,v2322,side,true
v324,v2323,alt,true
v324,v10708,side,true
v324,v19128,seq,true
v324,v29312,side,true
v324,v29313,side,true
v324,v50783,char,true
v326,v1104,char,true
v326,v1603,char,true
v326,v1604,char,true
v326,v14425,char,true
v328,v329,fan,true
v328,v1104,set,true
v329,v328,orig,true
v329,v1104,char,true
v331,v99,char,true
v331,v313,char,true
v331,v318,char,true
v331,v332,seq,true
v332,v264,par,true
v332,v316,char,true
v332,v317,char,true
v332,v331,preq,true
v332,v336,char,true
v334,v487,char,true
v334,v1111,char,true
v334,v6985,char,true
v336,v332,char,true
v336,v337,seq,true
v336,v408,side,true
v336,v4848,char,true
v337,v336,preq,true
v337,v407,side,true
v337,v4848,char,true
v339,v704,seq,true
v339,v2555,preq,true
v340,v347,char,true
v342,v3057,ser,true
v342,v3302,ser,true
v343,v3057,ser,true
v347,v340,char,true
v347,v6581,seq,true
v348,v2890,preq,true
v352,v3026,ser,true
v352,v18591,ser,true
v353,v354,fan,true
v353,v22753,alt,true
v354,v353,orig,true
v356,v2937,set,true
v358,v94,orig,true
v361,v1204,seq,true
v362,v363,fan,true
v362,v7410,side,false
v362,v22013,set,true
v363,v362,orig,true
v365,v366,seq,true
v366,v365,preq,true
v368,v6239,char,true
v368,v53105,char,false
v369,v979,char,true
v369,v1967,alt,true
v370,v1313,set,true
v370,v18589,seq,true
v370,v26960,alt,true
v371,v2416,char,true
v372,v451,alt,true
v372,v1475,char,true
v372,v7084,char,true
v372,v9636,char,true
v372,v49796,fan,true
v373,v374,seq,true
v374,v373,preq,true
v374,v375,seq,true
v375,v374,preq,true
v375,v376,seq,true
v376,v375,preq,true
v376,v377,seq,true
v377,v376,preq,true
v377,v383,seq,true
v379,v4392,preq,true
v380,v276,char,true
v380,v408,side,true
v382,v1646,char,true
v382,v22505,alt,true
v383,v377,preq,true
v383,v947,side,true
v383,v4848,char,true
v384,v266,par,true
v385,v1473,ser,true
v387,v5680,char,false
v387,v8245,char,false
v387,v8324,char,false
v387,v19099,ser,true
v387,v48789,char,false
v387,v56194,char,false
v388,v4057,ser,true
v394,v7659,fan,true
v396,v3346,preq,true
v396,v19452,seq,true
v397,v398,alt,true
v397,v399,fan,true
v397,v1068,set,true
v397,v1143,set,true
v397,v12481,seq,true
v397,v50458,fan,true
v398,v397,alt,true
v398,v6173,alt,true
v398,v12481,seq,true
v399,v397,orig,true
v400,v44271,alt,true
v401,v2162,side,true
v401,v5085,fan,true
v404,v93,orig,true
v405,v92,orig,true
v406,v99,char,true
v406,v276,char,true
v406,v407,side,true
v407,v78,par,true
v407,v264,par,true
v407,v266,par,true
v407,v337,par,true
v407,v406,par,true
v408,v99,par,true
v408,v264,par,true
v408,v316,par,true
v408,v317,par,true
v408,v336,par,true
v408,v380,par,true
v414,v2123,fan,true
v414,v2368,char,true
v414,v7943,fan,true
v414,v22783,char,true
v417,v596,ser,true
v417,v1027,ser,true
v417,v2390,char,true
v417,v6310,char,true
v417,v10797,fan,true
v421,v252,char,true
v421,v422,side,true
v421,v3208,seq,true
v421,v3755,char,true
v421,v17376,ser,true
v422,v421,par,true
v423,v1190,fan,true
v424,v3699,char,true
v425,v33222,side,true
v430,v2125,side,true
v432,v435,fan,true
v432,v2258,fan,true
v432,v14953,char,true
v433,v39292,char,true
v433,v46419,char,false
v434,v435,fan,true
v434,v10712,side,false
v434,v12519,fan,true
v434,v14953,char,true
v434,v16170,char,false
v435,v432,orig,true
v435,v434,orig,true
v439,v444,char,true
v440,v441,side,true
v441,v440,par,true
v442,v780,ser,true
v443,v93,char,true
v443,v94,char,true
v443,v444,char,true
v443,v32759,alt,true
v444,v45,char,true
v444,v313,char,true
v444,v439,char,true
v444,v443,char,true
v444,v509,char,true
v444,v1070,char,true
v444,v1107,char,true
v444,v4215,char,true
v444,v4572,char,true
v444,v7623,char,true
v444,v32759,char,true
v445,v647,fan,true
v446,v3,char,true
v446,v18,char,true
v446,v21,char,true
v446,v177,char,true
v446,v184,char,true
v446,v186,char,true
v446,v204,char,true
v446,v235,char,true
v446,v237,char,true
v446,v30616,char,true
v448,v6113,char,true
v448,v6307,char,true
v449,v7708,set,true
v450,v783,set,true
v450,v1086,set,true
v451,v372,alt,true
v451,v4910,char,true
v451,v7084,char,true
v451,v13717,alt,true
v451,v49796,fan,true
v452,v976,alt,true
v455,v1651,seq,true
v458,v80,char,true
v458,v166,char,true
v458,v198,char,true
v464,v16069,ser,true
v466,v52286,fan,true
v467,v469,side,true
v469,v467,par,true
v470,v10992,side,true
v470,v18189,char,true
v470,v18190,char,true
v471,v2162,side,true
v471,v5085,fan,true
v471,v11131,fan,true
v471,v13895,char,true
v473,v561,side,true
v473,v562,char,true
v473,v3144,set,true
v474,v475,seq,true
v475,v474,preq,true
v476,v477,preq,true
v477,v476,seq,true
v479,v182,char,true
v479,v306,char,true
v479,v309,par,true
v479,v491,char,true
v479,v682,char,true
v479,v683,char,true
v479,v1448,char,true
v479,v1883,char,true
v479,v2829,char,true
v479,v3984,char,true
v481,v4811,fan,true
v481,v18489,set,true
v483,v2568,fan,true
v484,v1142,preq,true
v487,v298,char,true
v487,v299,char,true
v487,v334,char,true
v487,v1111,char,true
v487,v1125,char,true
v487,v2045,alt,true
v487,v2047,preq,true
v487,v3066,char,true
v487,v4702,char,true
v487,v6458,char,true
v487,v6985,seq,true
v487,v7360,char,true
v487,v26386,char,false
v487,v31408,side,true
v487,v48266,alt,false
v488,v489,preq,true
v488,v29322,alt,true
v489,v488,seq,true
v489,v25996,alt,true
v490,v6980,char,true
v491,v182,char,true
v491,v221,par,true
v491,v309,par,true
v491,v479,char,true
v491,v682,char,true
v491,v683,char,true
v491,v1448,char,true
v491,v1883,char,true
v491,v3984,char,true
v492,v544,side,true
v494,v602,char,true
v494,v4777,char,true
v494,v7667,fan,true
v496,v2232,char,true
v498,v723,preq,true
v498,v2296,char,true
v499,v1111,char,true
v499,v49644,set,false
v499,v50041,char,false
v501,v11647,preq,true
v502,v2034,char,true
v505,v2836,set,true
v506,v580,preq,true
v507,v769,preq,true
v507,v2836,seq,true
v507,v7573,alt,true
v509,v444,char,true
v509,v15812,char,true
v511,v512,fan,true
v511,v689,set,true
v512,v511,orig,true
v514,v71,char,false
v514,v6463,char,false
v515,v564,char,true
v515,v810,seq,true
v515,v916,fan,true
v520,v3045,set,true
v523,v8006,seq,true
v524,v1496,side,true
v528,v596,fan,true
v528,v601,char,true
v528,v2390,char,true
v528,v10797,fan,true
v529,v666,char,true
v530,v1210,fan,true
v533,v5254,char,true
v536,v2651,ser,true
v538,v541,set,true
v539,v541,side,true
v540,v541,side,true
v541,v195,par,true
v541,v538,set,true
v541,v539,par,true
v541,v540,par,true
v542,v544,side,true
v543,v544,side,true
v544,v195,par,true
v544,v492,par,true
v544,v542,par,true
v544,v543,par,true
v545,v1324,set,true
v545,v1639,char,true
v545,v2878,char,true
v546,v2519,seq,true
v546,v2953,fan,true
v546,v7937,ser,true
v547,v1073,ser,true
v547,v2968,char,true
v548,v1951,ser,true
v548,v5844,set,true
v548,v18685,side,true
v548,v32116,alt,true
v549,v8781,alt,true
v550,v174,set,true
v551,v10541,seq,true
v553,v554,side,true
v554,v553,par,true
v556,v1356,char,true
v556,v1357,ser,true
v556,v1543,char,true
v556,v2186,char,false
v556,v5857,char,false
v556,v43243,char,true
v557,v770,preq,true
v561,v473,par,true
v562,v473,char,true
v562,v3144,ser,true
v562,v20431,seq,true
v562,v60562,fan,true
v564,v515,char,true
v564,v916,fan,true
v565,v821,set,true
v566,v1372,char,true
v566,v1373,char,true
v567,v601,char,true
v568,v1046,seq,true
v568,v6616,preq,true
v572,v82,char,true
v572,v577,char,true
v572,v11443,side,true
v573,v576,fan,true
v575,v577,char,true
v575,v11444,side,true
v576,v573,orig,true
v577,v82,char,true
v577,v572,char,true
v577,v575,char,true
v578,v2434,char,true
v580,v278,preq,true
v580,v506,seq,true
v581,v1143,char,true
v581,v20012,char,true
v583,v197,preq,true
v584,v6660,set,false
v585,v4776,set,true
v587,v6310,char,true
v589,v590,char,true
v590,v28,char,true
v590,v589,char,true
v590,v617,char,true
v591,v179,orig,true
v592,v35,orig,true
v593,v601,char,true
v594,v601,char,true
v595,v601,char,true
v596,v417,ser,true
v596,v528,orig,true
v597,v601,char,true
v598,v601,char,true
v599,v601,char,true
v600,v601,char,true
v601,v528,char,true
v601,v567,char,true
v601,v593,char,true
v601,v594,char,true
v601,v595,char,true
v601,v597,char,true
v601,v598,char,true
v601,v599,char,true
v601,v600,char,true
v602,v494,char,true
v602,v4777,char,true
v602,v5097,char,true
v602,v7668,fan,true
v603,v158,preq,true
v603,v10839,seq,true
v604,v16151,char,true
v607,v1653,seq,true
v607,v7955,set,true
v607,v12982,set,true
v610,v1907,side,true
v617,v590,char,true
v618,v619,preq,true
v618,v620,seq,true
v619,v618,seq,true
v619,v643,char,true
v620,v618,preq,true
v620,v621,side,true
v620,v622,seq,true
v620,v10698,char,false
v621,v620,par,true
v622,v620,preq,true
v622,v18039,seq,true
v626,v1665,ser,true
v627,v1475,char,true
v627,v2969,char,true
v627,v7084,char,true
v628,v2969,seq,true
v628,v7084,char,true
v629,v1307,fan,true
v629,v3271,seq,true
v641,v4016,preq,true
v641,v7434,fan,true
v641,v8439,ser,true
v642,v1716,ser,true
v642,v1717,preq,true
v642,v61431,char,true
v643,v106,char,true
v643,v619,char,true
v643,v1716,preq,true
v643,v1717,preq,true
v644,v10698,char,false
v645,v131,char,true
v646,v647,fan,true
v647,v445,orig,true
v647,v646,orig,true
v648,v1756,fan,true
v661,v20270,alt,true
v661,v31395,ser,true
v664,v665,fan,true
v664,v2199,set,true
v664,v2544,preq,true
v664,v4886,seq,true
v664,v7404,fan,true
v664,v8175,char,true
v664,v11983,side,true
v665,v664,orig,true
v666,v529,char,true
v666,v1478,fan,true
v666,v5937,fan,true
v667,v147,preq,true
v667,v2320,ser,true
v668,v831,side,true
v670,v51,ser,true
v674,v47947,fan,true
v675,v799,set,true
v675,v1300,set,true
v675,v4059,ser,true
v675,v4512,fan,true
v680,v2532,ser,true
v682,v479,char,true
v682,v491,char,true
v682,v683,ser,true
v682,v684,fan,true
v682,v4984,ser,true
v683,v182,ser,true
v683,v479,char,true
v683,v491,char,true
v683,v682,ser,true
v683,v684,fan,true
v684,v182,orig,true
v684,v682,orig,true
v684,v683,orig,true
v686,v1575,ser,true
v686,v1582,preq,true
v688,v4762,seq,true
v688,v4793,preq,true
v689,v511,set,true
v689,v690,fan,true
v689,v1547,set,true
v689,v10805,set,true
v689,v12983,set,true
v690,v689,orig,true
v692,v998,alt,true
v696,v4564,char,true
v696,v4565,char,true
v697,v4617,seq,true
v700,v2133,seq,true
v700,v3544,char,false
v700,v15062,preq,true
v700,v53244,char,false
v701,v37531,seq,false
v702,v1442,fan,true
v703,v12322,ser,true
v704,v339,preq,true
v704,v6581,char,true
v704,v7422,seq,true
v710,v98,ser,true
v711,v715,seq,true
v711,v5136,set,false
v711,v5728,char,false
v711,v9263,alt,false
v711,v12515,alt,false
v711,v15125,ser,true
v711,v15576,alt,false
v711,v15700,set,false
v711,v21002,char,false
v711,v23888,set,false
v711,v25137,alt,false
v711,v31305,set,false
v711,v31324,alt,false
v711,v32716,set,false
v711,v36039,ser,false
v711,v46593,char,false
v711,v53133,char,false
v711,v59204,char,false
v711,v61795,char,false
v711,v61827,preq,false
v713,v270,preq,true
v713,v714,seq,true
v714,v713,preq,true
v714,v4794,seq,true
v715,v711,preq,true
v715,v716,seq,true
v715,v5981,seq,false
v715,v15842,char,false
v715,v53133,char,false
v716,v715,preq,true
v716,v717,seq,true
v716,v1719,side,true
v716,v5633,seq,false
v716,v5981,preq,false
v716,v15119,side,true
v716,v21309,char,false
v716,v30153,seq,false
v716,v60231,seq,false
v717,v716,preq,true
v717,v5632,seq,false
v717,v9889,seq,true
v717,v13735,seq,false
v717,v14644,seq,false
v717,v29913,seq,false
v717,v51757,char,false
v717,v61724,alt,false
v718,v2124,seq,true
v723,v498,seq,true
v723,v2376,preq,true
v725,v19586,alt,false
v727,v728,ser,true
v728,v727,ser,true
v729,v1085,set,true
v729,v2747,char,true
v729,v4429,fan,true
v729,v18759,set,true
v729,v52881,side,true
v729,v55744,seq,true
v731,v991,side,true
v731,v1435,seq,true
v731,v1495,side,true
v731,v1497,ser,true
v731,v3235,side,true
v731,v3921,set,true
v731,v7747,ser,true
v731,v8606,set,true
v731,v16106,char,true
v731,v17708,preq,true
v731,v25236,ser,true
v731,v29016,char,false
v732,v6239,char,true
v732,v7835,char,true
v735,v736,seq,true
v736,v735,preq,true
v737,v738,seq,true
v738,v737,preq,true
v738,v3456,seq,true
v739,v152,set,true
v739,v2662,set,true
v740,v147,char,true
v741,v3334,seq,true
v743,v744,char,true
v744,v39,char,true
v744,v40,char,true
v744,v91,char,true
v744,v743,char,true
v745,v746,alt,true
v745,v747,char,true
v745,v749,char,true
v745,v3894,char,true
v745,v37526,char,false
v746,v745,alt,true
v746,v747,par,true
v746,v3190,char,true
v746,v10515,set,true
v746,v13938,char,false
v746,v13939,char,false
v746,v20493,alt,true
v746,v24563,char,true
v746,v26315,alt,true
v746,v29319,ser,true
v746,v29320,ser,true
v746,v29321,ser,true
v746,v31391,ser,true
v746,v32500,ser,true
v746,v34196,alt,true
v747,v745,char,true
v747,v746,side,true
v747,v748,char,true
v747,v20493,ser,true
v748,v747,char,true
v748,v3190,char,true
v748,v20493,seq,true
v749,v745,char,true
v751,v8020,fan,true
v751,v19611,side,true
v751,v21644,side,true
v755,v1348,seq,true
v755,v24778,fan,true
v759,v1661,seq,true
v760,v761,seq,true
v760,v762,side,true
v761,v760,preq,true
v761,v763,seq,true
v762,v760,par,true
v763,v761,preq,true
v763,v3307,seq,true
v764,v79,set,true
v764,v1617,fan,true
v768,v769,seq,true
v768,v7573,alt,true
v768,v11620,set,true
v769,v507,seq,true
v769,v768,preq,true
v769,v2232,set,true
v769,v7573,alt,true
v769,v62286,alt,true
v770,v557,seq,true
v770,v2836,preq,true
v770,v13999,alt,true
v772,v2605,alt,true
v772,v56148,fan,false
v775,v1755,ser,true
v776,v1896,set,true
v776,v3941,fan,true
v777,v11,set,true
v777,v7602,char,true
v777,v17909,char,true
v777,v52008,side,false
v777,v53095,char,false
v777,v56496,side,false
v780,v442,ser,true
v780,v11712,ser,true
v783,v450,set,true
v783,v3947,set,true
v788,v2674,seq,true
v788,v9855,fan,true
v793,v5240,set,true
v799,v675,set,true
v799,v1300,seq,true
v799,v4059,ser,true
v799,v26194,fan,true
v799,v38314,alt,true
v799,v42143,fan,true
v800,v3342,char,true
v801,v802,seq,true
v801,v10951,preq,true
v801,v14340,fan,true
v801,v31757,ser,false
v802,v801,preq,true
v802,v1347,side,true
v802,v25915,seq,true
v804,v805,side,true
v805,v804,par,true
v805,v1315,char,true
v805,v1447,char,true
v806,v1108,char,true
v806,v1148,alt,true
v806,v5450,seq,true
v806,v55506,set,false
v810,v515,preq,true
v810,v5922,seq,true
v810,v21002,char,false
v813,v193,char,true
v813,v4264,fan,true
v815,v816,side,true
v816,v815,par,true
v817,v130,ser,true
v818,v8175,char,true
v821,v565,set,true
v823,v2865,ser,true
v823,v7091,ser,true
v826,v38167,fan,true
v827,v1253,char,true
v827,v2560,fan,true
v828,v310,set,true
v828,v1375,fan,true
v828,v17388,seq,true
v828,v59406,preq,true
v831,v668,par,true
v833,v26,orig,true
v835,v6310,char,true
v840,v5575,char,true
v840,v8175,char,true
v842,v1141,seq,true
v843,v206,char,true
v849,v889,ser,true
v849,v1111,char,true
v849,v3102,side,true
v850,v1011,fan,true
v850,v7769,char,true
v850,v45304,char,false
v851,v14154,side,true
v852,v853,set,true
v852,v1316,set,true
v852,v11132,seq,true
v853,v852,set,true
v853,v1753,fan,true
v854,v855,char,true
v855,v854,char,true
v855,v17566,fan,true
v856,v1400,fan,true
v857,v19,ser,true
v857,v858,seq,true
v857,v14345,set,true
v857,v17403,char,false
v857,v37479,set,true
v857,v37684,char,false
v857,v54700,char,false
v858,v857,preq,true
v858,v2956,seq,true
v858,v54700,char,false
v860,v861,seq,true
v861,v860,preq,true
v861,v862,seq,true
v862,v861,preq,true
v862,v863,seq,true
v862,v3125,fan,true
v863,v862,preq,true
v863,v864,seq,true
v864,v863,preq,true
v864,v865,seq,true
v865,v864,preq,true
v869,v4,char,false
v869,v33,char,false
v869,v36,char,false
v873,v874,seq,true
v873,v2110,preq,true
v873,v2112,set,true
v873,v10180,ser,true
v873,v10181,fan,true
v874,v873,preq,true
v874,v10181,fan,true
v877,v5605,seq,true
v878,v879,ser,true
v878,v27619,ser,false
v879,v878,ser,true
v879,v4467,fan,true
v879,v4468,ser,true
v883,v2685,char,true
v883,v2686,char,true
v884,v885,seq,true
v884,v4156,ser,false
v885,v884,preq,true
v885,v886,seq,true
v885,v8461,char,false
v886,v885,preq,true
v886,v4853,seq,true
v886,v8461,char,false
v887,v1125,ser,true
v887,v3974,ser,true
v888,v889,ser,true
v888,v1111,char,true
v888,v1414,set,true
v888,v29954,alt,true
v889,v849,ser,true
v889,v888,ser,true
v889,v1111,char,true
v889,v6916,seq,true
v889,v17568,alt,true
v889,v59647,char,false
v890,v4536,set,true
v890,v6919,char,false
v890,v7478,ser,true
v892,v5937,char,true
v893,v1950,set,true
v893,v9309,seq,false
v893,v34192,alt,true
v893,v38040,char,false
v895,v4217,ser,true
v895,v15463,set,true
v897,v2162,side,true
v897,v13895,char,true
v898,v2187,fan,true
v899,v2310,ser,true
v899,v20057,fan,true
v903,v2093,fan,true
v912,v1958,char,true
v913,v3794,char,false
v913,v5912,ser,true
v913,v12215,seq,true
v915,v192,char,true
v915,v1136,seq,true
v915,v1507,fan,true
v915,v1509,char,true
v915,v8499,ser,true
v915,v11124,fan,true
v915,v11128,fan,true
v916,v515,orig,true
v916,v564,orig,true
v917,v2511,seq,true
v922,v926,seq,true
v923,v924,set,true
v924,v923,set,true
v925,v938,seq,true
v926,v922,preq,true
v926,v10700,seq,true
v927,v192,char,true
v927,v1507,fan,true
v927,v1509,char,true
v927,v11124,fan,true
v927,v14076,char,false
v929,v3009,par,true
v929,v15462,char,true
v933,v4827,char,true
v935,v8407,preq,true
v938,v925,preq,true
v938,v10700,seq,true
v941,v942,ser,true
v942,v941,ser,true
v944,v12762,side,true
v945,v21002,char,false
v945,v23682,char,false
v945,v24425,side,false
v945,v47035,side,false
v945,v47036,side,false
v945,v47038,side,false
v945,v47098,side,false
v945,v47637,preq,false
v945,v53591,side,false
v945,v54861,seq,false
v945,v55722,char,false
v947,v264,par,true
v947,v266,par,true
v947,v323,par,true
v947,v383,par,true
v951,v67,char,false
v952,v1358,seq,true
v952,v23943,alt,true
v958,v1111,char,true
v958,v2048,set,true
v961,v2839,ser,true
v966,v6314,preq,true
v967,v1496,side,true
v968,v174,ser,true
v968,v3244,fan,true
v968,v5256,ser,true
v969,v266,char,true
v970,v23275,char,false
v971,v1493,alt,true
v971,v16106,char,true
v972,v1327,fan,true
v972,v4880,set,true
v973,v48914,side,true
v975,v1079,ser,true
v975,v1230,ser,true
v976,v452,alt,true
v976,v3500,fan,true
v978,v8325,preq,true
v979,v369,char,true
v980,v4182,ser,true
v981,v982,fan,true
v982,v981,orig,true
v984,v187,orig,true
v988,v8406,seq,true
v989,v1438,char,true
v989,v11530,char,false
v989,v14936,char,true
v991,v731,par,true
v992,v43578,fan,true
v996,v4038,seq,true
v996,v7494,set,true
v998,v692,alt,true
v998,v50783,char,true
v1002,v1053,ser,true
v1002,v2938,fan,true
v1002,v5154,char,true
v1007,v6573,side,true
v1007,v13682,fan,true
v1008,v23411,side,true
v1008,v58013,alt,true
v1009,v11340,seq,true
v1009,v12478,fan,true
v1009,v16098,set,true
v1010,v46994,side,true
v1011,v850,orig,true
v1012,v1013,seq,true
v1013,v1012,preq,true
v1013,v1702,seq,true
v1014,v1015,seq,true
v1014,v24291,char,true
v1014,v26745,seq,false
v1014,v33582,preq,false
v1014,v37482,preq,false
v1014,v48569,alt,false
v1015,v1014,preq,true
v1015,v3631,seq,true
v1015,v10606,set,true
v1015,v24291,char,true
v1021,v2193,ser,true
v1022,v7414,fan,true
v1022,v8035,fan,true
v1023,v2940,fan,true
v1023,v7284,fan,true
v1025,v88,par,true
v1027,v417,ser,true
v1027,v2390,ser,true
v1027,v6310,char,true
v1027,v10797,fan,true
v1030,v9,preq,true
v1033,v1034,side,true
v1034,v1033,par,true
v1037,v254,ser,true
v1037,v1332,fan,true
v1037,v2837,fan,true
v1037,v19609,ser,true
v1038,v1267,ser,true
v1039,v5386,preq,true
v1043,v1045,preq,true
v1044,v1045,seq,true
v1045,v1043,seq,true
v1045,v1044,preq,true
v1046,v568,preq,true
v1046,v10919,seq,true
v1047,v1075,orig,true
v1051,v1053,ser,true
v1052,v7659,fan,true
v1052,v21647,set,true
v1053,v1002,ser,true
v1053,v1051,ser,true
v1054,v5706,ser,true
v1055,v1056,seq,true
v1055,v29252,side,true
v1056,v1055,preq,true
v1056,v29252,side,true
v1057,v6581,char,true
v1060,v1460,fan,true
v1060,v26721,ser,true
v1062,v2754,ser,true
v1064,v2699,alt,true
v1065,v1087,preq,true
v1065,v5743,seq,true
v1066,v1084,preq,true
v1066,v3084,seq,true
v1067,v12332,ser,true
v1068,v397,set,true
v1068,v1103,seq,true
v1070,v444,char,true
v1070,v2809,ser,true
v1071,v1078,preq,true
v1071,v2868,seq,true
v1071,v15978,char,true
v1072,v5937,char,true
v1073,v547,ser,true
v1073,v2968,ser,true
v1075,v1047,fan,true
v1075,v6973,fan,true
v1075,v12658,set,true
v1078,v1071,seq,true
v1078,v4582,char,true
v1078,v15978,char,true
v1078,v20667,alt,true
v1079,v975,ser,true
v1080,v311,char,true
v1080,v1111,char,true
v1080,v3105,char,true
v1080,v4693,preq,true
v1080,v4758,fan,true
v1080,v11292,seq,true
v1081,v1169,char,true
v1081,v3683,ser,true
v1081,v4494,ser,true
v1081,v4783,preq,true
v1081,v4854,char,true
v1081,v6599,fan,true
v1081,v7339,char,true
v1081,v16691,char,true
v1082,v258,char,true
v1083,v2296,char,true
v1083,v2341,preq,true
v1083,v33610,side,true
v1083,v33611,side,true
v1083,v33612,side,true
v1084,v1066,seq,true
v1085,v729,set,true
v1085,v2745,char,true
v1085,v2747,char,true
v1085,v14523,set,true
v1086,v450,set,true
v1086,v3947,seq,true
v1086,v26238,set,true
v1087,v1065,seq,true
v1089,v2268,ser,true
v1091,v6319,seq,true
v1091,v7398,fan,true
v1091,v25214,alt,false
v1091,v26385,alt,false
v1091,v29004,char,false
v1091,v29016,char,false
v1092,v2296,char,true
v1092,v16703,preq,true
v1093,v9669,alt,true
v1093,v33349,fan,true
v1095,v1111,char,true
v1095,v3105,char,true
v1096,v1097,seq,true
v1097,v1096,preq,true
v1097,v11756,seq,true
v1099,v105,alt,true
v1099,v16862,preq,true
v1102,v2546,fan,true
v1103,v1068,preq,true
v1103,v3272,ser,true
v1103,v50458,fan,true
v1104,v326,char,true
v1104,v328,set,true
v1104,v329,char,true
v1104,v1604,char,true
v1104,v8191,fan,true
v1104,v14425,char,true
v1105,v4881,char,true
v1106,v2496,alt,true
v1106,v6301,fan,true
v1106,v33349,fan,true
v1107,v444,char,true
v1107,v2714,set,true
v1108,v806,char,true
v1110,v1125,preq,true
v1110,v18486,seq,true
v1111,v163,char,true
v1111,v284,char,true
v1111,v298,char,true
v1111,v299,char,true
v1111,v311,char,true
v1111,v334,char,true
v1111,v487,char,true
v1111,v499,char,true
v1111,v849,char,true
v1111,v888,char,true
v1111,v889,char,true
v1111,v958,char,true
v1111,v1080,char,true
v1111,v1095,char,true
v1111,v1364,char,true
v1111,v1395,char,true
v1111,v1798,char,true
v1111,v1807,char,true
v1111,v1826,char,true
v1111,v1841,char,true
v1111,v1860,par,true
v1111,v2000,char,true
v1111,v2003,char,true
v1111,v2029,char,true
v1111,v2036,char,true
v1111,v2045,char,true
v1111,v2046,char,true
v1111,v2048,char,true
v1111,v2261,char,true
v1111,v2515,char,true
v1111,v3083,char,true
v1111,v3265,char,true
v1111,v4476,char,true
v1111,v4477,char,true
v1111,v4693,char,true
v1111,v4702,char,true
v1111,v4758,char,true
v1111,v4771,char,true
v1111,v7360,char,true
v1111,v7361,char,true
v1112,v2706,ser,true
v1112,v5807,ser,true
v1113,v4921,fan,true
v1115,v2209,side,true
v1115,v38052,seq,true
v1116,v5620,fan,true
v1117,v1945,seq,true
v1118,v1121,seq,true
v1118,v2497,char,true
v1118,v11727,char,false
v1119,v4832,char,true
v1119,v5939,seq,true
v1119,v11135,fan,true
v1119,v26317,fan,true
v1120,v3071,seq,true
v1120,v5317,ser,true
v1120,v5781,fan,true
v1121,v1118,preq,true
v1121,v1122,seq,true
v1121,v2497,char,true
v1121,v11727,char,false
v1122,v1121,preq,true
v1122,v2500,side,true
v1122,v11727,char,false
v1122,v27631,char,false
v1123,v5889,char,true
v1123,v13590,side,true
v1124,v5032,seq,true
v1125,v487,char,true
v1125,v887,ser,true
v1125,v1110,seq,true
v1126,v1618,char,true
v1126,v1619,ser,true
v1126,v9310,char,false
v1126,v56482,char,false
v1130,v1131,seq,true
v1130,v2296,char,true
v1130,v2339,char,true
v1130,v2340,preq,true
v1130,v18189,char,true
v1130,v47672,fan,true
v1131,v1130,preq,true
v1131,v2295,char,true
v1131,v18189,char,true
v1131,v25702,char,true
v1131,v33026,fan,true
v1132,v28895,char,false
v1134,v4180,fan,true
v1134,v7415,fan,true
v1136,v192,char,true
v1136,v915,preq,true
v1136,v1508,fan,true
v1136,v1509,char,true
v1136,v11128,fan,true
v1141,v842,preq,true
v1141,v3194,seq,true
v1141,v8664,char,true
v1142,v484,seq,true
v1143,v397,set,true
v1143,v581,char,true
v1143,v6245,seq,true
v1143,v9879,set,true
v1143,v12791,side,true
v1143,v16066,set,true
v1143,v16539,fan,true
v1143,v20012,side,true
v1145,v1671,ser,true
v1145,v2869,ser,true
v1146,v1147,seq,true
v1147,v1146,preq,true
v1148,v806,alt,true
v1149,v106,preq,true
v1150,v106,ser,true
v1150,v13265,ser,true
v1151,v5659,seq,true
v1152,v248,set,true
v1152,v1153,ser,true
v1152,v1284,preq,true
v1152,v1331,seq,true
v1152,v1966,side,true
v1152,v26011,char,true
v1152,v27682,char,true
v1152,v48326,side,false
v1152,v48331,side,false
v1153,v1152,ser,true
v1153,v1170,ser,true
v1153,v1331,seq,true
v1153,v27682,char,true
v1153,v48325,side,false
v1153,v48332,side,false
v1153,v48333,side,false
v1153,v48337,side,false
v1153,v48916,preq,true
v1155,v2886,fan,true
v1155,v6668,ser,true
v1160,v22731,fan,true
v1161,v1162,preq,true
v1161,v30683,seq,true
v1162,v1161,seq,true
v1162,v49493,set,true
v1169,v1081,char,true
v1169,v3196,fan,true
v1169,v3683,char,true
v1169,v4854,char,true
v1169,v7339,char,true
v1170,v1153,ser,true
v1170,v1171,ser,true
v1170,v1964,set,true
v1170,v27682,char,true
v1170,v48324,side,false
v1170,v48327,side,false
v1171,v1170,ser,true
v1171,v1173,seq,true
v1171,v1325,ser,true
v1171,v37206,preq,false
v1171,v48320,side,false
v1171,v48323,side,false
v1171,v48338,side,false
v1171,v48535,side,false
v1173,v1171,preq,true
v1173,v37113,fan,false
v1175,v4180,fan,true
v1177,v4777,char,true
v1179,v3789,alt,true
v1179,v5575,fan,true
v1179,v5937,char,true
v1179,v8175,char,true
v1181,v2367,fan,true
v1181,v11194,set,true
v1182,v1183,ser,true
v1183,v1182,ser,true
v1185,v7064,fan,true
v1186,v304,preq,true
v1187,v1281,set,true
v1187,v28057,fan,true
v1187,v29234,fan,true
v1187,v47111,fan,true
v1188,v19925,ser,true
v1190,v423,orig,true
v1192,v3094,alt,true
v1193,v14,set,true
v1193,v1349,set,true
v1193,v4791,char,true
v1194,v1899,fan,true
v1194,v14389,char,false
v1194,v51167,char,false
v1195,v2836,char,true
v1195,v5652,ser,true
v1195,v27691,set,true
v1197,v4102,seq,true
v1197,v7054,preq,true
v1197,v7751,char,true
v1198,v5085,fan,true
v1198,v13895,char,true
v1199,v7377,side,true
v1199,v20002,set,true
v1201,v1202,seq,true
v1202,v1201,preq,true
v1203,v6780,fan,true
v1204,v361,preq,true
v1204,v2903,set,true
v1204,v10798,seq,true
v1209,v1211,char,true
v1210,v530,orig,true
v1211,v1209,char,true
v1216,v1270,set,true
v1224,v1477,preq,true
v1224,v51049,fan,true
v1224,v51051,fan,true
v1225,v2050,ser,true
v1225,v4360,ser,true
v1230,v975,ser,true
v1230,v8093,fan,true
v1230,v11133,alt,true
v1234,v22449,fan,true
v1239,v3699,char,true
v1241,v5080,ser,true
v1241,v10561,ser,true
v1241,v51629,seq,false
v1241,v52502,alt,true
v1241,v60037,alt,true
v1247,v11937,char,true
v1248,v4039,side,true
v1253,v827,char,true
v1254,v5752,char,true
v1254,v5753,seq,true
v1259,v10353,side,true
v1267,v172,char,true
v1267,v1038,ser,true
v1267,v2389,ser,true
v1267,v3991,char,true
v1267,v4147,set,true
v1267,v6222,fan,true
v1267,v16084,ser,true
v1268,v11453,alt,true
v1270,v1216,set,true
v1272,v28802,alt,true
v1274,v278,seq,true
v1275,v216,preq,true
v1275,v50807,set,false
v1279,v2397,preq,true
v1279,v2398,char,true
v1279,v6959,fan,true
v1279,v8739,fan,true
v1279,v21687,fan,true
v1280,v2112,preq,true
v1280,v2114,char,true
v1281,v1187,set,true
v1281,v4930,char,false
v1281,v10131,side,true
v1281,v11269,fan,true
v1281,v54312,char,false
v1281,v59379,fan,true
v1282,v1283,fan,true
v1282,v1289,set,true
v1282,v20987,alt,false
v1283,v1282,orig,true
v1284,v1152,seq,true
v1285,v188,preq,true
v1285,v16672,ser,true
v1289,v1282,set,true
v1291,v9656,preq,true
v1292,v11450,seq,true
v1293,v1294,seq,true
v1294,v1293,preq,true
v1295,v6011,set,true
v1296,v26375,seq,true
v1296,v51304,fan,true
v1299,v1360,set,true
v1299,v10856,set,true
v1299,v45398,set,true
v1300,v675,set,true
v1300,v799,preq,true
v1300,v1301,side,true
v1300,v4059,ser,true
v1301,v1300,par,true
v1303,v28058,fan,true
v1306,v221,ser,true
v1306,v1913,seq,true
v1306,v10833,char,true
v1307,v629,orig,true
v1310,v292,seq,true
v1310,v4292,fan,true
v1313,v370,set,true
v1314,v2345,seq,true
v1314,v2363,side,true
v1315,v805,char,true
v1316,v852,set,true
v1317,v10389,seq,true
v1322,v5937,char,true
v1324,v545,set,true
v1324,v2878,char,true
v1325,v1171,ser,true
v1325,v1326,seq,true
v1325,v1646,ser,true
v1325,v48336,side,false
v1325,v48534,side,false
v1326,v1325,preq,true
v1327,v972,orig,true
v1329,v2553,fan,true
v1329,v4848,char,true
v1331,v1152,preq,true
v1331,v1153,preq,true
v1332,v1037,orig,true
v1332,v2837,ser,true
v1333,v1457,side,true
v1333,v1458,seq,true
v1335,v2226,fan,true
v1335,v13630,char,true
v1337,v4652,fan,true
v1337,v5937,char,true
v1337,v30724,ser,true
v1339,v2058,seq,true
v1343,v1493,alt,true
v1343,v4852,seq,true
v1343,v16106,char,true
v1343,v19830,set,true
v1344,v7539,set,true
v1344,v15747,set,true
v1345,v1346,preq,true
v1346,v1345,seq,true
v1347,v802,par,true
v1347,v4670,fan,true
v1348,v755,preq,true
v1349,v1193,set,true
v1349,v4215,set,true
v1356,v556,char,true
v1356,v1357,char,true
v1356,v1543,char,true
v1356,v2186,char,false
v1356,v5857,char,false
v1356,v8891,char,false
v1356,v10372,char,false
v1356,v14968,char,false
v1356,v14978,char,false
v1356,v43243,char,true
v1356,v48670,char,false
v1357,v556,ser,true
v1357,v1356,char,true
v1357,v1543,char,true
v1357,v2186,char,false
v1357,v5857,char,false
v1357,v43243,char,true
v1358,v952,preq,true
v1358,v2888,seq,true
v1359,v7423,set,false
v1360,v1299,set,true
v1361,v2560,fan,true
v1362,v92,orig,true
v1362,v94,char,true
v1362,v6913,char,true
v1364,v1111,char,true
v1364,v3099,side,true
v1364,v12418,set,true
v1366,v4622,preq,true
v1366,v7560,fan,true
v1369,v2693,side,true
v1372,v566,char,true
v1372,v1373,char,true
v1372,v24554,side,true
v1373,v566,char,true
v1373,v1372,char,true
v1375,v828,orig,true
v1376,v3925,fan,true
v1376,v5090,fan,true
v1379,v3817,fan,true
v1380,v5151,fan,true
v1383,v4566,ser,true
v1384,v176,par,true
v1389,v256,orig,true
v1391,v4699,ser,true
v1392,v2085,fan,true
v1392,v2108,char,true
v1392,v5575,char,true
v1392,v8175,char,true
v1395,v1111,char,true
v1396,v3564,char,true
v1398,v232,orig,true
v1399,v14953,char,true
v1400,v856,orig,true
v1401,v6028,alt,true
v1402,v125,char,true
v1402,v1403,char,true
v1403,v125,preq,true
v1403,v1402,char,true
v1409,v7581,alt,true
v1411,v7414,fan,true
v1413,v1465,seq,true
v1413,v14671,seq,false
v1413,v15328,seq,false
v1414,v888,set,true
v1414,v1427,seq,true
v1414,v3066,char,true
v1414,v7360,char,true
v1414,v7361,char,true
v1414,v14022,alt,true
v1415,v1764,set,true
v1419,v36916,fan,true
v1420,v258,alt,true
v1424,v10525,preq,true
v1424,v10529,seq,true
v1426,v28066,set,true
v1427,v1414,preq,true
v1427,v1829,seq,true
v1427,v18970,alt,true
v1427,v29954,char,true
v1427,v32939,fan,true
v1431,v2428,side,true
v1435,v731,preq,true
v1435,v1495,side,true
v1435,v10899,seq,true
v1435,v16106,char,true
v1438,v989,char,true
v1438,v3625,alt,false
v1438,v14936,char,true
v1439,v7915,ser,true
v1439,v8141,par,true
v1439,v8295,ser,true
v1440,v5943,char,true
v1442,v702,orig,true
v1445,v2059,char,true
v1445,v2060,char,true
v1447,v805,char,true
v1448,v479,char,true
v1448,v491,char,true
v1457,v1333,par,true
v1457,v1458,seq,true
v1458,v1333,preq,true
v1458,v1457,preq,true
v1460,v1060,orig,true
v1463,v33,alt,false
v1464,v4599,ser,true
v1465,v1413,preq,true
v1469,v6912,char,true
v1472,v1473,ser,true
v1473,v385,ser,true
v1473,v1472,ser,true
v1474,v2959,fan,true
v1474,v12984,set,true
v1475,v372,char,true
v1475,v627,char,true
v1475,v7084,char,true
v1475,v9636,char,true
v1475,v16029,side,true
v1477,v1224,seq,true
v1477,v4180,fan,true
v1477,v7414,fan,true
v1477,v15237,fan,true
v1477,v16734,fan,true
v1478,v666,orig,true
v1482,v6290,preq,true
v1484,v7243,ser,true
v1487,v2984,fan,true
v1492,v4506,fan,true
v1493,v971,alt,true
v1493,v1343,alt,true
v1493,v1495,ser,true
v1493,v3235,ser,true
v1495,v731,par,true
v1495,v1435,par,true
v1495,v1493,ser,true
v1495,v1496,ser,true
v1495,v7247,par,true
v1496,v524,par,true
v1496,v967,par,true
v1496,v1495,ser,true
v1496,v6079,par,true
v1496,v16106,char,true
v1497,v731,ser,true
v1497,v3235,side,true
v1497,v16106,char,true
v1502,v5434,set,false
v1502,v7226,char,false
v1502,v9185,char,false
v1502,v12059,side,false
v1502,v13295,set,false
v1502,v13446,char,false
v1502,v35604,char,false
v1502,v52515,char,false
v1502,v56173,char,false
v1506,v1509,char,true
v1506,v1914,char,true
v1506,v2940,fan,true
v1506,v7284,fan,true
v1506,v11129,char,true
v1506,v11130,fan,true
v1506,v11131,fan,true
v1506,v14294,char,true
v1506,v19657,ser,true
v1507,v192,orig,true
v1507,v915,orig,true
v1507,v927,orig,true
v1507,v11127,seq,true
v1508,v192,orig,true
v1508,v1136,orig,true
v1508,v2585,orig,true
v1509,v192,char,true
v1509,v915,char,true
v1509,v927,char,true
v1509,v1136,char,true
v1509,v1506,char,true
v1509,v14294,ser,true
v1510,v2940,fan,true
v1510,v7284,fan,true
v1510,v11130,fan,true
v1510,v42305,fan,true
v1513,v1514,fan,true
v1513,v1515,ser,true
v1514,v1513,orig,true
v1514,v1515,ser,true
v1515,v1513,ser,true
v1515,v1514,ser,true
v1515,v4737,seq,true
v1517,v169,ser,true
v1517,v1523,fan,true
v1517,v21687,fan,true
v1518,v324,par,true
v1521,v242,char,true
v1523,v1517,orig,true
v1524,v1525,alt,true
v1524,v1526,alt,true
v1525,v1524,alt,true
v1525,v1526,alt,true
v1526,v1524,alt,true
v1526,v1525,alt,true
v1529,v2161,seq,true
v1530,v5083,fan,true
v1530,v6538,char,true
v1531,v2653,char,true
v1541,v8322,ser,true
v1542,v70,preq,true
v1543,v556,char,true
v1543,v1356,char,true
v1543,v1357,char,true
v1543,v2186,char,false
v1543,v5857,char,false
v1543,v10374,char,false
v1543,v23369,char,false
v1543,v23370,char,false
v1543,v43243,char,true
v1545,v3110,fan,true
v1545,v7794,ser,true
v1545,v25348,char,true
v1546,v10924,fan,true
v1547,v689,set,true
v1547,v3368,set,true
v1551,v3132,fan,true
v1552,v37651,alt,true
v1557,v1558,seq,true
v1558,v1557,preq,true
v1558,v1559,fan,true
v1559,v1558,orig,true
v1560,v2505,seq,true
v1560,v31324,char,false
v1560,v34030,char,false
v1560,v59734,char,false
v1561,v1562,ser,true
v1561,v1563,ser,true
v1562,v1561,ser,true
v1562,v1563,ser,true
v1563,v1561,ser,true
v1563,v1562,ser,true
v1564,v4918,fan,true
v1564,v7760,fan,true
v1564,v16408,side,true
v1564,v17562,char,false
v1564,v26516,fan,true
v1564,v47337,set,true
v1564,v48769,char,false
v1566,v11517,set,true
v1566,v11519,set,true
v1567,v5638,ser,true
v1567,v11648,ser,true
v1567,v11649,ser,true
v1567,v11658,ser,true
v1571,v3090,preq,true
v1574,v5973,preq,true
v1574,v5980,seq,true
v1575,v686,ser,true
v1575,v1576,seq,true
v1576,v1575,preq,true
v1576,v1577,seq,true
v1577,v1576,preq,true
v1577,v1578,seq,true
v1578,v1577,preq,true
v1578,v1579,seq,true
v1579,v1578,preq,true
v1580,v1581,seq,true
v1580,v1582,seq,true
v1580,v1584,side,true
v1581,v1580,preq,true
v1581,v1582,seq,true
v1582,v686,seq,true
v1582,v1580,preq,true
v1582,v1581,preq,true
v1582,v1585,side,true
v1584,v1580,par,true
v1585,v1582,par,true
v1591,v16691,char,true
v1599,v2400,side,true
v1600,v9935,set,true
v1601,v25534,set,false
v1602,v15896,char,true
v1602,v17029,char,true
v1603,v326,char,true
v1603,v1604,ser,true
v1603,v8191,fan,true
v1603,v14425,alt,true
v1604,v326,char,true
v1604,v1104,char,true
v1604,v1603,ser,true
v1604,v1605,fan,true
v1604,v7560,fan,true
v1604,v11928,ser,true
v1604,v14425,char,true
v1605,v1604,orig,true
v1605,v4622,char,true
v1605,v7560,fan,true
v1606,v1760,seq,true
v1608,v1609,seq,true
v1609,v1608,preq,true
v1610,v2929,ser,true
v1612,v1613,fan,true
v1613,v1612,orig,true
v1616,v1917,preq,true
v1616,v7060,fan,true
v1617,v764,orig,true
v1617,v7595,set,true
v1618,v1126,char,true
v1618,v1619,char,true
v1619,v1126,ser,true
v1619,v1618,char,true
v1619,v1620,char,true
v1620,v1619,char,true
v1621,v11604,ser,true
v1629,v1707,set,true
v1629,v1713,fan,true
v1629,v1805,seq,true
v1629,v1806,ser,true
v1629,v10968,preq,true
v1630,v1632,ser,true
v1630,v6990,char,true
v1631,v6990,char,true
v1632,v1630,ser,true
v1632,v6990,char,true
v1636,v1779,set,true
v1639,v545,char,true
v1639,v12394,char,true
v1640,v1641,seq,true
v1640,v26906,ser,true
v1641,v1640,preq,true
v1645,v10007,alt,false
v1646,v382,char,true
v1646,v1325,ser,true
v1646,v1949,seq,true
v1646,v5690,ser,true
v1646,v8202,char,true
v1648,v10392,seq,true
v1651,v455,preq,true
v1653,v607,preq,true
v1656,v1672,preq,true
v1656,v4350,seq,true
v1659,v2917,seq,true
v1659,v5721,preq,true
v1661,v759,preq,true
v1665,v626,ser,true
v1671,v1145,ser,true
v1671,v22494,char,true
v1672,v1656,seq,true
v1675,v2996,seq,true
v1675,v4986,preq,true
v1678,v1751,preq,true
v1678,v11943,fan,true
v1678,v11985,ser,true
v1678,v12935,fan,true
v1679,v6990,char,true
v1683,v2557,ser,true
v1687,v2009,preq,true
v1687,v3065,fan,true
v1687,v47947,fan,true
v1688,v1689,seq,true
v1688,v1690,preq,true
v1689,v1688,preq,true
v1689,v1692,seq,true
v1690,v1688,seq,true
v1691,v1761,preq,true
v1692,v1689,preq,true
v1692,v1694,seq,true
v1693,v1694,preq,true
v1694,v1692,preq,true
v1694,v1693,seq,true
v1695,v5778,char,true
v1697,v1698,seq,true
v1698,v1697,preq,true
v1698,v6634,ser,true
v1701,v165,par,false
v1702,v1013,preq,true
v1703,v2102,seq,true
v1704,v5798,preq,true
v1704,v15214,set,true
v1704,v61677,set,true
v1707,v1629,set,true
v1708,v264,alt,true
v1708,v3537,alt,true
v1713,v1629,orig,true
v1715,v1803,fan,true
v1715,v3808,side,false
v1715,v5558,side,false
v1715,v9206,seq,false
v1715,v9885,set,true
v1715,v10383,preq,true
v1715,v10988,seq,false
v1715,v11240,side,false
v1715,v11984,ser,true
v1715,v12424,alt,true
v1715,v12445,side,true
v1715,v14992,seq,false
v1715,v14993,seq,false
v1715,v17128,side,false
v1715,v17291,fan,true
v1715,v17928,char,false
v1715,v21724,char,true
v1715,v25916,fan,true
v1715,v25917,fan,true
v1715,v34043,fan,true
v1715,v37484,char,false
v1715,v42435,fan,true
v1715,v56767,side,true
v1716,v642,ser,true
v1716,v643,seq,true
v1716,v1717,preq,true
v1717,v642,seq,true
v1717,v643,seq,true
v1717,v1716,seq,true
v1717,v10696,char,false
v1717,v10697,char,false
v1717,v29006,char,true
v1717,v29733,char,true
v1717,v30209,char,true
v1717,v57464,ser,true
v1719,v716,par,true
v1719,v6639,seq,true
v1719,v30950,preq,false
v1722,v6384,char,true
v1722,v7392,side,true
v1722,v7415,fan,true
v1722,v7607,fan,true
v1739,v2975,fan,true
v1740,v5562,fan,true
v1743,v92,set,true
v1744,v3245,char,true
v1751,v1678,seq,true
v1751,v11985,ser,true
v1751,v12934,alt,true
v1751,v12935,fan,true
v1751,v16697,fan,true
v1751,v22022,seq,true
v1752,v1837,ser,true
v1752,v14826,ser,true
v1753,v853,orig,true
v1755,v775,ser,true
v1755,v4851,ser,true
v1756,v648,orig,true
v1757,v2111,ser,true
v1758,v3499,fan,true
v1758,v4830,preq,true
v1758,v12425,seq,true
v1760,v1606,preq,true
v1760,v1761,ser,true
v1761,v1691,seq,true
v1761,v1760,ser,true
v1762,v1763,seq,true
v1763,v1762,preq,true
v1764,v1415,set,true
v1767,v2704,alt,true
v1767,v9768,ser,true
v1777,v242,char,true
v1777,v42029,alt,true
v1778,v14611,char,true
v1779,v1636,set,true
v1782,v3940,set,true
v1789,v10142,alt,true
v1791,v2925,ser,true
v1791,v2951,char,true
v1791,v3781,preq,true
v1792,v5446,preq,true
v1793,v114,seq,true
v1794,v1795,alt,true
v1794,v3259,set,true
v1795,v1794,alt,true
v1798,v1111,char,true
v1798,v1807,side,true
v1798,v6985,char,true
v1798,v49802,fan,true
v1801,v26012,seq,true
v1803,v1715,orig,true
v1805,v1629,preq,true
v1805,v16057,fan,true
v1806,v1629,ser,true
v1806,v11621,fan,true
v1807,v1111,char,true
v1807,v1798,par,true
v1811,v2926,seq,true
v1813,v3445,char,true
v1813,v18566,alt,true
v1813,v46226,alt,true
v1820,v1821,seq,true
v1821,v1820,preq,true
v1821,v1822,seq,true
v1822,v1821,preq,true
v1823,v10481,fan,true
v1826,v1111,char,true
v1829,v1427,preq,true
v1829,v2040,seq,true
v1829,v9609,fan,true
v1829,v17642,alt,true
v1836,v1837,ser,true
v1836,v2295,char,true
v1837,v1752,ser,true
v1837,v1836,ser,true
v1841,v1111,char,true
v1841,v13802,char,true
v1842,v6310,char,true
v1843,v1846,alt,true
v1844,v1846,alt,true
v1845,v1846,alt,true
v1846,v1843,alt,true
v1846,v1844,alt,true
v1846,v1845,alt,true
v1847,v4430,preq,true
v1848,v1849,set,true
v1848,v5482,preq,true
v1848,v6162,preq,false
v1848,v17158,seq,true
v1849,v1848,set,true
v1849,v17158,seq,true
v1851,v3003,seq,true
v1851,v3235,side,true
v1851,v7616,side,true
v1851,v16106,char,true
v1852,v4215,set,true
v1853,v250,par,true
v1854,v4149,preq,true
v1858,v180,orig,true
v1859,v2973,fan,true
v1859,v11180,seq,true
v1860,v1111,side,true
v1860,v13802,char,true
v1874,v3284,fan,true
v1874,v4542,seq,true
v1877,v43753,side,true
v1881,v256,ser,true
v1881,v2743,fan,true
v1881,v7981,fan,true
v1883,v479,char,true
v1883,v491,char,true
v1887,v2101,fan,true
v1888,v2068,ser,true
v1888,v2069,ser,true
v1889,v15574,seq,true
v1890,v1892,char,true
v1890,v1893,set,true
v1890,v2203,char,true
v1891,v5583,set,true
v1891,v34494,fan,true
v1892,v1890,char,true
v1893,v1890,set,true
v1893,v2203,set,true
v1895,v304,set,true
v1896,v776,set,true
v1896,v7636,set,true
v1899,v1194,orig,true
v1902,v2701,char,true
v1907,v610,par,true
v1910,v266,par,true
v1913,v1306,preq,true
v1913,v3134,fan,true
v1913,v3970,fan,true
v1913,v18783,set,true
v1913,v21705,fan,true
v1914,v1506,char,true
v1914,v2940,fan,true
v1914,v8499,ser,true
v1914,v11131,fan,true
v1914,v14294,char,true
v1914,v19657,ser,true
v1914,v39658,char,true
v1917,v1616,seq,true
v1917,v2736,seq,true
v1917,v7060,fan,true
v1919,v16508,fan,true
v1920,v17440,ser,true
v1920,v31256,char,false
v1920,v51903,char,false
v1923,v3319,set,true
v1926,v2988,fan,true
v1928,v1933,side,true
v1929,v8566,alt,true
v1930,v1931,seq,true
v1931,v1930,preq,true
v1931,v1932,seq,true
v1931,v19485,side,true
v1932,v1931,preq,true
v1932,v1934,ser,true
v1932,v19485,side,true
v1933,v1928,par,true
v1934,v1932,ser,true
v1934,v1935,side,true
v1934,v1952,ser,true
v1935,v1934,par,true
v1937,v2415,ser,true
v1938,v2155,set,true
v1938,v15136,set,true
v1938,v25808,fan,true
v1940,v3427,side,true
v1940,v11769,set,true
v1945,v1117,preq,true
v1948,v2237,alt,true
v1949,v1646,preq,true
v1949,v48339,seq,false
v1950,v893,set,true
v1951,v548,ser,true
v1951,v36802,preq,true
v1952,v1934,ser,true
v1953,v3750,seq,true
v1958,v912,char,true
v1958,v4172,par,true
v1958,v5089,char,true
v1958,v9744,char,true
v1959,v2475,ser,true
v1959,v7542,char,true
v1959,v15494,char,true
v1961,v19377,seq,true
v1963,v9431,seq,true
v1964,v1170,set,true
v1966,v248,char,true
v1966,v1152,par,true
v1966,v5850,char,true
v1967,v369,alt,true
v1967,v3987,fan,true
v1967,v9386,side,false
v1967,v13188,seq,true
v1967,v16463,alt,true
v1967,v18649,alt,true
v1967,v49525,fan,true
v1967,v49526,fan,true
v1967,v49527,fan,true
v1970,v15248,ser,true
v1971,v9917,fan,true
v1971,v9918,fan,true
v1975,v6289,alt,true
v1977,v7000,ser,true
v1978,v1979,fan,true
v1978,v1980,ser,true
v1979,v1978,orig,true
v1980,v1978,ser,true
v1980,v3556,ser,true
v1982,v10974,ser,true
v1983,v1984,seq,true
v1983,v5370,char,true
v1984,v1983,preq,true
v1984,v1990,char,true
v1984,v1991,ser,true
v1984,v5370,char,true
v1990,v1984,char,true
v1990,v5370,preq,true
v1991,v1984,ser,true
v1991,v4788,preq,true
v1991,v6439,seq,true
v1994,v4624,ser,true
v1994,v21714,char,true
v1997,v5861,ser,true
v1999,v2737,set,true
v2000,v1111,char,true
v2000,v2003,alt,true
v2002,v5883,set,true
v2002,v6618,fan,true
v2002,v9887,fan,true
v2002,v11660,fan,true
v2002,v14957,char,false
v2002,v15695,side,false
v2002,v17102,seq,true
v2002,v20692,side,false
v2002,v21002,char,false
v2002,v22505,preq,true
v2002,v23221,alt,true
v2002,v25047,side,false
v2002,v31078,side,true
v2002,v39030,seq,false
v2002,v49006,set,false
v2002,v57775,set,false
v2003,v1111,char,true
v2003,v2000,alt,true
v2007,v2008,ser,true
v2008,v312,ser,true
v2008,v2007,ser,true
v2009,v1687,seq,true
v2009,v11491,fan,true
v2009,v47946,fan,true
v2010,v244,ser,true
v2010,v245,ser,true
v2016,v4707,fan,true
v2016,v19151,side,true
v2021,v2022,ser,true
v2021,v5258,fan,true
v2021,v53049,char,true
v2022,v2021,ser,true
v2022,v2023,ser,true
v2022,v5854,fan,true
v2022,v53049,char,true
v2023,v2022,ser,true
v2023,v2024,ser,true
v2023,v7540,fan,true
v2023,v53049,char,true
v2024,v2023,ser,true
v2024,v7553,fan,true
v2024,v53049,char,true
v2026,v2027,seq,true
v2027,v2026,preq,true
v2027,v34192,char,true
v2029,v1111,char,true
v2034,v502,char,true
v2036,v1111,char,true
v2036,v2037,seq,true
v2037,v2036,preq,true
v2037,v2038,seq,true
v2038,v2037,preq,true
v2038,v2039,seq,true
v2039,v2038,preq,true
v2039,v2041,seq,true
v2040,v1829,preq,true
v2040,v2043,seq,true
v2040,v17642,preq,true
v2040,v32938,side,true
v2041,v2039,preq,true
v2042,v2356,fan,true
v2042,v3055,char,true
v2042,v5716,char,true
v2042,v6191,char,true
v2042,v7048,char,true
v2043,v2040,preq,true
v2043,v2044,seq,true
v2044,v2043,preq,true
v2044,v2045,seq,true
v2044,v2046,seq,true
v2045,v487,alt,true
v2045,v1111,char,true
v2045,v2044,preq,true
v2045,v2046,alt,true
v2045,v2047,alt,true
v2045,v6985,alt,true
v2045,v7360,char,true
v2045,v7361,char,true
v2045,v13802,alt,true
v2045,v20802,alt,true
v2045,v33105,side,false
v2046,v1111,char,true
v2046,v2044,preq,true
v2046,v2045,alt,true
v2046,v2047,seq,true
v2047,v298,char,true
v2047,v487,seq,true
v2047,v2045,alt,true
v2047,v2046,preq,true
v2047,v29842,side,true
v2048,v958,set,true
v2048,v1111,char,true
v2048,v5933,char,true
v2049,v7560,fan,true
v2050,v1225,ser,true
v2052,v4486,ser,true
v2052,v7213,ser,true
v2055,v3755,set,true
v2058,v1339,preq,true
v2058,v6472,seq,true
v2059,v1445,char,true
v2059,v4327,fan,true
v2060,v1445,char,true
v2061,v2062,seq,true
v2061,v3424,char,false
v2061,v4203,char,false
v2061,v5010,char,false
v2061,v11795,char,false
v2061,v11870,char,false
v2061,v13555,char,false
v2061,v13827,char,false
v2061,v13933,char,false
v2061,v13934,char,false
v2061,v23485,char,false
v2061,v23593,char,false
v2061,v38339,char,false
v2061,v62088,char,false
v2062,v2061,preq,true
v2062,v3424,char,false
v2062,v4203,char,false
v2062,v5010,char,false
v2062,v11795,char,false
v2062,v11870,char,false
v2062,v13555,char,false
v2062,v13827,char,false
v2062,v18027,seq,true
v2062,v23485,char,false
v2062,v23593,char,false
v2062,v38339,char,false
v2062,v55833,char,false
v2062,v62088,char,false
v2063,v3190,char,true
v2063,v18456,ser,true
v2063,v21259,seq,true
v2065,v14601,alt,true
v2066,v3839,seq,true
v2068,v1888,ser,true
v2068,v2697,ser,true
v2069,v1888,ser,true
v2069,v2731,seq,true
v2072,v4920,alt,true
v2081,v2763,ser,true
v2082,v4777,char,true
v2084,v67,char,false
v2085,v1392,orig,true
v2087,v2982,set,true
v2088,v11769,set,true
v2088,v16418,fan,true
v2088,v42652,set,true
v2089,v12438,fan,true
v2089,v18293,ser,true
v2089,v21792,char,true
v2093,v903,orig,true
v2094,v6481,ser,true
v2096,v2101,fan,true
v2096,v6132,ser,true
v2097,v2098,seq,true
v2097,v3281,side,false
v2097,v31214,char,false
v2097,v39900,char,false
v2097,v39901,char,false
v2098,v2097,preq,true
v2098,v28291,set,true
v2099,v4006,alt,true
v2099,v9519,char,false
v2099,v53241,char,false
v2100,v2101,fan,true
v2100,v5319,alt,true
v2101,v1887,orig,true
v2101,v2096,orig,true
v2101,v2100,orig,true
v2102,v1703,preq,true
v2102,v2424,seq,true
v2103,v2309,ser,true
v2107,v6593,set,true
v2108,v1392,char,true
v2108,v5575,char,true
v2110,v873,seq,true
v2110,v10181,fan,true
v2111,v1757,ser,true
v2111,v2201,ser,true
v2112,v873,set,true
v2112,v1280,seq,true
v2113,v47948,fan,true
v2114,v1280,char,true
v2114,v42143,fan,true
v2122,v2635,par,true
v2123,v414,orig,true
v2123,v2368,char,true
v2124,v718,preq,true
v2125,v430,par,true
v2126,v2127,seq,true
v2126,v2128,char,true
v2127,v2126,preq,true
v2128,v2126,char,true
v2128,v10823,seq,true
v2129,v5820,char,true
v2133,v700,preq,true
v2133,v2790,seq,true
v2133,v3544,char,false
v2133,v53244,char,false
v2136,v2139,seq,true
v2137,v3160,ser,true
v2137,v16691,char,true
v2138,v12466,alt,true
v2139,v2136,preq,true
v2146,v258,char,true
v2148,v2578,preq,true
v2148,v3490,fan,true
v2149,v2150,ser,true
v2150,v2149,ser,true
v2150,v2151,ser,true
v2151,v2150,ser,true
v2152,v11476,char,false
v2152,v13103,char,false
v2152,v13201,char,false
v2152,v13496,char,false
v2152,v24485,char,false
v2153,v24,preq,true
v2153,v5055,char,false
v2153,v5691,fan,true
v2153,v9047,fan,true
v2153,v9220,char,false
v2153,v12543,char,false
v2153,v12703,char,false
v2153,v18412,char,false
v2153,v23407,side,true
v2153,v24770,ser,true
v2153,v26390,fan,true
v2153,v28278,alt,false
v2153,v29273,set,false
v2153,v33017,char,false
v2153,v33020,char,false
v2153,v36328,char,false
v2153,v47949,char,false
v2153,v48737,char,false
v2153,v48738,seq,false
v2153,v49614,seq,false
v2154,v2314,char,true
v2155,v1938,set,true
v2155,v25808,fan,true
v2156,v11597,char,true
v2159,v2160,seq,true
v2160,v2159,preq,true
v2161,v1529,preq,true
v2162,v401,par,true
v2162,v471,par,true
v2162,v897,par,true
v2163,v2474,alt,true
v2164,v4820,preq,true
v2166,v2167,set,true
v2166,v2170,ser,true
v2166,v28235,alt,true
v2166,v39347,char,false
v2166,v44076,char,false
v2167,v2166,set,true
v2167,v16454,seq,true
v2168,v2169,set,true
v2168,v16454,preq,true
v2169,v2168,set,true
v2170,v2166,ser,true
v2170,v21024,fan,true
v2172,v8633,ser,true
v2176,v2951,char,true
v2184,v4692,preq,true
v2186,v556,char,false
v2186,v1356,char,false
v2186,v1357,char,false
v2186,v1543,char,false
v2186,v10372,char,false
v2187,v898,orig,true
v2188,v4010,preq,true
v2190,v2903,set,true
v2191,v6426,seq,true
v2193,v1021,ser,true
v2195,v228,set,true
v2196,v228,set,true
v2198,v7143,ser,true
v2198,v19142,ser,true
v2199,v664,set,true
v2199,v4886,char,true
v2199,v8175,char,true
v2200,v7234,preq,true
v2201,v2111,ser,true
v2201,v2326,ser,true
v2202,v6717,char,true
v2203,v1890,char,true
v2203,v1893,set,true
v2205,v48761,set,true
v2205,v48763,char,true
v2207,v2760,ser,true
v2209,v1115,par,true
v2214,v3343,ser,true
v2216,v7270,preq,true
v2218,v4304,ser,true
v2220,v3235,side,true
v2220,v6492,side,true
v2220,v16106,char,true
v2226,v1335,orig,true
v2229,v7897,side,true
v2229,v7900,side,true
v2231,v2706,ser,true
v2231,v3069,ser,true
v2232,v496,char,true
v2232,v769,set,true
v2234,v8670,ser,true
v2237,v1948,alt,true
v2240,v6818,par,true
v2240,v12434,char,true
v2240,v12498,char,true
v2240,v15007,char,true
v2240,v15222,char,true
v2240,v17047,char,true
v2240,v17146,char,true
v2240,v23163,char,true
v2243,v6373,preq,true
v2247,v2248,ser,true
v2248,v2247,ser,true
v2251,v3396,fan,true
v2251,v10418,ser,true
v2252,v15965,char,false
v2257,v14907,alt,true
v2258,v432,orig,true
v2260,v2401,preq,true
v2260,v4662,ser,true
v2260,v23352,char,true
v2261,v1111,char,true
v2267,v7488,seq,true
v2268,v1089,ser,true
v2276,v4841,preq,true
v2282,v3916,preq,true
v2285,v2286,seq,true
v2286,v2285,preq,true
v2286,v2287,seq,true
v2287,v2286,preq,true
v2287,v4601,seq,true
v2288,v4604,preq,true
v2290,v4807,seq,true
v2290,v6158,preq,true
v2291,v4480,preq,true
v2295,v185,char,true
v2295,v203,char,true
v2295,v1131,char,true
v2295,v1836,char,true
v2295,v2296,ser,true
v2295,v2339,ser,true
v2295,v2346,char,true
v2295,v2351,char,true
v2296,v315,char,true
v2296,v498,char,true
v2296,v1083,char,true
v2296,v1092,char,true
v2296,v1130,char,true
v2296,v2295,ser,true
v2296,v2341,char,true
v2296,v2344,char,true
v2296,v2345,char,true
v2296,v2361,char,true
v2300,v11257,seq,true
v2301,v200,par,true
v2302,v4025,set,true
v2302,v10352,set,true
v2309,v2103,ser,true
v2310,v899,ser,true
v2310,v3009,ser,true
v2312,v11519,char,true
v2314,v2154,char,true
v2315,v3133,ser,false
v2315,v4905,alt,true
v2320,v667,ser,true
v2322,v324,par,true
v2323,v324,alt,true
v2323,v19128,char,true
v2326,v2201,ser,true
v2328,v32820,ser,true
v2329,v5956,set,true
v2330,v2990,fan,true
v2333,v2334,char,true
v2334,v2333,char,true
v2335,v2336,seq,true
v2336,v2335,preq,true
v2337,v185,preq,true
v2337,v2339,char,true
v2337,v18189,char,true
v2337,v18190,char,true
v2337,v47674,fan,true
v2338,v2349,seq,true
v2339,v315,char,true
v2339,v1130,char,true
v2339,v2295,ser,true
v2339,v2337,char,true
v2339,v2340,char,true
v2339,v2341,char,true
v2339,v18064,char,true
v2340,v1130,seq,true
v2340,v2339,char,true
v2340,v18189,char,true
v2340,v18190,char,true
v2340,v47667,fan,true
v2341,v185,set,true
v2341,v1083,seq,true
v2341,v2296,char,true
v2341,v2339,char,true
v2341,v18189,char,true
v2341,v18190,char,true
v2342,v2344,seq,true
v2343,v3930,set,true
v2343,v10794,seq,true
v2343,v17158,preq,true
v2344,v2296,char,true
v2344,v2342,preq,true
v2345,v1314,preq,true
v2345,v2296,char,true
v2346,v2295,char,true
v2346,v39014,char,true
v2348,v2391,preq,true
v2348,v2395,alt,true
v2348,v53267,char,false
v2349,v2338,preq,true
v2351,v2295,char,true
v2351,v2361,ser,true
v2351,v22180,char,true
v2353,v26,seq,true
v2353,v4837,fan,true
v2354,v2355,seq,true
v2355,v2354,preq,true
v2356,v2042,orig,true
v2356,v5716,orig,true
v2356,v7048,orig,true
v2361,v2296,char,true
v2361,v2351,ser,true
v2361,v18189,char,true
v2361,v18190,char,true
v2361,v33607,side,true
v2361,v33608,side,true
v2361,v33609,side,true
v2363,v1314,par,true
v2367,v1181,orig,true
v2368,v414,char,true
v2368,v2123,char,true
v2368,v7943,fan,true
v2372,v2373,ser,true
v2372,v16030,ser,true
v2373,v2372,ser,true
v2376,v723,seq,true
v2376,v2385,preq,true
v2378,v6638,ser,true
v2379,v2380,seq,true
v2380,v2379,preq,true
v2382,v2383,side,true
v2383,v2382,par,true
v2385,v2376,seq,true
v2387,v12185,side,true
v2389,v1267,ser,true
v2389,v3991,char,true
v2389,v9814,set,true
v2390,v417,char,true
v2390,v528,char,true
v2390,v1027,ser,true
v2390,v4936,ser,true
v2390,v6310,char,true
v2390,v10797,fan,true
v2391,v2348,seq,true
v2391,v2395,seq,true
v2392,v9650,char,true
v2392,v24877,preq,true
v2393,v140,set,true
v2393,v24877,ser,true
v2395,v2348,alt,true
v2395,v2391,preq,true
v2396,v169,preq,true
v2396,v2397,seq,true
v2396,v3826,side,true
v2396,v7028,fan,true
v2396,v21687,fan,true
v2396,v52155,char,false
v2397,v1279,seq,true
v2397,v2396,preq,true
v2397,v2936,seq,true
v2397,v3827,side,true
v2397,v10248,fan,true
v2397,v21687,fan,true
v2397,v47793,char,false
v2398,v1279,char,true
v2400,v1599,par,true
v2401,v2260,seq,true
v2414,v2415,ser,true
v2414,v16704,fan,true
v2415,v1937,ser,true
v2415,v2414,ser,true
v2415,v16704,fan,true
v2416,v371,char,true
v2416,v3581,preq,true
v2421,v3351,preq,true
v2423,v15461,char,true
v2424,v2102,preq,true
v2428,v1431,par,true
v2434,v578,char,true
v2437,v6310,char,true
v2439,v4675,ser,true
v2439,v5696,ser,true
v2439,v11887,char,false
v2439,v11888,char,false
v2443,v2444,ser,true
v2443,v11451,preq,true
v2444,v2443,ser,true
v2449,v6301,fan,true
v2456,v4051,ser,true
v2456,v4625,ser,true
v2457,v3714,preq,true
v2457,v5033,seq,true
v2461,v20390,side,true
v2462,v2564,seq,true
v2462,v5267,preq,true
v2466,v2467,side,true
v2466,v5090,fan,true
v2466,v10473,side,true
v2467,v2466,par,true
v2468,v10439,set,true
v2474,v2163,alt,true
v2475,v1959,ser,true
v2475,v15494,char,true
v2476,v3212,ser,true
v2482,v8841,alt,true
v2484,v7640,ser,true
v2485,v2486,seq,true
v2485,v9893,preq,true
v2486,v2485,preq,true
v2486,v5444,seq,true
v2489,v2490,ser,true
v2490,v2489,ser,true
v2490,v10330,ser,true
v2496,v1106,alt,true
v2497,v1118,char,true
v2497,v1121,char,true
v2497,v11727,char,false
v2500,v1122,par,true
v2500,v11727,char,false
v2500,v12103,char,false
v2500,v21688,set,true
v2501,v4022,ser,true
v2501,v10499,side,true
v2505,v1560,preq,true
v2505,v5481,seq,true
v2510,v7546,side,true
v2511,v917,preq,true
v2511,v10700,seq,true
v2514,v3252,side,true
v2515,v1111,char,true
v2516,v14548,char,true
v2517,v2518,alt,true
v2517,v2520,alt,true
v2517,v2953,fan,true
v2518,v2517,alt,true
v2518,v2519,alt,true
v2518,v2521,side,true
v2518,v2953,fan,true
v2519,v546,preq,true
v2519,v2518,alt,true
v2519,v2789,set,true
v2519,v2953,fan,true
v2520,v2517,alt,true
v2521,v2518,par,true
v2522,v2862,seq,true
v2532,v680,ser,true
v2539,v2668,alt,true
v2540,v2541,ser,true
v2541,v2540,ser,true
v2541,v2542,ser,true
v2542,v2541,ser,true
v2542,v11196,ser,true
v2544,v664,seq,true
v2544,v8175,char,true
v2546,v1102,orig,true
v2547,v32241,fan,true
v2553,v1329,orig,true
v2554,v15177,ser,true
v2555,v339,seq,true
v2557,v1683,ser,true
v2560,v827,orig,true
v2560,v1361,orig,true
v2564,v2462,preq,true
v2567,v14844,seq,true
v2567,v34710,side,true
v2568,v483,orig,true
v2578,v2148,seq,true
v2579,v11451,ser,true
v2583,v7225,ser,true
v2584,v12859,seq,true
v2585,v1508,fan,true
v2585,v2940,fan,true
v2585,v11128,fan,true
v2585,v11129,char,true
v2585,v11130,fan,true
v2591,v9631,seq,true
v2596,v3128,seq,true
v2603,v2604,side,true
v2604,v2603,par,true
v2605,v772,alt,true
v2608,v7669,char,true
v2611,v4645,ser,true
v2622,v4981,fan,true
v2622,v5549,set,true
v2622,v10237,char,true
v2623,v3501,ser,true
v2623,v5877,preq,true
v2625,v45059,alt,true
v2630,v12309,set,true
v2632,v7849,seq,true
v2632,v19706,preq,false
v2632,v30923,side,false
v2632,v39428,alt,false
v2633,v2678,preq,true
v2635,v2122,side,true
v2636,v2639,set,true
v2636,v2643,set,true
v2636,v4529,set,true
v2637,v2640,set,true
v2637,v4529,set,true
v2638,v2639,set,true
v2638,v2641,set,true
v2638,v4529,set,true
v2639,v2636,set,true
v2639,v2638,set,true
v2639,v4529,set,true
v2640,v2637,set,true
v2640,v2642,set,true
v2640,v4529,set,true
v2641,v2638,set,true
v2641,v2642,set,true
v2641,v4529,set,true
v2642,v2640,set,true
v2642,v2641,set,true
v2642,v4529,set,true
v2643,v2636,set,true
v2643,v4529,set,true
v2648,v2649,seq,true
v2649,v2648,preq,true
v2651,v536,ser,true
v2652,v13685,seq,true
v2653,v1531,char,true
v2654,v16151,fan,true
v2655,v2916,seq,true
v2655,v3230,char,true
v2655,v3851,set,true
v2655,v18650,set,true
v2659,v9650,char,true
v2660,v5948,char,true
v2660,v7814,char,true
v2662,v152,set,true
v2662,v739,set,true
v2668,v2539,alt,true
v2668,v2669,alt,true
v2669,v2668,alt,true
v2672,v2673,seq,true
v2673,v2672,preq,true
v2674,v788,preq,true
v2674,v7873,ser,true
v2674,v9855,fan,true
v2678,v2633,seq,true
v2685,v883,char,true
v2686,v883,char,true
v2693,v1369,par,true
v2694,v2937,set,true
v2695,v8127,fan,true
v2696,v2697,alt,true
v2697,v2068,ser,true
v2697,v2696,alt,true
v2697,v2715,ser,true
v2697,v15457,side,true
v2698,v10801,ser,false
v2699,v1064,alt,true
v2701,v1902,char,true
v2703,v240,orig,true
v2704,v1767,alt,true
v2706,v1112,ser,true
v2706,v2231,ser,true
v2708,v147,preq,true
v2708,v3338,seq,true
v2708,v24798,alt,true
v2709,v147,seq,true
v2710,v11327,char,true
v2714,v1107,set,true
v2715,v2697,ser,true
v2715,v10462,ser,true
v2724,v7142,seq,true
v2727,v4404,char,true
v2728,v4667,alt,true
v2730,v2831,alt,true
v2731,v2069,preq,true
v2733,v2734,ser,true
v2734,v2733,ser,true
v2735,v7060,fan,true
v2736,v1917,preq,true
v2737,v1999,set,true
v2740,v2768,ser,true
v2740,v36420,side,true
v2743,v1881,orig,true
v2744,v7646,fan,true
v2745,v1085,char,true
v2745,v2747,char,true
v2747,v729,char,true
v2747,v1085,char,true
v2747,v2745,char,true
v2752,v4695,preq,true
v2753,v5328,preq,true
v2753,v20536,seq,true
v2754,v1062,ser,true
v2756,v2757,set,true
v2756,v4754,fan,true
v2757,v2756,set,true
v2757,v4754,fan,true
v2760,v2207,ser,true
v2762,v5073,set,true
v2762,v6355,seq,true
v2762,v10000,preq,true
v2762,v18140,alt,true
v2763,v2081,ser,true
v2763,v5526,ser,true
v2768,v2740,ser,true
v2773,v18236,alt,true
v2787,v2788,ser,true
v2788,v2787,ser,true
v2789,v2519,set,true
v2790,v2133,preq,true
v2794,v2795,ser,true
v2794,v2797,char,true
v2795,v2794,ser,true
v2795,v2797,ser,true
v2796,v85,alt,true
v2797,v2794,char,true
v2797,v2795,ser,true
v2797,v2798,ser,true
v2798,v2797,ser,true
v2800,v3623,ser,true
v2800,v5580,seq,true
v2800,v14432,fan,true
v2800,v14466,char,true
v2800,v16691,char,true
v2805,v4061,char,true
v2805,v5052,fan,true
v2806,v6320,char,true
v2808,v4777,char,true
v2809,v1070,ser,true
v2811,v8155,char,true
v2812,v2843,char,true
v2812,v11590,set,true
v2818,v3545,ser,true
v2818,v4596,alt,true
v2820,v2889,seq,true
v2821,v4193,seq,true
v2821,v8097,preq,true
v2823,v3978,seq,true
v2828,v17378,ser,true
v2829,v479,char,true
v2830,v3763,seq,true
v2831,v2730,alt,true
v2831,v3381,ser,true
v2835,v19372,set,true
v2836,v505,set,true
v2836,v507,preq,true
v2836,v770,seq,true
v2836,v1195,char,true
v2836,v5652,char,true
v2836,v13999,seq,true
v2836,v16341,char,true
v2837,v1037,orig,true
v2837,v1332,ser,true
v2839,v285,ser,true
v2839,v961,ser,true
v2840,v3833,seq,true
v2843,v2812,char,true
v2853,v10846,ser,true
v2857,v3389,ser,true
v2857,v9338,seq,true
v2859,v2860,char,true
v2860,v2859,char,true
v2862,v2522,preq,true
v2865,v823,ser,true
v2865,v7083,ser,true
v2865,v14835,seq,true
v2868,v1071,preq,true
v2868,v15483,seq,true
v2868,v15978,char,true
v2869,v1145,ser,true
v2869,v5445,ser,true
v2871,v2907,alt,true
v2873,v10258,preq,true
v2874,v6581,char,true
v2878,v545,char,true
v2878,v1324,char,true
v2879,v2895,seq,true
v2881,v3764,ser,true
v2886,v1155,orig,true
v2888,v1358,preq,true
v2888,v3890,seq,true
v2888,v27885,seq,true
v2889,v2820,preq,true
v2890,v348,seq,true
v2892,v4258,preq,true
v2893,v5778,char,true
v2895,v2879,preq,true
v2896,v6581,char,true
v2898,v2910,seq,true
v2899,v2900,ser,true
v2899,v5579,set,true
v2899,v15556,side,true
v2899,v15557,side,true
v2899,v15558,side,true
v2899,v15559,side,true
v2899,v28750,ser,true
v2900,v2899,ser,true
v2900,v5579,set,true
v2903,v1204,set,true
v2903,v2190,set,true
v2903,v12586,seq,true
v2904,v253,set,true
v2907,v2871,alt,true
v2907,v2963,alt,true
v2910,v2898,preq,true
v2913,v228,preq,true
v2913,v6796,seq,true
v2916,v2655,preq,true
v2916,v3230,seq,true
v2916,v3851,set,true
v2917,v1659,preq,true
v2918,v26495,fan,true
v2918,v26496,fan,true
v2918,v39902,alt,true
v2924,v2925,ser,true
v2924,v2951,char,true
v2924,v3781,seq,true
v2925,v1791,ser,true
v2925,v2924,ser,true
v2925,v2951,char,true
v2926,v1811,preq,true
v2926,v22732,char,true
v2926,v22766,char,true
v2926,v23390,char,true
v2929,v1610,ser,true
v2932,v266,par,true
v2934,v10642,set,true
v2936,v2397,preq,true
v2936,v5118,fan,true
v2936,v21687,fan,true
v2937,v356,set,true
v2937,v2694,set,true
v2938,v1002,orig,true
v2939,v4124,fan,true
v2940,v1023,orig,true
v2940,v1506,orig,true
v2940,v1510,orig,true
v2940,v1914,orig,true
v2940,v2585,orig,true
v2941,v7,char,false
v2945,v16040,char,true
v2946,v2947,seq,true
v2946,v2948,ser,true
v2946,v2951,char,true
v2947,v2946,preq,true
v2948,v2946,ser,true
v2948,v2949,ser,true
v2948,v2951,char,true
v2949,v2948,ser,true
v2949,v2950,ser,true
v2949,v2951,char,true
v2949,v2952,seq,true
v2950,v2949,ser,true
v2950,v2951,char,true
v2951,v1791,char,true
v2951,v2176,char,true
v2951,v2924,char,true
v2951,v2925,char,true
v2951,v2946,char,true
v2951,v2948,char,true
v2951,v2949,char,true
v2951,v2950,char,true
v2951,v3781,char,true
v2952,v2949,preq,true
v2953,v546,orig,true
v2953,v2517,orig,true
v2953,v2518,orig,true
v2953,v2519,orig,true
v2954,v5165,side,true
v2956,v858,preq,true
v2956,v26002,seq,true
v2959,v1474,orig,true
v2963,v2907,alt,true
v2964,v20,orig,true
v2965,v13682,fan,true
v2966,v4762,preq,true
v2966,v5410,seq,true
v2968,v547,char,true
v2968,v1073,ser,true
v2968,v8309,fan,true
v2969,v627,char,true
v2969,v628,preq,true
v2969,v27999,side,true
v2973,v1859,orig,true
v2975,v1739,orig,true
v2982,v2087,set,true
v2984,v1487,orig,true
v2988,v1926,orig,true
v2990,v2330,orig,true
v2991,v4123,seq,true
v2996,v1675,preq,true
v2996,v9414,seq,true
v3002,v10889,seq,true
v3003,v1851,preq,true
v3003,v3235,side,true
v3007,v10707,seq,true
v3007,v15648,char,true
v3007,v23669,char,false
v3009,v929,side,true
v3009,v2310,ser,true
v3009,v15462,char,true
v3016,v6058,char,true
v3026,v352,ser,true
v3031,v5744,seq,true
v3034,v7752,fan,true
v3036,v5543,alt,true
v3044,v4768,char,true
v3045,v520,set,true
v3045,v3052,seq,true
v3048,v4364,char,true
v3048,v7128,char,true
v3051,v4126,preq,true
v3052,v3045,preq,true
v3052,v26573,seq,true
v3052,v48762,set,true
v3052,v48763,char,true
v3055,v2042,char,true
v3055,v5716,orig,true
v3056,v7801,seq,true
v3056,v8288,preq,true
v3057,v342,ser,true
v3057,v343,ser,true
v3058,v9843,orig,true
v3059,v292,preq,true
v3061,v3062,fan,true
v3062,v3061,orig,true
v3065,v1687,orig,true
v3066,v298,ser,true
v3066,v299,ser,true
v3066,v487,char,true
v3066,v1414,char,true
v3069,v2231,ser,true
v3069,v7044,ser,true
v3071,v1120,preq,true
v3071,v6763,seq,true
v3076,v4403,char,true
v3079,v5,orig,true
v3083,v1111,char,true
v3084,v1066,preq,true
v3084,v25545,seq,true
v3086,v5326,char,true
v3086,v11615,char,true
v3090,v1571,seq,true
v3091,v22505,orig,true
v3092,v3093,ser,true
v3092,v5846,char,true
v3092,v5941,fan,true
v3093,v3092,ser,true
v3094,v1192,alt,true
v3095,v57,set,true
v3098,v7810,side,true
v3099,v1364,par,true
v3100,v284,preq,true
v3100,v311,char,true
v3102,v849,par,true
v3105,v284,char,true
v3105,v1080,char,true
v3105,v1095,char,true
v3106,v5837,fan,true
v3107,v3553,preq,true
v3110,v1545,orig,true
v3112,v7809,seq,true
v3112,v21002,char,false
v3113,v8093,fan,true
v3113,v13962,set,true
v3113,v16243,ser,true
v3115,v7162,char,true
v3115,v7889,ser,true
v3125,v862,orig,true
v3126,v3452,char,true
v3126,v9189,alt,true
v3126,v9998,char,false
v3126,v12421,char,true
v3126,v16637,seq,false
v3126,v18440,alt,false
v3126,v19173,char,false
v3126,v21230,char,false
v3126,v22865,alt,false
v3126,v22866,alt,false
v3126,v22867,alt,false
v3126,v28581,alt,false
v3126,v35813,seq,false
v3126,v35814,seq,false
v3126,v35817,alt,false
v3126,v35819,alt,false
v3126,v35820,alt,false
v3126,v35821,alt,false
v3126,v37045,fan,false
v3126,v37057,alt,false
v3126,v37058,alt,false
v3126,v40390,alt,false
v3126,v45245,set,false
v3126,v51415,side,false
v3126,v51416,alt,false
v3126,v51702,seq,false
v3126,v51729,alt,false
v3126,v51804,alt,false
v3126,v52196,char,false
v3126,v53002,alt,false
v3126,v53003,side,false
v3126,v53210,seq,false
v3126,v53336,alt,false
v3126,v53338,alt,false
v3126,v53348,alt,false
v3126,v53356,alt,false
v3126,v53360,alt,false
v3126,v53383,alt,false
v3126,v53578,alt,false
v3126,v53761,alt,false
v3126,v54243,side,false
v3126,v54244,alt,false
v3126,v54249,side,false
v3126,v54250,side,false
v3126,v54251,alt,false
v3126,v54252,alt,false
v3126,v54262,alt,false
v3126,v54365,seq,false
v3126,v54724,alt,false
v3126,v55012,char,false
v3126,v55177,alt,false
v3126,v55208,alt,false
v3126,v55320,alt,false
v3126,v55327,seq,false
v3126,v55328,alt,false
v3126,v55329,char,false
v3126,v55330,fan,false
v3126,v55334,seq,false
v3126,v55337,side,false
v3126,v55344,alt,false
v3126,v55345,char,false
v3126,v55348,seq,false
v3126,v55353,alt,false
v3126,v55354,seq,false
v3126,v55355,fan,false
v3126,v55356,seq,false
v3126,v55365,alt,false
v3126,v55374,char,false
v3126,v55375,alt,false
v3126,v55379,set,false
v3126,v55380,side,false
v3126,v55384,side,false
v3126,v55533,side,false
v3126,v55534,side,false
v3126,v55546,alt,false
v3126,v55547,preq,false
v3126,v55554,alt,false
v3126,v55556,seq,false
v3126,v55610,alt,false
v3126,v55612,alt,false
v3126,v55632,seq,false
v3126,v55713,alt,false
v3126,v55714,alt,false
v3126,v55717,alt,false
v3126,v55719,alt,false
v3126,v55720,side,false
v3126,v55722,alt,false
v3126,v55723,seq,false
v3126,v55770,alt,false
v3126,v55771,fan,false
v3126,v55775,seq,false
v3126,v55776,seq,false
v3126,v55779,side,false
v3126,v55781,seq,false
v3126,v55782,alt,false
v3126,v55786,side,false
v3126,v55927,alt,false
v3126,v55928,alt,false
v3126,v55929,alt,false
v3126,v55957,char,false
v3126,v55959,alt,false
v3126,v55979,alt,false
v3126,v56028,alt,false
v3126,v56029,alt,false
v3126,v56075,alt,false
v3126,v56083,set,false
v3126,v56142,alt,false
v3126,v56143,alt,false
v3126,v56159,alt,false
v3126,v56168,alt,false
v3126,v56265,set,false
v3126,v56409,alt,false
v3126,v56438,fan,false
v3126,v56440,side,false
v3126,v56443,side,false
v3126,v56445,side,false
v3126,v56448,side,false
v3126,v56451,alt,false
v3126,v56488,alt,false
v3126,v56561,alt,false
v3126,v56695,alt,false
v3126,v56796,alt,false
v3126,v56798,alt,false
v3126,v56801,alt,false
v3126,v56824,alt,false
v3126,v56851,fan,false
v3126,v56853,alt,false
v3126,v56864,alt,false
v3126,v56869,alt,false
v3126,v57077,alt,false
v3126,v57111,char,false
v3126,v57144,alt,false
v3126,v57388,alt,false
v3126,v57602,seq,false
v3126,v57611,alt,false
v3126,v57614,side,false
v3126,v57665,alt,false
v3126,v57713,alt,false
v3126,v57716,alt,false
v3126,v57717,seq,false
v3126,v58176,alt,false
v3126,v58386,alt,false
v3126,v58389,alt,false
v3126,v58556,char,false
v3126,v58557,alt,false
v3126,v58558,alt,false
v3126,v58565,seq,false
v3126,v58575,side,false
v3126,v58584,alt,false
v3126,v58585,alt,false
v3126,v58606,alt,false
v3126,v58627,alt,false
v3126,v58629,alt,false
v3126,v58637,alt,false
v3126,v58694,alt,false
v3126,v59037,alt,false
v3126,v59735,char,false
v3126,v59875,alt,false
v3126,v59881,alt,false
v3126,v60439,char,false
v3126,v60626,alt,false
v3126,v60649,alt,false
v3126,v60739,set,false
v3126,v60740,alt,false
v3126,v60741,char,false
v3126,v60742,char,false
v3126,v60743,char,false
v3126,v60744,alt,false
v3126,v60749,set,false
v3126,v60769,char,false
v3126,v60779,seq,false
v3126,v61616,seq,true
v3128,v2596,preq,true
v3128,v3129,seq,true
v3129,v3128,preq,true
v3130,v10195,alt,false
v3131,v5312,char,true
v3131,v59241,ser,true
v3131,v59834,char,false
v3131,v59835,char,false
v3131,v59836,char,false
v3132,v1551,orig,true
v3133,v2315,ser,false
v3133,v10875,ser,true
v3134,v1913,orig,true
v3139,v6204,fan,true
v3139,v7686,fan,true
v3142,v4704,ser,true
v3142,v13975,fan,true
v3143,v27162,alt,true
v3144,v473,set,true
v3144,v562,ser,true
v3144,v3246,alt,true
v3144,v5711,set,true
v3146,v6888,alt,true
v3146,v6936,ser,true
v3149,v3775,preq,true
v3156,v3162,seq,true
v3156,v3164,side,true
v3156,v3166,side,true
v3156,v3167,side,true
v3160,v2137,ser,true
v3160,v15646,ser,true
v3161,v25702,char,true
v3161,v25784,side,true
v3161,v35279,side,true
v3162,v3156,preq,true
v3162,v3163,side,true
v3163,v3162,par,true
v3163,v3164,preq,true
v3163,v3165,seq,true
v3164,v3156,par,true
v3164,v3163,seq,true
v3165,v3163,preq,true
v3166,v3156,par,true
v3167,v3156,par,true
v3171,v5082,ser,true
v3172,v15895,seq,true
v3182,v3183,seq,true
v3183,v3182,preq,true
v3184,v155,par,true
v3185,v256,set,true
v3185,v9302,fan,true
v3190,v746,char,true
v3190,v748,char,true
v3190,v2063,char,true
v3192,v12512,seq,true
v3193,v12512,preq,true
v3193,v12513,seq,true
v3194,v1141,preq,true
v3196,v1169,orig,true
v3200,v7583,fan,true
v3200,v8664,char,true
v3204,v7432,seq,true
v3204,v12231,char,true
v3207,v3213,ser,true
v3208,v252,char,true
v3208,v421,preq,true
v3208,v17376,ser,true
v3209,v26748,seq,true
v3212,v2476,ser,true
v3213,v3207,ser,true
v3221,v3223,side,true
v3221,v3224,side,true
v3223,v3221,par,true
v3224,v3221,par,true
v3226,v10969,seq,true
v3230,v2655,char,true
v3230,v2916,preq,true
v3230,v3851,seq,true
v3230,v7804,char,true
v3230,v11123,set,true
v3231,v47293,fan,true
v3232,v89,orig,true
v3232,v254,orig,true
v3233,v137,char,true
v3233,v4423,ser,true
v3234,v7560,fan,true
v3235,v731,par,true
v3235,v1493,ser,true
v3235,v1497,par,true
v3235,v1851,par,true
v3235,v2220,par,true
v3235,v3003,par,true
v3235,v5261,ser,true
v3238,v3390,preq,true
v3239,v7366,fan,true
v3244,v968,orig,true
v3245,v1744,char,true
v3246,v3144,alt,true
v3246,v6204,char,true
v3246,v28806,alt,true
v3252,v2514,par,true
v3259,v1794,set,true
v3259,v3260,set,true
v3260,v3259,set,true
v3260,v3261,alt,true
v3260,v3262,fan,true
v3260,v3263,ser,true
v3260,v32466,char,false
v3260,v32530,char,false
v3260,v37480,par,false
v3260,v42314,char,false
v3260,v43156,char,false
v3260,v43426,char,false
v3261,v3260,alt,true
v3262,v3260,orig,true
v3263,v3260,ser,true
v3263,v6403,ser,true
v3265,v1111,char,true
v3265,v3266,seq,true
v3265,v17418,char,false
v3265,v17419,char,false
v3265,v44201,side,true
v3266,v3265,preq,true
v3266,v44201,seq,true
v3267,v15030,fan,true
v3267,v15031,side,true
v3268,v17478,ser,true
v3271,v629,preq,true
v3271,v7773,seq,true
v3272,v1103,ser,true
v3272,v7332,fan,true
v3281,v2097,par,false
v3284,v1874,orig,true
v3287,v14375,char,false
v3287,v15232,char,false
v3287,v15865,char,false
v3287,v17837,char,false
v3288,v3299,fan,true
v3292,v3293,seq,true
v3293,v3292,preq,true
v3298,v6305,seq,true
v3299,v3288,orig,true
v3302,v342,ser,true
v3306,v6671,char,true
v3307,v763,preq,true
v3307,v6713,seq,true
v3315,v6581,char,true
v3319,v1923,set,true
v3319,v61275,alt,true
v3323,v3880,ser,true
v3327,v5650,ser,true
v3327,v11343,ser,true
v3334,v741,preq,true
v3334,v3335,seq,true
v3334,v4827,set,true
v3334,v6019,char,true
v3335,v3334,preq,true
v3335,v3336,seq,true
v3336,v3335,preq,true
v3336,v3337,seq,true
v3337,v3336,preq,true
v3338,v146,alt,true
v3338,v2708,preq,true
v3338,v24798,alt,true
v3342,v800,char,true
v3343,v2214,ser,true
v3343,v18459,fan,true
v3346,v396,seq,true
v3346,v9897,seq,true
v3346,v14772,char,true
v3346,v20379,ser,true
v3351,v2421,seq,true
v3360,v5391,preq,true
v3360,v49441,side,true
v3368,v1547,set,true
v3368,v3992,set,true
v3370,v5108,ser,true
v3378,v3387,set,true
v3380,v3752,seq,true
v3381,v2831,ser,true
v3381,v6367,alt,true
v3387,v3378,set,true
v3389,v2857,ser,true
v3389,v4940,ser,true
v3389,v9338,seq,true
v3390,v3238,seq,true
v3390,v54937,preq,true
v3396,v2251,orig,true
v3401,v3402,ser,true
v3402,v3401,ser,true
v3404,v6631,ser,true
v3408,v3409,preq,true
v3408,v33382,seq,true
v3409,v3408,seq,true
v3413,v8434,seq,true
v3415,v10121,seq,true
v3424,v2061,char,false
v3424,v2062,char,false
v3424,v4203,char,false
v3424,v38339,char,false
v3427,v1940,par,true
v3428,v3431,side,true
v3429,v3430,seq,true
v3430,v3429,preq,true
v3431,v3428,par,true
v3433,v295,preq,true
v3433,v12366,ser,true
v3433,v51838,seq,true
v3442,v3445,seq,true
v3442,v3643,preq,true
v3445,v1813,char,true
v3445,v3442,preq,true
v3445,v3447,seq,true
v3447,v3445,preq,true
v3447,v3644,seq,true
v3452,v3126,char,true
v3452,v22523,alt,false
v3456,v738,preq,true
v3457,v6900,seq,true
v3463,v15048,seq,true
v3464,v15047,side,true
v3472,v15063,par,true
v3473,v15046,preq,true
v3490,v2148,orig,true
v3495,v5028,ser,true
v3499,v1758,orig,true
v3500,v976,orig,true
v3501,v2623,ser,true
v3501,v7486,ser,true
v3507,v3508,ser,true
v3507,v10894,fan,true
v3507,v16980,char,false
v3508,v3507,ser,true
v3508,v10894,fan,true
v3508,v16980,char,false
v3524,v9183,ser,true
v3531,v7807,fan,true
v3537,v264,alt,true
v3537,v1708,alt,true
v3538,v4848,ser,true
v3540,v37559,fan,true
v3543,v8175,char,true
v3544,v700,char,false
v3544,v2133,char,false
v3545,v2818,ser,true
v3550,v52820,char,true
v3553,v3107,seq,true
v3554,v52879,set,true
v3556,v1980,ser,true
v3564,v1396,char,true
v3569,v7428,ser,true
v3572,v3573,ser,true
v3573,v3572,ser,true
v3576,v12053,orig,true
v3576,v12060,orig,true
v3580,v4898,char,true
v3580,v4899,char,true
v3581,v2416,seq,true
v3581,v10622,seq,false
v3591,v13085,side,true
v3591,v13088,seq,true
v3591,v16706,char,true
v3598,v3599,orig,true
v3599,v3598,fan,true
v3599,v3601,fan,true
v3599,v47947,fan,true
v3599,v47948,fan,true
v3601,v3599,orig,true
v3602,v15127,ser,true
v3616,v6310,char,true
v3619,v7839,side,true
v3620,v3880,ser,true
v3623,v2800,ser,true
v3623,v14432,fan,true
v3623,v14466,char,true
v3625,v1438,alt,false
v3625,v19376,alt,false
v3625,v21473,alt,false
v3625,v60722,alt,false
v3631,v1015,preq,true
v3631,v10606,set,true
v3631,v24291,char,true
v3635,v53053,side,true
v3637,v12053,preq,true
v3638,v12056,seq,true
v3638,v12064,preq,true
v3640,v12054,preq,true
v3641,v4210,seq,true
v3643,v3442,seq,true
v3643,v21547,fan,true
v3643,v21548,fan,true
v3644,v3447,preq,true
v3651,v3652,ser,true
v3652,v3651,ser,true
v3659,v15403,alt,true
v3660,v8074,fan,true
v3660,v10537,alt,true
v3661,v3662,ser,true
v3661,v21015,set,true
v3661,v37605,seq,false
v3661,v37611,fan,false
v3661,v43429,char,false
v3661,v44064,char,false
v3661,v52668,orig,false
v3662,v3661,ser,true
v3662,v21015,set,true
v3666,v240,par,true
v3670,v26915,seq,true
v3672,v3673,seq,true
v3673,v3672,preq,true
v3681,v10516,fan,true
v3681,v16324,fan,true
v3682,v16324,fan,true
v3683,v1081,ser,true
v3683,v1169,char,true
v3683,v4854,preq,true
v3683,v5054,fan,true
v3683,v6598,fan,true
v3683,v7339,alt,true
v3683,v16691,char,true
v3687,v8302,side,false
v3687,v20988,fan,true
v3687,v27633,side,false
v3695,v10670,seq,true
v3696,v3697,seq,true
v3697,v3696,preq,true
v3698,v6310,char,true
v3699,v424,char,true
v3699,v1239,char,true
v3700,v4863,preq,true
v3700,v5056,seq,true
v3700,v9869,seq,true
v3701,v30885,seq,true
v3701,v30886,char,true
v3703,v242,orig,true
v3704,v23331,char,true
v3704,v55336,char,true
v3704,v55350,char,true
v3705,v46442,seq,true
v3705,v55350,ser,true
v3706,v15463,char,true
v3706,v17029,char,true
v3706,v19857,side,true
v3706,v38514,seq,true
v3709,v3981,preq,true
v3711,v5720,seq,true
v3714,v2457,seq,true
v3720,v11948,set,true
v3727,v3728,ser,true
v3727,v51429,char,false
v3728,v3727,ser,true
v3729,v55350,char,true
v3743,v4781,ser,true
v3747,v3748,ser,true
v3747,v54112,side,true
v3747,v54113,side,true
v3747,v54114,side,true
v3747,v54115,side,true
v3748,v3747,ser,true
v3749,v6433,ser,true
v3749,v10620,char,true
v3750,v1953,preq,true
v3750,v5653,seq,true
v3752,v3380,preq,true
v3752,v3853,seq,true
v3755,v252,set,true
v3755,v421,char,true
v3755,v2055,set,true
v3757,v4119,ser,true
v3759,v10481,char,true
v3761,v3762,seq,true
v3762,v3761,preq,true
v3763,v2830,preq,true
v3764,v2881,ser,true
v3764,v7953,ser,true
v3765,v9931,preq,true
v3767,v5412,seq,true
v3769,v4005,set,true
v3769,v4724,char,true
v3769,v5202,char,true
v3774,v6665,seq,true
v3775,v3149,seq,true
v3775,v4455,preq,true
v3780,v4609,seq,true
v3781,v1791,seq,true
v3781,v2924,preq,true
v3781,v2951,char,true
v3784,v6756,seq,true
v3787,v4135,seq,true
v3789,v1179,alt,true
v3789,v5575,char,true
v3794,v17,preq,false
v3794,v25,char,false
v3794,v33,char,false
v3794,v176,char,false
v3794,v184,char,false
v3794,v913,char,false
v3794,v4739,char,false
v3806,v14152,char,true
v3806,v14153,char,true
v3808,v1715,par,false
v3809,v40192,side,true
v3817,v1379,orig,true
v3823,v5085,fan,true
v3823,v11131,fan,true
v3826,v2396,par,true
v3827,v2397,par,true
v3833,v2840,preq,true
v3835,v291,char,true
v3836,v3842,seq,true
v3839,v2066,preq,true
v3839,v4308,seq,true
v3842,v3836,preq,true
v3842,v3843,seq,true
v3843,v3842,preq,true
v3843,v3844,seq,true
v3844,v3843,preq,true
v3847,v77,orig,true
v3850,v5796,seq,true
v3851,v2655,set,true
v3851,v2916,set,true
v3851,v3230,preq,true
v3851,v7804,seq,true
v3853,v3752,preq,true
v3853,v3915,seq,true
v3854,v3855,ser,true
v3854,v8957,ser,true
v3855,v3854,ser,true
v3855,v8957,ser,true
v3856,v6247,fan,true
v3856,v52985,alt,false
v3859,v12830,set,true
v3859,v15602,set,true
v3859,v26019,fan,true
v3859,v28283,set,true
v3861,v195,preq,true
v3861,v21979,seq,true
v3862,v10838,seq,true
v3862,v10919,preq,true
v3863,v18580,char,true
v3880,v3323,ser,true
v3880,v3620,ser,true
v3883,v6310,char,true
v3883,v13811,char,true
v3884,v4356,ser,true
v3884,v5392,char,true
v3884,v12303,ser,true
v3884,v20366,ser,false
v3886,v4122,seq,true
v3886,v6824,ser,true
v3890,v2888,preq,true
v3890,v3892,seq,true
v3891,v3892,seq,true
v3892,v3890,preq,true
v3892,v3891,preq,true
v3892,v26147,seq,true
v3894,v745,char,true
v3895,v67,set,false
v3900,v9648,char,true
v3908,v6849,char,true
v3909,v53568,alt,true
v3911,v33998,alt,false
v3913,v6884,char,true
v3915,v3853,preq,true
v3916,v2282,seq,true
v3921,v731,set,true
v3921,v6492,side,true
v3921,v16106,char,true
v3922,v3923,preq,true
v3923,v3922,seq,true
v3923,v4192,preq,true
v3925,v1376,orig,true
v3928,v7101,alt,true
v3930,v2343,set,true
v3935,v8728,ser,true
v3937,v9564,ser,true
v3938,v7659,fan,true
v3940,v1782,set,true
v3941,v776,orig,true
v3947,v783,set,true
v3947,v1086,preq,true
v3947,v8192,seq,true
v3949,v3950,seq,true
v3950,v3949,preq,true
v3954,v5869,side,true
v3954,v5870,fan,true
v3959,v5853,par,true
v3964,v23002,ser,false
v3965,v6122,char,true
v3970,v1913,orig,true
v3971,v4234,char,true
v3971,v20856,char,true
v3974,v887,ser,true
v3977,v15226,set,true
v3977,v19663,char,true
v3978,v2823,preq,true
v3981,v3709,seq,true
v3984,v479,char,true
v3984,v491,char,true
v3984,v6556,ser,true
v3984,v10652,char,true
v3987,v1967,orig,true
v3988,v7079,seq,true
v3990,v8623,set,true
v3991,v1267,char,true
v3991,v2389,char,true
v3992,v3368,set,true
v3992,v6678,fan,true
v3992,v14889,char,true
v3995,v3996,ser,true
v3996,v3995,ser,true
v3999,v200,ser,true
v3999,v7030,fan,true
v3999,v15640,ser,true
v4005,v3769,set,true
v4006,v2099,alt,true
v4006,v53241,char,false
v4010,v2188,seq,true
v4016,v641,seq,true
v4021,v7595,alt,true
v4022,v2501,ser,true
v4025,v2302,set,true
v4025,v14263,seq,true
v4025,v34311,side,true
v4026,v7439,ser,true
v4026,v13411,set,true
v4028,v7766,char,true
v4028,v12849,set,true
v4029,v256,orig,true
v4032,v5747,ser,true
v4032,v7091,ser,true
v4033,v59837,set,true
v4037,v10948,char,true
v4037,v15874,set,true
v4037,v17331,char,true
v4037,v24417,set,true
v4038,v996,preq,true
v4038,v11624,seq,true
v4039,v1248,par,true
v4041,v10983,fan,true
v4041,v15105,fan,true
v4041,v21171,alt,false
v4043,v5526,ser,true
v4049,v9827,seq,true
v4051,v2456,ser,true
v4057,v388,ser,true
v4059,v675,ser,true
v4059,v799,ser,true
v4059,v1300,ser,true
v4059,v4512,char,true
v4060,v4,par,true
v4061,v265,orig,true
v4061,v2805,char,true
v4063,v4069,preq,true
v4064,v5137,ser,true
v4067,v127,preq,true
v4067,v6535,seq,true
v4068,v28303,side,true
v4069,v4063,seq,true
v4071,v4073,fan,true
v4071,v4074,alt,true
v4071,v6301,fan,true
v4073,v4071,orig,true
v4074,v4071,alt,true
v4082,v4559,ser,true
v4082,v4712,ser,true
v4083,v4084,set,true
v4084,v4083,set,true
v4088,v4089,ser,true
v4088,v7364,ser,true
v4089,v4088,ser,true
v4093,v6906,preq,true
v4093,v10611,seq,true
v4094,v4153,alt,true
v4094,v11916,ser,true
v4095,v4096,set,true
v4095,v4458,seq,true
v4096,v4095,set,true
v4096,v4458,ser,true
v4097,v4456,ser,true
v4097,v4828,seq,true
v4097,v4850,preq,true
v4098,v6519,preq,true
v4102,v1197,preq,true
v4102,v4681,char,true
v4102,v6191,char,true
v4107,v10290,fan,true
v4107,v19007,side,true
v4108,v4109,seq,true
v4109,v4108,preq,true
v4111,v6849,ser,true
v4111,v9680,seq,true
v4111,v14359,set,true
v4115,v10207,ser,true
v4119,v3757,ser,true
v4121,v6943,ser,true
v4122,v3886,preq,true
v4122,v5029,seq,true
v4123,v2991,preq,true
v4124,v2939,orig,true
v4126,v3051,seq,true
v4126,v5998,preq,true
v4128,v4129,ser,true
v4129,v4128,ser,true
v4131,v6344,side,true
v4135,v3787,preq,true
v4135,v5160,seq,true
v4137,v5432,char,false
v4137,v10200,char,false
v4137,v10401,char,false
v4138,v4139,seq,true
v4139,v4138,preq,true
v4140,v4141,seq,true
v4140,v6049,char,true
v4140,v8216,set,true
v4140,v16088,preq,true
v4141,v4140,preq,true
v4141,v5220,seq,true
v4147,v1267,set,true
v4149,v1854,seq,true
v4153,v4094,alt,true
v4154,v4352,ser,true
v4156,v884,ser,false
v4156,v8461,char,false
v4159,v4282,char,true
v4159,v4769,char,true
v4163,v22579,alt,false
v4169,v5817,ser,true
v4169,v5818,ser,true
v4169,v5822,ser,true
v4172,v1958,side,true
v4180,v1134,orig,true
v4180,v1175,orig,true
v4180,v1477,orig,true
v4180,v6261,orig,true
v4182,v980,ser,true
v4182,v16345,ser,true
v4183,v4184,seq,true
v4184,v4183,preq,true
v4185,v5284,side,true
v4185,v13760,side,true
v4186,v16259,char,true
v4188,v4817,ser,true
v4189,v88,orig,true
v4189,v6700,char,true
v4189,v20275,side,true
v4191,v5609,par,true
v4192,v3923,seq,true
v4192,v6248,preq,true
v4193,v2821,preq,true
v4199,v5747,ser,true
v4199,v10807,ser,true
v4201,v4765,char,true
v4203,v2061,char,false
v4203,v2062,char,false
v4203,v3424,char,false
v4203,v38339,char,false
v4203,v51905,char,false
v4204,v4514,preq,true
v4205,v4206,ser,true
v4206,v4205,ser,true
v4210,v3641,preq,true
v4215,v14,set,true
v4215,v444,char,true
v4215,v1349,set,true
v4215,v1852,set,true
v4215,v4572,set,true
v4215,v4573,fan,true
v4215,v39292,char,true
v4217,v895,ser,true
v4217,v16733,ser,true
v4220,v5620,fan,true
v4226,v4425,preq,true
v4226,v11399,ser,true
v4234,v3971,char,true
v4234,v5746,char,true
v4234,v7608,char,true
v4234,v20856,ser,true
v4238,v6029,orig,true
v4238,v8172,orig,true
v4238,v8173,orig,true
v4238,v13764,char,true
v4241,v4243,side,true
v4241,v4786,seq,true
v4242,v4786,preq,true
v4243,v4241,par,true
v4244,v5907,side,true
v4251,v4252,ser,true
v4252,v4251,ser,true
v4252,v4260,set,true
v4258,v2892,seq,true
v4259,v8231,fan,true
v4260,v4252,set,true
v4263,v4264,fan,true
v4263,v6216,ser,true
v4264,v813,orig,true
v4264,v4263,orig,true
v4265,v86,orig,true
v4266,v4268,side,true
v4268,v4266,par,true
v4273,v4274,ser,true
v4274,v4273,ser,true
v4275,v4832,char,true
v4275,v6036,ser,true
v4275,v8173,ser,true
v4275,v11135,fan,true
v4275,v21381,alt,true
v4275,v55031,side,true
v4282,v4159,char,true
v4291,v6980,orig,true
v4292,v1310,orig,true
v4293,v15863,fan,true
v4302,v7909,seq,true
v4303,v4304,ser,true
v4304,v2218,ser,true
v4304,v4303,ser,true
v4306,v6530,preq,false
v4308,v3839,preq,true
v4312,v4479,preq,true
v4315,v7312,seq,true
v4323,v6013,preq,true
v4327,v2059,orig,true
v4328,v10924,fan,true
v4331,v19457,fan,true
v4334,v13855,ser,true
v4336,v4337,ser,true
v4337,v4336,ser,true
v4337,v4338,ser,true
v4338,v4337,ser,true
v4338,v11937,ser,true
v4349,v4656,char,true
v4350,v1656,preq,true
v4352,v4154,ser,true
v4355,v8766,ser,true
v4356,v3884,ser,true
v4360,v1225,ser,true
v4363,v6581,char,true
v4364,v3048,char,true
v4371,v6680,ser,true
v4371,v9326,ser,true
v4374,v7457,char,true
v4379,v6979,ser,true
v4380,v6670,seq,true
v4382,v6903,char,true
v4389,v29512,ser,true
v4390,v4393,seq,true
v4392,v379,seq,true
v4393,v4390,preq,true
v4395,v15731,char,true
v4396,v7135,preq,true
v4403,v3076,char,true
v4403,v4404,preq,true
v4403,v6499,char,true
v4403,v6727,char,true
v4403,v6736,char,true
v4403,v11378,seq,true
v4404,v2727,char,true
v4404,v4403,seq,true
v4404,v5914,char,true
v4404,v6074,char,true
v4404,v6499,char,true
v4404,v53509,ser,true
v4406,v7594,seq,true
v4407,v26949,set,true
v4409,v7313,seq,true
v4411,v4845,preq,true
v4414,v4510,set,true
v4414,v10709,char,true
v4414,v15460,char,true
v4414,v17029,char,true
v4414,v28875,seq,true
v4414,v28953,side,true
v4423,v3233,ser,true
v4425,v4226,seq,true
v4425,v11399,fan,true
v4426,v4428,seq,true
v4428,v4426,preq,true
v4429,v729,orig,true
v4430,v1847,seq,true
v4431,v22864,side,true
v4433,v21015,ser,true
v4439,v5261,side,true
v4443,v5159,alt,true
v4443,v9688,char,true
v4445,v38040,char,false
v4446,v5820,char,true
v4450,v6034,seq,true
v4450,v11075,char,true
v4450,v15026,set,true
v4452,v4453,seq,true
v4453,v4452,preq,true
v4453,v4454,seq,true
v4454,v4453,preq,true
v4455,v3775,seq,true
v4456,v4097,ser,true
v4458,v4095,preq,true
v4458,v4096,ser,true
v4463,v93,preq,true
v4463,v21343,fan,true
v4463,v30412,seq,true
v4463,v32793,side,true
v4467,v879,orig,true
v4468,v879,ser,true
v4468,v4469,ser,true
v4469,v4468,ser,true
v4471,v4472,seq,true
v4472,v4471,preq,true
v4476,v1111,char,true
v4477,v1111,char,true
v4479,v4312,seq,true
v4480,v2291,seq,true
v4486,v2052,ser,true
v4486,v4814,seq,true
v4492,v15494,char,true
v4494,v1081,ser,true
v4494,v9258,ser,true
v4494,v16691,char,true
v4498,v6693,char,true
v4499,v14747,fan,true
v4499,v17603,seq,true
v4502,v37573,char,true
v4504,v7939,seq,true
v4504,v28874,fan,true
v4506,v1492,orig,true
v4510,v4414,set,true
v4510,v17028,char,true
v4510,v28953,side,true
v4511,v5570,char,true
v4512,v675,orig,true
v4512,v4059,char,true
v4513,v6037,seq,true
v4513,v8961,ser,true
v4514,v4204,seq,true
v4515,v8666,char,true
v4515,v8668,char,true
v4515,v23259,char,true
v4516,v4517,seq,true
v4517,v4516,preq,true
v4523,v4544,seq,true
v4527,v13593,char,false
v4527,v51404,char,false
v4529,v2636,set,true
v4529,v2637,set,true
v4529,v2638,set,true
v4529,v2639,set,true
v4529,v2640,set,true
v4529,v2641,set,true
v4529,v2642,set,true
v4529,v2643,set,true
v4530,v14871,alt,true
v4531,v6097,seq,true
v4532,v4533,ser,true
v4533,v4532,ser,true
v4533,v23373,ser,true
v4536,v890,set,true
v4536,v4537,ser,true
v4536,v4552,set,true
v4537,v4536,ser,true
v4537,v4538,ser,true
v4538,v4537,ser,true
v4538,v4539,ser,true
v4539,v4538,ser,true
v4540,v7815,fan,true
v4540,v18833,ser,true
v4540,v21724,char,true
v4541,v4997,ser,true
v4541,v5012,ser,true
v4542,v1874,preq,true
v4542,v10050,fan,true
v4544,v4523,preq,true
v4545,v4546,ser,true
v4545,v18398,char,true
v4545,v26267,ser,true
v4545,v28768,ser,true
v4545,v31104,ser,true
v4546,v4545,ser,true
v4547,v28295,seq,true
v4548,v6532,ser,true
v4549,v4557,ser,true
v4549,v8956,char,true
v4552,v4536,set,true
v4552,v4618,ser,true
v4552,v4619,ser,true
v4553,v23902,ser,true
v4553,v43243,char,true
v4556,v11700,seq,true
v4557,v4549,ser,true
v4558,v6479,ser,true
v4558,v32241,fan,true
v4559,v4082,ser,true
v4559,v4711,ser,true
v4560,v6478,ser,true
v4560,v6481,ser,true
v4563,v4564,ser,true
v4564,v696,char,true
v4564,v4563,ser,true
v4564,v4565,char,true
v4564,v11254,alt,false
v4564,v23944,ser,true
v4565,v696,char,true
v4565,v4564,char,true
v4565,v4566,ser,true
v4566,v1383,ser,true
v4566,v4565,ser,true
v4567,v8326,preq,true
v4567,v37830,char,false
v4568,v8874,seq,true
v4570,v12547,char,false
v4570,v20100,char,false
v4571,v15155,alt,true
v4572,v444,char,true
v4572,v4215,set,true
v4572,v4573,fan,true
v4572,v7054,char,true
v4573,v4215,orig,true
v4573,v4572,orig,true
v4575,v4743,preq,true
v4578,v7616,side,true
v4578,v16106,char,true
v4582,v1078,char,true
v4582,v4583,ser,true
v4583,v4582,ser,true
v4583,v4803,char,true
v4592,v4593,seq,true
v4593,v4592,preq,true
v4594,v5049,seq,false
v4594,v11038,seq,true
v4596,v2818,alt,true
v4597,v8030,fan,true
v4597,v11636,seq,true
v4599,v1464,ser,true
v4601,v2287,preq,true
v4601,v4604,seq,true
v4602,v5471,fan,true
v4602,v5472,fan,true
v4602,v10035,seq,true
v4604,v2288,seq,true
v4604,v4601,preq,true
v4608,v4609,preq,true
v4609,v3780,preq,true
v4609,v4608,seq,true
v4614,v4860,seq,true
v4614,v9065,alt,true
v4617,v697,preq,true
v4618,v4552,ser,true
v4619,v4552,ser,true
v4621,v11378,char,true
v4622,v1366,seq,true
v4622,v1605,char,true
v4622,v7560,fan,true
v4624,v1994,ser,true
v4624,v10498,ser,true
v4624,v21714,char,true
v4625,v2456,ser,true
v4625,v39838,ser,true
v4628,v12006,side,false
v4628,v27094,char,false
v4628,v27095,char,false
v4628,v52425,char,false
v4628,v53216,char,false
v4628,v58693,char,true
v4643,v4666,fan,true
v4644,v4646,seq,true
v4645,v2611,ser,true
v4646,v4644,preq,true
v4651,v8188,set,true
v4652,v1337,orig,true
v4654,v4655,seq,true
v4654,v22307,char,true
v4655,v4654,preq,true
v4655,v4656,ser,true
v4656,v4349,char,true
v4656,v4655,ser,true
v4656,v11728,ser,true
v4658,v16856,alt,true
v4659,v24897,set,true
v4662,v2260,ser,true
v4663,v36738,seq,true
v4665,v6410,set,true
v4666,v4643,orig,true
v4667,v2728,alt,true
v4670,v1347,orig,true
v4672,v21323,ser,true
v4673,v6532,ser,true
v4673,v19213,ser,true
v4675,v2439,ser,true
v4675,v5696,preq,true
v4675,v11887,char,false
v4675,v11889,char,false
v4676,v6167,ser,true
v4676,v6168,ser,true
v4677,v6167,ser,true
v4678,v6137,preq,true
v4681,v4102,char,true
v4681,v4682,seq,true
v4681,v26659,fan,true
v4681,v45512,alt,true
v4681,v53262,char,false
v4681,v62159,char,false
v4682,v4681,preq,true
v4682,v4683,fan,true
v4683,v4682,orig,true
v4685,v4686,char,true
v4685,v4687,char,true
v4685,v55746,char,false
v4686,v4685,char,true
v4686,v4687,char,true
v4687,v4685,char,true
v4687,v4686,char,true
v4692,v2184,seq,true
v4693,v1080,seq,true
v4693,v1111,char,true
v4693,v27636,char,false
v4694,v4696,seq,true
v4695,v2752,seq,true
v4696,v4694,preq,true
v4698,v5297,set,true
v4699,v1391,ser,true
v4701,v4702,ser,true
v4702,v487,char,true
v4702,v1111,char,true
v4702,v4701,ser,true
v4704,v3142,ser,true
v4704,v10069,ser,true
v4705,v4706,ser,true
v4706,v4705,ser,true
v4707,v2016,orig,true
v4708,v12509,set,true
v4709,v4710,ser,true
v4709,v18398,char,true
v4710,v4709,ser,true
v4710,v4711,ser,true
v4711,v4559,ser,true
v4711,v4710,ser,true
v4712,v4082,ser,true
v4713,v26929,ser,true
v4714,v4858,ser,true
v4716,v33426,seq,true
v4719,v8440,fan,true
v4724,v3769,char,true
v4729,v4730,ser,true
v4729,v54019,char,false
v4730,v4729,ser,true
v4730,v54019,char,false
v4731,v143,preq,true
v4732,v22078,char,true
v4734,v4735,seq,true
v4734,v9038,preq,true
v4735,v4734,preq,true
v4735,v9039,seq,true
v4737,v1515,preq,true
v4739,v3794,char,false
v4742,v23124,alt,true
v4742,v23126,alt,true
v4742,v23140,alt,true
v4743,v4575,seq,true
v4747,v25148,ser,true
v4747,v27145,ser,true
v4748,v4749,seq,true
v4749,v4748,preq,true
v4750,v6463,char,true
v4754,v2756,orig,true
v4754,v2757,orig,true
v4758,v1080,orig,true
v4758,v1111,char,true
v4760,v8480,ser,true
v4762,v688,preq,true
v4762,v2966,seq,true
v4765,v4201,char,true
v4768,v3044,char,true
v4769,v4159,char,true
v4771,v1111,char,true
v4774,v5133,ser,true
v4774,v7242,ser,true
v4776,v585,set,true
v4776,v47446,preq,true
v4777,v37,char,true
v4777,v494,char,true
v4777,v602,char,true
v4777,v1177,char,true
v4777,v2082,char,true
v4777,v2808,char,true
v4777,v5096,char,true
v4777,v5097,char,true
v4777,v5098,char,true
v4781,v3743,ser,true
v4781,v7258,ser,true
v4783,v1081,seq,true
v4786,v4241,preq,true
v4786,v4242,seq,true
v4788,v1991,seq,true
v4789,v4790,seq,true
v4789,v7489,seq,true
v4790,v4789,preq,true
v4791,v1193,char,true
v4793,v688,seq,true
v4794,v714,preq,true
v4794,v4795,seq,true
v4795,v4794,preq,true
v4795,v5225,seq,true
v4796,v16324,fan,true
v4801,v4841,seq,true
v4803,v4583,char,true
v4805,v269,par,true
v4807,v2290,preq,true
v4811,v481,orig,true
v4814,v4486,preq,true
v4815,v5945,ser,true
v4817,v4188,ser,true
v4817,v7111,ser,true
v4820,v2164,seq,true
v4827,v933,char,true
v4827,v3334,set,true
v4828,v4097,preq,true
v4828,v4830,seq,true
v4829,v4849,seq,true
v4830,v1758,seq,true
v4830,v4828,preq,true
v4832,v1119,char,true
v4832,v4275,char,true
v4832,v5939,char,true
v4832,v6036,char,true
v4832,v8172,char,true
v4832,v8173,char,true
v4835,v4836,seq,true
v4835,v8589,preq,true
v4835,v8999,fan,true
v4835,v18136,fan,true
v4836,v4835,preq,true
v4836,v8600,ser,true
v4837,v2353,orig,true
v4841,v2276,seq,true
v4841,v4801,preq,true
v4845,v4411,seq,true
v4848,v78,char,true
v4848,v99,char,true
v4848,v264,char,true
v4848,v266,char,true
v4848,v316,char,true
v4848,v317,char,true
v4848,v318,char,true
v4848,v323,char,true
v4848,v336,char,true
v4848,v337,char,true
v4848,v383,char,true
v4848,v1329,char,true
v4848,v3538,ser,true
v4849,v4829,preq,true
v4849,v4850,seq,true
v4849,v7137,ser,true
v4850,v4097,seq,true
v4850,v4849,preq,true
v4850,v5663,side,true
v4851,v1755,ser,true
v4851,v7302,ser,true
v4852,v1343,preq,true
v4852,v6492,side,true
v4852,v13267,seq,true
v4853,v886,preq,true
v4853,v8461,char,false
v4854,v1081,char,true
v4854,v1169,char,true
v4854,v3683,seq,true
v4854,v7339,char,true
v4857,v10619,alt,true
v4858,v4714,ser,true
v4859,v5704,seq,true
v4860,v4614,preq,true
v4860,v9066,alt,true
v4862,v17028,char,true
v4863,v3700,seq,true
v4863,v5056,seq,true
v4870,v4873,seq,true
v4870,v21100,char,true
v4870,v21101,char,true
v4870,v21117,char,true
v4871,v5175,seq,true
v4871,v9199,alt,true
v4871,v21100,char,true
v4871,v21101,char,true
v4873,v4870,preq,true
v4873,v21100,char,true
v4873,v21125,char,true
v4874,v4891,ser,true
v4874,v5171,char,true
v4874,v21100,char,true
v4874,v21101,char,true
v4874,v21117,char,true
v4874,v21345,char,true
v4874,v24670,char,true
v4875,v21100,char,true
v4876,v210,orig,true
v4877,v5171,char,true
v4877,v14330,ser,true
v4877,v21101,char,true
v4878,v5079,seq,true
v4880,v972,set,true
v4881,v1105,char,true
v4881,v8079,seq,true
v4886,v664,preq,true
v4886,v2199,char,true
v4886,v7404,ser,true
v4886,v8175,char,true
v4887,v21100,char,true
v4887,v21125,char,true
v4888,v21101,char,true
v4888,v21117,char,true
v4888,v21125,char,true
v4889,v13770,seq,true
v4889,v21117,char,true
v4889,v24670,char,true
v4890,v21100,char,true
v4890,v21125,char,true
v4890,v21345,char,true
v4890,v31294,ser,true
v4891,v4874,ser,true
v4891,v5176,set,true
v4891,v21101,char,true
v4891,v21345,char,true
v4893,v20337,set,true
v4897,v5878,seq,true
v4898,v3580,char,true
v4898,v4899,seq,true
v4899,v3580,char,true
v4899,v4898,preq,true
v4900,v4903,seq,true
v4903,v4900,preq,true
v4903,v4905,ser,true
v4905,v2315,alt,true
v4905,v4903,ser,true
v4905,v7488,ser,true
v4906,v6764,fan,true
v4906,v21254,seq,true
v4907,v15461,char,true
v4909,v8171,seq,true
v4909,v10171,side,true
v4909,v11978,side,true
v4909,v14519,fan,true
v4910,v451,char,true
v4910,v9636,char,true
v4916,v9081,ser,true
v4917,v5873,alt,true
v4918,v1564,orig,true
v4918,v37085,fan,false
v4918,v42207,fan,false
v4919,v6939,alt,true
v4920,v2072,alt,true
v4921,v1113,orig,true
v4925,v6830,ser,true
v4929,v21216,char,false
v4930,v1281,char,false
v4936,v2390,ser,true
v4936,v10797,fan,true
v4936,v11033,ser,true
v4936,v20272,side,true
v4937,v7050,char,true
v4940,v3389,ser,true
v4940,v6473,ser,true
v4940,v9338,seq,true
v4946,v6559,seq,true
v4958,v4959,ser,true
v4959,v4958,ser,true
v4960,v6249,ser,true
v4965,v7590,set,true
v4967,v5800,fan,true
v4968,v7798,seq,true
v4975,v196,orig,true
v4976,v11972,seq,true
v4978,v8079,ser,true
v4978,v8080,ser,true
v4981,v2622,orig,true
v4982,v4983,seq,true
v4983,v4982,preq,true
v4983,v6293,seq,false
v4984,v682,ser,true
v4986,v1675,seq,true
v4993,v4997,ser,true
v4993,v7177,ser,true
v4994,v7613,set,true
v4997,v4541,ser,true
v4997,v4993,ser,true
v5003,v47540,seq,true
v5004,v18682,ser,true
v5007,v5014,ser,true
v5010,v2061,char,false
v5010,v2062,char,false
v5012,v4541,ser,true
v5014,v5007,ser,true
v5020,v5021,ser,true
v5021,v5020,ser,true
v5027,v6614,preq,true
v5028,v3495,ser,true
v5029,v4122,preq,true
v5029,v5156,seq,true
v5032,v1124,preq,true
v5033,v2457,preq,true
v5049,v4594,preq,false
v5050,v13682,fan,true
v5051,v6720,seq,true
v5052,v2805,orig,true
v5054,v3683,orig,true
v5055,v2153,char,false
v5056,v3700,preq,true
v5056,v4863,preq,true
v5057,v24,char,false
v5066,v12674,set,true
v5072,v71,orig,true
v5072,v8382,char,true
v5073,v2762,set,true
v5073,v28344,side,true
v5079,v4878,preq,true
v5080,v1241,ser,true
v5080,v10560,seq,true
v5080,v45398,char,true
v5082,v3171,ser,true
v5083,v1530,orig,true
v5084,v12468,alt,true
v5085,v401,orig,true
v5085,v471,orig,true
v5085,v1198,orig,true
v5085,v3823,orig,true
v5088,v5089,seq,true
v5089,v1958,char,true
v5089,v5088,preq,true
v5089,v5565,set,true
v5090,v1376,orig,true
v5090,v2466,orig,true
v5096,v4777,char,true
v5096,v7667,fan,true
v5097,v602,char,true
v5097,v4777,char,true
v5098,v4777,char,true
v5105,v6514,ser,true
v5108,v3370,ser,true
v5108,v9750,ser,true
v5109,v137,set,true
v5109,v140,ser,true
v5109,v149,set,true
v5109,v150,set,true
v5109,v6882,set,true
v5113,v8429,seq,true
v5113,v14682,ser,true
v5115,v6884,par,true
v5116,v5117,seq,true
v5117,v5116,preq,true
v5118,v2936,orig,true
v5127,v11134,fan,true
v5127,v15050,seq,false
v5127,v15051,seq,false
v5127,v28995,fan,true
v5133,v4774,ser,true
v5134,v2,preq,false
v5134,v5135,alt,true
v5135,v2,preq,false
v5135,v5134,alt,true
v5136,v711,set,false
v5137,v4064,ser,true
v5137,v8517,ser,true
v5140,v10924,fan,true
v5143,v5147,preq,true
v5143,v15600,ser,true
v5145,v8146,ser,true
v5146,v5150,preq,true
v5147,v5143,seq,true
v5148,v5150,seq,true
v5150,v5146,seq,true
v5150,v5148,preq,true
v5151,v1380,orig,true
v5154,v1002,char,true
v5154,v7723,seq,true
v5154,v18830,side,true
v5154,v21002,char,false
v5156,v5029,preq,true
v5156,v5938,seq,true
v5157,v5817,ser,true
v5157,v10187,alt,true
v5157,v10188,ser,true
v5157,v19565,ser,true
v5159,v4443,alt,true
v5159,v12231,alt,true
v5160,v4135,preq,true
v5160,v5292,seq,true
v5165,v2954,par,true
v5170,v21345,char,true
v5171,v4874,char,true
v5171,v4877,char,true
v5171,v21345,seq,true
v5172,v5175,char,true
v5173,v13770,preq,true
v5173,v21125,preq,true
v5173,v21345,char,true
v5173,v24670,char,true
v5174,v5186,char,true
v5174,v13773,ser,true
v5174,v21345,char,true
v5175,v4871,preq,true
v5175,v5172,char,true
v5176,v4891,set,true
v5176,v24673,char,true
v5180,v24670,char,true
v5182,v20408,set,true
v5186,v5174,char,true
v5186,v5187,char,true
v5186,v13772,char,true
v5186,v24670,fan,true
v5187,v5186,char,true
v5187,v24670,seq,true
v5189,v6020,seq,true
v5191,v5192,preq,true
v5191,v5194,seq,true
v5192,v5191,seq,true
v5193,v100,char,true
v5193,v205,set,true
v5194,v5191,preq,true
v5201,v5867,orig,true
v5202,v3769,char,true
v5216,v5217,seq,true
v5217,v5216,preq,true
v5220,v4141,preq,true
v5220,v8017,set,true
v5221,v10480,ser,true
v5225,v4795,preq,true
v5225,v5226,seq,true
v5226,v5225,preq,true
v5226,v5227,seq,true
v5227,v5226,preq,true
v5233,v61309,side,false
v5240,v793,set,true
v5243,v10279,fan,true
v5244,v10700,set,true
v5244,v18914,alt,false
v5251,v5252,seq,true
v5252,v5251,preq,true
v5254,v533,char,true
v5254,v5255,fan,true
v5255,v5254,orig,true
v5256,v968,ser,true
v5258,v2021,orig,true
v5259,v15802,ser,true
v5261,v3235,ser,true
v5261,v4439,par,true
v5261,v6492,ser,true
v5263,v5264,ser,true
v5263,v5265,ser,true
v5264,v5263,ser,true
v5264,v5265,ser,true
v5265,v5263,ser,true
v5265,v5264,ser,true
v5267,v2462,seq,true
v5270,v6570,seq,true
v5277,v6729,seq,true
v5277,v10668,char,false
v5277,v10696,char,false
v5277,v26038,char,true
v5277,v26355,char,true
v5277,v26833,char,true
v5280,v12508,alt,true
v5282,v99,char,true
v5282,v264,alt,true
v5282,v266,char,true
v5284,v4185,par,true
v5289,v11726,ser,true
v5289,v14264,ser,true
v5289,v16406,fan,true
v5289,v17632,ser,true
v5289,v20684,ser,true
v5289,v22561,ser,true
v5289,v27227,ser,true
v5292,v5160,preq,true
v5292,v7024,seq,true
v5295,v11920,seq,true
v5297,v4698,set,true
v5297,v26460,seq,true
v5299,v6035,char,false
v5299,v10399,char,false
v5299,v10586,char,false
v5299,v11409,char,false
v5299,v12183,char,false
v5299,v13091,ser,true
v5299,v13687,char,false
v5299,v23511,char,false
v5299,v50673,char,false
v5299,v53214,char,false
v5299,v55519,fan,true
v5299,v56114,char,false
v5301,v5302,seq,true
v5302,v5301,preq,true
v5303,v12410,ser,true
v5307,v5805,char,true
v5312,v3131,char,true
v5312,v59834,char,false
v5312,v59835,char,false
v5312,v59836,char,false
v5313,v6435,ser,true
v5317,v1120,ser,true
v5317,v10546,alt,true
v5319,v2100,alt,true
v5324,v14141,seq,true
v5326,v3086,char,true
v5328,v2753,seq,true
v5351,v6466,ser,true
v5351,v9657,ser,true
v5357,v8283,ser,true
v5360,v7060,fan,true
v5361,v6051,preq,true
v5361,v13686,side,true
v5363,v12226,ser,true
v5363,v12890,fan,true
v5365,v6581,char,true
v5365,v7424,seq,true
v5368,v5369,preq,true
v5369,v5368,seq,true
v5370,v1983,char,true
v5370,v1984,char,true
v5370,v1990,seq,true
v5373,v5374,set,true
v5374,v5373,set,true
v5374,v5382,set,true
v5375,v5383,ser,true
v5376,v5383,set,true
v5377,v5382,set,true
v5381,v6572,seq,true
v5381,v12515,char,false
v5381,v13059,set,true
v5382,v5374,set,true
v5382,v5377,set,true
v5382,v5383,set,true
v5383,v5375,ser,true
v5383,v5376,set,true
v5383,v5382,set,true
v5386,v1039,seq,true
v5390,v19,preq,true
v5390,v5391,seq,true
v5390,v29668,side,true
v5390,v29669,side,true
v5390,v29670,side,true
v5391,v3360,seq,true
v5391,v5390,preq,true
v5392,v3884,char,true
v5392,v7861,ser,true
v5392,v11225,ser,true
v5398,v7,char,false
v5398,v11,set,false
v5399,v14274,alt,true
v5400,v5402,alt,true
v5401,v8067,alt,true
v5402,v5400,alt,true
v5403,v20274,side,true
v5405,v14946,seq,true
v5409,v264,par,true
v5409,v266,par,true
v5410,v2966,preq,true
v5410,v13067,seq,true
v5412,v3767,preq,true
v5412,v7065,seq,true
v5416,v5877,ser,true
v5424,v6600,ser,true
v5424,v6601,ser,true
v5429,v8055,alt,true
v5431,v7327,fan,true
v5432,v4137,char,false
v5433,v12800,char,true
v5433,v19400,char,true
v5434,v1502,set,false
v5434,v7226,char,false
v5434,v9185,char,false
v5434,v13446,char,false
v5434,v35604,char,false
v5434,v52515,char,false
v5435,v16862,alt,true
v5436,v6313,preq,true
v5436,v6314,seq,true
v5444,v2486,preq,true
v5445,v2869,ser,true
v5445,v7660,ser,true
v5445,v25345,fan,true
v5446,v1792,seq,true
v5450,v806,preq,true
v5471,v4602,orig,true
v5471,v5472,alt,true
v5472,v4602,orig,true
v5472,v5471,alt,true
v5481,v2505,preq,true
v5482,v1848,seq,true
v5498,v7889,ser,true
v5498,v22479,ser,true
v5499,v6012,ser,true
v5510,v5511,seq,true
v5511,v5510,preq,true
v5511,v5512,seq,true
v5512,v5511,preq,true
v5514,v5515,seq,true
v5514,v7419,fan,true
v5515,v5514,preq,true
v5518,v8571,seq,true
v5518,v9600,seq,true
v5518,v18136,fan,true
v5519,v18189,char,true
v5523,v5543,ser,true
v5526,v2763,ser,true
v5526,v4043,ser,true
v5531,v5532,preq,true
v5532,v5531,seq,true
v5532,v10069,ser,true
v5539,v5540,seq,true
v5540,v5539,preq,true
v5540,v5541,seq,true
v5540,v23804,seq,true
v5541,v5540,preq,true
v5541,v23804,preq,true
v5543,v3036,alt,true
v5543,v5523,ser,true
v5544,v5545,ser,true
v5545,v5544,ser,true
v5548,v240,par,true
v5549,v2622,set,true
v5549,v7625,fan,true
v5549,v10237,set,true
v5550,v5551,seq,true
v5551,v5550,preq,true
v5551,v5552,seq,true
v5552,v5551,preq,true
v5556,v5601,seq,true
v5558,v1715,par,false
v5562,v1740,orig,true
v5563,v109,char,true
v5564,v109,seq,true
v5564,v140,set,true
v5565,v5089,set,true
v5566,v5568,ser,true
v5568,v5566,ser,true
v5568,v5569,ser,true
v5569,v5568,ser,true
v5570,v4511,char,true
v5575,v193,char,true
v5575,v840,char,true
v5575,v1179,orig,true
v5575,v1392,char,true
v5575,v2108,char,true
v5575,v3789,char,true
v5576,v12321,ser,true
v5577,v7626,ser,true
v5579,v2899,set,true
v5579,v2900,set,true
v5580,v2800,preq,true
v5583,v1891,set,true
v5583,v8301,set,true
v5588,v58479,fan,true
v5588,v58483,side,true
v5601,v5556,preq,true
v5601,v5602,seq,true
v5602,v5601,preq,true
v5605,v877,preq,true
v5607,v14031,seq,true
v5608,v6533,char,true
v5609,v4191,side,true
v5613,v5616,preq,true
v5616,v5613,seq,true
v5620,v1116,orig,true
v5620,v4220,orig,true
v5626,v5631,seq,true
v5628,v14646,set,true
v5628,v20223,set,true
v5628,v46924,set,true
v5630,v10262,side,true
v5631,v5626,preq,true
v5632,v717,preq,false
v5632,v17893,seq,true
v5633,v716,preq,false
v5636,v6534,seq,true
v5636,v8115,ser,true
v5638,v1567,ser,true
v5641,v6413,seq,true
v5643,v5644,seq,true
v5644,v5643,preq,true
v5644,v11315,seq,true
v5646,v5648,preq,true
v5647,v11,preq,false
v5648,v5646,seq,true
v5648,v5649,set,true
v5649,v5648,set,true
v5650,v3327,ser,true
v5652,v1195,ser,true
v5652,v2836,char,true
v5652,v16341,set,true
v5652,v20418,ser,true
v5652,v23199,set,true
v5652,v49567,preq,true
v5653,v3750,preq,true
v5653,v7711,seq,true
v5657,v7853,seq,true
v5657,v21002,char,false
v5657,v28127,char,false
v5658,v22078,ser,true
v5659,v1151,preq,true
v5663,v4850,par,true
v5668,v5669,preq,true
v5669,v5668,seq,true
v5669,v9648,char,true
v5674,v7461,alt,true
v5677,v5874,char,true
v5678,v6478,preq,true
v5678,v22428,seq,true
v5680,v387,char,false
v5686,v5687,seq,true
v5687,v5686,preq,true
v5690,v1646,ser,true
v5690,v8202,fan,true
v5690,v21964,ser,true
v5691,v2153,orig,true
v5696,v2439,ser,true
v5696,v4675,seq,true
v5696,v11887,char,false
v5696,v11889,char,false
v5698,v4,preq,false
v5698,v12,char,false
v5698,v18,char,false
v5698,v33,char,false
v5698,v34,char,false
v5698,v51,char,false
v5698,v204,char,false
v5698,v30616,char,false
v5704,v4859,preq,true
v5706,v1054,ser,true
v5710,v5712,seq,true
v5711,v3144,set,true
v5712,v5710,preq,true
v5716,v2042,char,true
v5716,v2356,fan,true
v5716,v3055,fan,true
v5716,v6191,seq,true
v5716,v6192,side,true
v5720,v3711,preq,true
v5720,v6690,seq,true
v5721,v1659,seq,true
v5723,v5724,seq,true
v5724,v5723,preq,true
v5728,v711,char,false
v5728,v20809,seq,true
v5730,v6804,seq,true
v5734,v7774,fan,true
v5734,v11856,set,true
v5736,v10337,char,true
v5737,v9066,preq,true
v5737,v9067,seq,true
v5743,v1065,preq,true
v5744,v3031,preq,true
v5744,v10700,seq,true
v5746,v4234,char,true
v5747,v4032,ser,true
v5747,v4199,ser,true
v5752,v1254,char,true
v5752,v5753,preq,true
v5753,v1254,preq,true
v5753,v5752,seq,true
v5760,v10826,seq,true
v5763,v16409,fan,true
v5764,v7706,ser,true
v5778,v1695,char,true
v5778,v2893,char,true
v5781,v1120,orig,true
v5782,v8094,fan,true
v5787,v5788,fan,true
v5788,v5787,orig,true
v5790,v34550,fan,true
v5796,v3850,preq,true
v5796,v8076,seq,true
v5798,v1704,seq,true
v5798,v61677,fan,true
v5800,v4967,orig,true
v5801,v8328,seq,true
v5805,v5307,char,true
v5806,v8835,ser,true
v5807,v1112,ser,true
v5817,v4169,ser,true
v5817,v5157,ser,true
v5817,v5818,ser,true
v5817,v5822,ser,true
v5818,v4169,ser,true
v5818,v5817,ser,true
v5818,v5822,ser,true
v5820,v2129,char,true
v5820,v4446,char,true
v5821,v10103,side,true
v5821,v16106,char,true
v5822,v4169,ser,true
v5822,v5817,ser,true
v5822,v5818,ser,true
v5825,v8354,ser,true
v5834,v10028,seq,true
v5837,v3106,orig,true
v5844,v548,set,true
v5846,v3092,char,true
v5847,v15508,ser,true
v5850,v1966,char,true
v5850,v26011,char,true
v5853,v3959,side,true
v5854,v2022,orig,true
v5857,v556,char,false
v5857,v1356,char,false
v5857,v1357,char,false
v5857,v1543,char,false
v5857,v14502,char,false
v5860,v5861,ser,true
v5861,v1997,ser,true
v5861,v5860,ser,true
v5866,v9296,seq,true
v5867,v5201,fan,true
v5869,v3954,par,true
v5870,v3954,orig,true
v5873,v4917,alt,true
v5874,v5677,char,true
v5877,v2623,seq,true
v5877,v5416,ser,true
v5878,v4897,preq,true
v5880,v5881,seq,true
v5881,v5880,preq,true
v5881,v5882,seq,true
v5882,v5881,preq,true
v5883,v2002,set,true
v5883,v21281,seq,true
v5883,v49006,set,false
v5884,v8016,set,true
v5884,v12353,seq,true
v5884,v13807,side,true
v5884,v17265,set,true
v5889,v1123,char,true
v5894,v9109,ser,true
v5895,v92,orig,true
v5898,v9966,side,true
v5904,v6114,ser,true
v5907,v4244,par,true
v5909,v12795,ser,true
v5912,v913,ser,true
v5914,v4404,char,true
v5916,v10895,fan,true
v5916,v12943,seq,false
v5916,v12944,seq,false
v5916,v13395,char,false
v5916,v13451,char,false
v5916,v14409,char,false
v5916,v14573,char,false
v5916,v14953,char,true
v5916,v15471,preq,false
v5916,v15517,side,false
v5916,v15851,preq,false
v5919,v23567,ser,true
v5922,v810,preq,true
v5922,v17012,seq,true
v5927,v10942,fan,true
v5932,v10876,set,true
v5933,v2048,char,true
v5937,v232,char,true
v5937,v666,orig,true
v5937,v892,char,true
v5937,v1072,char,true
v5937,v1179,char,true
v5937,v1322,char,true
v5937,v1337,char,true
v5938,v5156,preq,true
v5938,v6733,seq,true
v5939,v1119,preq,true
v5939,v4832,char,true
v5939,v5941,fan,true
v5939,v6036,seq,true
v5939,v26317,fan,true
v5940,v5941,fan,true
v5941,v3092,orig,true
v5941,v5939,orig,true
v5941,v5940,orig,true
v5942,v7752,fan,true
v5943,v1440,char,true
v5943,v10637,set,false
v5945,v4815,ser,true
v5948,v2660,char,true
v5950,v13,ser,true
v5951,v11238,char,false
v5951,v13931,char,false
v5951,v17964,side,true
v5951,v18001,seq,true
v5953,v5954,seq,true
v5954,v5953,preq,true
v5956,v2329,set,true
v5957,v9851,ser,true
v5961,v8382,char,true
v5962,v5963,seq,true
v5962,v21359,alt,true
v5963,v5962,preq,true
v5963,v5966,seq,true
v5963,v21360,alt,true
v5966,v5963,preq,true
v5966,v5967,seq,true
v5966,v21361,alt,true
v5967,v5966,preq,true
v5967,v5974,seq,true
v5967,v21362,alt,true
v5968,v5969,seq,true
v5968,v21362,preq,true
v5969,v5968,preq,true
v5969,v5970,seq,true
v5969,v23901,preq,true
v5970,v5969,preq,true
v5970,v5971,seq,true
v5971,v5970,preq,true
v5971,v5972,seq,true
v5972,v5971,preq,true
v5972,v5973,seq,true
v5973,v1574,seq,true
v5973,v5972,preq,true
v5974,v5967,preq,true
v5974,v5975,seq,true
v5975,v5974,preq,true
v5975,v5976,seq,true
v5976,v5975,preq,true
v5976,v5977,seq,true
v5977,v5976,preq,true
v5977,v5978,seq,true
v5978,v5977,preq,true
v5978,v5979,seq,true
v5979,v5978,preq,true
v5979,v5982,seq,true
v5980,v1574,preq,true
v5980,v5987,seq,true
v5981,v715,preq,false
v5981,v716,seq,false
v5982,v5979,preq,true
v5982,v5983,seq,true
v5983,v5982,preq,true
v5983,v5984,seq,true
v5984,v5983,preq,true
v5984,v5985,seq,true
v5985,v5984,preq,true
v5985,v5986,seq,true
v5986,v5985,preq,true
v5986,v5988,seq,true
v5987,v5980,preq,true
v5987,v19010,seq,true
v5988,v5986,preq,true
v5988,v5989,seq,true
v5989,v5988,preq,true
v5989,v5990,seq,true
v5990,v5989,preq,true
v5990,v5991,seq,true
v5991,v5990,preq,true
v5991,v5992,seq,true
v5992,v5991,preq,true
v5992,v5994,seq,true
v5993,v11682,seq,true
v5993,v19010,preq,true
v5994,v5992,preq,true
v5994,v5995,seq,true
v5995,v5994,preq,true
v5995,v5996,seq,true
v5996,v5995,preq,true
v5996,v5997,seq,true
v5997,v5996,preq,true
v5997,v28082,seq,true
v5998,v4126,seq,true
v5999,v6000,seq,true
v5999,v9851,ser,true
v5999,v37236,char,true
v6000,v5999,preq,true
v6003,v9650,char,true
v6005,v9810,alt,true
v6006,v6011,preq,true
v6011,v1295,set,true
v6011,v6006,seq,true
v6012,v5499,ser,true
v6013,v4323,seq,true
v6013,v6014,side,true
v6014,v6013,par,true
v6017,v9985,ser,true
v6018,v7541,seq,true
v6019,v3334,char,true
v6020,v5189,preq,true
v6024,v6025,seq,true
v6025,v6024,preq,true
v6025,v6026,ser,true
v6026,v6025,ser,true
v6028,v1401,alt,true
v6028,v10706,ser,true
v6029,v4238,fan,true
v6029,v8172,preq,true
v6029,v8173,preq,true
v6029,v11135,fan,true
v6029,v20400,seq,true
v6029,v29959,fan,true
v6034,v4450,preq,true
v6034,v15026,set,true
v6035,v5299,char,false
v6035,v7579,set,true
v6035,v11409,char,false
v6035,v12183,char,false
v6035,v50673,char,false
v6035,v53214,char,false
v6036,v4275,ser,true
v6036,v4832,char,true
v6036,v5939,preq,true
v6036,v8172,seq,true
v6036,v8173,seq,true
v6036,v11135,fan,true
v6036,v15100,char,false
v6036,v26317,fan,true
v6037,v4513,preq,true
v6046,v6319,preq,true
v6049,v4140,char,true
v6051,v5361,seq,true
v6051,v6223,preq,true
v6058,v3016,char,true
v6058,v6059,ser,true
v6058,v19230,seq,true
v6059,v6058,ser,true
v6066,v6067,seq,true
v6067,v6066,preq,true
v6068,v6069,seq,true
v6069,v6068,preq,true
v6072,v15,orig,true
v6072,v51,orig,true
v6072,v8528,orig,true
v6074,v4404,char,true
v6079,v1496,side,true
v6085,v10733,alt,true
v6086,v141,seq,true
v6095,v6096,seq,true
v6096,v6095,preq,true
v6097,v4531,preq,true
v6100,v7589,ser,true
v6100,v7590,ser,true
v6100,v15968,alt,true
v6103,v36595,side,true
v6105,v6659,ser,true
v6105,v48493,par,true
v6111,v8714,ser,true
v6111,v8715,preq,true
v6113,v18,orig,true
v6113,v184,char,true
v6113,v235,char,true
v6113,v448,char,true
v6114,v5904,ser,true
v6118,v8109,seq,true
v6122,v3965,char,true
v6123,v15193,alt,true
v6125,v39802,char,true
v6132,v2096,ser,true
v6137,v4678,seq,true
v6152,v184,orig,true
v6152,v235,orig,true
v6156,v9648,char,true
v6158,v2290,seq,true
v6162,v1848,seq,false
v6162,v6164,preq,true
v6163,v6164,seq,true
v6163,v46308,set,false
v6163,v49833,ser,true
v6164,v6162,seq,true
v6164,v6163,preq,true
v6167,v4676,ser,true
v6167,v4677,ser,true
v6168,v4676,ser,true
v6172,v8809,ser,true
v6173,v398,alt,true
v6173,v12481,seq,true
v6184,v33,par,false
v6191,v2042,char,true
v6191,v4102,char,true
v6191,v5716,preq,true
v6191,v6193,seq,true
v6191,v15682,side,true
v6191,v15748,fan,true
v6192,v5716,par,true
v6193,v6191,preq,true
v6194,v11908,seq,true
v6199,v24635,ser,true
v6199,v32241,ser,true
v6202,v15494,char,true
v6204,v3139,orig,true
v6204,v3246,char,true
v6206,v6208,side,true
v6208,v6206,par,true
v6213,v6961,preq,true
v6216,v4263,ser,true
v6216,v15494,char,true
v6222,v1267,orig,true
v6223,v6051,seq,true
v6225,v43764,set,true
v6239,v368,char,true
v6239,v732,char,true
v6239,v27491,seq,true
v6240,v6241,alt,true
v6241,v6240,alt,true
v6245,v1143,preq,true
v6245,v20598,fan,true
v6245,v20599,fan,true
v6245,v20600,fan,true
v6245,v20601,fan,true
v6245,v20602,fan,true
v6245,v20604,fan,true
v6247,v3856,orig,true
v6248,v4192,seq,true
v6248,v7025,ser,true
v6249,v4960,ser,true
v6249,v7443,char,true
v6250,v7616,side,true
v6253,v9656,seq,true
v6255,v16470,seq,true
v6257,v6258,char,true
v6258,v6257,char,true
v6261,v4180,fan,true
v6261,v11252,alt,false
v6261,v15655,seq,true
v6261,v26378,fan,true
v6263,v10880,char,false
v6264,v24,alt,false
v6271,v6273,ser,true
v6271,v6276,alt,true
v6272,v6273,ser,true
v6272,v6274,alt,true
v6273,v6271,ser,true
v6273,v6272,ser,true
v6273,v6275,alt,true
v6274,v6272,alt,true
v6274,v6275,ser,true
v6275,v6273,alt,true
v6275,v6274,ser,true
v6275,v6276,ser,true
v6276,v6271,alt,true
v6276,v6275,ser,true
v6277,v17366,seq,true
v6284,v6285,seq,true
v6284,v6288,ser,true
v6284,v11510,fan,true
v6284,v30713,alt,true
v6284,v44029,ser,true
v6285,v6284,preq,true
v6285,v6286,seq,true
v6285,v11510,fan,true
v6286,v6285,preq,true
v6286,v11510,fan,true
v6288,v6284,ser,true
v6289,v1975,alt,true
v6289,v14432,fan,true
v6290,v1482,seq,true
v6293,v4983,preq,false
v6293,v6654,ser,true
v6294,v6295,fan,true
v6295,v6294,orig,true
v6301,v1106,orig,true
v6301,v2449,orig,true
v6301,v4071,orig,true
v6301,v9669,orig,true
v6305,v3298,preq,true
v6307,v177,orig,true
v6307,v448,char,true
v6310,v417,char,true
v6310,v587,char,true
v6310,v835,char,true
v6310,v1027,char,true
v6310,v1842,char,true
v6310,v2390,char,true
v6310,v2437,char,true
v6310,v3616,char,true
v6310,v3698,char,true
v6310,v3883,char,true
v6311,v6312,seq,true
v6312,v6311,preq,true
v6312,v6313,seq,true
v6313,v5436,seq,true
v6313,v6312,preq,true
v6314,v966,seq,true
v6314,v5436,preq,true
v6317,v6318,alt,true
v6318,v6317,alt,true
v6319,v1091,preq,true
v6319,v6046,seq,true
v6320,v2806,char,true
v6321,v11684,seq,true
v6321,v11685,fan,true
v6321,v30683,preq,true
v6321,v33264,ser,true
v6331,v7971,char,true
v6333,v55243,char,true
v6337,v6965,set,true
v6344,v4131,par,true
v6355,v2762,preq,true
v6355,v13083,seq,true
v6355,v18688,alt,true
v6358,v7421,seq,true
v6358,v9643,char,true
v6365,v10752,preq,true
v6367,v3381,alt,true
v6367,v7488,preq,true
v6369,v6370,seq,true
v6369,v9648,char,true
v6370,v6369,preq,true
v6373,v2243,seq,true
v6373,v14466,char,true
v6373,v21146,fan,true
v6373,v34437,fan,true
v6373,v34438,fan,true
v6375,v10437,char,true
v6382,v12914,set,true
v6384,v1722,char,true
v6394,v6938,char,true
v6395,v6396,ser,true
v6396,v6395,ser,true
v6403,v3263,ser,true
v6403,v9901,fan,true
v6403,v16060,ser,true
v6404,v6405,preq,true
v6405,v6404,seq,true
v6408,v10404,seq,true
v6410,v4665,set,true
v6410,v6883,char,true
v6410,v6884,char,true
v6410,v16185,char,true
v6412,v15531,seq,true
v6413,v5641,preq,true
v6415,v19400,char,true
v6426,v2191,preq,true
v6427,v28,orig,true
v6427,v202,orig,true
v6433,v3749,ser,true
v6433,v6434,ser,true
v6433,v10620,char,true
v6434,v6433,ser,true
v6434,v10620,side,true
v6435,v5313,ser,true
v6435,v7982,ser,true
v6438,v266,preq,true
v6438,v13105,fan,true
v6438,v17743,fan,true
v6438,v21192,fan,true
v6438,v24351,seq,true
v6439,v1991,preq,true
v6447,v14149,fan,true
v6450,v12597,char,true
v6457,v6462,set,true
v6458,v487,char,true
v6458,v12033,alt,true
v6460,v6835,preq,true
v6462,v6457,set,true
v6463,v71,char,true
v6463,v514,char,false
v6463,v4750,char,true
v6463,v8144,char,true
v6466,v5351,ser,true
v6466,v9726,seq,true
v6471,v16483,char,true
v6472,v2058,preq,true
v6472,v14934,ser,true
v6473,v4940,ser,true
v6473,v9338,seq,true
v6473,v11901,ser,true
v6476,v7601,seq,true
v6478,v4560,ser,true
v6478,v5678,seq,true
v6478,v6480,ser,true
v6479,v4558,ser,true
v6479,v6480,ser,true
v6480,v6478,ser,true
v6480,v6479,ser,true
v6480,v18242,char,true
v6481,v2094,ser,true
v6481,v4560,ser,true
v6484,v6904,set,true
v6487,v23915,char,false
v6487,v31449,alt,false
v6487,v34832,seq,false
v6487,v54612,char,false
v6487,v62190,side,false
v6492,v212,par,true
v6492,v2220,par,true
v6492,v3921,par,true
v6492,v4852,par,true
v6492,v5261,ser,true
v6492,v7616,ser,true
v6493,v6494,seq,true
v6493,v6495,seq,true
v6494,v6493,preq,true
v6494,v6495,seq,true
v6494,v24326,alt,true
v6495,v6493,preq,true
v6495,v6494,preq,true
v6496,v7906,seq,true
v6496,v10336,alt,true
v6497,v10714,ser,true
v6498,v10587,set,true
v6498,v18018,seq,true
v6499,v4403,char,true
v6499,v4404,char,true
v6503,v24466,fan,true
v6508,v6509,ser,true
v6509,v6508,ser,true
v6509,v7662,ser,true
v6509,v10260,fan,true
v6514,v5105,ser,true
v6515,v9569,char,true
v6515,v10766,char,true
v6518,v26525,seq,true
v6519,v4098,seq,true
v6530,v4306,seq,false
v6530,v6531,seq,true
v6530,v10351,char,true
v6531,v6530,preq,true
v6532,v4548,ser,true
v6532,v4673,ser,true
v6532,v19213,ser,true
v6532,v21006,ser,true
v6533,v5608,char,true
v6534,v5636,preq,true
v6534,v6697,ser,true
v6535,v4067,preq,true
v6538,v1530,char,true
v6556,v3984,ser,true
v6556,v6560,ser,true
v6556,v10937,side,false
v6559,v4946,preq,true
v6560,v6556,ser,true
v6560,v10652,ser,true
v6560,v10937,side,false
v6561,v6568,preq,true
v6563,v6568,seq,true
v6567,v7170,ser,true
v6568,v6561,seq,true
v6568,v6563,preq,true
v6570,v5270,preq,true
v6570,v8583,seq,true
v6571,v20995,fan,true
v6572,v5381,preq,true
v6572,v13912,seq,true
v6573,v1007,par,true
v6573,v7337,seq,true
v6574,v6806,preq,true
v6574,v6807,seq,true
v6576,v11950,ser,true
v6577,v6578,seq,true
v6578,v6577,preq,true
v6581,v347,preq,true
v6581,v704,char,true
v6581,v1057,char,true
v6581,v2874,char,true
v6581,v2896,char,true
v6581,v3315,char,true
v6581,v4363,char,true
v6581,v5365,char,true
v6581,v7128,char,true
v6581,v7424,char,true
v6589,v9175,set,true
v6589,v21170,set,true
v6593,v2107,set,true
v6593,v21346,ser,true
v6593,v53052,set,true
v6598,v3683,orig,true
v6598,v6599,seq,true
v6599,v1081,orig,true
v6599,v6598,preq,true
v6600,v5424,ser,true
v6601,v5424,ser,true
v6601,v6602,ser,true
v6602,v6601,ser,true
v6602,v6603,ser,true
v6603,v6602,ser,true
v6603,v6604,ser,true
v6604,v6603,ser,true
v6604,v6605,ser,true
v6604,v23175,char,true
v6605,v6604,ser,true
v6607,v40348,alt,true
v6607,v40350,alt,true
v6608,v9567,seq,true
v6608,v10769,seq,true
v6614,v5027,seq,true
v6616,v568,seq,true
v6618,v2002,orig,true
v6619,v8050,seq,true
v6620,v141,char,true
v6621,v7135,par,true
v6626,v20838,seq,true
v6628,v199,orig,true
v6631,v3404,ser,true
v6634,v1698,ser,true
v6636,v6637,ser,true
v6636,v6742,ser,true
v6637,v6636,ser,true
v6637,v6741,alt,true
v6638,v2378,ser,true
v6639,v1719,preq,true
v6639,v43071,char,false
v6643,v14863,char,true
v6654,v6293,ser,true
v6654,v13466,ser,true
v6659,v6105,ser,true
v6659,v6660,ser,true
v6660,v584,set,false
v6660,v6659,ser,true
v6660,v6661,ser,true
v6661,v6660,ser,true
v6665,v3774,preq,true
v6665,v7956,ser,true
v6666,v7956,ser,true
v6666,v25550,ser,true
v6668,v1155,ser,true
v6668,v11316,fan,true
v6668,v14325,ser,true
v6670,v4380,preq,true
v6671,v3306,char,true
v6674,v6675,preq,true
v6674,v6676,seq,true
v6675,v6674,seq,true
v6676,v6674,preq,true
v6678,v3992,orig,true
v6678,v14889,char,true
v6680,v4371,ser,true
v6682,v10288,set,true
v6682,v14005,set,true
v6684,v18640,alt,true
v6690,v5720,preq,true
v6690,v10183,char,true
v6692,v6772,seq,true
v6693,v4498,char,true
v6696,v15475,alt,true
v6696,v15476,seq,true
v6697,v6534,ser,true
v6697,v11670,ser,true
v6698,v6699,seq,true
v6699,v6698,preq,true
v6700,v4189,char,true
v6710,v8900,fan,true
v6710,v12559,set,true
v6713,v3307,preq,true
v6714,v11300,set,true
v6717,v2202,char,true
v6717,v9676,fan,true
v6720,v5051,preq,true
v6721,v6722,fan,true
v6722,v6721,orig,true
v6724,v6759,alt,true
v6727,v4403,char,true
v6729,v5277,preq,true
v6729,v26355,char,true
v6733,v5938,preq,true
v6736,v4403,char,true
v6741,v6637,alt,true
v6741,v10207,ser,true
v6742,v6636,ser,true
v6744,v6745,seq,true
v6744,v6746,ser,true
v6745,v6744,preq,true
v6746,v6744,ser,true
v6748,v13682,fan,true
v6748,v20079,seq,true
v6751,v12172,set,true
v6755,v8012,ser,true
v6756,v3784,preq,true
v6759,v6724,alt,true
v6763,v3071,preq,true
v6763,v11237,seq,true
v6764,v4906,orig,true
v6766,v11766,char,true
v6770,v11459,char,false
v6770,v53211,char,false
v6772,v6692,preq,true
v6772,v6773,side,true
v6773,v6772,par,true
v6775,v6776,seq,true
v6776,v6775,preq,true
v6776,v14493,seq,true
v6780,v1203,orig,true
v6787,v6788,ser,true
v6788,v6787,ser,true
v6793,v26628,fan,true
v6793,v59045,char,true
v6794,v27931,side,true
v6796,v2913,preq,true
v6796,v7727,seq,true
v6801,v6802,seq,true
v6802,v6801,preq,true
v6804,v5730,preq,true
v6804,v6805,seq,true
v6805,v6804,preq,true
v6806,v6574,seq,true
v6807,v6574,preq,true
v6810,v6812,seq,true
v6812,v6810,preq,true
v6812,v6814,char,true
v6812,v6816,seq,true
v6813,v6815,seq,true
v6814,v6812,char,true
v6815,v6813,preq,true
v6816,v6812,preq,true
v6818,v2240,side,true
v6818,v15049,char,true
v6818,v17091,char,true
v6824,v3886,ser,true
v6830,v4925,ser,true
v6834,v6838,seq,true
v6835,v6460,seq,true
v6838,v6834,preq,true
v6838,v7767,seq,true
v6848,v12196,alt,true
v6849,v3908,char,true
v6849,v4111,ser,true
v6849,v9680,ser,true
v6849,v12475,set,true
v6851,v6856,seq,true
v6851,v22443,alt,true
v6856,v6851,preq,true
v6862,v6889,alt,true
v6868,v13521,alt,true
v6869,v21928,alt,true
v6871,v19505,alt,true
v6872,v6938,char,true
v6875,v6888,alt,true
v6875,v21928,char,true
v6882,v5109,set,true
v6883,v137,char,true
v6883,v6410,char,true
v6883,v6884,char,true
v6883,v10388,char,true
v6884,v149,char,true
v6884,v3913,char,true
v6884,v5115,side,true
v6884,v6410,char,true
v6884,v6883,char,true
v6884,v6885,char,true
v6884,v9650,char,true
v6884,v10388,char,true
v6884,v16185,char,true
v6885,v6884,char,true
v6885,v10388,char,true
v6887,v6888,ser,true
v6887,v6892,ser,true
v6887,v6899,ser,true
v6888,v3146,alt,true
v6888,v6875,alt,true
v6888,v6887,ser,true
v6889,v6862,alt,true
v6889,v6895,alt,true
v6889,v6934,ser,true
v6889,v13522,char,true
v6890,v6931,alt,true
v6890,v16827,char,true
v6890,v22323,alt,true
v6890,v22350,ser,true
v6890,v41188,char,true
v6891,v10176,ser,true
v6891,v41188,char,true
v6892,v6887,ser,true
v6895,v6889,alt,true
v6896,v6935,ser,true
v6896,v10176,alt,true
v6896,v13521,ser,true
v6897,v6931,ser,true
v6898,v6899,seq,true
v6899,v6887,ser,true
v6899,v6898,preq,true
v6900,v3457,preq,true
v6903,v4382,char,true
v6904,v6484,set,true
v6906,v4093,seq,true
v6912,v1469,char,true
v6913,v93,char,true
v6913,v94,char,true
v6913,v1362,char,true
v6915,v9435,seq,true
v6916,v889,preq,true
v6919,v890,char,false
v6929,v6930,fan,true
v6930,v6929,orig,true
v6931,v6890,alt,true
v6931,v6897,ser,true
v6931,v41188,char,true
v6934,v6889,ser,true
v6935,v6896,ser,true
v6936,v3146,ser,true
v6936,v6938,ser,true
v6938,v6394,char,true
v6938,v6872,char,true
v6938,v6936,ser,true
v6938,v22323,char,true
v6938,v41188,char,true
v6939,v4919,alt,true
v6943,v4121,ser,true
v6949,v10358,ser,true
v6956,v18855,ser,true
v6956,v19001,seq,true
v6959,v1279,orig,true
v6960,v6961,seq,true
v6961,v6213,seq,true
v6961,v6960,preq,true
v6962,v6963,ser,true
v6962,v56072,alt,true
v6963,v6962,ser,true
v6964,v6966,seq,true
v6964,v34437,fan,true
v6964,v34438,fan,true
v6965,v6337,set,true
v6966,v6964,preq,true
v6967,v8945,set,true
v6967,v10875,set,true
v6973,v1075,orig,true
v6974,v8091,fan,true
v6979,v4379,ser,true
v6980,v490,char,true
v6980,v4291,fan,true
v6985,v334,char,true
v6985,v487,preq,true
v6985,v1798,char,true
v6985,v2045,alt,true
v6985,v13802,seq,true
v6985,v24002,char,true
v6990,v1630,char,true
v6990,v1631,char,true
v6990,v1632,char,true
v6990,v1679,char,true
v6994,v16762,ser,true
v6994,v16763,ser,true
v7000,v1977,ser,true
v7000,v16168,seq,true
v7001,v9647,ser,true
v7001,v16778,seq,true
v7009,v10648,fan,true
v7009,v12030,char,true
v7009,v13229,fan,true
v7011,v8176,seq,true
v7014,v7679,seq,true
v7014,v14279,alt,false
v7014,v19219,char,false
v7014,v19240,char,false
v7014,v20270,side,true
v7014,v21002,ser,false
v7014,v25770,ser,false
v7014,v27607,ser,false
v7014,v31661,preq,false
v7014,v31709,ser,false
v7014,v38940,ser,false
v7014,v38983,set,false
v7014,v40631,ser,false
v7014,v41817,ser,false
v7014,v42082,ser,false
v7014,v42171,set,false
v7014,v42268,ser,false
v7014,v42419,seq,false
v7014,v42455,ser,false
v7014,v43055,ser,false
v7014,v43075,set,false
v7014,v43105,ser,false
v7014,v44379,ser,false
v7014,v45170,set,false
v7014,v50345,set,false
v7014,v51296,char,false
v7014,v51758,set,false
v7014,v52861,char,false
v7014,v53164,ser,false
v7014,v55012,set,false
v7014,v55803,ser,false
v7014,v55819,set,false
v7014,v58676,char,false
v7014,v59198,char,false
v7014,v60033,ser,false
v7014,v60565,ser,false
v7014,v60909,alt,false
v7014,v61062,ser,false
v7014,v61064,ser,false
v7014,v61066,set,false
v7014,v61068,ser,false
v7014,v61406,set,false
v7015,v7311,seq,true
v7018,v12312,ser,true
v7019,v7059,alt,false
v7019,v7426,alt,false
v7019,v13647,char,false
v7019,v13709,char,false
v7019,v15383,char,false
v7019,v28661,char,false
v7024,v5292,preq,true
v7024,v7593,seq,true
v7025,v6248,ser,true
v7025,v8186,seq,true
v7026,v8519,char,true
v7028,v2396,orig,true
v7029,v200,orig,true
v7030,v3999,orig,true
v7032,v37006,ser,true
v7033,v37006,ser,true
v7037,v11933,set,true
v7041,v25379,seq,true
v7044,v3069,ser,true
v7046,v7047,alt,true
v7047,v7046,alt,true
v7048,v2042,char,true
v7048,v2356,fan,true
v7049,v7050,preq,true
v7050,v4937,char,true
v7050,v7049,seq,true
v7052,v92,set,true
v7052,v47936,preq,true
v7054,v1197,seq,true
v7054,v4572,char,true
v7059,v7019,alt,false
v7060,v1616,orig,true
v7060,v1917,orig,true
v7060,v2735,orig,true
v7060,v5360,orig,true
v7062,v7063,alt,true
v7063,v7062,alt,true
v7064,v1185,orig,true
v7065,v5412,preq,true
v7065,v9754,seq,true
v7078,v10077,ser,true
v7079,v3988,preq,true
v7079,v7796,ser,true
v7080,v7888,alt,true
v7083,v2865,ser,true
v7083,v8474,side,true
v7083,v12220,ser,true
v7084,v372,char,true
v7084,v451,char,true
v7084,v627,char,true
v7084,v628,char,true
v7084,v1475,char,true
v7086,v7087,preq,true
v7087,v7086,seq,true
v7088,v8205,side,true
v7091,v823,ser,true
v7091,v4032,ser,true
v7092,v7655,ser,true
v7093,v16556,side,true
v7093,v16557,alt,true
v7093,v16558,side,true
v7093,v16559,side,true
v7095,v10624,char,false
v7096,v18282,seq,true
v7097,v7098,preq,true
v7098,v7097,seq,true
v7101,v3928,alt,true
v7108,v9059,ser,true
v7111,v4817,ser,true
v7113,v7114,seq,true
v7114,v7113,preq,true
v7121,v7122,seq,true
v7121,v7129,ser,true
v7122,v7121,preq,true
v7122,v10300,ser,true
v7128,v3048,char,true
v7128,v6581,char,true
v7129,v7121,ser,true
v7129,v10300,ser,true
v7135,v4396,seq,true
v7135,v6621,side,true
v7137,v4849,ser,true
v7139,v7148,seq,true
v7142,v2724,preq,true
v7143,v2198,ser,true
v7146,v9022,ser,true
v7148,v7139,preq,true
v7162,v3115,char,true
v7162,v7998,char,true
v7162,v12216,preq,true
v7163,v14457,ser,true
v7170,v6567,ser,true
v7175,v10254,preq,true
v7177,v4993,ser,true
v7177,v8473,ser,true
v7179,v24682,seq,true
v7198,v40063,char,true
v7202,v14778,char,true
v7203,v7204,ser,true
v7203,v7675,ser,true
v7203,v11312,fan,true
v7203,v11313,fan,true
v7203,v11314,fan,true
v7203,v16411,fan,true
v7204,v7203,ser,true
v7204,v7675,ser,true
v7204,v11312,fan,true
v7204,v11313,fan,true
v7204,v11314,fan,true
v7204,v16411,fan,true
v7208,v12966,char,true
v7208,v13044,char,false
v7208,v13254,char,false
v7208,v13255,seq,true
v7208,v13284,char,false
v7208,v13805,set,false
v7210,v7211,fan,true
v7211,v7210,orig,true
v7213,v2052,ser,true
v7225,v2583,ser,true
v7225,v9767,ser,true
v7226,v1502,char,false
v7226,v5434,char,false
v7226,v9152,set,false
v7226,v9185,char,false
v7228,v99,preq,true
v7233,v7234,seq,true
v7234,v2200,seq,true
v7234,v7233,preq,true
v7235,v7236,preq,true
v7236,v7235,seq,true
v7240,v10103,side,true
v7240,v16106,char,true
v7242,v4774,ser,true
v7242,v7480,ser,true
v7243,v1484,ser,true
v7247,v1495,side,true
v7247,v10550,ser,true
v7249,v32664,alt,true
v7250,v11045,char,true
v7250,v21971,seq,true
v7251,v10888,seq,true
v7251,v23351,side,true
v7258,v4781,ser,true
v7258,v10941,ser,true
v7260,v12599,set,true
v7269,v9817,seq,true
v7270,v2216,seq,true
v7276,v10029,preq,true
v7284,v1023,orig,true
v7284,v1506,orig,true
v7284,v1510,orig,true
v7289,v11601,seq,true
v7301,v16610,ser,true
v7302,v4851,ser,true
v7311,v7015,preq,true
v7312,v4315,preq,true
v7313,v4409,preq,true
v7317,v7321,char,true
v7318,v7320,set,true
v7318,v7321,char,true
v7318,v7322,ser,true
v7320,v7318,set,true
v7320,v7321,char,true
v7321,v7317,char,true
v7321,v7318,char,true
v7321,v7320,char,true
v7321,v18652,alt,true
v7322,v7318,ser,true
v7327,v5431,orig,true
v7331,v12350,seq,true
v7331,v22501,seq,true
v7332,v3272,orig,true
v7334,v8768,ser,true
v7337,v6573,preq,true
v7337,v13682,fan,true
v7337,v48121,seq,true
v7339,v1081,char,true
v7339,v1169,char,true
v7339,v3683,alt,true
v7339,v4854,char,true
v7340,v10655,ser,true
v7341,v11635,ser,true
v7341,v16094,fan,true
v7358,v274,seq,true
v7360,v487,char,true
v7360,v1111,char,true
v7360,v1414,char,true
v7360,v2045,char,true
v7360,v7361,preq,true
v7360,v32939,char,true
v7361,v1111,char,true
v7361,v1414,char,true
v7361,v2045,char,true
v7361,v7360,seq,true
v7361,v20802,char,true
v7363,v9641,seq,true
v7364,v4088,ser,true
v7366,v3239,orig,true
v7368,v7374,seq,true
v7368,v7375,preq,true
v7374,v7368,preq,true
v7375,v7368,seq,true
v7376,v28404,ser,true
v7377,v1199,par,true
v7390,v8150,alt,true
v7392,v1722,par,true
v7392,v15308,ser,true
v7395,v7397,fan,true
v7395,v29004,alt,false
v7396,v29016,char,false
v7397,v7395,orig,true
v7398,v1091,orig,true
v7404,v664,orig,true
v7404,v4886,ser,true
v7410,v362,par,false
v7414,v1022,orig,true
v7414,v1411,orig,true
v7414,v1477,orig,true
v7415,v1134,orig,true
v7415,v1722,orig,true
v7416,v200,orig,true
v7419,v5514,orig,true
v7421,v6358,preq,true
v7422,v704,preq,true
v7422,v9257,side,true
v7422,v14059,seq,true
v7423,v1359,set,false
v7424,v5365,preq,true
v7424,v6581,char,true
v7426,v7019,alt,false
v7426,v15383,char,false
v7428,v3569,ser,true
v7432,v3204,preq,true
v7434,v641,orig,true
v7438,v7439,ser,true
v7439,v4026,ser,true
v7439,v7438,ser,true
v7443,v6249,char,true
v7443,v9348,seq,true
v7454,v11477,seq,true
v7457,v4374,char,true
v7461,v5674,alt,true
v7461,v12923,ser,true
v7467,v7468,preq,true
v7468,v7467,seq,true
v7468,v17646,set,true
v7476,v242,orig,true
v7478,v890,ser,true
v7480,v7242,ser,true
v7485,v7486,ser,true
v7485,v7763,ser,true
v7486,v3501,ser,true
v7486,v7485,ser,true
v7488,v2267,preq,true
v7488,v4905,ser,true
v7488,v6367,seq,true
v7488,v7489,ser,true
v7489,v4789,preq,true
v7489,v7488,ser,true
v7490,v7493,preq,true
v7491,v10121,preq,true
v7492,v8326,ser,true
v7493,v7490,seq,true
v7493,v8326,ser,true
v7493,v10122,seq,true
v7494,v996,set,true
v7498,v22257,side,false
v7499,v24966,ser,true
v7506,v12020,char,true
v7507,v12447,set,true
v7511,v7520,seq,true
v7512,v7513,seq,true
v7512,v11779,char,false
v7513,v7512,preq,true
v7513,v7514,seq,true
v7514,v7513,preq,true
v7514,v7517,seq,true
v7515,v7518,seq,true
v7515,v11779,char,false
v7516,v32522,char,false
v7517,v7514,preq,true
v7518,v7515,preq,true
v7519,v7521,set,true
v7519,v15407,set,true
v7520,v7511,preq,true
v7520,v7522,seq,true
v7521,v7519,set,true
v7522,v7520,preq,true
v7524,v10669,ser,true
v7529,v13553,set,true
v7529,v21258,seq,true
v7532,v219,ser,true
v7533,v238,orig,true
v7535,v8983,alt,true
v7539,v1344,set,true
v7540,v2023,orig,true
v7541,v6018,preq,true
v7541,v7543,seq,true
v7542,v1959,char,true
v7542,v7544,orig,true
v7543,v7541,preq,true
v7543,v7544,seq,true
v7544,v7542,fan,true
v7544,v7543,preq,true
v7546,v2510,par,true
v7553,v2024,orig,true
v7555,v11,char,false
v7556,v23774,ser,true
v7557,v18212,set,true
v7560,v1366,orig,true
v7560,v1604,orig,true
v7560,v1605,orig,true
v7560,v2049,orig,true
v7560,v3234,orig,true
v7560,v4622,orig,true
v7562,v7563,alt,true
v7563,v7562,alt,true
v7567,v8786,seq,true
v7572,v15081,ser,true
v7573,v507,alt,true
v7573,v768,alt,true
v7573,v769,alt,true
v7576,v8832,seq,true
v7576,v47986,side,false
v7578,v190,ser,true
v7579,v6035,set,true
v7579,v11473,char,true
v7581,v1409,alt,true
v7581,v14432,fan,true
v7581,v14466,char,true
v7583,v3200,orig,true
v7583,v8664,char,true
v7589,v6100,ser,true
v7590,v4965,set,true
v7590,v6100,ser,true
v7593,v7024,preq,true
v7593,v14779,seq,true
v7594,v4406,preq,true
v7594,v9857,seq,true
v7595,v1617,set,true
v7595,v4021,alt,true
v7595,v14019,seq,true
v7597,v10264,char,true
v7597,v11482,seq,true
v7601,v6476,preq,true
v7602,v7,char,true
v7602,v11,set,true
v7602,v777,char,true
v7602,v12369,alt,true
v7602,v28840,char,false
v7603,v13765,seq,true
v7607,v1722,orig,true
v7608,v4234,char,true
v7608,v13334,ser,true
v7609,v8262,char,true
v7613,v4994,set,true
v7614,v13067,char,true
v7615,v12857,ser,true
v7616,v1851,par,true
v7616,v4578,par,true
v7616,v6250,par,true
v7616,v6492,ser,true
v7616,v10103,ser,true
v7623,v444,char,true
v7625,v5549,orig,true
v7626,v5577,ser,true
v7627,v9975,seq,true
v7628,v12640,seq,true
v7631,v11475,preq,true
v7633,v10834,fan,true
v7634,v9915,fan,true
v7634,v21784,set,true
v7635,v16305,seq,true
v7636,v1896,set,true
v7636,v13631,set,true
v7640,v2484,ser,true
v7645,v10098,fan,true
v7646,v2744,orig,true
v7655,v7092,ser,true
v7656,v7657,char,true
v7657,v7656,char,true
v7659,v394,orig,true
v7659,v1052,orig,true
v7659,v3938,orig,true
v7660,v5445,ser,true
v7660,v9409,ser,true
v7662,v6509,ser,true
v7662,v11882,fan,true
v7662,v14327,ser,true
v7667,v494,orig,true
v7667,v5096,orig,true
v7668,v602,orig,true
v7669,v226,alt,true
v7669,v2608,char,true
v7669,v7671,fan,true
v7671,v7669,orig,true
v7672,v11157,seq,true
v7672,v12260,alt,true
v7674,v14015,seq,true
v7675,v7203,ser,true
v7675,v7204,ser,true
v7675,v11312,fan,true
v7675,v11313,fan,true
v7675,v11314,fan,true
v7675,v16411,fan,true
v7679,v7014,preq,true
v7679,v17705,side,false
v7679,v18334,ser,true
v7679,v21002,char,false
v7679,v22415,side,false
v7679,v42659,char,false
v7679,v44084,char,false
v7679,v51296,char,false
v7679,v52861,char,false
v7679,v58676,char,false
v7679,v59197,char,false
v7679,v59198,char,false
v7679,v59267,alt,true
v7679,v61697,alt,false
v7679,v61996,char,false
v7683,v11278,seq,true
v7686,v3139,orig,true
v7689,v9642,fan,true
v7693,v7694,ser,true
v7694,v7693,ser,true
v7694,v7695,ser,true
v7695,v7694,ser,true
v7697,v9841,seq,true
v7706,v5764,ser,true
v7706,v11715,ser,true
v7707,v10076,seq,true
v7708,v449,set,true
v7709,v11378,char,true
v7711,v5653,preq,true
v7711,v11061,seq,true
v7713,v13127,seq,true
v7714,v8044,alt,true
v7719,v238,ser,true
v7721,v3,preq,true
v7721,v20,char,true
v7721,v18717,seq,true
v7721,v26075,fan,true
v7721,v33944,char,true
v7721,v40027,fan,true
v7723,v5154,preq,true
v7723,v7724,seq,true
v7723,v18831,side,true
v7723,v19072,side,true
v7724,v7723,preq,true
v7724,v14973,char,true
v7724,v20194,ser,true
v7724,v32101,ser,true
v7725,v11260,char,false
v7725,v11261,char,false
v7725,v11866,char,false
v7725,v23858,ser,true
v7725,v51414,ser,true
v7725,v53444,char,false
v7727,v6796,preq,true
v7733,v7734,seq,true
v7733,v15270,set,true
v7734,v7733,preq,true
v7734,v15270,set,true
v7735,v11909,fan,true
v7736,v8595,preq,true
v7742,v12026,ser,true
v7743,v7909,preq,true
v7747,v731,ser,true
v7747,v16106,char,true
v7747,v16190,seq,true
v7747,v29580,char,false
v7751,v73,alt,true
v7751,v1197,char,true
v7751,v19350,side,true
v7752,v3034,orig,true
v7752,v5942,orig,true
v7752,v11086,alt,true
v7759,v12286,set,true
v7760,v1564,orig,true
v7763,v7485,ser,true
v7765,v37555,seq,true
v7766,v4028,char,true
v7767,v6838,preq,true
v7769,v850,char,true
v7771,v236,ser,true
v7771,v16493,fan,true
v7771,v37529,alt,false
v7772,v10609,fan,true
v7772,v11857,char,true
v7773,v3271,preq,true
v7773,v14069,seq,true
v7774,v5734,orig,true
v7783,v10472,seq,true
v7786,v15143,set,true
v7786,v18790,set,true
v7790,v7791,seq,true
v7791,v7790,preq,true
v7793,v18503,char,true
v7794,v1545,ser,true
v7794,v10980,fan,true
v7794,v12856,ser,true
v7795,v9672,preq,true
v7795,v12017,seq,true
v7796,v7079,ser,true
v7796,v10079,side,true
v7796,v21133,ser,true
v7798,v4968,preq,true
v7801,v3056,preq,true
v7801,v8289,seq,true
v7803,v8591,fan,true
v7803,v11186,fan,true
v7803,v13804,seq,true
v7803,v21724,char,true
v7804,v3230,char,true
v7804,v3851,preq,true
v7804,v11123,char,true
v7804,v52145,ser,true
v7806,v10037,set,true
v7806,v11778,seq,true
v7807,v3531,orig,true
v7809,v3112,preq,true
v7809,v50456,char,false
v7810,v3098,par,true
v7814,v2660,char,true
v7815,v4540,orig,true
v7818,v14852,seq,true
v7818,v18245,ser,true
v7825,v7834,preq,true
v7826,v8377,seq,true
v7826,v34437,fan,true
v7826,v34438,fan,true
v7827,v7828,seq,true
v7827,v7829,set,true
v7828,v7827,preq,true
v7828,v7829,set,true
v7829,v7827,set,true
v7829,v7828,set,true
v7833,v21095,side,true
v7834,v7825,seq,true
v7835,v732,char,true
v7835,v53105,char,false
v7836,v10570,fan,true
v7836,v53921,char,false
v7837,v13594,seq,true
v7839,v3619,par,true
v7849,v2632,preq,true
v7849,v10231,seq,true
v7853,v5657,preq,true
v7853,v11849,seq,true
v7853,v28127,char,false
v7861,v5392,ser,true
v7864,v9007,preq,true
v7873,v2674,ser,true
v7873,v9855,fan,true
v7879,v10013,char,true
v7879,v11975,char,true
v7880,v60525,alt,true
v7881,v10984,fan,true
v7888,v7080,alt,true
v7889,v3115,ser,true
v7889,v5498,ser,true
v7896,v13354,set,false
v7896,v19429,set,false
v7896,v20556,set,false
v7896,v21152,set,false
v7896,v22169,set,false
v7896,v26725,set,false
v7896,v27148,set,false
v7896,v28973,set,false
v7897,v2229,par,true
v7897,v7900,alt,true
v7900,v2229,par,true
v7900,v7897,alt,true
v7904,v7905,seq,true
v7904,v7906,preq,true
v7904,v10336,alt,true
v7905,v7904,preq,true
v7905,v10336,alt,true
v7906,v6496,preq,true
v7906,v7904,seq,true
v7906,v10336,alt,true
v7909,v4302,preq,true
v7909,v7743,seq,true
v7912,v11309,set,true
v7914,v8636,ser,true
v7915,v1439,ser,true
v7920,v7940,seq,true
v7921,v8615,ser,true
v7922,v7925,ser,true
v7922,v7929,ser,true
v7923,v7924,ser,true
v7924,v7923,ser,true
v7924,v7925,ser,true
v7925,v7922,ser,true
v7925,v7924,ser,true
v7927,v7934,seq,true
v7928,v7930,seq,true
v7929,v7922,ser,true
v7930,v7928,preq,true
v7930,v7933,seq,true
v7933,v7930,preq,true
v7934,v7927,preq,true
v7935,v7936,ser,true
v7935,v12406,ser,true
v7936,v7935,ser,true
v7936,v12406,ser,true
v7937,v546,ser,true
v7939,v4504,preq,true
v7940,v7920,preq,true
v7940,v37481,seq,true
v7943,v414,orig,true
v7943,v2368,orig,true
v7944,v11437,ser,true
v7945,v7948,ser,true
v7947,v7949,ser,true
v7948,v7945,ser,true
v7949,v7947,ser,true
v7953,v3764,ser,true
v7955,v607,set,true
v7956,v6665,ser,true
v7956,v6666,ser,true
v7957,v15173,ser,true
v7957,v19034,ser,true
v7957,v22318,ser,true
v7959,v143,seq,true
v7967,v10641,ser,true
v7968,v9648,char,true
v7970,v10445,ser,true
v7971,v6331,char,true
v7981,v256,orig,true
v7981,v1881,orig,true
v7982,v6435,ser,true
v7982,v9673,ser,true
v7983,v4,seq,false
v7986,v9373,ser,true
v7987,v11387,preq,false
v7998,v7162,char,true
v7998,v10645,seq,true
v8006,v523,preq,true
v8012,v6755,ser,true
v8012,v10078,ser,true
v8016,v5884,set,true
v8017,v5220,set,true
v8020,v751,orig,true
v8023,v25938,set,true
v8028,v11120,preq,true
v8028,v11121,ser,true
v8030,v4597,orig,true
v8030,v11636,char,true
v8034,v13926,preq,true
v8034,v13927,preq,true
v8035,v1022,orig,true
v8036,v9752,seq,true
v8037,v10538,fan,true
v8038,v11071,ser,true
v8041,v25287,seq,true
v8043,v10105,side,true
v8043,v11879,side,true
v8044,v7714,alt,true
v8045,v18793,seq,true
v8050,v6619,preq,true
v8051,v15648,char,true
v8054,v10103,side,true
v8055,v5429,alt,true
v8067,v5401,alt,true
v8071,v8187,ser,true
v8072,v9650,char,true
v8072,v16174,fan,true
v8073,v10207,ser,true
v8074,v3660,orig,true
v8074,v10537,alt,true
v8076,v5796,preq,true
v8076,v12556,seq,true
v8078,v8081,ser,true
v8079,v4881,preq,true
v8079,v4978,ser,true
v8080,v4978,ser,true
v8080,v8081,ser,true
v8081,v8078,ser,true
v8081,v8080,ser,true
v8089,v14611,seq,true
v8091,v6974,orig,true
v8093,v1230,orig,true
v8093,v3113,orig,true
v8094,v5782,orig,true
v8095,v12775,alt,true
v8097,v2821,seq,true
v8102,v8103,seq,true
v8102,v8104,set,true
v8102,v8105,seq,true
v8102,v8110,char,true
v8102,v30648,alt,true
v8103,v8102,preq,true
v8104,v8102,set,true
v8105,v8102,preq,true
v8109,v6118,preq,true
v8110,v8102,char,true
v8114,v8115,ser,true
v8115,v5636,ser,true
v8115,v8114,ser,true
v8127,v2695,orig,true
v8141,v1439,side,true
v8141,v8369,ser,true
v8143,v8369,ser,true
v8143,v8639,ser,true
v8144,v6463,char,true
v8146,v5145,ser,true
v8148,v26483,ser,true
v8150,v7390,alt,true
v8155,v2811,char,true
v8158,v87,set,true
v8158,v12480,fan,true
v8158,v12600,set,true
v8161,v13878,ser,true
v8171,v4909,preq,true
v8172,v4238,fan,true
v8172,v4832,char,true
v8172,v6029,seq,true
v8172,v6036,preq,true
v8172,v8173,ser,true
v8172,v29959,fan,true
v8173,v4238,fan,true
v8173,v4275,ser,true
v8173,v4832,char,true
v8173,v6029,seq,true
v8173,v6036,preq,true
v8173,v8172,ser,true
v8173,v29959,fan,true
v8175,v193,char,true
v8175,v664,char,true
v8175,v818,char,true
v8175,v840,char,true
v8175,v1179,char,true
v8175,v1392,char,true
v8175,v2199,char,true
v8175,v2544,char,true
v8175,v3543,char,true
v8175,v4886,char,true
v8176,v7011,preq,true
v8176,v12132,seq,true
v8182,v18972,seq,true
v8186,v7025,preq,true
v8187,v8071,ser,true
v8188,v4651,set,true
v8190,v12491,ser,true
v8191,v1104,orig,true
v8191,v1603,orig,true
v8192,v3947,preq,true
v8192,v12186,seq,true
v8199,v8200,seq,true
v8199,v8201,ser,true
v8200,v8199,preq,true
v8201,v8199,ser,true
v8202,v1646,char,true
v8202,v5690,orig,true
v8203,v10272,side,true
v8203,v12125,seq,true
v8203,v18891,side,true
v8203,v21701,ser,true
v8204,v34396,seq,true
v8205,v7088,par,true
v8209,v12966,char,false
v8209,v13044,char,false
v8209,v13257,seq,true
v8209,v13805,char,false
v8210,v8211,seq,true
v8210,v12162,set,true
v8211,v8210,preq,true
v8216,v4140,set,true
v8222,v8223,seq,true
v8222,v23079,char,true
v8223,v8222,preq,true
v8225,v8226,ser,true
v8225,v8614,char,true
v8226,v8225,ser,true
v8226,v8604,ser,true
v8227,v8256,seq,true
v8231,v4259,orig,true
v8236,v8246,seq,true
v8245,v387,char,false
v8246,v8236,preq,true
v8252,v12963,seq,true
v8253,v8780,preq,true
v8254,v8256,preq,true
v8256,v8227,preq,true
v8256,v8254,seq,true
v8262,v7609,char,true
v8267,v8278,ser,true
v8278,v8267,ser,true
v8280,v12914,set,true
v8282,v10233,ser,true
v8282,v14550,ser,true
v8283,v5357,ser,true
v8288,v3056,seq,true
v8289,v7801,preq,true
v8290,v8300,seq,true
v8291,v8292,seq,true
v8292,v8291,preq,true
v8292,v8293,seq,true
v8293,v8292,preq,true
v8295,v1439,ser,true
v8298,v8356,seq,true
v8300,v8290,preq,true
v8300,v8486,seq,true
v8301,v5583,set,true
v8301,v11711,set,true
v8302,v3687,par,false
v8309,v2968,orig,true
v8313,v8314,seq,true
v8314,v8313,preq,true
v8316,v8321,alt,true
v8317,v8318,alt,true
v8318,v8317,alt,true
v8321,v8316,alt,true
v8322,v1541,ser,true
v8324,v4,char,false
v8324,v387,char,false
v8325,v978,seq,true
v8325,v8326,ser,true
v8326,v4567,seq,true
v8326,v7492,ser,true
v8326,v7493,ser,true
v8326,v8325,ser,true
v8326,v8327,ser,true
v8327,v8326,ser,true
v8328,v5801,preq,true
v8330,v9134,preq,true
v8335,v24738,fan,true
v8335,v41605,fan,true
v8338,v8711,ser,true
v8338,v8712,ser,true
v8354,v5825,ser,true
v8356,v8298,preq,true
v8356,v8596,seq,true
v8360,v8361,seq,true
v8361,v8360,preq,true
v8369,v8141,ser,true
v8369,v8143,ser,true
v8377,v7826,preq,true
v8377,v34437,fan,true
v8377,v34438,fan,true
v8380,v8383,ser,true
v8382,v5072,char,true
v8382,v5961,char,true
v8383,v8380,ser,true
v8406,v988,preq,true
v8407,v935,seq,true
v8408,v10255,ser,true
v8408,v11239,fan,true
v8410,v8411,preq,true
v8411,v8410,seq,true
v8411,v8412,preq,true
v8412,v8411,seq,true
v8412,v16386,preq,true
v8413,v8414,seq,true
v8414,v8413,preq,true
v8414,v8415,seq,true
v8415,v8414,preq,true
v8415,v9392,seq,true
v8429,v5113,preq,true
v8429,v8430,seq,true
v8429,v14682,ser,true
v8430,v8429,preq,true
v8430,v14682,ser,true
v8430,v18923,seq,true
v8434,v3413,preq,true
v8434,v10700,seq,true
v8435,v12392,alt,true
v8438,v22013,set,true
v8439,v641,ser,true
v8440,v4719,orig,true
v8455,v10106,char,true
v8455,v16314,seq,true
v8456,v11575,set,true
v8456,v32157,alt,true
v8461,v885,char,false
v8461,v886,char,false
v8461,v4156,char,false
v8461,v4853,char,false
v8462,v9923,char,false
v8462,v10126,char,false
v8462,v10376,char,false
v8462,v10684,char,false
v8462,v10796,side,true
v8462,v11087,char,false
v8462,v12104,char,false
v8462,v14362,char,false
v8462,v23933,char,false
v8462,v48623,char,false
v8462,v50276,char,false
v8462,v53101,char,false
v8462,v53239,char,false
v8462,v53698,char,false
v8467,v11034,ser,true
v8473,v7177,ser,true
v8473,v11266,ser,true
v8474,v7083,par,true
v8475,v15154,preq,true
v8477,v8478,ser,true
v8478,v8477,ser,true
v8478,v8479,ser,true
v8479,v8478,ser,true
v8480,v4760,ser,true
v8486,v8300,preq,true
v8497,v10461,ser,true
v8497,v12607,set,true
v8499,v192,ser,true
v8499,v915,ser,true
v8499,v1914,ser,true
v8499,v12139,fan,true
v8499,v14294,char,true
v8505,v12584,fan,true
v8507,v15460,char,true
v8507,v17028,char,true
v8507,v17029,char,true
v8507,v28953,char,true
v8510,v26817,fan,true
v8511,v8517,ser,true
v8511,v11147,ser,true
v8517,v5137,ser,true
v8517,v8511,ser,true
v8519,v7026,char,true
v8528,v6072,fan,true
v8531,v18620,seq,true
v8540,v15206,preq,true
v8549,v23259,fan,true
v8551,v8787,set,true
v8552,v8553,ser,true
v8552,v12110,seq,true
v8553,v8552,ser,true
v8554,v8991,ser,true
v8561,v8563,ser,true
v8561,v8567,ser,true
v8563,v8561,ser,true
v8563,v8567,ser,true
v8566,v1929,alt,true
v8567,v8561,ser,true
v8567,v8563,ser,true
v8568,v8569,seq,true
v8569,v8568,preq,true
v8571,v5518,preq,true
v8571,v8572,seq,true
v8572,v8571,preq,true
v8580,v30318,ser,true
v8582,v15348,seq,true
v8583,v6570,preq,true
v8589,v4835,seq,true
v8589,v8999,fan,true
v8589,v18136,fan,true
v8591,v7803,orig,true
v8591,v11186,seq,true
v8595,v7736,seq,true
v8596,v8356,preq,true
v8600,v4836,ser,true
v8603,v8604,ser,true
v8604,v8226,ser,true
v8604,v8603,ser,true
v8606,v731,set,true
v8611,v8613,seq,true
v8613,v8611,preq,true
v8613,v8621,seq,true
v8614,v8225,char,true
v8614,v8618,ser,true
v8615,v7921,ser,true
v8615,v12848,ser,true
v8618,v8614,ser,true
v8618,v8635,ser,true
v8621,v8613,preq,true
v8622,v8637,seq,true
v8623,v3990,set,true
v8624,v8625,ser,true
v8625,v8624,ser,true
v8626,v10920,char,true
v8627,v15348,char,true
v8628,v8970,ser,true
v8628,v8971,ser,true
v8633,v2172,ser,true
v8635,v8618,ser,true
v8636,v7914,ser,true
v8637,v8622,preq,true
v8639,v8143,ser,true
v8639,v9415,ser,true
v8644,v10996,seq,true
v8645,v9417,ser,true
v8651,v8652,seq,true
v8651,v8653,ser,true
v8652,v8651,preq,true
v8652,v8653,seq,true
v8653,v8651,ser,true
v8653,v8652,preq,true
v8659,v9631,preq,true
v8664,v28,char,true
v8664,v202,char,true
v8664,v1141,char,true
v8664,v3200,char,true
v8664,v7583,char,true
v8666,v4515,char,true
v8666,v8667,ser,true
v8666,v8668,char,true
v8667,v8666,ser,true
v8667,v8668,ser,true
v8668,v4515,char,true
v8668,v8666,char,true
v8668,v8667,ser,true
v8668,v8669,ser,true
v8669,v8668,ser,true
v8669,v8670,ser,true
v8670,v2234,ser,true
v8670,v8669,ser,true
v8675,v32241,fan,true
v8676,v8678,seq,true
v8676,v32241,fan,true
v8678,v8676,preq,true
v8680,v159,ser,true
v8680,v8681,ser,true
v8681,v8680,ser,true
v8681,v18195,ser,true
v8682,v32241,fan,true
v8685,v8686,ser,true
v8686,v8685,ser,true
v8694,v8695,seq,true
v8694,v11001,alt,true
v8695,v8694,preq,true
v8695,v8696,seq,true
v8696,v8695,preq,true
v8696,v8697,seq,true
v8697,v8696,preq,true
v8700,v8703,ser,true
v8700,v34437,fan,true
v8700,v34438,fan,true
v8701,v19192,set,true
v8703,v8700,ser,true
v8703,v8705,ser,true
v8703,v34437,fan,true
v8703,v34438,fan,true
v8705,v8703,ser,true
v8705,v34437,fan,true
v8705,v34438,fan,true
v8708,v8709,ser,true
v8709,v8708,ser,true
v8709,v8710,ser,true
v8710,v8709,ser,true
v8710,v8711,ser,true
v8711,v8338,ser,true
v8711,v8710,ser,true
v8712,v8338,ser,true
v8712,v8713,ser,true
v8713,v8712,ser,true
v8714,v6111,ser,true
v8714,v8715,ser,true
v8715,v6111,seq,true
v8715,v8714,ser,true
v8715,v32241,fan,true
v8720,v8721,seq,true
v8720,v9422,alt,true
v8721,v8720,preq,true
v8721,v8722,seq,true
v8722,v8721,preq,true
v8724,v8725,ser,true
v8725,v8724,ser,true
v8725,v8726,ser,true
v8726,v8725,ser,true
v8728,v3935,ser,true
v8729,v20765,ser,true
v8730,v10093,ser,true
v8731,v18189,char,true
v8731,v18190,char,true
v8733,v47432,seq,true
v8734,v23921,ser,true
v8737,v8738,seq,true
v8737,v18136,fan,true
v8738,v8737,preq,true
v8739,v1279,orig,true
v8740,v16063,set,true
v8741,v8742,preq,true
v8741,v8743,alt,true
v8742,v8741,seq,true
v8742,v8743,alt,true
v8743,v8741,alt,true
v8743,v8742,alt,true
v8747,v8748,preq,true
v8748,v8747,seq,true
v8751,v8752,seq,true
v8752,v8751,preq,true
v8752,v8753,seq,true
v8753,v8752,preq,true
v8754,v15151,ser,true
v8754,v15153,ser,true
v8757,v11760,ser,true
v8758,v8821,set,true
v8758,v9459,set,true
v8758,v18178,set,true
v8759,v8760,seq,true
v8759,v12597,char,true
v8760,v8759,preq,true
v8760,v12597,char,true
v8766,v4355,ser,true
v8766,v8789,ser,true
v8767,v33986,alt,true
v8768,v7334,ser,true
v8768,v8779,seq,true
v8769,v8770,ser,true
v8770,v8769,ser,true
v8770,v8771,ser,true
v8770,v8822,side,true
v8771,v8770,ser,true
v8771,v8772,ser,true
v8771,v8823,side,true
v8772,v8771,ser,true
v8772,v8773,ser,true
v8772,v8775,ser,true
v8773,v8772,ser,true
v8773,v8774,ser,true
v8773,v8775,ser,true
v8773,v8776,ser,true
v8774,v8773,ser,true
v8774,v16345,ser,true
v8775,v8772,ser,true
v8775,v8773,ser,true
v8776,v8773,ser,true
v8779,v8768,preq,true
v8779,v8780,seq,true
v8780,v8253,seq,true
v8780,v8779,preq,true
v8781,v549,alt,true
v8786,v7567,preq,true
v8787,v8551,set,true
v8787,v8945,set,true
v8789,v8766,ser,true
v8789,v10574,ser,true
v8790,v8791,ser,true
v8791,v8790,ser,true
v8792,v8793,ser,true
v8793,v8792,ser,true
v8793,v8794,ser,true
v8794,v8793,ser,true
v8794,v9367,ser,true
v8798,v14936,char,true
v8799,v16454,par,true
v8802,v8803,seq,true
v8803,v8802,preq,true
v8805,v8806,seq,true
v8806,v8805,preq,true
v8809,v6172,ser,true
v8818,v8819,ser,true
v8819,v8818,ser,true
v8821,v8758,set,true
v8821,v9459,alt,true
v8822,v8770,par,true
v8823,v8771,par,true
v8826,v55604,side,true
v8832,v7576,preq,true
v8832,v26390,fan,true
v8832,v47986,side,false
v8834,v8835,ser,true
v8835,v5806,ser,true
v8835,v8834,ser,true
v8839,v14070,preq,true
v8841,v2482,alt,true
v8843,v9163,seq,true
v8847,v9418,ser,true
v8855,v8859,seq,true
v8856,v8857,ser,true
v8857,v8856,ser,true
v8857,v8858,ser,true
v8858,v8857,ser,true
v8859,v8855,preq,true
v8859,v8860,seq,true
v8860,v8859,preq,true
v8864,v45885,seq,true
v8870,v8872,preq,true
v8872,v8870,seq,true
v8874,v4568,preq,true
v8875,v18119,seq,true
v8885,v8886,ser,true
v8886,v8885,ser,true
v8888,v8889,ser,true
v8889,v8888,ser,true
v8891,v1356,char,false
v8891,v51772,char,false
v8892,v8893,seq,true
v8893,v8892,preq,true
v8893,v8894,seq,true
v8894,v8893,preq,true
v8894,v8895,seq,true
v8895,v8894,preq,true
v8895,v8896,seq,true
v8896,v8895,preq,true
v8900,v6710,orig,true
v8901,v8902,seq,true
v8902,v8901,preq,true
v8902,v8903,seq,true
v8903,v8902,preq,true
v8907,v9467,alt,true
v8924,v9107,preq,true
v8928,v11096,seq,true
v8934,v8935,ser,true
v8935,v8934,ser,true
v8935,v8936,ser,true
v8936,v8935,ser,true
v8938,v8939,ser,true
v8939,v8938,ser,true
v8945,v6967,set,true
v8945,v8787,set,true
v8945,v9150,set,true
v8950,v8951,ser,true
v8950,v15529,set,false
v8951,v8950,ser,true
v8951,v8952,ser,true
v8951,v15529,set,false
v8952,v8951,ser,true
v8952,v8953,ser,true
v8952,v15529,set,false
v8953,v8952,ser,true
v8953,v8954,ser,true
v8953,v15529,set,false
v8954,v8953,ser,true
v8954,v15529,set,false
v8956,v4549,char,true
v8956,v8957,preq,true
v8957,v3854,ser,true
v8957,v3855,ser,true
v8957,v8956,seq,true
v8961,v4513,ser,true
v8965,v169,char,true
v8970,v8628,ser,true
v8971,v8628,ser,true
v8971,v9070,preq,true
v8974,v8975,seq,true
v8975,v8974,preq,true
v8983,v7535,alt,true
v8984,v18242,char,true
v8988,v8989,seq,true
v8989,v8988,preq,true
v8989,v8990,seq,true
v8990,v8989,preq,true
v8991,v8554,ser,true
v8997,v8998,seq,true
v8998,v8997,preq,true
v8999,v4835,orig,true
v8999,v8589,orig,true
v9007,v7864,seq,true
v9009,v9010,ser,true
v9010,v9009,ser,true
v9010,v9011,ser,true
v9011,v9010,ser,true
v9013,v9014,ser,true
v9014,v9013,ser,true
v9017,v9018,ser,true
v9018,v9017,ser,true
v9019,v9020,seq,true
v9020,v9019,preq,true
v9022,v7146,ser,true
v9027,v9031,alt,true
v9028,v14183,side,true
v9030,v25875,side,true
v9031,v9027,alt,true
v9037,v9038,seq,true
v9038,v4734,seq,true
v9038,v9037,preq,true
v9039,v4735,preq,true
v9039,v18088,seq,true
v9040,v9044,ser,true
v9041,v9042,ser,true
v9042,v9041,ser,true
v9042,v9043,ser,true
v9043,v9042,ser,true
v9043,v9044,ser,true
v9044,v9040,ser,true
v9044,v9043,ser,true
v9045,v9046,seq,true
v9046,v9045,preq,true
v9047,v2153,orig,true
v9052,v14513,seq,true
v9059,v7108,ser,true
v9065,v4614,alt,true
v9065,v9066,seq,true
v9066,v4860,alt,true
v9066,v5737,seq,true
v9066,v9065,preq,true
v9067,v5737,preq,true
v9070,v8971,seq,true
v9081,v4916,ser,true
v9081,v15184,char,true
v9086,v43460,ser,true
v9093,v10979,fan,true
v9093,v14812,side,true
v9093,v16560,set,true
v9098,v9099,ser,true
v9099,v9098,ser,true
v9102,v21320,alt,true
v9107,v8924,seq,true
v9109,v5894,ser,true
v9112,v9113,seq,true
v9113,v9112,preq,true
v9113,v9114,seq,true
v9114,v9113,preq,true
v9114,v9115,seq,true
v9115,v9114,preq,true
v9115,v9116,seq,true
v9116,v9115,preq,true
v9116,v9117,seq,true
v9117,v9116,preq,true
v9117,v9118,seq,true
v9118,v9117,preq,true
v9119,v48385,seq,true
v9124,v14265,set,true
v9125,v12831,char,true
v9134,v8330,seq,true
v9134,v9135,ser,true
v9135,v9134,ser,true
v9137,v9138,seq,true
v9138,v9137,preq,true
v9138,v9139,seq,true
v9139,v9138,preq,true
v9139,v9140,seq,true
v9140,v9139,preq,true
v9149,v241,char,true
v9150,v8945,set,true
v9152,v7226,set,false
v9152,v9185,set,false
v9155,v10281,ser,true
v9155,v38000,preq,true
v9156,v11812,char,false
v9161,v9162,ser,true
v9162,v9161,ser,true
v9163,v8843,preq,true
v9175,v6589,set,true
v9175,v12273,set,true
v9181,v9182,alt,true
v9182,v9181,alt,true
v9183,v3524,ser,true
v9183,v9184,ser,true
v9184,v9183,ser,true
v9185,v1502,char,false
v9185,v5434,char,false
v9185,v7226,char,false
v9185,v9152,set,false
v9185,v13295,set,false
v9185,v13446,set,false
v9185,v52515,char,false
v9189,v3126,alt,true
v9189,v59367,alt,false
v9191,v9508,ser,true
v9192,v9193,seq,true
v9193,v9192,preq,true
v9193,v9204,seq,true
v9194,v9201,ser,true
v9196,v11865,set,true
v9196,v13895,fan,true
v9196,v16695,set,true
v9196,v24186,fan,true
v9196,v29932,set,true
v9197,v16467,seq,true
v9198,v11855,ser,true
v9199,v4871,alt,true
v9200,v19018,ser,true
v9200,v25301,ser,true
v9201,v9194,ser,true
v9204,v9193,preq,true
v9206,v1715,preq,false
v9207,v12424,char,false
v9207,v13160,char,true
v9207,v16036,char,true
v9214,v12469,ser,true
v9220,v2153,char,false
v9221,v9222,preq,true
v9221,v9224,seq,true
v9222,v9221,seq,true
v9222,v9223,preq,true
v9223,v9222,seq,true
v9224,v9221,preq,true
v9224,v9225,seq,true
v9225,v9224,preq,true
v9225,v15941,seq,true
v9228,v9230,preq,true
v9230,v9228,seq,true
v9231,v17266,seq,true
v9234,v20,char,false
v9241,v11608,seq,true
v9243,v9244,seq,true
v9244,v9243,preq,true
v9244,v49513,seq,true
v9245,v9246,preq,true
v9245,v9247,seq,true
v9246,v9245,seq,true
v9247,v9245,preq,true
v9247,v13946,seq,true
v9248,v33884,seq,true
v9256,v191,set,true
v9257,v7422,par,true
v9258,v4494,ser,true
v9263,v711,alt,false
v9268,v9921,seq,true
v9280,v9281,side,true
v9280,v13774,alt,false
v9281,v9280,par,true
v9283,v9927,preq,true
v9290,v9291,seq,true
v9291,v9290,preq,true
v9291,v9293,seq,true
v9293,v9291,preq,true
v9293,v40405,seq,true
v9294,v36173,ser,true
v9294,v40405,ser,true
v9296,v5866,preq,true
v9302,v3185,orig,true
v9303,v13190,fan,true
v9309,v893,preq,false
v9310,v1126,char,false
v9310,v9311,seq,true
v9311,v9310,preq,true
v9311,v9312,seq,true
v9312,v9311,preq,true
v9312,v9313,seq,true
v9313,v9312,preq,true
v9314,v7,par,false
v9316,v25256,fan,true
v9325,v10781,seq,true
v9326,v4371,ser,true
v9330,v22486,ser,true
v9337,v11486,char,true
v9338,v2857,preq,true
v9338,v3389,preq,true
v9338,v4940,preq,true
v9338,v6473,preq,true
v9338,v13918,fan,true
v9339,v11,char,false
v9339,v9340,seq,true
v9339,v18513,ser,true
v9339,v18529,ser,true
v9340,v11,char,false
v9340,v9339,preq,true
v9340,v9341,seq,true
v9341,v11,char,false
v9341,v9340,preq,true
v9341,v9342,seq,true
v9342,v11,char,false
v9342,v9341,preq,true
v9342,v9343,seq,true
v9343,v11,char,false
v9343,v9342,preq,true
v9343,v9344,seq,true
v9344,v11,char,false
v9344,v9343,preq,true
v9344,v9345,seq,true
v9345,v11,char,false
v9345,v9344,preq,true
v9348,v7443,preq,true
v9348,v18505,alt,true
v9359,v21858,preq,true
v9362,v14411,char,false
v9362,v17473,char,false
v9362,v17474,char,false
v9365,v15091,char,false
v9367,v8794,ser,true
v9370,v9371,preq,true
v9371,v9370,seq,true
v9373,v7986,ser,true
v9375,v9376,ser,true
v9375,v35367,alt,true
v9376,v9375,ser,true
v9376,v9377,ser,true
v9377,v9376,ser,true
v9377,v9378,ser,true
v9377,v43243,char,true
v9378,v9377,ser,true
v9380,v9381,seq,true
v9381,v9380,preq,true
v9385,v10061,char,false
v9385,v12287,char,false
v9385,v12945,char,true
v9385,v12946,char,true
v9385,v13432,char,false
v9385,v13433,char,false
v9385,v13434,char,false
v9385,v13435,char,false
v9385,v15353,char,false
v9385,v15533,char,false
v9385,v15750,char,false
v9385,v17294,char,false
v9385,v17295,char,false
v9385,v17567,char,false
v9385,v17594,char,false
v9386,v1967,par,false
v9392,v8415,preq,true
v9392,v9393,seq,true
v9393,v9392,preq,true
v9393,v9784,seq,true
v9397,v9398,ser,true
v9398,v9397,ser,true
v9398,v9399,ser,true
v9399,v9398,ser,true
v9404,v9405,seq,true
v9405,v9404,preq,true
v9409,v7660,ser,true
v9409,v12986,ser,true
v9409,v19725,seq,true
v9409,v22492,char,true
v9409,v22494,char,true
v9409,v29473,fan,true
v9409,v29474,fan,true
v9409,v29475,fan,true
v9412,v9413,seq,true
v9413,v9412,preq,true
v9414,v2996,preq,true
v9415,v8639,ser,true
v9415,v10802,ser,true
v9416,v12205,ser,true
v9417,v8645,ser,true
v9418,v8847,ser,true
v9418,v16761,ser,true
v9419,v20803,alt,true
v9422,v8720,alt,true
v9426,v9609,ser,true
v9427,v20794,ser,true
v9431,v1963,preq,true
v9433,v9434,seq,true
v9434,v9433,preq,true
v9435,v6915,preq,true
v9435,v16634,seq,true
v9437,v18243,seq,true
v9442,v9443,preq,true
v9443,v9442,seq,true
v9453,v9516,preq,true
v9459,v8758,set,true
v9459,v8821,alt,true
v9467,v8907,alt,true
v9469,v14543,ser,true
v9477,v9481,ser,true
v9480,v30082,preq,true
v9481,v9477,ser,true
v9482,v9483,preq,true
v9483,v9482,seq,true
v9492,v9493,ser,true
v9493,v9492,ser,true
v9495,v9496,preq,true
v9496,v9495,seq,true
v9498,v9510,preq,true
v9504,v9505,seq,true
v9505,v9504,preq,true
v9506,v9507,preq,true
v9507,v9506,seq,true
v9508,v9191,ser,true
v9510,v9498,seq,true
v9516,v9453,seq,true
v9519,v2099,char,false
v9525,v9526,preq,true
v9526,v9525,seq,true
v9539,v9541,seq,true
v9541,v9539,preq,true
v9541,v10450,seq,true
v9553,v9567,ser,true
v9564,v3937,ser,true
v9567,v6608,preq,true
v9567,v9553,ser,true
v9567,v10769,char,true
v9568,v23431,ser,true
v9569,v6515,char,true
v9569,v10766,char,true
v9581,v10258,seq,true
v9583,v11754,char,false
v9585,v9707,char,false
v9585,v10370,char,false
v9585,v13932,ser,true
v9587,v23023,alt,true
v9600,v5518,preq,true
v9609,v1829,orig,true
v9609,v9426,ser,true
v9609,v9610,ser,true
v9609,v56530,preq,true
v9610,v9609,ser,true
v9619,v11436,seq,true
v9620,v9621,char,true
v9621,v9620,char,true
v9621,v19831,set,true
v9623,v18618,seq,true
v9624,v11430,ser,true
v9625,v19642,set,false
v9625,v38015,set,false
v9625,v38340,set,false
v9626,v10375,char,false
v9626,v11418,ser,true
v9626,v16485,ser,true
v9631,v2591,preq,true
v9631,v8659,seq,true
v9634,v11378,char,true
v9636,v372,char,true
v9636,v1475,char,true
v9636,v4910,char,true
v9636,v13717,ser,true
v9641,v7363,preq,true
v9641,v12386,seq,true
v9642,v7689,orig,true
v9643,v6358,char,true
v9643,v11851,char,true
v9647,v7001,ser,true
v9647,v12708,ser,true
v9648,v3900,char,true
v9648,v5669,char,true
v9648,v6156,char,true
v9648,v6369,char,true
v9648,v7968,char,true
v9648,v10474,char,true
v9648,v13886,char,true
v9648,v13887,char,true
v9650,v1,char,true
v9650,v126,char,true
v9650,v149,char,true
v9650,v2392,char,true
v9650,v2659,char,true
v9650,v6003,char,true
v9650,v6884,char,true
v9650,v8072,char,true
v9650,v9960,char,true
v9656,v1291,seq,true
v9656,v6253,preq,true
v9657,v5351,ser,true
v9657,v9726,ser,true
v9659,v9696,ser,true
v9659,v9697,ser,true
v9662,v10913,alt,true
v9663,v9664,seq,true
v9664,v9663,preq,true
v9664,v9665,seq,true
v9665,v9664,preq,true
v9665,v9666,seq,true
v9666,v9665,preq,true
v9666,v9667,seq,true
v9667,v9666,preq,true
v9667,v14967,char,true
v9669,v1093,alt,true
v9669,v6301,fan,true
v9672,v7795,seq,true
v9673,v7982,ser,true
v9675,v17489,set,false
v9675,v17490,set,false
v9675,v17493,set,false
v9675,v17511,set,false
v9675,v17518,set,false
v9676,v6717,orig,true
v9678,v26390,fan,true
v9680,v4111,preq,true
v9680,v6849,ser,true
v9680,v12475,seq,true
v9688,v4443,char,true
v9688,v18197,fan,true
v9696,v9659,ser,true
v9696,v9698,ser,true
v9697,v9659,ser,true
v9698,v9696,ser,true
v9698,v9699,ser,true
v9699,v9698,ser,true
v9701,v59711,set,true
v9704,v25646,char,false
v9706,v15878,seq,true
v9707,v9585,char,false
v9707,v10116,seq,true
v9707,v11076,char,true
v9707,v13932,char,false
v9711,v16106,char,true
v9721,v12145,seq,true
v9722,v11929,set,true
v9726,v6466,preq,true
v9726,v9657,ser,true
v9732,v18369,char,true
v9732,v21572,alt,true
v9736,v9737,side,true
v9737,v9736,par,true
v9744,v1958,char,true
v9747,v48972,alt,true
v9750,v5108,ser,true
v9752,v8036,preq,true
v9752,v13096,preq,true
v9754,v7065,preq,true
v9754,v14270,seq,true
v9757,v11645,ser,true
v9758,v10942,fan,true
v9763,v12780,char,true
v9763,v17854,char,true
v9767,v7225,ser,true
v9768,v1767,ser,true
v9770,v9788,seq,true
v9774,v18642,alt,true
v9775,v32527,seq,true
v9776,v9777,ser,true
v9777,v9776,ser,true
v9777,v9778,char,true
v9777,v9779,char,true
v9778,v9777,char,true
v9778,v9779,ser,true
v9778,v9780,char,true
v9778,v9787,char,true
v9779,v9777,char,true
v9779,v9778,ser,true
v9779,v9780,char,true
v9780,v9778,char,true
v9780,v9779,char,true
v9780,v9782,ser,true
v9780,v9787,char,true
v9781,v51772,char,false
v9782,v9780,ser,true
v9784,v9393,preq,true
v9787,v9778,char,true
v9787,v9780,char,true
v9788,v9770,preq,true
v9794,v9795,char,true
v9794,v10522,set,true
v9795,v9794,char,true
v9795,v10522,seq,true
v9797,v43466,preq,true
v9808,v9852,ser,true
v9808,v12189,seq,true
v9810,v6005,alt,true
v9814,v2389,set,true
v9817,v7269,preq,true
v9821,v10308,par,true
v9827,v4049,preq,true
v9836,v78,char,true
v9836,v266,par,true
v9837,v266,par,true
v9838,v323,seq,true
v9841,v7697,preq,true
v9843,v3058,fan,true
v9845,v9982,char,false
v9845,v10400,char,false
v9845,v12219,alt,true
v9845,v14280,char,false
v9845,v23375,side,false
v9845,v24058,char,false
v9846,v12150,seq,true
v9846,v42927,set,false
v9851,v5957,ser,true
v9851,v5999,ser,true
v9852,v9808,ser,true
v9852,v12204,ser,true
v9853,v174,orig,true
v9855,v788,orig,true
v9855,v2674,orig,true
v9855,v7873,orig,true
v9855,v21189,ser,true
v9857,v7594,preq,true
v9857,v17506,seq,true
v9866,v11142,seq,true
v9869,v3700,preq,true
v9877,v35842,alt,true
v9879,v1143,set,true
v9879,v12283,fan,true
v9879,v12791,set,true
v9879,v20012,char,true
v9879,v21122,fan,true
v9881,v20083,seq,true
v9885,v1715,set,true
v9885,v12141,fan,true
v9886,v14249,alt,true
v9887,v2002,orig,true
v9888,v11,par,false
v9889,v717,preq,true
v9889,v13735,alt,false
v9889,v18267,seq,true
v9889,v21309,char,false
v9889,v54737,preq,false
v9890,v12180,fan,true
v9893,v2485,seq,true
v9897,v3346,preq,true
v9897,v12975,seq,true
v9897,v14772,char,true
v9901,v6403,orig,true
v9915,v7634,orig,true
v9915,v12188,seq,true
v9917,v1971,orig,true
v9918,v1971,orig,true
v9921,v9268,preq,true
v9923,v8462,char,false
v9923,v10126,char,false
v9923,v10376,char,false
v9923,v50276,char,false
v9927,v9283,seq,true
v9927,v40885,side,true
v9929,v12423,char,true
v9929,v15568,preq,true
v9931,v3765,seq,true
v9932,v9941,seq,true
v9933,v32545,alt,true
v9935,v1600,set,true
v9935,v13000,set,true
v9935,v20440,set,true
v9935,v30383,set,true
v9935,v36585,seq,true
v9939,v9949,seq,true
v9941,v9932,preq,true
v9942,v9943,set,true
v9943,v9942,set,true
v9944,v9952,seq,true
v9945,v9948,seq,true
v9948,v9945,preq,true
v9949,v9939,preq,true
v9952,v9944,preq,true
v9953,v29849,char,true
v9957,v9958,fan,true
v9958,v9957,orig,true
v9960,v9650,char,true
v9961,v9969,ser,true
v9961,v13729,ser,true
v9962,v9963,seq,true
v9963,v9962,preq,true
v9965,v58201,set,true
v9966,v5898,par,true
v9969,v9961,ser,true
v9969,v13729,ser,true
v9975,v7627,preq,true
v9979,v9980,seq,true
v9980,v9979,preq,true
v9980,v10653,seq,true
v9982,v9845,char,false
v9984,v18580,set,true
v9985,v6017,ser,true
v9985,v11971,ser,true
v9993,v10113,seq,true
v9993,v13364,alt,true
v9998,v3126,char,false
v10000,v2762,seq,true
v10000,v15605,alt,true
v10000,v18337,set,true
v10000,v18686,alt,true
v10000,v27685,preq,true
v10004,v55018,seq,true
v10005,v14361,ser,true
v10005,v18461,ser,true
v10007,v1645,alt,false
v10013,v7879,char,true
v10013,v11975,seq,true
v10013,v14902,side,true
v10016,v11093,seq,true
v10023,v15441,ser,true
v10028,v5834,preq,true
v10028,v17147,fan,true
v10029,v7276,seq,true
v10034,v34417,char,true
v10035,v4602,preq,true
v10035,v11342,seq,true
v10037,v7806,set,true
v10041,v13997,seq,true
v10041,v18761,set,true
v10041,v23600,set,true
v10041,v26508,set,true
v10041,v31614,set,true
v10044,v12496,side,false
v10044,v12610,set,true
v10044,v16369,set,true
v10050,v4542,orig,true
v10051,v22192,fan,true
v10051,v60661,side,true
v10053,v10054,fan,true
v10054,v10053,orig,true
v10055,v10056,seq,true
v10055,v10057,char,true
v10055,v14248,side,true
v10055,v39832,side,true
v10055,v39840,seq,true
v10056,v10055,preq,true
v10056,v10057,char,true
v10056,v39840,seq,true
v10057,v10055,char,true
v10057,v10056,char,true
v10057,v39831,seq,true
v10058,v4,par,false
v10061,v9385,char,false
v10061,v12287,char,false
v10061,v12945,char,false
v10061,v12946,char,false
v10061,v13432,char,false
v10061,v13433,char,false
v10061,v13434,char,false
v10061,v13435,char,false
v10061,v15353,char,false
v10061,v15533,char,false
v10061,v15750,char,false
v10061,v17294,char,false
v10061,v17295,char,false
v10061,v17567,char,false
v10061,v17594,char,false
v10066,v10067,ser,true
v10067,v10066,ser,true
v10069,v4704,ser,true
v10069,v5532,ser,true
v10076,v7707,preq,true
v10077,v7078,ser,true
v10078,v8012,ser,true
v10078,v10210,ser,true
v10078,v24381,seq,true
v10079,v7796,par,true
v10080,v12502,seq,true
v10088,v11894,alt,true
v10091,v24724,ser,true
v10093,v8730,ser,true
v10094,v15984,ser,true
v10098,v7645,orig,true
v10100,v11235,ser,true
v10103,v5821,par,true
v10103,v7240,par,true
v10103,v7616,ser,true
v10103,v8054,par,true
v10105,v8043,par,true
v10105,v11879,side,true
v10106,v8455,char,true
v10106,v10107,char,true
v10107,v10106,char,true
v10109,v10868,char,false
v10109,v18184,char,false
v10113,v9993,preq,true
v10113,v13991,alt,true
v10116,v9707,preq,true
v10116,v10370,char,false
v10116,v11076,char,true
v10118,v16976,ser,true
v10121,v3415,preq,true
v10121,v7491,seq,true
v10122,v7493,preq,true
v10126,v8462,char,false
v10126,v9923,char,false
v10126,v11087,char,false
v10126,v48623,char,false
v10129,v14936,char,true
v10131,v1281,par,true
v10131,v11269,par,true
v10131,v54312,char,false
v10131,v59379,char,true
v10133,v15191,seq,true
v10135,v33040,char,true
v10137,v10445,ser,true
v10142,v1789,alt,true
v10147,v10581,preq,true
v10148,v15255,seq,true
v10153,v11214,ser,true
v10167,v17478,ser,true
v10171,v4909,par,true
v10176,v6891,ser,true
v10176,v6896,alt,true
v10179,v11836,set,true
v10180,v873,ser,true
v10180,v10181,fan,true
v10181,v873,orig,true
v10181,v874,orig,true
v10181,v2110,orig,true
v10181,v10180,orig,true
v10183,v6690,char,true
v10183,v10647,preq,true
v10183,v11080,seq,true
v10187,v5157,alt,true
v10188,v5157,ser,true
v10188,v11401,ser,true
v10195,v3130,alt,false
v10198,v12959,ser,true
v10199,v18677,seq,true
v10200,v4137,char,false
v10207,v4115,ser,true
v10207,v6741,ser,true
v10207,v8073,ser,true
v10210,v10078,ser,true
v10210,v11992,ser,true
v10213,v10215,seq,true
v10214,v12355,char,true
v10215,v10213,preq,true
v10231,v7849,preq,true
v10231,v12794,seq,true
v10233,v8282,ser,true
v10237,v2622,char,true
v10237,v5549,set,true
v10237,v12482,char,true
v10237,v21931,set,true
v10238,v13223,set,true
v10241,v23361,preq,true
v10245,v10246,preq,true
v10246,v10245,seq,true
v10246,v10247,preq,true
v10247,v10246,seq,true
v10247,v17558,set,true
v10248,v2397,orig,true
v10249,v16106,char,true
v10253,v10254,preq,true
v10254,v7175,seq,true
v10254,v10253,seq,true
v10255,v8408,ser,true
v10255,v11500,ser,true
v10255,v11904,fan,true
v10257,v11646,seq,true
v10258,v2873,seq,true
v10258,v9581,preq,true
v10260,v6509,orig,true
v10262,v5630,par,true
v10263,v10264,ser,true
v10264,v7597,char,true
v10264,v10263,ser,true
v10264,v10265,ser,true
v10265,v10264,ser,true
v10272,v8203,par,true
v10273,v15023,seq,true
v10279,v5243,orig,true
v10281,v9155,ser,true
v10282,v14505,ser,true
v10285,v31742,char,true
v10285,v32391,char,true
v10285,v59418,char,true
v10288,v6682,set,true
v10288,v20406,ser,true
v10289,v12714,seq,true
v10290,v4107,orig,true
v10290,v19007,ser,true
v10294,v11390,ser,true
v10294,v14323,seq,true
v10297,v39314,alt,true
v10300,v7122,ser,true
v10300,v7129,ser,true
v10308,v9821,side,true
v10308,v15505,seq,true
v10323,v24875,ser,true
v10325,v12994,seq,true
v10326,v18869,set,true
v10326,v36246,side,true
v10330,v2490,ser,true
v10336,v6496,alt,true
v10336,v7904,alt,true
v10336,v7905,alt,true
v10336,v7906,alt,true
v10337,v5736,char,true
v10341,v12830,set,true
v10345,v12274,char,false
v10345,v13816,char,false
v10351,v6530,char,true
v10352,v2302,set,true
v10353,v1259,par,true
v10357,v11039,seq,true
v10357,v11605,ser,true
v10358,v6949,ser,true
v10358,v16718,fan,true
v10362,v10556,seq,true
v10366,v51772,char,false
v10369,v10370,ser,true
v10370,v9585,char,false
v10370,v10116,char,false
v10370,v10369,ser,true
v10370,v10371,ser,true
v10371,v10370,ser,true
v10371,v10372,ser,true
v10371,v11351,char,false
v10372,v1356,char,false
v10372,v2186,char,false
v10372,v10371,ser,true
v10372,v10373,ser,true
v10373,v10372,ser,true
v10373,v10374,ser,true
v10373,v10938,char,false
v10374,v1543,char,false
v10374,v10373,ser,true
v10374,v10375,ser,true
v10375,v9626,char,false
v10375,v10374,ser,true
v10375,v10849,ser,true
v10375,v11418,char,false
v10376,v8462,char,false
v10376,v9923,char,false
v10382,v14583,preq,true
v10383,v1715,seq,true
v10388,v140,char,true
v10388,v6883,char,true
v10388,v6884,char,true
v10388,v6885,char,true
v10389,v1317,preq,true
v10392,v1648,preq,true
v10395,v15561,fan,true
v10395,v28038,alt,true
v10396,v12172,set,true
v10399,v5299,char,false
v10399,v50673,char,false
v10399,v53214,char,false
v10400,v9845,char,false
v10401,v4137,char,false
v10402,v10403,preq,true
v10402,v50807,set,false
v10403,v104,char,false
v10403,v10402,seq,true
v10403,v50807,set,false
v10404,v6408,preq,true
v10410,v18620,preq,true
v10415,v13224,char,true
v10418,v2251,ser,true
v10419,v12571,fan,true
v10423,v10425,seq,true
v10423,v38393,alt,true
v10425,v10423,preq,true
v10425,v10428,seq,true
v10426,v55018,seq,true
v10428,v10425,preq,true
v10437,v6375,char,true
v10438,v10439,set,true
v10439,v2468,set,true
v10439,v10438,set,true
v10445,v7970,ser,true
v10445,v10137,ser,true
v10450,v9541,preq,true
v10450,v10451,seq,true
v10451,v10450,preq,true
v10451,v10452,seq,true
v10452,v10451,preq,true
v10461,v8497,ser,true
v10461,v12607,set,true
v10462,v2715,ser,true
v10462,v19024,ser,true
v10463,v15639,set,true
v10472,v7783,preq,true
v10472,v19187,ser,true
v10473,v2466,par,true
v10474,v9648,char,true
v10475,v53049,char,true
v10479,v21921,seq,true
v10480,v5221,ser,true
v10481,v1823,orig,true
v10481,v3759,char,true
v10486,v26150,char,false
v10486,v27321,set,false
v10486,v27322,char,false
v10486,v27323,set,false
v10486,v46612,char,false
v10486,v53441,char,false
v10498,v4624,ser,true
v10498,v21714,char,true
v10499,v2501,par,true
v10501,v11899,char,true
v10501,v14082,char,true
v10506,v10507,alt,true
v10507,v10506,alt,true
v10515,v746,set,true
v10515,v33729,side,true
v10516,v3681,orig,true
v10519,v40180,side,true
v10519,v58251,seq,true
v10519,v58255,side,true
v10520,v10521,seq,true
v10521,v10520,preq,true
v10522,v9794,set,true
v10522,v9795,preq,true
v10525,v1424,seq,true
v10526,v34212,side,false
v10529,v1424,preq,true
v10534,v28856,fan,true
v10537,v3660,alt,true
v10537,v8074,alt,true
v10538,v8037,orig,true
v10541,v551,preq,true
v10546,v5317,alt,true
v10546,v12893,alt,true
v10546,v15283,char,true
v10547,v11234,ser,true
v10550,v7247,ser,true
v10556,v10362,preq,true
v10560,v5080,preq,true
v10561,v1241,ser,true
v10567,v12489,seq,true
v10570,v7836,orig,true
v10574,v8789,ser,true
v10574,v33354,ser,true
v10575,v11265,side,true
v10575,v20402,alt,true
v10579,v10580,char,true
v10580,v10579,char,true
v10581,v10147,seq,true
v10586,v5299,char,false
v10586,v50673,set,false
v10586,v53214,char,false
v10587,v6498,set,true
v10590,v10591,ser,true
v10591,v10590,ser,true
v10597,v21295,set,true
v10606,v1015,set,true
v10606,v3631,set,true
v10606,v13072,alt,true
v10606,v18030,seq,true
v10606,v24291,char,true
v10608,v13074,fan,true
v10609,v7772,orig,true
v10611,v4093,preq,true
v10619,v4857,alt,true
v10620,v3749,char,true
v10620,v6433,char,true
v10620,v6434,par,true
v10622,v3581,preq,false
v10624,v7095,char,false
v10628,v11040,char,true
v10633,v12871,seq,true
v10637,v5943,set,false
v10640,v12933,ser,true
v10641,v7967,ser,true
v10641,v13632,ser,true
v10642,v2934,set,true
v10645,v7998,preq,true
v10645,v10646,seq,true
v10646,v10645,preq,true
v10646,v10647,seq,true
v10647,v10183,seq,true
v10647,v10646,preq,true
v10648,v7009,orig,true
v10650,v18579,seq,true
v10652,v3984,char,true
v10652,v6560,ser,true
v10652,v10937,side,false
v10653,v9980,preq,true
v10653,v10654,seq,true
v10654,v10653,preq,true
v10654,v11140,seq,true
v10655,v7340,ser,true
v10668,v5277,char,false
v10668,v10696,char,true
v10669,v7524,ser,true
v10669,v16154,ser,true
v10670,v3695,preq,true
v10678,v13810,seq,true
v10678,v13811,side,true
v10680,v12246,seq,true
v10680,v15293,seq,true
v10684,v8462,char,false
v10694,v10730,ser,true
v10694,v13430,fan,true
v10694,v13447,side,true
v10694,v13453,side,true
v10694,v14690,char,true
v10694,v31618,alt,true
v10695,v28316,alt,true
v10696,v1717,char,false
v10696,v5277,char,false
v10696,v10668,char,true
v10696,v10697,par,true
v10697,v1717,char,false
v10697,v10696,side,true
v10697,v10698,seq,true
v10698,v620,char,false
v10698,v644,char,false
v10698,v10697,preq,true
v10700,v926,preq,true
v10700,v938,preq,true
v10700,v2511,preq,true
v10700,v5244,set,true
v10700,v5744,preq,true
v10700,v8434,preq,true
v10700,v12097,seq,true
v10700,v16262,side,true
v10704,v10705,char,true
v10705,v10704,char,true
v10706,v6028,ser,true
v10707,v3007,preq,true
v10708,v324,par,true
v10709,v4414,char,true
v10712,v434,par,false
v10713,v53575,alt,true
v10714,v6497,ser,true
v10719,v20709,seq,true
v10725,v11461,ser,true
v10726,v12914,set,true
v10726,v49162,alt,true
v10730,v10694,ser,true
v10730,v13430,fan,true
v10730,v13447,side,true
v10730,v13453,side,true
v10730,v31618,alt,true
v10731,v38275,side,true
v10733,v6085,alt,true
v10734,v10735,ser,true
v10734,v10994,char,true
v10735,v10734,ser,true
v10740,v10741,seq,true
v10741,v10740,preq,true
v10751,v15334,fan,true
v10752,v6365,seq,true
v10766,v6515,char,true
v10766,v9569,char,true
v10767,v10768,seq,true
v10768,v10767,preq,true
v10769,v6608,preq,true
v10769,v9567,char,true
v10779,v10995,set,false
v10779,v12178,char,false
v10779,v14617,char,false
v10781,v9325,preq,true
v10781,v13340,ser,true
v10783,v10784,seq,true
v10783,v11459,char,false
v10783,v53211,char,false
v10784,v10783,preq,true
v10784,v11459,char,false
v10784,v53211,char,false
v10792,v12396,set,true
v10793,v18147,ser,true
v10794,v2343,preq,true
v10796,v8462,par,true
v10797,v417,orig,true
v10797,v528,orig,true
v10797,v1027,orig,true
v10797,v2390,orig,true
v10797,v4936,orig,true
v10798,v1204,preq,true
v10798,v26235,ser,true
v10799,v10830,seq,true
v10801,v2698,ser,false
v10801,v12289,seq,true
v10802,v9415,ser,true
v10802,v12477,ser,true
v10803,v18790,set,true
v10805,v689,set,true
v10807,v4199,ser,true
v10809,v13682,fan,true
v10811,v12337,char,true
v10817,v130,ser,true
v10819,v16824,set,true
v10823,v2128,preq,true
v10823,v10824,seq,true
v10824,v10823,preq,true
v10824,v10825,seq,true
v10825,v10824,preq,true
v10826,v5760,preq,true
v10830,v10799,preq,true
v10831,v18193,side,true
v10833,v1306,char,true
v10833,v14000,seq,true
v10833,v14558,fan,true
v10834,v7633,orig,true
v10836,v13036,alt,true
v10838,v3862,preq,true
v10838,v17988,ser,true
v10839,v603,preq,true
v10839,v15018,seq,true
v10846,v2853,ser,true
v10849,v10375,ser,true
v10849,v11429,ser,true
v10849,v16284,set,false
v10850,v12397,ser,true
v10856,v1299,set,true
v10858,v25278,alt,true
v10861,v26753,seq,true
v10863,v35719,preq,true
v10867,v256,ser,true
v10867,v12606,alt,true
v10868,v10109,char,false
v10868,v18184,char,false
v10875,v3133,ser,true
v10875,v6967,set,true
v10875,v11737,set,true
v10876,v5932,set,true
v10876,v14321,set,true
v10880,v6263,char,false
v10881,v11691,ser,true
v10888,v7251,preq,true
v10889,v3002,preq,true
v10889,v12840,fan,true
v10894,v3507,orig,true
v10894,v3508,orig,true
v10895,v5916,orig,true
v10895,v13452,side,false
v10895,v15507,seq,false
v10896,v12544,preq,true
v10897,v10898,seq,true
v10898,v10897,preq,true
v10899,v1435,preq,true
v10899,v16106,char,true
v10899,v18712,seq,true
v10899,v31332,seq,false
v10901,v12122,alt,true
v10903,v12122,preq,true
v10907,v10909,seq,true
v10909,v10907,preq,true
v10913,v9662,alt,true
v10915,v15689,ser,true
v10917,v115,ser,true
v10919,v1046,preq,true
v10919,v3862,seq,true
v10920,v8626,char,true
v10924,v1546,orig,true
v10924,v4328,orig,true
v10924,v5140,orig,true
v10927,v17050,char,true
v10933,v50364,char,false
v10937,v6556,par,false
v10937,v6560,par,false
v10937,v10652,par,false
v10937,v10938,ser,true
v10938,v10373,char,false
v10938,v10937,ser,true
v10941,v7258,ser,true
v10941,v19902,ser,true
v10942,v5927,orig,true
v10942,v9758,orig,true
v10943,v14583,alt,true
v10948,v4037,char,true
v10948,v15874,char,true
v10949,v18771,set,true
v10950,v12019,fan,true
v10951,v801,seq,true
v10951,v12171,seq,true
v10957,v13108,fan,true
v10968,v1629,seq,true
v10968,v12126,fan,true
v10969,v3226,preq,true
v10972,v15584,fan,true
v10972,v49224,fan,true
v10974,v1982,ser,true
v10974,v19620,ser,true
v10979,v9093,orig,true
v10979,v37097,seq,true
v10980,v7794,orig,true
v10983,v4041,orig,true
v10983,v15105,seq,true
v10984,v7881,orig,true
v10988,v1715,preq,false
v10992,v470,par,true
v10994,v10734,char,true
v10995,v10779,set,false
v10995,v12178,char,false
v10995,v14617,char,false
v10996,v8644,preq,true
v10996,v14193,seq,true
v10997,v13865,set,false
v11001,v8694,alt,true
v11002,v15199,alt,true
v11010,v13917,ser,true
v11019,v15717,ser,true
v11029,v11858,seq,true
v11029,v19786,alt,true
v11029,v31281,seq,false
v11029,v49629,side,false
v11033,v4936,ser,true
v11033,v12595,fan,true
v11033,v21664,ser,true
v11034,v8467,ser,true
v11038,v4594,preq,true
v11038,v15459,set,true
v11039,v10357,preq,true
v11040,v10628,char,true
v11041,v11042,ser,true
v11042,v11041,ser,true
v11042,v11043,ser,true
v11043,v11042,ser,true
v11043,v15025,ser,true
v11045,v7250,char,true
v11051,v15542,char,true
v11051,v16659,side,true
v11051,v18569,seq,true
v11057,v4,char,false
v11058,v33,par,false
v11058,v11247,seq,true
v11058,v11251,par,true
v11058,v11252,set,true
v11059,v12114,seq,true
v11061,v7711,preq,true
v11061,v14882,seq,true
v11071,v8038,ser,true
v11071,v14240,ser,true
v11075,v4450,char,true
v11075,v15026,set,true
v11076,v9707,char,true
v11076,v10116,char,true
v11077,v15926,ser,true
v11080,v10183,preq,true
v11082,v11083,alt,true
v11082,v20265,alt,true
v11083,v11082,alt,true
v11085,v11917,side,true
v11086,v7752,alt,true
v11087,v8462,char,false
v11087,v10126,char,false
v11087,v50276,char,false
v11088,v25525,ser,true
v11093,v10016,preq,true
v11093,v16212,seq,true
v11096,v8928,preq,true
v11096,v12972,seq,true
v11102,v11103,ser,true
v11103,v11102,ser,true
v11103,v57635,seq,true
v11118,v13119,ser,true
v11118,v14807,ser,true
v11118,v15853,seq,true
v11118,v16765,preq,true
v11120,v8028,seq,true
v11120,v11121,char,true
v11120,v21876,alt,true
v11121,v8028,ser,true
v11121,v11120,char,true
v11122,v16896,seq,true
v11123,v3230,set,true
v11123,v7804,char,true
v11124,v192,orig,true
v11124,v915,orig,true
v11124,v927,orig,true
v11124,v11125,seq,true
v11125,v192,orig,true
v11125,v11124,preq,true
v11125,v11126,seq,true
v11126,v192,orig,true
v11126,v11125,preq,true
v11126,v11127,seq,true
v11127,v192,orig,true
v11127,v1507,preq,true
v11127,v11126,preq,true
v11128,v192,orig,true
v11128,v915,orig,true
v11128,v1136,orig,true
v11128,v2585,orig,true
v11129,v192,orig,true
v11129,v1506,char,true
v11129,v2585,char,true
v11130,v192,orig,true
v11130,v1506,orig,true
v11130,v1510,orig,true
v11130,v2585,orig,true
v11131,v471,orig,true
v11131,v1506,orig,true
v11131,v1914,orig,true
v11131,v3823,orig,true
v11132,v852,preq,true
v11133,v1230,alt,true
v11133,v12232,ser,true
v11134,v5127,orig,true
v11135,v1119,orig,true
v11135,v4275,orig,true
v11135,v6029,orig,true
v11135,v6036,orig,true
v11135,v13764,ser,true
v11140,v10654,preq,true
v11142,v9866,preq,true
v11147,v8511,ser,true
v11149,v13702,preq,true
v11154,v11157,preq,true
v11157,v7672,preq,true
v11157,v11154,seq,true
v11161,v11162,char,true
v11162,v11161,char,true
v11162,v13517,char,true
v11179,v14415,fan,true
v11179,v18303,ser,true
v11179,v21724,char,true
v11180,v1859,preq,true
v11182,v48120,char,false
v11186,v7803,orig,true
v11186,v8591,preq,true
v11194,v1181,set,true
v11196,v2542,ser,true
v11200,v15760,seq,true
v11204,v14266,fan,true
v11207,v11208,set,true
v11207,v11209,preq,true
v11207,v11210,set,true
v11208,v11207,set,true
v11208,v11209,set,true
v11208,v11210,set,true
v11209,v11207,seq,true
v11209,v11208,set,true
v11209,v11210,alt,true
v11210,v11207,set,true
v11210,v11208,set,true
v11210,v11209,alt,true
v11214,v10153,ser,true
v11217,v11218,seq,true
v11218,v11217,preq,true
v11225,v5392,ser,true
v11233,v11983,side,true
v11234,v10547,ser,true
v11234,v12398,ser,true
v11235,v10100,ser,true
v11235,v12370,ser,true
v11237,v6763,preq,true
v11237,v13636,seq,true
v11237,v15283,char,true
v11238,v5951,char,false
v11238,v52158,set,true
v11239,v8408,orig,true
v11240,v1715,par,false
v11244,v11245,seq,true
v11244,v11246,ser,true
v11245,v11244,preq,true
v11245,v11246,ser,true
v11246,v11244,ser,true
v11246,v11245,ser,true
v11247,v11058,preq,true
v11247,v11248,seq,true
v11248,v11247,preq,true
v11248,v11249,seq,true
v11249,v11248,preq,true
v11249,v11250,seq,true
v11250,v11249,preq,true
v11251,v33,set,false
v11251,v11058,side,true
v11252,v33,char,false
v11252,v6261,alt,false
v11252,v11058,set,true
v11253,v36,alt,false
v11254,v4564,alt,false
v11255,v11258,ser,true
v11256,v36,par,false
v11257,v2300,preq,true
v11258,v11255,ser,true
v11258,v11259,ser,true
v11258,v11262,set,true
v11259,v11258,ser,true
v11260,v7725,char,false
v11260,v11261,set,true
v11260,v53444,char,false
v11261,v7725,char,false
v11261,v11260,set,true
v11261,v53444,char,false
v11262,v11258,set,true
v11263,v15775,set,false
v11264,v12879,set,false
v11264,v20336,char,false
v11265,v10575,par,true
v11266,v8473,ser,true
v11266,v12555,ser,true
v11269,v1281,orig,true
v11269,v10131,side,true
v11269,v54312,char,false
v11269,v59379,char,true
v11273,v11274,preq,true
v11273,v11275,ser,true
v11274,v11273,seq,true
v11275,v11273,ser,true
v11275,v11276,seq,true
v11276,v11275,preq,true
v11276,v11667,ser,true
v11278,v7683,preq,true
v11278,v15029,seq,true
v11292,v1080,preq,true
v11292,v12267,side,true
v11292,v49509,char,true
v11300,v6714,set,true
v11300,v16339,set,true
v11300,v25366,set,true
v11301,v16483,seq,true
v11301,v19133,set,true
v11301,v32820,set,true
v11308,v11310,seq,true
v11309,v7912,set,true
v11310,v11308,preq,true
v11311,v11318,side,true
v11311,v11319,fan,true
v11311,v11321,side,true
v11311,v18105,char,true
v11312,v7203,orig,true
v11312,v7204,orig,true
v11312,v7675,orig,true
v11313,v7203,orig,true
v11313,v7204,orig,true
v11313,v7675,orig,true
v11314,v7203,orig,true
v11314,v7204,orig,true
v11314,v7675,orig,true
v11315,v5644,preq,true
v11316,v6668,orig,true
v11318,v11311,par,true
v11319,v11311,orig,true
v11320,v11339,seq,true
v11321,v11311,par,true
v11323,v18105,char,true
v11327,v2710,char,true
v11331,v11334,seq,true
v11334,v11331,preq,true
v11339,v11320,preq,true
v11340,v1009,preq,true
v11342,v10035,preq,true
v11342,v13419,fan,true
v11343,v3327,ser,true
v11351,v10371,char,false
v11355,v40047,side,true
v11355,v43464,ser,true
v11358,v11360,preq,true
v11360,v11358,seq,true
v11360,v15198,preq,true
v11362,v11363,side,true
v11362,v11364,seq,true
v11363,v11362,par,true
v11364,v11362,preq,true
v11372,v11382,side,true
v11372,v11383,seq,true
v11372,v11495,seq,true
v11373,v15976,ser,true
v11378,v4403,preq,true
v11378,v4621,char,true
v11378,v7709,char,true
v11378,v9634,char,true
v11378,v16400,seq,true
v11382,v11372,par,true
v11383,v11372,preq,true
v11383,v48619,seq,true
v11387,v7987,seq,false
v11390,v10294,ser,true
v11390,v12677,ser,true
v11399,v4226,ser,true
v11399,v4425,orig,true
v11401,v10188,ser,true
v11407,v11417,ser,true
v11409,v5299,char,false
v11409,v6035,char,false
v11409,v50673,char,false
v11417,v11407,ser,true
v11418,v9626,ser,true
v11418,v10375,char,false
v11418,v16485,ser,true
v11429,v10849,ser,true
v11429,v14502,ser,true
v11430,v9624,ser,true
v11435,v11776,ser,true
v11436,v9619,preq,true
v11437,v7944,ser,true
v11437,v12486,ser,true
v11439,v16810,ser,true
v11440,v16810,ser,true
v11441,v11449,ser,true
v11443,v572,par,true
v11444,v575,par,true
v11449,v11441,ser,true
v11450,v1292,preq,true
v11451,v2443,seq,true
v11451,v2579,ser,true
v11453,v1268,alt,true
v11458,v11461,set,true
v11459,v6770,char,false
v11459,v10783,char,false
v11459,v10784,char,false
v11459,v30272,ser,true
v11459,v53211,char,false
v11460,v11463,ser,true
v11460,v14653,char,false
v11461,v10725,ser,true
v11461,v11458,set,true
v11461,v11464,ser,true
v11463,v11460,ser,true
v11463,v14653,char,false
v11464,v11461,ser,true
v11468,v11470,preq,true
v11469,v12928,fan,true
v11470,v11468,seq,true
v11472,v18944,fan,true
v11472,v42173,set,false
v11473,v7579,char,true
v11475,v7631,seq,true
v11476,v2152,char,false
v11476,v13103,char,false
v11476,v13201,char,false
v11476,v13496,char,false
v11476,v24485,alt,true
v11477,v7454,preq,true
v11479,v7,char,false
v11479,v13966,ser,true
v11479,v13969,seq,true
v11482,v7597,preq,true
v11483,v20134,ser,true
v11484,v23372,seq,true
v11486,v9337,char,true
v11487,v15214,fan,true
v11488,v11496,seq,true
v11491,v2009,orig,true
v11493,v16768,char,true
v11493,v22993,fan,true
v11495,v11372,preq,true
v11496,v11488,preq,true
v11496,v15803,seq,true
v11500,v10255,ser,true
v11500,v12858,fan,true
v11507,v11508,ser,true
v11508,v11507,ser,true
v11510,v6284,orig,true
v11510,v6285,orig,true
v11510,v6286,orig,true
v11514,v11515,ser,true
v11515,v11514,ser,true
v11517,v1566,set,true
v11517,v11519,ser,true
v11517,v26011,char,true
v11519,v1566,set,true
v11519,v2312,char,true
v11519,v11517,ser,true
v11526,v22069,alt,true
v11530,v989,char,false
v11530,v19376,alt,false
v11534,v13168,seq,true
v11547,v13299,char,false
v11547,v14293,char,false
v11547,v17375,char,false
v11547,v17384,char,false
v11551,v14840,char,false
v11551,v31659,char,false
v11557,v13640,seq,true
v11566,v13870,fan,true
v11567,v5,par,true
v11575,v8456,set,true
v11575,v39836,alt,true
v11577,v14969,char,true
v11580,v11586,seq,true
v11586,v11580,preq,true
v11590,v2812,set,true
v11594,v11595,ser,true
v11595,v11594,ser,true
v11597,v2156,char,true
v11600,v11753,ser,true
v11601,v7289,preq,true
v11601,v18449,seq,true
v11603,v17062,ser,true
v11603,v44012,seq,true
v11604,v1621,ser,true
v11605,v10357,ser,true
v11605,v12589,ser,true
v11608,v9241,preq,true
v11608,v12790,seq,true
v11615,v3086,char,true
v11619,v12346,char,true
v11620,v768,set,true
v11621,v1806,orig,true
v11624,v4038,preq,true
v11624,v19311,seq,true
v11625,v30710,set,true
v11631,v21977,preq,true
v11634,v15896,char,true
v11635,v7341,ser,true
v11635,v15429,fan,true
v11635,v15648,preq,true
v11636,v4597,preq,true
v11636,v8030,char,true
v11639,v12865,seq,true
v11645,v9757,ser,true
v11646,v10257,preq,true
v11647,v501,seq,true
v11648,v1567,ser,true
v11648,v11649,seq,true
v11649,v1567,ser,true
v11649,v11648,preq,true
v11656,v15326,char,true
v11658,v1567,ser,true
v11660,v2002,orig,true
v11662,v11663,ser,true
v11663,v11662,ser,true
v11667,v11276,ser,true
v11667,v11668,seq,true
v11668,v11667,preq,true
v11668,v11671,ser,true
v11670,v6697,ser,true
v11670,v16803,ser,true
v11671,v11668,ser,true
v11678,v11679,seq,true
v11678,v11683,seq,true
v11679,v11678,preq,true
v11679,v11683,preq,true
v11681,v51772,char,false
v11682,v5993,preq,true
v11682,v20732,seq,true
v11683,v11678,preq,true
v11683,v11679,seq,true
v11684,v6321,preq,true
v11684,v11685,fan,true
v11684,v18086,seq,true
v11685,v6321,orig,true
v11685,v11684,orig,true
v11691,v10881,ser,true
v11700,v4556,preq,true
v11700,v16590,seq,true
v11706,v11707,seq,true
v11707,v11706,preq,true
v11707,v11708,seq,true
v11708,v11707,preq,true
v11708,v11709,seq,true
v11709,v11708,preq,true
v11711,v8301,set,true
v11711,v14595,set,true
v11712,v780,ser,true
v11713,v12957,seq,true
v11715,v7706,ser,true
v11715,v14013,ser,true
v11725,v15909,ser,true
v11726,v5289,ser,true
v11727,v1118,char,false
v11727,v1121,char,false
v11727,v1122,char,false
v11727,v2497,char,false
v11727,v2500,char,false
v11728,v4656,ser,true
v11728,v11729,ser,true
v11728,v25958,char,true
v11729,v11728,ser,true
v11729,v11730,ser,true
v11730,v11729,ser,true
v11730,v11731,ser,true
v11731,v11730,ser,true
v11731,v11732,ser,true
v11732,v11731,ser,true
v11732,v11733,ser,true
v11733,v11732,ser,true
v11734,v11735,seq,true
v11735,v11734,preq,true
v11735,v12456,seq,true
v11737,v10875,set,true
v11737,v18178,set,true
v11739,v11740,char,true
v11739,v11742,char,true
v11740,v11739,char,true
v11740,v11742,seq,true
v11741,v11743,seq,true
v11742,v11739,char,true
v11742,v11740,preq,true
v11743,v11741,preq,true
v11749,v208,preq,true
v11751,v16442,seq,true
v11753,v11600,ser,true
v11754,v9583,char,false
v11754,v24057,char,false
v11756,v1097,preq,true
v11756,v25815,seq,true
v11758,v19430,char,true
v11760,v8757,ser,true
v11766,v6766,char,true
v11767,v54836,char,true
v11767,v54865,seq,true
v11769,v1940,set,true
v11769,v2088,set,true
v11769,v16418,set,true
v11769,v42652,set,true
v11770,v13607,side,true
v11776,v11435,ser,true
v11778,v7806,preq,true
v11778,v18861,seq,true
v11779,v7512,char,false
v11779,v7515,char,false
v11786,v11790,seq,true
v11790,v11786,preq,true
v11795,v2061,char,false
v11795,v2062,char,false
v11795,v13555,ser,true
v11810,v13613,ser,true
v11811,v11826,ser,true
v11811,v54019,ser,true
v11811,v54020,alt,true
v11812,v9156,char,false
v11821,v48409,set,true
v11821,v48410,set,true
v11826,v11811,ser,true
v11826,v54019,ser,true
v11826,v54020,ser,true
v11827,v13665,preq,true
v11827,v48104,char,false
v11828,v13665,preq,true
v11829,v13665,preq,true
v11836,v10179,set,true
v11836,v15355,set,true
v11845,v22318,ser,true
v11847,v16997,ser,true
v11849,v7853,preq,true
v11849,v17046,seq,true
v11849,v27858,seq,false
v11849,v28127,char,false
v11851,v9643,char,true
v11855,v9198,ser,true
v11855,v15744,ser,true
v11856,v5734,set,true
v11856,v15602,fan,true
v11856,v16166,set,true
v11856,v32655,set,true
v11857,v7772,char,true
v11858,v11029,preq,true
v11858,v14143,seq,true
v11858,v19787,alt,true
v11865,v9196,set,true
v11865,v13895,fan,true
v11866,v7725,char,false
v11870,v2061,char,false
v11870,v2062,char,false
v11871,v11874,ser,true
v11872,v55896,preq,true
v11872,v55897,ser,true
v11874,v11871,ser,true
v11879,v8043,par,true
v11879,v10105,par,true
v11882,v7662,orig,true
v11883,v15297,ser,true
v11887,v2439,char,false
v11887,v4675,char,false
v11887,v5696,char,false
v11887,v11888,ser,true
v11888,v2439,char,false
v11888,v11887,ser,true
v11888,v11889,ser,true
v11889,v4675,char,false
v11889,v5696,char,false
v11889,v11888,ser,true
v11889,v19041,ser,true
v11890,v11891,ser,true
v11891,v11890,ser,true
v11891,v46506,ser,true
v11894,v10088,alt,true
v11899,v10501,char,true
v11899,v14082,char,true
v11901,v6473,ser,true
v11902,v17393,char,false
v11904,v10255,orig,true
v11906,v12794,preq,true
v11908,v6194,preq,true
v11909,v7735,orig,true
v11910,v13349,char,true
v11910,v14164,side,true
v11910,v15083,seq,true
v11910,v34708,ser,true
v11910,v34709,ser,true
v11910,v44572,ser,true
v11910,v53962,ser,true
v11910,v53972,ser,true
v11910,v55191,seq,true
v11916,v4094,ser,true
v11916,v16104,ser,true
v11917,v11085,par,true
v11920,v5295,preq,true
v11920,v21766,seq,true
v11924,v11925,ser,true
v11925,v11924,ser,true
v11927,v15175,seq,true
v11928,v1604,ser,true
v11928,v24722,ser,true
v11929,v9722,set,true
v11933,v7037,set,true
v11937,v1247,char,true
v11937,v4338,ser,true
v11942,v13087,alt,true
v11942,v13792,preq,true
v11942,v14654,seq,true
v11942,v14773,char,true
v11943,v1678,orig,true
v11944,v16449,preq,true
v11946,v20945,ser,true
v11946,v25301,char,true
v11948,v3720,set,true
v11950,v6576,ser,true
v11950,v11952,ser,true
v11952,v11950,ser,true
v11952,v11954,ser,true
v11954,v11952,ser,true
v11956,v11957,seq,true
v11957,v11956,preq,true
v11957,v19153,seq,true
v11961,v15410,ser,true
v11971,v9985,ser,true
v11972,v4976,preq,true
v11975,v7879,char,true
v11975,v10013,preq,true
v11975,v14902,side,true
v11978,v4909,par,true
v11983,v664,par,true
v11983,v11233,par,true
v11984,v1715,ser,true
v11984,v15110,fan,true
v11985,v1678,ser,true
v11985,v1751,ser,true
v11989,v25938,set,true
v11991,v18473,seq,true
v11992,v10210,ser,true
v11992,v13947,ser,true
v12002,v32398,seq,true
v12005,v26073,seq,true
v12006,v4628,par,false
v12007,v12012,seq,true
v12010,v67,char,false
v12012,v12007,preq,true
v12012,v12016,seq,true
v12013,v17489,set,false
v12013,v17490,set,false
v12013,v17493,set,false
v12013,v17511,set,false
v12013,v17518,set,false
v12016,v12012,preq,true
v12017,v7795,preq,true
v12017,v30259,seq,true
v12019,v10950,orig,true
v12020,v7506,char,true
v12022,v12023,ser,true
v12022,v12024,ser,true
v12023,v12022,ser,true
v12024,v12022,ser,true
v12025,v12577,seq,true
v12026,v7742,ser,true
v12030,v7009,char,true
v12033,v6458,alt,true
v12034,v12927,seq,true
v12038,v44534,char,true
v12050,v18847,seq,true
v12053,v3576,fan,true
v12053,v3637,seq,true
v12054,v3640,seq,true
v12054,v12062,preq,true
v12056,v3638,preq,true
v12059,v1502,par,false
v12059,v13295,char,false
v12060,v3576,fan,true
v12060,v12062,seq,true
v12062,v12054,seq,true
v12062,v12060,preq,true
v12064,v3638,seq,true
v12082,v13427,char,true
v12082,v14580,char,true
v12082,v17485,char,true
v12082,v17486,char,true
v12082,v17487,char,true
v12085,v14741,seq,true
v12097,v10700,preq,true
v12097,v12645,seq,true
v12099,v12842,seq,true
v12099,v42753,fan,false
v12099,v61069,alt,true
v12101,v19378,seq,true
v12103,v2500,char,false
v12103,v12106,char,true
v12104,v8462,char,false
v12105,v12518,char,false
v12105,v13976,seq,true
v12105,v55661,ser,true
v12106,v12103,char,true
v12110,v8552,preq,true
v12111,v33,par,false
v12114,v11059,preq,true
v12116,v14590,ser,true
v12122,v10901,alt,true
v12122,v10903,seq,true
v12125,v8203,preq,true
v12126,v10968,orig,true
v12132,v8176,preq,true
v12136,v18413,set,true
v12139,v8499,orig,true
v12141,v9885,orig,true
v12144,v12157,seq,true
v12145,v9721,preq,true
v12145,v15975,seq,true
v12150,v9846,preq,true
v12150,v14649,seq,true
v12150,v15448,fan,true
v12157,v12144,preq,true
v12159,v15910,seq,true
v12162,v8210,set,true
v12165,v18340,seq,true
v12169,v12170,seq,true
v12170,v12169,preq,true
v12171,v10951,preq,true
v12172,v6751,set,true
v12172,v10396,set,true
v12172,v14887,set,true
v12178,v10779,char,false
v12178,v10995,char,false
v12178,v12326,char,false
v12178,v14617,char,false
v12180,v9890,orig,true
v12182,v12227,alt,true
v12182,v12253,alt,true
v12183,v5299,char,false
v12183,v6035,char,false
v12183,v50673,char,false
v12183,v53214,char,false
v12185,v2387,par,true
v12186,v8192,preq,true
v12186,v16413,set,true
v12188,v9915,preq,true
v12189,v9808,preq,true
v12190,v12204,ser,true
v12193,v17298,seq,true
v12194,v219,ser,true
v12196,v6848,alt,true
v12197,v21099,seq,true
v12204,v9852,ser,true
v12204,v12190,ser,true
v12205,v9416,ser,true
v12205,v12206,ser,true
v12206,v12205,ser,true
v12206,v13509,ser,true
v12207,v14092,ser,true
v12212,v15020,char,true
v12214,v23019,seq,true
v12215,v913,preq,true
v12216,v7162,seq,true
v12217,v13629,seq,true
v12218,v15137,set,true
v12219,v9845,alt,true
v12219,v12886,char,false
v12219,v26815,char,false
v12220,v7083,ser,true
v12220,v12847,seq,true
v12220,v14835,ser,true
v12226,v5363,ser,true
v12227,v12182,alt,true
v12227,v12253,alt,true
v12231,v3204,char,true
v12231,v5159,alt,true
v12232,v11133,ser,true
v12238,v12276,par,true
v12239,v12241,seq,true
v12241,v12239,preq,true
v12243,v7,seq,false
v12243,v11,seq,false
v12246,v10680,preq,true
v12246,v18130,fan,true
v12247,v44905,ser,true
v12253,v12182,alt,true
v12253,v12227,alt,true
v12256,v32145,alt,true
v12260,v7672,alt,true
v12260,v13913,fan,true
v12260,v15493,fan,true
v12260,v26370,fan,true
v12261,v15370,seq,true
v12267,v11292,par,true
v12273,v9175,set,true
v12273,v15446,set,true
v12274,v10345,char,false
v12274,v13712,char,false
v12274,v13816,char,false
v12276,v12238,side,true
v12279,v20613,seq,true
v12282,v13911,seq,true
v12283,v9879,orig,true
v12286,v7759,set,true
v12286,v13896,seq,true
v12286,v22326,fan,true
v12287,v9385,char,false
v12287,v10061,char,false
v12287,v12945,char,false
v12287,v12946,char,false
v12287,v13432,char,false
v12287,v13433,char,false
v12287,v13434,char,false
v12287,v13435,char,false
v12287,v15353,char,false
v12287,v15533,char,false
v12287,v15750,char,false
v12287,v17294,char,false
v12287,v17295,char,false
v12287,v17567,char,false
v12287,v17594,char,false
v12289,v10801,preq,true
v12293,v12930,set,true
v12293,v16263,set,true
v12303,v3884,ser,true
v12303,v16935,ser,true
v12309,v2630,set,true
v12312,v7018,ser,true
v12320,v12321,ser,true
v12321,v5576,ser,true
v12321,v12320,ser,true
v12321,v26178,ser,true
v12322,v703,ser,true
v12323,v15724,seq,true
v12326,v12178,char,false
v12326,v14617,char,false
v12332,v1067,ser,true
v12337,v10811,char,true
v12346,v11619,char,true
v12350,v7331,preq,true
v12350,v31489,seq,true
v12353,v5884,preq,true
v12353,v13807,side,true
v12353,v18429,seq,true
v12355,v10214,char,true
v12363,v17332,char,true
v12363,v53528,alt,true
v12366,v3433,ser,true
v12369,v7602,alt,true
v12369,v19119,seq,true
v12369,v21725,char,false
v12369,v28840,char,false
v12370,v11235,ser,true
v12370,v12897,ser,true
v12378,v15539,seq,true
v12378,v24812,alt,true
v12380,v12381,seq,true
v12380,v34613,ser,true
v12380,v34629,ser,true
v12380,v34630,ser,true
v12381,v12380,preq,true
v12381,v38224,side,true
v12386,v9641,preq,true
v12386,v14762,seq,true
v12392,v8435,alt,true
v12392,v18131,char,true
v12392,v28669,side,true
v12394,v1639,char,true
v12396,v10792,set,true
v12397,v10850,ser,true
v12397,v13862,ser,true
v12398,v11234,ser,true
v12398,v16399,ser,true
v12402,v14878,char,true
v12402,v14879,char,true
v12402,v14880,ser,true
v12402,v18397,preq,true
v12402,v18990,fan,true
v12402,v18991,fan,true
v12402,v24294,fan,true
v12402,v25694,fan,true
v12402,v28264,seq,true
v12406,v7935,ser,true
v12406,v7936,ser,true
v12407,v36614,ser,true
v12410,v5303,ser,true
v12411,v12423,set,true
v12416,v22,ser,true
v12416,v12417,ser,true
v12417,v12416,ser,true
v12418,v1364,set,true
v12418,v16640,set,true
v12421,v3126,char,true
v12423,v9929,char,true
v12423,v12411,set,true
v12424,v1715,alt,true
v12424,v9207,char,false
v12424,v13160,char,false
v12424,v16036,char,false
v12424,v17044,char,false
v12424,v17045,char,false
v12425,v1758,preq,true
v12426,v31384,seq,true
v12428,v19646,seq,true
v12433,v26816,fan,true
v12434,v2240,char,true
v12437,v14892,fan,true
v12438,v2089,orig,true
v12442,v27072,ser,true
v12443,v14710,seq,true
v12443,v15946,alt,true
v12445,v1715,par,true
v12447,v7507,set,true
v12447,v16244,fan,true
v12450,v12451,alt,true
v12451,v12450,alt,true
v12452,v12453,ser,true
v12453,v12452,ser,true
v12453,v12454,ser,true
v12454,v12453,ser,true
v12455,v16131,seq,true
v12456,v11735,preq,true
v12456,v12457,seq,true
v12457,v12456,preq,true
v12459,v12460,seq,true
v12460,v12459,preq,true
v12460,v12461,seq,true
v12461,v12460,preq,true
v12462,v7,par,false
v12463,v11,orig,false
v12466,v2138,alt,true
v12468,v5084,alt,true
v12469,v9214,ser,true
v12471,v14781,alt,true
v12471,v14836,alt,true
v12475,v6849,set,true
v12475,v9680,preq,true
v12477,v10802,ser,true
v12477,v19631,ser,true
v12478,v1009,orig,true
v12480,v8158,orig,true
v12480,v12600,char,true
v12481,v397,preq,true
v12481,v398,preq,true
v12481,v6173,preq,true
v12481,v18005,fan,true
v12482,v10237,char,true
v12486,v11437,ser,true
v12489,v10567,preq,true
v12490,v34135,alt,true
v12491,v8190,ser,true
v12495,v15515,seq,true
v12496,v10044,par,false
v12498,v2240,char,true
v12502,v10080,preq,true
v12508,v5280,alt,true
v12509,v4708,set,true
v12510,v264,alt,true
v12512,v3192,preq,true
v12512,v3193,seq,true
v12513,v3193,preq,true
v12513,v12738,seq,true
v12515,v711,alt,false
v12515,v5381,char,false
v12515,v19776,seq,true
v12518,v12105,char,false
v12518,v12711,seq,true
v12519,v434,orig,true
v12525,v28,par,true
v12531,v40589,seq,true
v12543,v2153,char,false
v12544,v10896,seq,true
v12545,v13935,seq,true
v12546,v16061,char,false
v12546,v45797,seq,true
v12547,v4570,char,false
v12547,v20100,char,false
v12555,v11266,ser,true
v12555,v13838,ser,true
v12556,v8076,preq,true
v12557,v25757,char,true
v12559,v6710,set,true
v12561,v15879,fan,true
v12562,v88,set,true
v12562,v19644,set,true
v12570,v169,ser,true
v12571,v10419,orig,true
v12572,v28700,alt,true
v12577,v12025,preq,true
v12577,v18600,seq,true
v12581,v24117,seq,true
v12582,v23210,preq,true
v12582,v24117,preq,true
v12582,v25310,seq,true
v12584,v8505,orig,true
v12586,v2903,preq,true
v12587,v17061,seq,true
v12589,v11605,ser,true
v12589,v13470,ser,true
v12595,v11033,orig,true
v12597,v6450,char,true
v12597,v8759,char,true
v12597,v8760,char,true
v12598,v15344,ser,true
v12599,v7260,set,true
v12600,v8158,set,true
v12600,v12480,char,true
v12601,v22731,fan,true
v12605,v15111,seq,true
v12606,v10867,alt,true
v12606,v15947,fan,true
v12606,v17282,fan,true
v12606,v18296,fan,true
v12607,v8497,set,true
v12607,v10461,set,true
v12610,v10044,set,true
v12610,v16438,set,true
v12615,v12616,ser,true
v12616,v12615,ser,true
v12630,v17731,seq,true
v12633,v16064,preq,true
v12640,v7628,preq,true
v12640,v57627,ser,true
v12645,v12097,preq,true
v12645,v15277,seq,true
v12645,v16263,seq,true
v12645,v18666,seq,true
v12647,v36930,ser,true
v12648,v18740,seq,true
v12658,v1075,set,true
v12658,v19713,set,true
v12669,v12670,preq,true
v12670,v12669,seq,true
v12670,v12673,preq,true
v12673,v12670,seq,true
v12674,v5066,set,true
v12675,v146,char,false
v12676,v12816,ser,true
v12677,v11390,ser,true
v12677,v15886,ser,true
v12679,v12685,preq,true
v12683,v12684,seq,true
v12684,v12683,preq,true
v12685,v12679,seq,true
v12694,v15252,seq,true
v12694,v16415,preq,true
v12694,v22310,ser,true
v12702,v14706,seq,true
v12702,v17698,alt,false
v12703,v68,char,false
v12703,v2153,char,false
v12704,v16783,char,true
v12704,v24627,ser,true
v12704,v52975,char,true
v12705,v53861,char,false
v12706,v11,orig,false
v12707,v12710,seq,true
v12708,v9647,ser,true
v12708,v18008,ser,true
v12710,v12707,preq,true
v12711,v12518,preq,true
v12711,v12713,seq,true
v12713,v12711,preq,true
v12714,v10289,preq,true
v12717,v12718,preq,true
v12718,v12717,seq,true
v12728,v25501,fan,true
v12730,v37856,seq,true
v12732,v34139,seq,true
v12738,v12513,preq,true
v12738,v12739,seq,true
v12739,v12738,preq,true
v12739,v12740,seq,true
v12740,v12739,preq,true
v12740,v12741,seq,true
v12741,v12740,preq,true
v12741,v12742,seq,true
v12742,v12741,preq,true
v12742,v16252,seq,true
v12745,v12746,fan,true
v12746,v12745,orig,true
v12750,v46430,fan,true
v12751,v19847,seq,true
v12753,v15782,char,true
v12753,v17489,set,false
v12753,v17490,set,false
v12753,v17493,set,false
v12753,v17511,set,false
v12753,v17518,set,false
v12754,v26168,set,true
v12754,v26169,set,true
v12759,v13324,seq,true
v12759,v48612,ser,true
v12762,v944,par,true
v12775,v8095,alt,true
v12779,v11,seq,false
v12779,v14554,char,false
v12780,v9763,char,true
v12780,v17854,char,true
v12787,v14809,ser,true
v12789,v23538,set,true
v12790,v11608,preq,true
v12790,v14007,seq,true
v12791,v1143,par,true
v12791,v9879,set,true
v12793,v166,par,true
v12793,v198,par,true
v12794,v10231,preq,true
v12794,v11906,seq,true
v12794,v46514,seq,true
v12795,v5909,ser,true
v12796,v16082,ser,true
v12796,v19982,seq,true
v12800,v5433,char,true
v12812,v22632,set,true
v12816,v12676,ser,true
v12830,v3859,set,true
v12830,v10341,set,true
v12830,v15464,fan,true
v12831,v9125,char,true
v12838,v13643,ser,true
v12840,v10889,orig,true
v12842,v12099,preq,true
v12842,v14665,seq,true
v12842,v61070,alt,true
v12847,v12220,preq,true
v12848,v8615,ser,true
v12849,v4028,set,true
v12849,v20228,fan,true
v12849,v21438,fan,true
v12849,v32620,fan,true
v12849,v32626,ser,true
v12849,v56138,fan,false
v12855,v21132,fan,true
v12856,v7794,ser,true
v12856,v14551,fan,true
v12856,v15653,ser,true
v12856,v60911,side,true
v12857,v7615,ser,true
v12858,v11500,orig,true
v12859,v2584,preq,true
v12865,v11639,preq,true
v12868,v30044,preq,true
v12869,v18818,seq,true
v12871,v10633,preq,true
v12874,v17408,set,true
v12879,v11264,set,false
v12886,v12219,char,false
v12890,v5363,orig,true
v12893,v10546,alt,true
v12893,v15283,char,true
v12893,v17839,alt,true
v12897,v12370,ser,true
v12903,v25862,side,true
v12907,v12908,char,true
v12908,v12907,char,true
v12909,v17256,side,true
v12912,v17176,set,false
v12913,v12958,ser,true
v12913,v28346,fan,true
v12914,v6382,set,true
v12914,v8280,set,true
v12914,v10726,set,true
v12918,v13241,alt,true
v12923,v7461,ser,true
v12926,v13916,seq,true
v12927,v12034,preq,true
v12927,v18427,seq,true
v12928,v11469,orig,true
v12930,v12293,set,true
v12930,v14427,set,true
v12930,v18666,seq,true
v12931,v12936,ser,true
v12931,v14860,seq,true
v12931,v18123,set,true
v12931,v22214,ser,true
v12933,v10640,ser,true
v12933,v16469,ser,true
v12934,v1751,alt,true
v12935,v1678,orig,true
v12935,v1751,orig,true
v12936,v12931,ser,true
v12936,v12938,ser,true
v12936,v17852,alt,true
v12937,v13009,ser,true
v12938,v12936,ser,true
v12938,v12954,ser,true
v12942,v19463,ser,true
v12943,v5916,preq,false
v12944,v5916,preq,false
v12945,v9385,char,true
v12945,v10061,char,false
v12945,v12287,char,false
v12945,v12946,char,true
v12945,v13432,char,false
v12945,v13433,char,false
v12945,v13434,char,false
v12945,v13435,char,false
v12945,v15353,char,false
v12945,v15533,char,false
v12945,v15750,char,false
v12945,v17294,char,false
v12945,v17295,char,false
v12945,v17567,char,false
v12945,v17594,char,false
v12946,v9385,char,true
v12946,v10061,char,false
v12946,v12287,char,false
v12946,v12945,char,true
v12946,v13432,char,false
v12946,v13433,char,false
v12946,v13434,char,false
v12946,v13435,char,false
v12946,v15353,char,false
v12946,v15533,char,false
v12946,v15750,char,false
v12946,v17294,char,false
v12946,v17295,char,false
v12946,v17567,char,false
v12946,v17594,char,false
v12947,v12948,char,true
v12948,v12947,char,true
v12949,v15496,seq,true
v12949,v19355,preq,true
v12949,v21273,char,true
v12951,v75,orig,true
v12954,v12938,ser,true
v12957,v11713,preq,true
v12958,v12913,ser,true
v12959,v10198,ser,true
v12963,v8252,preq,true
v12964,v14856,seq,true
v12966,v7208,char,true
v12966,v8209,char,false
v12966,v13044,char,false
v12966,v13254,char,false
v12966,v13284,char,false
v12966,v13805,char,false
v12969,v12970,char,true
v12970,v12969,char,true
v12972,v11096,preq,true
v12972,v14282,seq,true
v12975,v9897,preq,true
v12975,v14772,seq,true
v12978,v17639,ser,true
v12982,v607,set,true
v12983,v689,set,true
v12984,v1474,set,true
v12984,v19294,fan,true
v12986,v9409,ser,true
v12986,v15641,ser,true
v12986,v25344,fan,true
v12986,v35504,fan,true
v12986,v35505,fan,true
v12986,v35507,fan,true
v12986,v35508,fan,true
v12988,v14294,char,true
v12988,v14961,char,true
v12994,v10325,preq,true
v12994,v15360,fan,true
v13000,v9935,set,true
v13000,v16681,set,true
v13000,v16685,set,true
v13000,v19705,set,true
v13001,v29835,ser,true
v13002,v29825,seq,true
v13002,v31214,char,true
v13003,v17489,set,false
v13003,v17490,set,false
v13003,v17493,set,false
v13003,v17511,set,false
v13003,v17518,set,false
v13003,v27324,char,false
v13009,v12937,ser,true
v13010,v13011,seq,true
v13011,v13010,preq,true
v13011,v13554,seq,true
v13015,v16106,char,true
v13033,v18316,seq,true
v13035,v14225,side,true
v13036,v10836,alt,true
v13037,v13038,ser,true
v13038,v13037,ser,true
v13039,v15816,seq,true
v13044,v7208,char,false
v13044,v8209,char,false
v13044,v12966,char,false
v13044,v13254,char,false
v13044,v13284,char,false
v13044,v13805,char,false
v13046,v15584,fan,true
v13046,v36310,fan,true
v13048,v21308,alt,true
v13056,v16276,seq,true
v13056,v22301,preq,true
v13059,v5381,set,true
v13059,v15891,seq,true
v13059,v17959,char,true
v13063,v13064,seq,true
v13064,v13063,preq,true
v13066,v37795,char,true
v13066,v54862,char,true
v13067,v5410,preq,true
v13067,v7614,char,true
v13072,v10606,alt,true
v13072,v24291,char,true
v13074,v10608,orig,true
v13078,v13971,seq,true
v13081,v13082,seq,true
v13082,v13081,preq,true
v13083,v6355,preq,true
v13083,v18689,alt,true
v13083,v19494,seq,true
v13085,v3591,par,true
v13085,v13088,seq,true
v13085,v16706,fan,true
v13087,v11942,alt,true
v13087,v14773,char,true
v13088,v3591,preq,true
v13088,v13085,preq,true
v13091,v5299,ser,true
v13091,v50673,char,false
v13096,v9752,seq,true
v13103,v2152,char,false
v13103,v11476,char,false
v13103,v13201,char,false
v13103,v13496,char,false
v13103,v24485,char,false
v13105,v6438,orig,true
v13105,v16261,char,true
v13108,v10957,orig,true
v13114,v24600,ser,true
v13116,v13117,seq,true
v13117,v13116,preq,true
v13119,v11118,ser,true
v13119,v14807,alt,true
v13119,v15853,ser,true
v13120,v13121,seq,true
v13121,v13120,preq,true
v13124,v50763,seq,true
v13126,v13963,ser,true
v13126,v14236,char,false
v13127,v7713,preq,true
v13128,v13129,char,false
v13129,v13128,char,false
v13130,v43220,seq,true
v13135,v13351,preq,true
v13138,v17362,fan,true
v13145,v13149,seq,true
v13145,v13152,alt,true
v13145,v13153,char,false
v13149,v13145,preq,true
v13152,v13145,alt,true
v13153,v13145,char,false
v13160,v9207,char,true
v13160,v12424,char,false
v13160,v16036,char,true
v13167,v15017,seq,true
v13168,v11534,preq,true
v13168,v13169,seq,true
v13169,v13168,preq,true
v13171,v13172,seq,true
v13172,v13171,preq,true
v13178,v13179,seq,true
v13179,v13178,preq,true
v13179,v13180,seq,true
v13180,v13179,preq,true
v13180,v13181,seq,true
v13181,v13180,preq,true
v13181,v13504,seq,true
v13185,v25442,alt,true
v13188,v1967,preq,true
v13188,v31818,seq,true
v13188,v43459,fan,true
v13188,v44208,fan,true
v13188,v44209,fan,true
v13190,v9303,orig,true
v13198,v17218,seq,true
v13201,v2152,char,false
v13201,v11476,char,false
v13201,v13103,char,false
v13201,v13496,char,false
v13201,v24485,char,false
v13202,v56511,set,true
v13213,v13220,ser,true
v13213,v14032,ser,true
v13220,v13213,ser,true
v13220,v14033,ser,true
v13223,v10238,set,true
v13224,v10415,char,true
v13225,v13226,seq,true
v13226,v13225,preq,true
v13228,v16092,fan,true
v13229,v7009,orig,true
v13232,v15244,seq,true
v13232,v16613,fan,true
v13238,v15140,seq,true
v13241,v12918,alt,true
v13244,v15552,seq,true
v13253,v15890,preq,true
v13253,v19973,seq,true
v13254,v7208,char,false
v13254,v12966,char,false
v13254,v13044,char,false
v13254,v13284,char,false
v13254,v13805,set,false
v13255,v7208,preq,true
v13257,v8209,preq,true
v13260,v15437,fan,true
v13260,v17790,ser,true
v13262,v31896,ser,true
v13265,v1150,ser,true
v13266,v20917,set,false
v13267,v4852,preq,true
v13282,v13972,seq,true
v13284,v7208,char,false
v13284,v12966,char,false
v13284,v13044,char,false
v13284,v13254,char,false
v13284,v13805,set,false
v13288,v11,par,false
v13292,v46661,alt,true
v13294,v37806,seq,true
v13295,v1502,set,false
v13295,v9185,set,false
v13295,v12059,char,false
v13295,v13446,char,false
v13299,v11547,char,false
v13299,v14293,char,false
v13299,v17375,char,false
v13299,v17384,char,false
v13299,v61676,char,false
v13313,v13393,side,true
v13313,v13394,side,true
v13313,v13872,side,true
v13313,v13925,side,true
v13318,v18619,preq,true
v13322,v25347,char,true
v13323,v25347,char,true
v13324,v12759,preq,true
v13324,v48612,preq,true
v13325,v176,set,true
v13325,v49362,set,true
v13327,v14770,seq,true
v13334,v7608,ser,true
v13340,v10781,ser,true
v13347,v13348,seq,true
v13348,v13347,preq,true
v13349,v11910,char,true
v13350,v17523,alt,true
v13351,v13135,seq,true
v13352,v47334,seq,true
v13354,v7896,set,false
v13354,v19429,set,false
v13354,v20556,set,false
v13354,v21152,set,false
v13354,v22169,set,false
v13354,v26725,set,false
v13354,v27148,set,false
v13354,v28973,set,false
v13357,v45386,seq,true
v13359,v13360,side,true
v13360,v13359,par,true
v13361,v14395,seq,true
v13362,v14395,char,true
v13362,v14397,char,true
v13363,v13366,char,true
v13363,v13369,char,true
v13363,v13370,char,true
v13363,v17503,char,true
v13364,v9993,alt,true
v13364,v13991,seq,true
v13366,v13363,char,true
v13366,v13369,char,true
v13366,v13370,char,true
v13366,v17503,char,true
v13367,v13368,char,true
v13368,v13367,char,true
v13369,v13363,char,true
v13369,v13366,char,true
v13369,v13370,char,true
v13369,v17503,char,true
v13370,v13363,char,true
v13370,v13366,char,true
v13370,v13369,char,true
v13370,v17503,char,true
v13372,v13373,preq,true
v13373,v13372,seq,true
v13385,v33278,alt,true
v13386,v15958,fan,true
v13392,v14182,side,true
v13393,v13313,par,true
v13394,v13313,par,true
v13395,v5916,char,false
v13395,v14409,seq,true
v13411,v4026,set,true
v13411,v13940,ser,true
v13419,v11342,orig,true
v13419,v19610,ser,true
v13427,v12082,char,true
v13427,v14580,char,true
v13427,v17485,char,true
v13427,v17486,char,true
v13427,v17487,char,true
v13429,v19406,preq,true
v13429,v28263,seq,true
v13430,v10694,orig,true
v13430,v10730,orig,true
v13431,v19112,alt,true
v13432,v9385,char,false
v13432,v10061,char,false
v13432,v12287,char,false
v13432,v12945,char,false
v13432,v12946,char,false
v13432,v13433,char,false
v13432,v13434,char,false
v13432,v13435,char,false
v13432,v15353,char,false
v13432,v15533,char,false
v13432,v15750,char,false
v13432,v17294,char,false
v13432,v17295,char,false
v13432,v17567,char,false
v13432,v17594,char,false
v13433,v9385,char,false
v13433,v10061,char,false
v13433,v12287,char,false
v13433,v12945,char,false
v13433,v12946,char,false
v13433,v13432,char,false
v13433,v13434,char,true
v13433,v13435,char,true
v13433,v15353,char,true
v13433,v15533,char,true
v13433,v15750,char,false
v13433,v17294,char,false
v13433,v17295,char,true
v13433,v17567,char,false
v13433,v17594,char,false
v13434,v9385,char,false
v13434,v10061,char,false
v13434,v12287,char,false
v13434,v12945,char,false
v13434,v12946,char,false
v13434,v13432,char,false
v13434,v13433,char,true
v13434,v13435,char,true
v13434,v15353,char,true
v13434,v15533,char,true
v13434,v15750,char,false
v13434,v17294,char,false
v13434,v17295,char,true
v13434,v17567,char,false
v13434,v17594,char,false
v13435,v9385,char,false
v13435,v10061,char,false
v13435,v12287,char,false
v13435,v12945,char,false
v13435,v12946,char,false
v13435,v13432,char,false
v13435,v13433,char,true
v13435,v13434,char,true
v13435,v15353,char,true
v13435,v15533,char,true
v13435,v15750,char,false
v13435,v17294,char,false
v13435,v17295,char,true
v13435,v17567,char,false
v13435,v17594,char,false
v13441,v18693,seq,true
v13444,v16511,ser,true
v13446,v1502,char,false
v13446,v5434,char,false
v13446,v9185,set,false
v13446,v13295,char,false
v13447,v10694,par,true
v13447,v10730,par,true
v13451,v5916,char,false
v13452,v10895,par,false
v13453,v10694,par,true
v13453,v10730,par,true
v13454,v15075,alt,true
v13458,v13459,seq,true
v13459,v13458,preq,true
v13460,v14773,char,true
v13461,v13462,ser,true
v13462,v13461,ser,true
v13466,v6654,ser,true
v13466,v16017,ser,true
v13468,v13509,ser,true
v13470,v12589,ser,true
v13470,v14837,ser,true
v13476,v13477,seq,true
v13477,v13476,preq,true
v13482,v13483,ser,true
v13483,v13482,ser,true
v13483,v14241,ser,true
v13485,v13486,ser,true
v13486,v13485,ser,true
v13486,v13487,ser,true
v13487,v13486,ser,true
v13487,v13488,ser,true
v13488,v13487,ser,true
v13488,v13489,ser,true
v13489,v13488,ser,true
v13489,v13995,ser,true
v13493,v47813,alt,true
v13496,v2152,char,false
v13496,v11476,char,false
v13496,v13103,char,false
v13496,v13201,char,false
v13496,v24485,char,false
v13498,v40071,side,true
v13504,v13181,preq,true
v13509,v12206,ser,true
v13509,v13468,ser,true
v13510,v16400,char,true
v13510,v17090,char,true
v13514,v41935,seq,true
v13514,v41954,alt,true
v13517,v11162,char,true
v13521,v6868,alt,true
v13521,v6896,ser,true
v13522,v6889,char,true
v13522,v22350,ser,true
v13541,v14400,seq,true
v13545,v22235,side,true
v13545,v29117,side,true
v13550,v13671,set,false
v13551,v39464,char,true
v13553,v7529,set,true
v13553,v28198,ser,true
v13554,v13011,preq,true
v13555,v2061,char,false
v13555,v2062,char,false
v13555,v11795,ser,true
v13556,v16486,ser,true
v13556,v18935,alt,true
v13572,v13573,side,true
v13573,v13572,par,true
v13574,v24943,alt,true
v13582,v13583,side,true
v13583,v13582,par,true
v13590,v1123,par,true
v13591,v15185,char,true
v13593,v4527,char,false
v13594,v7837,preq,true
v13596,v17791,seq,true
v13596,v17792,seq,true
v13596,v25005,ser,true
v13596,v42434,set,true
v13602,v13603,seq,true
v13603,v13602,preq,true
v13607,v11770,par,true
v13612,v26447,side,true
v13613,v11810,ser,true
v13619,v13875,seq,true
v13620,v13621,seq,true
v13621,v13620,preq,true
v13629,v12217,preq,true
v13630,v1335,char,true
v13631,v7636,set,true
v13631,v15892,fan,true
v13631,v19369,set,true
v13632,v10641,ser,true
v13632,v15869,ser,true
v13632,v26180,set,true
v13636,v11237,preq,true
v13636,v15283,char,true
v13636,v16629,seq,true
v13636,v18769,char,true
v13640,v11557,preq,true
v13643,v12838,ser,true
v13647,v7019,char,false
v13648,v13649,alt,true
v13649,v13648,alt,true
v13657,v36096,preq,true
v13658,v51772,char,false
v13664,v13665,preq,true
v13664,v55505,char,false
v13665,v11827,seq,true
v13665,v11828,seq,true
v13665,v11829,seq,true
v13665,v13664,seq,true
v13666,v37274,seq,true
v13671,v13550,set,false
v13675,v22756,ser,true
v13682,v1007,orig,true
v13682,v2965,orig,true
v13682,v5050,orig,true
v13682,v6748,orig,true
v13682,v7337,orig,true
v13682,v10809,orig,true
v13685,v2652,preq,true
v13686,v5361,par,true
v13687,v5299,char,false
v13687,v50673,set,false
v13695,v16916,set,true
v13695,v47582,set,true
v13696,v16718,fan,true
v13702,v11149,seq,true
v13705,v22343,seq,true
v13706,v26567,seq,true
v13706,v26571,side,true
v13709,v7019,char,false
v13712,v12274,char,false
v13717,v451,alt,true
v13717,v9636,ser,true
v13717,v21068,ser,true
v13722,v14608,ser,true
v13722,v16434,ser,true
v13724,v22718,char,true
v13725,v22718,char,true
v13726,v22718,char,true
v13727,v13728,seq,true
v13727,v14773,char,true
v13728,v13727,preq,true
v13728,v13741,seq,true
v13728,v14773,char,true
v13729,v9961,ser,true
v13729,v9969,ser,true
v13735,v717,preq,false
v13735,v9889,alt,false
v13739,v13740,preq,true
v13740,v13739,seq,true
v13740,v14096,side,true
v13741,v13728,preq,true
v13741,v13756,seq,true
v13741,v14773,char,true
v13756,v13741,preq,true
v13756,v13792,seq,true
v13756,v14773,char,true
v13758,v13759,ser,true
v13759,v13758,ser,true
v13760,v4185,par,true
v13764,v4238,char,true
v13764,v11135,ser,true
v13764,v26446,ser,true
v13764,v55031,side,true
v13765,v7603,preq,true
v13765,v13766,seq,true
v13766,v13765,preq,true
v13770,v4889,preq,true
v13770,v5173,seq,true
v13772,v5186,char,true
v13772,v24670,char,true
v13773,v5174,ser,true
v13774,v9280,alt,false
v13774,v20335,char,false
v13774,v21002,char,false
v13786,v15371,char,true
v13792,v11942,seq,true
v13792,v13756,preq,true
v13792,v14773,char,true
v13796,v20258,seq,true
v13796,v25623,ser,true
v13802,v1841,char,true
v13802,v1860,char,true
v13802,v2045,alt,true
v13802,v6985,preq,true
v13802,v20802,seq,true
v13804,v7803,preq,true
v13805,v7208,set,false
v13805,v8209,char,false
v13805,v12966,char,false
v13805,v13044,char,false
v13805,v13254,set,false
v13805,v13284,set,false
v13807,v5884,par,true
v13807,v12353,par,true
v13810,v10678,preq,true
v13810,v13811,side,true
v13811,v3883,char,true
v13811,v10678,par,true
v13811,v13810,par,true
v13816,v10345,char,false
v13816,v12274,char,false
v13817,v17263,seq,true
v13827,v2061,char,false
v13827,v2062,char,false
v13828,v17695,seq,true
v13828,v38392,alt,true
v13838,v12555,ser,true
v13838,v18287,ser,true
v13842,v16657,ser,true
v13855,v4334,ser,true
v13862,v12397,ser,true
v13865,v10997,set,false
v13865,v16921,seq,true
v13865,v25000,char,false
v13865,v56160,char,false
v13870,v11566,orig,true
v13871,v20126,char,false
v13872,v13313,par,true
v13875,v13619,preq,true
v13878,v8161,ser,true
v13886,v9648,char,true
v13887,v9648,char,true
v13890,v16983,seq,true
v13895,v471,char,true
v13895,v897,char,true
v13895,v1198,char,true
v13895,v9196,orig,true
v13895,v11865,orig,true
v13896,v12286,preq,true
v13896,v20234,char,true
v13896,v21124,seq,true
v13899,v13900,side,true
v13900,v13899,par,true
v13901,v18734,seq,true
v13902,v14239,char,false
v13905,v26047,fan,true
v13907,v19136,ser,true
v13911,v12282,preq,true
v13912,v6572,preq,true
v13912,v15891,char,true
v13912,v17959,seq,true
v13913,v12260,orig,true
v13916,v12926,preq,true
v13916,v19231,seq,true
v13917,v11010,ser,true
v13918,v9338,orig,true
v13921,v16627,preq,true
v13925,v13313,par,true
v13926,v20,char,false
v13926,v8034,seq,true
v13927,v20,char,false
v13927,v8034,seq,true
v13928,v17926,seq,true
v13928,v39087,char,true
v13929,v16946,char,false
v13929,v16947,char,false
v13929,v17573,char,false
v13929,v17923,char,false
v13929,v18442,char,false
v13929,v30921,char,false
v13929,v31707,char,false
v13931,v5951,char,false
v13932,v9585,ser,true
v13932,v9707,char,false
v13933,v2061,char,false
v13933,v13934,ser,true
v13934,v2061,char,false
v13934,v13933,ser,true
v13935,v12545,preq,true
v13938,v746,char,false
v13938,v13939,ser,true
v13939,v746,char,false
v13939,v13938,ser,true
v13940,v13411,ser,true
v13942,v14304,ser,true
v13943,v15417,set,true
v13943,v20367,ser,true
v13946,v9247,preq,true
v13947,v11992,ser,true
v13948,v24703,fan,true
v13952,v27043,side,true
v13960,v13961,seq,true
v13961,v13960,preq,true
v13962,v3113,set,true
v13962,v19345,ser,true
v13963,v13126,ser,true
v13963,v14981,ser,true
v13966,v7,char,false
v13966,v11479,ser,true
v13966,v13967,ser,true
v13967,v13966,ser,true
v13967,v13968,ser,true
v13968,v7,char,false
v13968,v13967,ser,true
v13968,v13969,ser,true
v13969,v7,char,false
v13969,v165,char,false
v13969,v11479,preq,true
v13969,v13968,ser,true
v13969,v13970,ser,true
v13970,v13969,ser,true
v13971,v13078,preq,true
v13971,v14162,seq,true
v13972,v13282,preq,true
v13972,v18653,seq,true
v13973,v24,char,false
v13975,v3142,orig,true
v13976,v12105,preq,true
v13976,v55661,ser,true
v13991,v10113,alt,true
v13991,v13364,preq,true
v13991,v15854,seq,true
v13995,v13489,ser,true
v13995,v14683,ser,true
v13997,v10041,preq,true
v13999,v770,alt,true
v13999,v2836,preq,true
v13999,v16341,set,true
v14000,v10833,preq,true
v14005,v6682,set,true
v14005,v16340,ser,true
v14005,v18723,set,true
v14005,v27456,ser,true
v14007,v12790,preq,true
v14008,v19515,ser,true
v14013,v11715,ser,true
v14015,v7674,preq,true
v14018,v17100,set,true
v14018,v19953,fan,true
v14018,v22505,preq,true
v14018,v49006,set,false
v14019,v7595,preq,true
v14020,v36,alt,false
v14020,v14025,ser,true
v14021,v14026,ser,true
v14022,v1414,alt,true
v14022,v18970,seq,true
v14024,v236,char,false
v14025,v33,par,false
v14025,v14020,ser,true
v14025,v14076,seq,true
v14026,v14021,ser,true
v14029,v14030,alt,true
v14030,v14029,alt,true
v14031,v5607,preq,true
v14031,v14046,alt,true
v14031,v14070,seq,true
v14032,v13213,ser,true
v14033,v13220,ser,true
v14033,v14386,ser,true
v14036,v15676,side,true
v14039,v78,orig,true
v14046,v14031,alt,true
v14059,v7422,preq,true
v14069,v7773,preq,true
v14070,v8839,seq,true
v14070,v14031,preq,true
v14076,v33,alt,false
v14076,v927,char,false
v14076,v14025,preq,true
v14082,v10501,char,true
v14082,v11899,char,true
v14082,v18344,char,true
v14087,v23079,char,true
v14092,v12207,ser,true
v14092,v15867,ser,true
v14095,v14261,seq,true
v14096,v13740,par,true
v14108,v15926,ser,true
v14108,v16926,ser,true
v14109,v14708,set,false
v14109,v14945,set,false
v14109,v17096,char,false
v14109,v17097,char,false
v14109,v17662,char,false
v14109,v18359,char,false
v14110,v16480,side,true
v14110,v16481,seq,true
v14110,v18471,char,true
v14110,v18472,alt,true
v14110,v58544,side,true
v14112,v16221,alt,true
v14112,v17694,seq,true
v14112,v58411,alt,true
v14113,v43709,par,true
v14114,v14115,seq,true
v14115,v14114,preq,true
v14122,v22624,seq,true
v14141,v5324,preq,true
v14143,v11858,preq,true
v14143,v19787,preq,true
v14145,v20764,preq,true
v14149,v6447,orig,true
v14152,v3806,char,true
v14152,v14153,side,true
v14153,v3806,char,true
v14153,v14152,par,true
v14154,v851,par,true
v14156,v38348,side,true
v14158,v27712,side,true
v14158,v27728,side,true
v14158,v27730,side,true
v14161,v17884,seq,true
v14162,v13971,preq,true
v14164,v11910,par,true
v14165,v14166,side,true
v14166,v14165,par,true
v14172,v17229,seq,true
v14172,v62092,alt,true
v14177,v14178,seq,true
v14178,v14177,preq,true
v14182,v13392,par,true
v14183,v9028,par,true
v14193,v10996,preq,true
v14199,v15228,set,true
v14201,v14202,side,true
v14202,v14201,par,true
v14222,v48628,ser,true
v14225,v13035,par,true
v14233,v14234,set,true
v14234,v14233,set,true
v14236,v13126,char,false
v14236,v14238,ser,true
v14236,v14239,ser,true
v14236,v16288,char,false
v14236,v16299,char,false
v14237,v14238,ser,true
v14237,v30868,char,true
v14238,v14236,ser,true
v14238,v14237,ser,true
v14239,v13902,char,false
v14239,v14236,ser,true
v14239,v14358,set,false
v14239,v16299,char,false
v14239,v16622,char,false
v14239,v17280,set,false
v14239,v17471,set,false
v14239,v18787,char,false
v14239,v28841,char,false
v14240,v11071,ser,true
v14240,v14365,ser,true
v14241,v13483,ser,true
v14241,v18324,ser,true
v14243,v32384,char,true
v14248,v10055,par,true
v14249,v9886,alt,true
v14253,v14972,ser,true
v14253,v19425,ser,true
v14253,v19567,ser,true
v14255,v14256,char,true
v14255,v17053,char,false
v14255,v17060,char,true
v14256,v14255,char,true
v14256,v17060,alt,true
v14258,v33855,char,true
v14259,v58406,side,true
v14261,v14095,preq,true
v14261,v39027,seq,true
v14263,v4025,preq,true
v14264,v5289,ser,true
v14264,v16407,fan,true
v14265,v9124,set,true
v14265,v18778,set,true
v14265,v28160,side,true
v14266,v11204,orig,true
v14267,v15395,seq,true
v14270,v9754,preq,true
v14273,v14,ser,true
v14274,v5399,alt,true
v14278,v20321,seq,true
v14279,v7014,alt,false
v14280,v9845,char,false
v14282,v12972,preq,true
v14282,v15074,fan,true
v14282,v15734,seq,true
v14289,v14292,seq,true
v14292,v14289,preq,true
v14292,v21812,side,true
v14293,v11547,char,false
v14293,v13299,char,false
v14293,v17375,char,false
v14293,v17384,char,false
v14293,v61676,char,false
v14294,v192,char,true
v14294,v1506,char,true
v14294,v1509,ser,true
v14294,v1914,char,true
v14294,v8499,char,true
v14294,v12988,char,true
v14294,v24186,fan,true
v14301,v14302,ser,true
v14302,v14301,ser,true
v14304,v13942,ser,true
v14304,v24698,ser,true
v14308,v14309,preq,true
v14309,v14308,seq,true
v14314,v56447,ser,true
v14320,v41280,seq,true
v14321,v10876,set,true
v14323,v10294,preq,true
v14325,v6668,ser,true
v14327,v7662,ser,true
v14327,v15799,fan,true
v14330,v4877,ser,true
v14330,v19089,ser,true
v14340,v801,orig,true
v14345,v857,set,true
v14353,v16898,preq,true
v14358,v14239,set,false
v14359,v4111,set,true
v14361,v10005,ser,true
v14362,v8462,char,false
v14365,v14240,ser,true
v14365,v19182,ser,true
v14367,v19057,seq,true
v14371,v17472,char,false
v14372,v28766,seq,true
v14375,v3287,char,false
v14375,v15232,char,false
v14375,v15865,char,false
v14375,v17837,char,false
v14375,v22023,char,true
v14376,v14377,seq,true
v14377,v14376,preq,true
v14386,v14033,ser,true
v14389,v1194,char,false
v14395,v13361,preq,true
v14395,v13362,char,true
v14395,v14397,seq,true
v14397,v13362,char,true
v14397,v14395,preq,true
v14397,v14398,seq,true
v14398,v14397,preq,true
v14400,v13541,preq,true
v14400,v15148,seq,true
v14408,v50,char,false
v14409,v5916,char,false
v14409,v13395,preq,true
v14411,v9362,char,false
v14411,v17473,char,false
v14411,v17474,char,false
v14415,v11179,orig,true
v14425,v326,char,true
v14425,v1104,char,true
v14425,v1603,alt,true
v14425,v1604,char,true
v14427,v12930,set,true
v14432,v2800,orig,true
v14432,v3623,orig,true
v14432,v6289,orig,true
v14432,v7581,orig,true
v14432,v14466,orig,true
v14434,v315,char,false
v14434,v14435,seq,true
v14435,v315,char,false
v14435,v14434,preq,true
v14435,v14436,seq,true
v14436,v315,char,false
v14436,v14435,preq,true
v14449,v14450,seq,true
v14450,v14449,preq,true
v14451,v21103,alt,true
v14453,v33270,char,false
v14457,v7163,ser,true
v14458,v15526,ser,true
v14461,v33030,ser,true
v14466,v2800,char,true
v14466,v3623,char,true
v14466,v6373,char,true
v14466,v7581,char,true
v14466,v14432,fan,true
v14466,v18102,char,true
v14486,v20707,preq,true
v14493,v6776,preq,true
v14493,v16400,char,true
v14493,v17090,char,true
v14496,v19134,ser,true
v14502,v5857,char,false
v14502,v11429,ser,true
v14502,v16688,ser,true
v14505,v10282,ser,true
v14507,v14508,seq,true
v14507,v14511,preq,true
v14508,v14507,preq,true
v14511,v14507,seq,true
v14513,v9052,preq,true
v14516,v14517,ser,true
v14517,v14516,ser,true
v14518,v15055,seq,true
v14519,v4909,orig,true
v14520,v16218,seq,true
v14523,v1085,set,true
v14523,v16883,fan,true
v14526,v14527,set,true
v14526,v45323,side,true
v14526,v45324,alt,true
v14527,v14526,set,true
v14527,v45325,seq,true
v14532,v43070,side,true
v14537,v14538,ser,true
v14537,v14545,ser,true
v14537,v19259,alt,true
v14538,v14537,ser,true
v14538,v14539,ser,true
v14538,v14545,ser,true
v14539,v14538,ser,true
v14539,v14545,ser,true
v14543,v9469,ser,true
v14543,v14544,ser,true
v14544,v14543,ser,true
v14544,v21851,ser,true
v14545,v14537,ser,true
v14545,v14538,ser,true
v14545,v14539,ser,true
v14545,v14546,seq,true
v14546,v14545,preq,true
v14547,v15287,ser,true
v14548,v2516,char,true
v14550,v8282,ser,true
v14551,v12856,orig,true
v14554,v11,seq,false
v14554,v12779,char,false
v14554,v15808,alt,false
v14554,v45083,alt,false
v14556,v59919,alt,true
v14558,v10833,orig,true
v14560,v14561,ser,true
v14561,v14560,ser,true
v14563,v14565,side,true
v14563,v14566,side,true
v14565,v14563,par,true
v14566,v14563,par,true
v14573,v5916,char,false
v14576,v59414,alt,true
v14577,v14578,seq,true
v14577,v17489,char,false
v14577,v17490,char,false
v14577,v17493,char,false
v14577,v17511,char,false
v14577,v17518,char,false
v14578,v14577,preq,true
v14580,v12082,char,true
v14580,v13427,char,true
v14580,v17485,char,true
v14580,v17486,char,true
v14580,v17487,char,true
v14583,v10382,seq,true
v14583,v10943,alt,true
v14590,v12116,ser,true
v14592,v21399,seq,true
v14593,v17264,seq,true
v14595,v11711,set,true
v14595,v18749,set,true
v14596,v15312,seq,true
v14600,v67,alt,false
v14601,v2065,alt,true
v14608,v13722,ser,true
v14608,v15221,ser,true
v14611,v1778,char,true
v14611,v8089,preq,true
v14617,v10779,char,false
v14617,v10995,char,false
v14617,v12178,char,false
v14617,v12326,char,false
v14618,v19083,preq,true
v14618,v24672,seq,true
v14621,v51,par,false
v14628,v15414,ser,true
v14633,v17919,set,false
v14633,v21504,char,true
v14633,v21508,char,false
v14640,v18307,ser,true
v14644,v717,preq,false
v14646,v5628,set,true
v14646,v20223,set,true
v14646,v46924,set,true
v14647,v14817,alt,true
v14647,v16321,alt,true
v14649,v12150,preq,true
v14649,v17345,fan,true
v14649,v18945,seq,true
v14652,v20747,seq,true
v14653,v11460,char,false
v14653,v11463,char,false
v14654,v11942,preq,true
v14654,v14773,char,true
v14654,v14937,preq,true
v14657,v14658,seq,true
v14658,v14657,preq,true
v14663,v14664,seq,true
v14664,v14663,preq,true
v14665,v12842,preq,true
v14666,v15245,side,true
v14669,v43018,char,true
v14671,v1413,preq,false
v14673,v14675,preq,true
v14674,v14675,seq,true
v14675,v14673,seq,true
v14675,v14674,preq,true
v14682,v5113,ser,true
v14682,v8429,ser,true
v14682,v8430,ser,true
v14683,v13995,ser,true
v14683,v15013,ser,true
v14690,v10694,char,true
v14706,v12702,preq,true
v14706,v16842,seq,true
v14708,v14109,set,false
v14708,v14945,set,false
v14708,v17096,char,false
v14708,v17097,char,false
v14708,v17662,char,false
v14708,v18359,char,false
v14710,v12443,preq,true
v14710,v18368,ser,true
v14711,v15757,char,true
v14711,v16931,fan,true
v14711,v17993,seq,true
v14711,v19214,set,true
v14711,v19556,fan,true
v14711,v19697,fan,true
v14711,v19901,fan,true
v14711,v20099,fan,true
v14711,v20516,fan,true
v14711,v20840,char,true
v14711,v21010,fan,true
v14711,v22320,fan,true
v14711,v22444,fan,true
v14711,v22575,fan,true
v14711,v24651,fan,true
v14711,v27880,fan,true
v14741,v12085,preq,true
v14741,v16158,seq,true
v14747,v4499,orig,true
v14747,v17603,orig,true
v14759,v17077,fan,true
v14760,v16742,fan,true
v14762,v12386,preq,true
v14764,v26428,ser,true
v14770,v13327,preq,true
v14772,v3346,char,true
v14772,v9897,char,true
v14772,v12975,preq,true
v14773,v11942,char,true
v14773,v13087,char,true
v14773,v13460,char,true
v14773,v13727,char,true
v14773,v13728,char,true
v14773,v13741,char,true
v14773,v13756,char,true
v14773,v13792,char,true
v14773,v14654,char,true
v14778,v7202,char,true
v14779,v7593,preq,true
v14779,v17984,ser,true
v14779,v21273,char,true
v14781,v12471,alt,true
v14781,v14782,seq,true
v14782,v14781,preq,true
v14782,v14783,seq,true
v14783,v14782,preq,true
v14783,v14784,seq,true
v14784,v14783,preq,true
v14785,v53166,preq,true
v14785,v53168,seq,true
v14785,v53171,seq,true
v14786,v14997,char,true
v14786,v15555,seq,true
v14793,v16106,char,true
v14807,v11118,ser,true
v14807,v13119,alt,true
v14807,v15853,ser,true
v14809,v12787,ser,true
v14809,v15371,ser,true
v14810,v16464,seq,true
v14812,v9093,par,true
v14816,v19044,seq,true
v14816,v44230,set,true
v14816,v47184,set,true
v14816,v51680,set,true
v14816,v52963,char,true
v14816,v58040,set,true
v14817,v14647,alt,true
v14826,v1752,ser,true
v14829,v46431,seq,true
v14833,v17601,ser,true
v14835,v2865,preq,true
v14835,v12220,ser,true
v14835,v17773,ser,true
v14836,v12471,alt,true
v14837,v13470,ser,true
v14840,v11551,char,false
v14840,v31659,char,false
v14844,v2567,preq,true
v14846,v19500,char,true
v14848,v28299,ser,true
v14852,v7818,preq,true
v14852,v18245,seq,true
v14856,v12964,preq,true
v14860,v12931,preq,true
v14860,v28346,fan,true
v14863,v6643,char,true
v14870,v14871,ser,true
v14870,v14872,fan,true
v14871,v4530,alt,true
v14871,v14870,ser,true
v14871,v14872,fan,true
v14872,v14870,orig,true
v14872,v14871,orig,true
v14878,v12402,char,true
v14879,v12402,char,true
v14880,v12402,ser,true
v14880,v18992,seq,true
v14882,v11061,preq,true
v14887,v12172,set,true
v14887,v17038,seq,true
v14887,v20622,set,true
v14887,v31866,fan,true
v14889,v3992,char,true
v14889,v6678,char,true
v14892,v12437,orig,true
v14898,v14899,preq,true
v14899,v14898,seq,true
v14902,v10013,par,true
v14902,v11975,par,true
v14907,v2257,alt,true
v14908,v18314,fan,true
v14908,v21521,fan,true
v14910,v92,set,true
v14910,v53237,seq,true
v14913,v54307,char,false
v14922,v18290,fan,true
v14922,v29098,ser,true
v14924,v19349,alt,true
v14931,v16316,alt,true
v14931,v16317,alt,true
v14934,v6472,ser,true
v14936,v989,char,true
v14936,v1438,char,true
v14936,v8798,char,true
v14936,v10129,char,true
v14937,v14654,seq,true
v14945,v14109,set,false
v14945,v14708,set,false
v14945,v17096,char,false
v14945,v17097,char,false
v14945,v17662,char,false
v14945,v18359,char,false
v14946,v5405,preq,true
v14946,v18491,preq,true
v14947,v18120,alt,true
v14952,v16555,ser,true
v14953,v432,char,true
v14953,v434,char,true
v14953,v1399,char,true
v14953,v5916,char,true
v14954,v19881,seq,true
v14957,v11,char,false
v14957,v2002,char,false
v14957,v19951,char,false
v14961,v12988,char,true
v14967,v9667,char,true
v14968,v1356,char,false
v14968,v51772,char,false
v14969,v11577,char,true
v14971,v51772,char,false
v14972,v14253,ser,true
v14972,v19425,ser,true
v14972,v19567,ser,true
v14973,v7724,char,true
v14974,v51772,char,false
v14975,v51772,char,false
v14978,v1356,char,false
v14978,v51772,char,false
v14979,v51772,char,false
v14981,v13963,ser,true
v14988,v17138,ser,true
v14992,v1715,preq,false
v14992,v14993,char,true
v14993,v1715,preq,false
v14993,v14992,char,true
v14996,v16532,ser,true
v14997,v14786,char,true
v14998,v15003,preq,true
v15003,v14998,seq,true
v15007,v2240,char,true
v15013,v14683,ser,true
v15013,v16707,ser,true
v15017,v13167,preq,true
v15018,v10839,preq,true
v15020,v12212,char,true
v15023,v10273,preq,true
v15024,v15275,seq,true
v15025,v11043,ser,true
v15026,v4450,set,true
v15026,v6034,set,true
v15026,v11075,set,true
v15029,v11278,preq,true
v15030,v3267,orig,true
v15031,v3267,par,true
v15033,v18379,char,false
v15037,v15038,ser,true
v15038,v15037,ser,true
v15038,v15039,ser,true
v15039,v15038,ser,true
v15042,v15058,alt,true
v15042,v17747,char,true
v15046,v3473,seq,true
v15047,v3464,par,true
v15048,v3463,preq,true
v15049,v6818,char,true
v15050,v5127,preq,false
v15050,v15051,ser,true
v15051,v5127,preq,false
v15051,v15050,ser,true
v15053,v21289,set,true
v15055,v14518,preq,true
v15058,v15042,alt,true
v15061,v15062,seq,true
v15062,v700,seq,true
v15062,v15061,preq,true
v15062,v53244,char,false
v15063,v3472,side,true
v15067,v15069,char,true
v15069,v15067,char,true
v15070,v20117,ser,true
v15073,v19573,ser,true
v15074,v14282,orig,true
v15075,v13454,alt,true
v15076,v17972,ser,true
v15077,v17376,char,true
v15081,v7572,ser,true
v15083,v11910,preq,true
v15086,v15087,preq,true
v15087,v15086,seq,true
v15088,v15741,side,true
v15089,v17412,side,true
v15090,v15885,preq,true
v15091,v9365,char,false
v15093,v18430,char,true
v15100,v6036,char,false
v15102,v15742,alt,true
v15105,v4041,orig,true
v15105,v10983,preq,true
v15110,v11984,orig,true
v15111,v12605,preq,true
v15118,v25883,side,false
v15119,v716,par,true
v15119,v49614,seq,false
v15124,v20393,ser,true
v15124,v32939,char,true
v15125,v711,ser,true
v15125,v19987,seq,true
v15127,v3602,ser,true
v15129,v19820,ser,true
v15136,v1938,set,true
v15137,v12218,set,true
v15140,v13238,preq,true
v15140,v16416,seq,true
v15143,v7786,set,true
v15143,v21495,char,true
v15146,v144,orig,true
v15148,v14400,preq,true
v15148,v16292,seq,true
v15151,v8754,ser,true
v15151,v15153,seq,true
v15153,v8754,ser,true
v15153,v15151,preq,true
v15154,v8475,seq,true
v15155,v4571,alt,true
v15173,v7957,ser,true
v15175,v11927,preq,true
v15177,v2554,ser,true
v15184,v9081,char,true
v15185,v13591,char,true
v15186,v15187,ser,true
v15187,v15186,ser,true
v15187,v15200,ser,true
v15191,v10133,preq,true
v15193,v6123,alt,true
v15197,v15199,par,true
v15198,v11360,seq,true
v15198,v15199,preq,true
v15198,v17614,alt,true
v15199,v11002,alt,true
v15199,v15197,side,true
v15199,v15198,seq,true
v15200,v15187,ser,true
v15200,v15201,ser,true
v15201,v15200,ser,true
v15201,v15202,ser,true
v15202,v15201,ser,true
v15202,v15203,ser,true
v15203,v15202,ser,true
v15206,v8540,seq,true
v15214,v1704,set,true
v15214,v11487,orig,true
v15218,v15616,char,false
v15218,v19127,char,false
v15221,v14608,ser,true
v15221,v15881,ser,true
v15222,v2240,char,true
v15223,v16628,side,true
v15223,v25820,seq,true
v15226,v3977,set,true
v15226,v19663,set,true
v15227,v30772,preq,true
v15228,v14199,set,true
v15231,v19283,ser,true
v15232,v3287,char,false
v15232,v14375,char,false
v15232,v15865,char,false
v15232,v17837,char,true
v15235,v16914,seq,true
v15237,v1477,orig,true
v15240,v17339,seq,true
v15244,v13232,preq,true
v15245,v14666,par,true
v15248,v1970,ser,true
v15251,v16535,ser,true
v15252,v12694,preq,true
v15252,v22055,seq,true
v15255,v10148,preq,true
v15259,v16400,char,true
v15259,v17090,char,true
v15270,v7733,set,true
v15270,v7734,set,true
v15274,v15372,seq,true
v15274,v17554,char,true
v15275,v15024,preq,true
v15277,v12645,preq,true
v15283,v10546,char,true
v15283,v11237,char,true
v15283,v12893,char,true
v15283,v13636,char,true
v15283,v18769,alt,true
v15287,v14547,ser,true
v15287,v17429,ser,true
v15287,v18812,ser,true
v15288,v18882,seq,true
v15289,v15420,set,true
v15293,v10680,preq,true
v15293,v20623,fan,true
v15293,v21501,fan,true
v15297,v11883,ser,true
v15297,v16137,ser,true
v15306,v17609,char,true
v15308,v7392,ser,true
v15310,v24454,preq,true
v15312,v14596,preq,true
v15312,v16307,seq,true
v15313,v17804,ser,true
v15326,v11656,char,true
v15328,v1413,preq,false
v15334,v10751,orig,true
v15335,v15337,char,true
v15337,v15335,char,true
v15344,v12598,ser,true
v15344,v18144,ser,true
v15344,v21247,seq,true
v15348,v8582,preq,true
v15348,v8627,char,true
v15353,v9385,char,false
v15353,v10061,char,false
v15353,v12287,char,false
v15353,v12945,char,false
v15353,v12946,char,false
v15353,v13432,char,false
v15353,v13433,char,true
v15353,v13434,char,true
v15353,v13435,char,true
v15353,v15533,char,true
v15353,v15750,char,false
v15353,v17294,char,false
v15353,v17295,char,true
v15353,v17567,char,false
v15353,v17594,char,false
v15355,v11836,set,true
v15360,v12994,orig,true
v15363,v15549,char,true
v15370,v12261,preq,true
v15371,v13786,char,true
v15371,v14809,ser,true
v15372,v15274,preq,true
v15372,v17554,char,true
v15376,v15377,seq,true
v15377,v15376,preq,true
v15379,v15380,seq,true
v15380,v15379,preq,true
v15380,v15381,seq,true
v15381,v15380,preq,true
v15381,v17643,ser,true
v15383,v7019,char,false
v15383,v7426,char,false
v15385,v17409,set,false
v15385,v17410,set,false
v15395,v14267,preq,true
v15395,v18152,seq,true
v15403,v3659,alt,true
v15407,v7519,set,true
v15410,v11961,ser,true
v15414,v14628,ser,true
v15414,v19499,ser,true
v15417,v13943,set,true
v15420,v15289,set,true
v15429,v11635,orig,true
v15429,v18124,ser,true
v15433,v15434,ser,true
v15434,v15433,ser,true
v15435,v15436,seq,true
v15436,v15435,preq,true
v15436,v16248,seq,true
v15437,v13260,orig,true
v15440,v16776,preq,true
v15440,v18375,seq,true
v15441,v10023,ser,true
v15446,v12273,set,true
v15446,v19399,set,true
v15448,v12150,orig,true
v15451,v15580,ser,true
v15455,v59099,ser,true
v15455,v59100,ser,true
v15455,v59101,ser,true
v15455,v59102,ser,true
v15455,v59103,ser,true
v15455,v59104,ser,true
v15457,v2697,par,true
v15459,v11038,set,true
v15460,v4414,char,true
v15460,v8507,char,true
v15461,v2423,char,true
v15461,v4907,char,true
v15462,v929,char,true
v15462,v3009,char,true
v15463,v895,set,true
v15463,v3706,char,true
v15464,v12830,orig,true
v15467,v25998,ser,true
v15469,v28063,preq,true
v15469,v28716,char,true
v15469,v54473,alt,true
v15469,v60268,char,true
v15471,v5916,seq,false
v15473,v18495,char,true
v15473,v26000,set,true
v15475,v6696,alt,true
v15475,v15476,seq,true
v15476,v6696,preq,true
v15476,v15475,preq,true
v15483,v2868,preq,true
v15483,v15978,char,true
v15483,v16294,ser,true
v15493,v12260,orig,true
v15493,v18953,char,true
v15494,v1959,char,true
v15494,v2475,char,true
v15494,v4492,char,true
v15494,v6202,char,true
v15494,v6216,char,true
v15495,v20070,ser,true
v15496,v12949,preq,true
v15496,v19042,seq,true
v15496,v30154,char,true
v15498,v17846,fan,true
v15498,v21401,set,true
v15505,v10308,preq,true
v15506,v22785,char,true
v15506,v25832,char,true
v15506,v28259,set,true
v15506,v33896,char,true
v15506,v42855,set,true
v15507,v10895,preq,false
v15508,v5847,ser,true
v15515,v12495,preq,true
v15517,v5916,par,false
v15523,v68,orig,true
v15523,v42278,side,true
v15526,v14458,ser,true
v15529,v8950,set,false
v15529,v8951,set,false
v15529,v8952,set,false
v15529,v8953,set,false
v15529,v8954,set,false
v15531,v6412,preq,true
v15533,v9385,char,false
v15533,v10061,char,false
v15533,v12287,char,false
v15533,v12945,char,false
v15533,v12946,char,false
v15533,v13432,char,false
v15533,v13433,char,true
v15533,v13434,char,true
v15533,v13435,char,true
v15533,v15353,char,true
v15533,v15750,char,false
v15533,v17294,char,false
v15533,v17295,char,true
v15533,v17567,char,false
v15533,v17594,char,false
v15535,v15536,preq,true
v15536,v15535,seq,true
v15537,v16038,alt,true
v15538,v17763,preq,true
v15538,v18713,seq,true
v15538,v30812,ser,true
v15539,v12378,preq,true
v15539,v17249,seq,true
v15542,v11051,char,true
v15542,v17408,set,true
v15549,v15363,char,true
v15550,v15551,seq,true
v15551,v15550,preq,true
v15552,v13244,preq,true
v15555,v14786,preq,true
v15555,v18203,seq,true
v15556,v2899,par,true
v15557,v2899,par,true
v15558,v2899,par,true
v15559,v2899,par,true
v15561,v10395,orig,true
v15564,v22930,preq,true
v15568,v9929,seq,true
v15573,v23923,seq,true
v15573,v51145,set,true
v15573,v55664,char,false
v15574,v1889,preq,true
v15576,v711,alt,false
v15580,v15451,ser,true
v15581,v16880,seq,true
v15581,v20341,ser,true
v15581,v21020,ser,true
v15581,v22146,preq,true
v15584,v10972,orig,true
v15584,v13046,orig,true
v15590,v15667,seq,true
v15590,v42360,ser,true
v15600,v5143,ser,true
v15602,v3859,set,true
v15602,v11856,orig,true
v15605,v10000,alt,true
v15605,v18687,alt,true
v15616,v15218,char,false
v15616,v19127,char,false
v15618,v67,par,false
v15627,v15628,preq,true
v15627,v15633,seq,true
v15627,v15668,preq,true
v15628,v15627,seq,true
v15628,v15668,fan,true
v15631,v16440,ser,true
v15633,v15627,preq,true
v15633,v15668,set,true
v15637,v21295,char,true
v15639,v10463,set,true
v15639,v17851,fan,true
v15639,v28016,set,true
v15640,v3999,ser,true
v15641,v12986,ser,true
v15641,v25391,fan,true
v15641,v25392,fan,true
v15641,v25393,fan,true
v15641,v51909,fan,true
v15641,v51910,fan,true
v15641,v51911,fan,true
v15646,v3160,ser,true
v15648,v3007,char,true
v15648,v8051,char,true
v15648,v11635,seq,true
v15649,v16611,alt,true
v15651,v15912,char,true
v15651,v18207,set,true
v15651,v22199,alt,true
v15653,v12856,ser,true
v15653,v17004,fan,true
v15653,v18635,ser,true
v15653,v21646,char,true
v15653,v60910,side,true
v15654,v31270,ser,true
v15654,v31271,seq,true
v15655,v6261,preq,true
v15658,v192,char,true
v15658,v18739,side,true
v15658,v24186,fan,true
v15658,v39658,seq,true
v15662,v23313,ser,true
v15662,v31040,seq,true
v15667,v15590,preq,true
v15668,v15627,seq,true
v15668,v15628,orig,true
v15668,v15633,set,true
v15674,v15675,par,true
v15675,v15674,side,true
v15675,v19820,ser,true
v15675,v19924,ser,true
v15676,v14036,par,true
v15679,v17843,ser,true
v15679,v19810,fan,true
v15680,v15918,seq,true
v15682,v6191,par,true
v15684,v20632,preq,true
v15684,v42022,seq,true
v15689,v10915,ser,true
v15690,v15691,ser,true
v15691,v15690,ser,true
v15691,v15692,ser,true
v15692,v15691,ser,true
v15692,v15693,ser,true
v15693,v15692,ser,true
v15693,v15694,ser,true
v15694,v15693,ser,true
v15695,v2002,par,false
v15700,v711,set,false
v15708,v26001,fan,true
v15713,v15714,ser,true
v15713,v60214,fan,true
v15714,v15713,ser,true
v15717,v11019,ser,true
v15717,v18188,ser,true
v15721,v17965,seq,true
v15724,v12323,preq,true
v15724,v28754,preq,true
v15724,v54840,seq,true
v15727,v25764,fan,true
v15731,v4395,char,true
v15734,v14282,preq,true
v15734,v18908,seq,true
v15741,v15088,par,true
v15742,v15102,alt,true
v15744,v11855,ser,true
v15744,v30012,ser,true
v15747,v1344,set,true
v15748,v6191,orig,true
v15750,v9385,char,false
v15750,v10061,char,false
v15750,v12287,char,false
v15750,v12945,char,false
v15750,v12946,char,false
v15750,v13432,char,false
v15750,v13433,char,false
v15750,v13434,char,false
v15750,v13435,char,false
v15750,v15353,char,false
v15750,v15533,char,false
v15750,v17294,char,false
v15750,v17295,char,false
v15750,v17567,char,true
v15750,v17594,char,true
v15757,v14711,char,true
v15760,v11200,preq,true
v15764,v16740,seq,true
v15765,v7,char,false
v15766,v16113,side,true
v15771,v18643,seq,true
v15774,v15777,seq,true
v15775,v11263,set,false
v15775,v15776,char,true
v15775,v15783,char,true
v15775,v28790,set,false
v15776,v15775,char,true
v15777,v15774,preq,true
v15778,v15783,char,true
v15779,v15783,char,true
v15781,v15782,ser,true
v15781,v17489,set,false
v15781,v17490,set,false
v15781,v17493,set,false
v15781,v17511,set,false
v15781,v17518,set,false
v15782,v12753,char,true
v15782,v15781,ser,true
v15782,v17489,set,false
v15782,v17490,set,false
v15782,v17493,set,false
v15782,v17511,set,false
v15782,v17518,set,false
v15783,v15775,char,true
v15783,v15778,char,true
v15783,v15779,char,true
v15794,v17782,ser,true
v15799,v14327,orig,true
v15800,v24673,char,true
v15802,v5259,ser,true
v15803,v11496,preq,true
v15803,v21610,ser,true
v15806,v30541,alt,true
v15808,v11,seq,false
v15808,v14554,alt,false
v15808,v45083,alt,false
v15812,v509,char,true
v15816,v13039,preq,true
v15820,v16225,seq,true
v15827,v18383,preq,true
v15829,v15830,preq,true
v15830,v15829,seq,true
v15831,v16100,preq,true
v15833,v20501,set,true
v15833,v36965,char,true
v15840,v19123,seq,true
v15842,v715,char,false
v15846,v15847,ser,true
v15846,v15848,ser,true
v15847,v15846,ser,true
v15848,v15846,ser,true
v15849,v67,char,false
v15850,v67,char,false
v15851,v5916,seq,false
v15853,v11118,preq,true
v15853,v13119,ser,true
v15853,v14807,ser,true
v15854,v13991,preq,true
v15861,v15959,char,true
v15863,v4293,orig,true
v15865,v3287,char,false
v15865,v14375,char,false
v15865,v15232,char,false
v15865,v17837,char,false
v15867,v14092,ser,true
v15869,v13632,ser,true
v15869,v18458,ser,true
v15870,v17651,fan,true
v15874,v4037,set,true
v15874,v10948,char,true
v15874,v18927,ser,true
v15878,v9706,preq,true
v15879,v12561,orig,true
v15881,v15221,ser,true
v15881,v16955,ser,true
v15883,v15893,alt,true
v15883,v16477,alt,true
v15883,v18913,alt,true
v15884,v16482,alt,true
v15885,v15090,seq,true
v15886,v12677,ser,true
v15890,v13253,seq,true
v15891,v13059,preq,true
v15891,v13912,char,true
v15891,v17959,char,true
v15892,v13631,orig,true
v15893,v15883,alt,true
v15893,v16477,alt,true
v15893,v18913,alt,true
v15895,v3172,preq,true
v15895,v16079,alt,true
v15895,v18009,seq,true
v15896,v1602,char,true
v15896,v11634,char,true
v15898,v18740,char,true
v15909,v11725,ser,true
v15909,v18875,ser,true
v15910,v12159,preq,true
v15912,v15651,char,true
v15912,v18207,set,true
v15918,v15680,preq,true
v15923,v15924,seq,true
v15924,v15923,preq,true
v15926,v11077,ser,true
v15926,v14108,ser,true
v15934,v16528,seq,true
v15936,v15937,seq,true
v15937,v15936,preq,true
v15941,v9225,preq,true
v15941,v31000,ser,true
v15942,v19823,ser,true
v15944,v17588,char,true
v15944,v35499,set,true
v15945,v17780,seq,true
v15945,v18476,alt,true
v15946,v12443,alt,true
v15947,v12606,orig,true
v15955,v15956,ser,true
v15956,v15955,ser,true
v15956,v15970,ser,true
v15958,v13386,orig,true
v15959,v15861,char,true
v15965,v2252,char,false
v15968,v6100,alt,true
v15970,v15956,ser,true
v15972,v21564,seq,true
v15975,v12145,preq,true
v15976,v11373,ser,true
v15978,v1071,char,true
v15978,v1078,char,true
v15978,v2868,char,true
v15978,v15483,char,true
v15978,v18745,ser,true
v15981,v16443,ser,true
v15984,v10094,ser,true
v15998,v40857,seq,true
v16002,v16003,ser,true
v16002,v16007,ser,true
v16003,v16002,ser,true
v16004,v16008,ser,true
v16004,v16017,ser,true
v16006,v52704,ser,true
v16007,v16002,ser,true
v16007,v16008,ser,true
v16008,v16004,ser,true
v16008,v16007,ser,true
v16017,v13466,ser,true
v16017,v16004,ser,true
v16017,v16018,seq,true
v16018,v16017,preq,true
v16026,v53246,alt,true
v16029,v1475,par,true
v16030,v2372,ser,true
v16030,v23182,seq,true
v16030,v39337,alt,true
v16032,v20277,fan,true
v16036,v9207,char,true
v16036,v12424,char,false
v16036,v13160,char,true
v16037,v17951,side,true
v16037,v21266,char,true
v16038,v15537,alt,true
v16039,v23297,seq,true
v16040,v2945,char,true
v16043,v21273,char,true
v16057,v1805,orig,true
v16060,v6403,ser,true
v16060,v19190,seq,true
v16060,v26558,ser,true
v16061,v12546,char,false
v16063,v8740,set,true
v16064,v12633,seq,true
v16066,v1143,set,true
v16066,v21122,fan,true
v16069,v464,ser,true
v16069,v18760,ser,true
v16073,v16074,ser,true
v16074,v16073,ser,true
v16074,v16075,ser,true
v16075,v16074,ser,true
v16075,v16076,ser,true
v16076,v16075,ser,true
v16076,v16077,ser,true
v16077,v16076,ser,true
v16077,v16614,ser,true
v16079,v15895,alt,true
v16079,v16715,alt,true
v16082,v12796,ser,true
v16082,v18259,ser,true
v16084,v1267,ser,true
v16085,v17557,seq,true
v16085,v22903,ser,true
v16085,v23179,char,true
v16087,v18278,seq,true
v16088,v4140,seq,true
v16092,v13228,orig,true
v16094,v7341,orig,true
v16096,v17973,seq,true
v16098,v1009,set,true
v16099,v17902,fan,true
v16100,v15831,seq,true
v16104,v11916,ser,true
v16106,v731,char,true
v16106,v971,char,true
v16106,v1343,char,true
v16106,v1435,char,true
v16106,v1496,char,true
v16106,v1497,char,true
v16106,v1851,char,true
v16106,v2220,char,true
v16106,v3921,char,true
v16106,v4578,char,true
v16106,v5821,char,true
v16106,v7240,char,true
v16106,v7747,char,true
v16106,v9711,char,true
v16106,v10249,char,true
v16106,v10899,char,true
v16106,v13015,char,true
v16106,v14793,char,true
v16106,v16190,char,true
v16106,v17708,char,true
v16106,v19824,char,true
v16106,v19830,char,true
v16110,v25919,preq,true
v16113,v15766,par,true
v16114,v19882,set,true
v16128,v19849,fan,true
v16129,v18016,seq,true
v16130,v25349,ser,true
v16131,v12455,preq,true
v16134,v19223,seq,true
v16136,v30830,ser,true
v16137,v15297,ser,true
v16144,v58498,preq,true
v16150,v16845,alt,true
v16151,v16,char,true
v16151,v604,char,true
v16151,v2654,orig,true
v16154,v10669,ser,true
v16158,v14741,preq,true
v16160,v36576,char,true
v16166,v11856,set,true
v16166,v32655,set,true
v16168,v7000,preq,true
v16168,v28671,ser,true
v16170,v434,char,false
v16174,v8072,orig,true
v16183,v16326,ser,true
v16185,v6410,char,true
v16185,v6884,char,true
v16190,v7747,preq,true
v16190,v16106,char,true
v16190,v29580,char,false
v16200,v16484,char,false
v16200,v22820,char,false
v16202,v11,char,false
v16212,v11093,preq,true
v16214,v16478,char,true
v16214,v16481,seq,true
v16218,v14520,preq,true
v16218,v20854,seq,true
v16221,v14112,alt,true
v16221,v58411,alt,true
v16224,v16238,set,true
v16225,v15820,preq,true
v16225,v16245,char,true
v16225,v17512,preq,true
v16225,v34707,seq,true
v16225,v62240,side,false
v16226,v41966,seq,true
v16230,v16232,preq,true
v16231,v16232,seq,true
v16232,v16230,seq,true
v16232,v16231,preq,true
v16238,v16224,set,true
v16238,v20676,seq,true
v16239,v16663,ser,true
v16240,v16732,char,true
v16240,v19762,char,true
v16243,v3113,ser,true
v16244,v12447,orig,true
v16245,v16225,char,true
v16248,v15436,preq,true
v16252,v12742,preq,true
v16252,v16253,seq,true
v16253,v16252,preq,true
v16253,v18893,seq,true
v16256,v18684,seq,true
v16258,v16259,seq,true
v16259,v4186,char,true
v16259,v16258,preq,true
v16259,v53103,ser,true
v16261,v266,preq,true
v16261,v13105,char,true
v16261,v21192,char,true
v16262,v10700,par,true
v16262,v18666,set,true
v16262,v18754,seq,true
v16263,v12293,set,true
v16263,v12645,preq,true
v16263,v18666,seq,true
v16266,v23773,preq,true
v16269,v18420,seq,true
v16269,v19740,seq,true
v16271,v33889,seq,true
v16276,v13056,preq,true
v16276,v25729,seq,true
v16278,v24373,side,true
v16284,v10849,set,false
v16288,v14236,char,false
v16292,v15148,preq,true
v16294,v15483,ser,true
v16294,v18918,ser,true
v16297,v58918,alt,true
v16297,v58919,alt,true
v16299,v14236,char,false
v16299,v14239,char,false
v16300,v16301,char,true
v16300,v16421,char,false
v16300,v16985,char,false
v16300,v17017,char,false
v16300,v17913,char,false
v16301,v16300,char,true
v16301,v16421,char,false
v16301,v16985,char,false
v16301,v17017,char,false
v16301,v17913,char,false
v16305,v7635,preq,true
v16307,v15312,preq,true
v16310,v18060,char,true
v16311,v16312,ser,true
v16311,v16354,char,false
v16312,v16311,ser,true
v16314,v8455,preq,true
v16315,v16930,ser,true
v16315,v22398,ser,true
v16316,v14931,alt,true
v16316,v16671,alt,true
v16317,v14931,alt,true
v16320,v30364,char,true
v16320,v30946,char,true
v16320,v46153,fan,true
v16320,v48291,char,true
v16321,v14647,alt,true
v16323,v16324,fan,true
v16323,v43069,alt,true
v16324,v3681,orig,true
v16324,v3682,orig,true
v16324,v4796,orig,true
v16324,v16323,orig,true
v16326,v16183,ser,true
v16326,v17341,ser,true
v16329,v18543,fan,true
v16329,v18544,fan,true
v16329,v18545,fan,true
v16329,v19867,set,true
v16339,v11300,set,true
v16339,v19444,set,true
v16340,v14005,ser,true
v16341,v2836,char,true
v16341,v5652,set,true
v16341,v13999,set,true
v16345,v160,alt,true
v16345,v4182,ser,true
v16345,v8774,ser,true
v16354,v16311,char,false
v16365,v16366,alt,true
v16366,v16365,alt,true
v16369,v10044,set,true
v16371,v44468,preq,true
v16371,v44469,seq,true
v16377,v20444,seq,true
v16386,v8412,seq,true
v16390,v16391,seq,true
v16391,v16390,preq,true
v16395,v24128,seq,true
v16395,v30364,char,true
v16395,v34312,fan,true
v16395,v48291,char,true
v16396,v16641,ser,true
v16396,v17054,char,true
v16396,v18862,preq,true
v16399,v12398,ser,true
v16400,v11378,preq,true
v16400,v13510,char,true
v16400,v14493,char,true
v16400,v15259,char,true
v16406,v5289,orig,true
v16407,v14264,orig,true
v16408,v1564,par,true
v16409,v5763,orig,true
v16411,v7203,orig,true
v16411,v7204,orig,true
v16411,v7675,orig,true
v16413,v12186,set,true
v16415,v12694,seq,true
v16415,v36650,seq,true
v16416,v15140,preq,true
v16418,v2088,orig,true
v16418,v11769,set,true
v16421,v16300,char,false
v16421,v16301,char,false
v16421,v16985,char,true
v16421,v17017,char,true
v16421,v17913,char,false
v16432,v21727,seq,true
v16434,v13722,ser,true
v16438,v12610,set,true
v16438,v17386,set,false
v16440,v15631,ser,true
v16442,v11751,preq,true
v16443,v15981,ser,true
v16443,v20842,seq,true
v16448,v16682,ser,true
v16448,v20012,char,true
v16448,v21370,ser,true
v16448,v21861,ser,true
v16448,v59096,ser,false
v16449,v11944,seq,true
v16451,v21311,side,false
v16451,v22440,side,false
v16454,v2167,preq,true
v16454,v2168,seq,true
v16454,v8799,side,true
v16459,v19088,fan,true
v16462,v16472,seq,true
v16463,v1967,alt,true
v16463,v31814,ser,true
v16464,v14810,preq,true
v16467,v9197,preq,true
v16469,v12933,ser,true
v16470,v6255,preq,true
v16471,v18202,seq,true
v16472,v16462,preq,true
v16473,v21712,ser,true
v16477,v15883,alt,true
v16477,v15893,alt,true
v16477,v17870,side,true
v16477,v18913,alt,true
v16478,v16214,char,true
v16478,v16481,char,true
v16479,v17595,side,false
v16479,v22190,char,true
v16479,v46156,char,true
v16479,v46683,seq,true
v16479,v48291,char,true
v16479,v55545,seq,true
v16479,v61819,alt,false
v16480,v14110,par,true
v16480,v18472,alt,true
v16481,v14110,preq,true
v16481,v16214,preq,true
v16481,v16478,char,true
v16481,v30222,set,true
v16482,v15884,alt,true
v16483,v6471,char,true
v16483,v11301,preq,true
v16484,v16200,char,false
v16485,v9626,ser,true
v16485,v11418,ser,true
v16486,v13556,ser,true
v16493,v7771,orig,true
v16495,v18608,set,true
v16501,v16502,ser,true
v16502,v16501,ser,true
v16505,v18743,ser,true
v16508,v1919,orig,true
v16511,v13444,ser,true
v16525,v48511,alt,true
v16526,v25930,preq,true
v16526,v32304,preq,true
v16526,v34466,seq,true
v16528,v15934,preq,true
v16532,v14996,ser,true
v16535,v15251,ser,true
v16535,v17008,ser,true
v16539,v1143,orig,true
v16545,v31971,fan,true
v16545,v31972,seq,true
v16555,v14952,ser,true
v16556,v7093,par,true
v16557,v7093,alt,true
v16558,v7093,par,true
v16559,v7093,par,true
v16560,v9093,set,true
v16560,v18907,fan,true
v16560,v22303,side,true
v16575,v16576,preq,true
v16576,v16575,seq,true
v16576,v16577,preq,true
v16577,v16576,seq,true
v16583,v18381,char,true
v16586,v16999,alt,true
v16587,v17561,preq,true
v16590,v11700,preq,true
v16590,v19074,seq,true
v16591,v16592,ser,true
v16592,v16591,ser,true
v16599,v21273,char,true
v16604,v21402,char,false
v16604,v59498,char,true
v16606,v18451,char,true
v16606,v20141,char,true
v16610,v7301,ser,true
v16611,v15649,alt,true
v16611,v16784,alt,true
v16613,v13232,orig,true
v16614,v16077,ser,true
v16614,v16948,ser,true
v16617,v48485,alt,true
v16622,v14239,char,false
v16623,v19289,ser,true
v16626,v18874,ser,true
v16626,v19771,fan,true
v16627,v13921,seq,true
v16628,v15223,par,true
v16629,v13636,preq,true
v16629,v19736,seq,true
v16630,v18394,seq,true
v16634,v9435,preq,true
v16635,v16863,ser,true
v16637,v3126,preq,false
v16640,v12418,set,true
v16640,v20540,side,true
v16640,v23742,seq,true
v16640,v24002,alt,true
v16641,v16396,ser,true
v16641,v17054,ser,true
v16641,v18862,preq,true
v16657,v13842,ser,true
v16657,v19721,ser,true
v16659,v11051,par,true
v16661,v22650,seq,true
v16663,v16239,ser,true
v16663,v17395,ser,true
v16668,v16669,seq,true
v16668,v21056,preq,true
v16669,v16668,preq,true
v16669,v16687,seq,true
v16671,v16316,alt,true
v16672,v1285,ser,true
v16674,v16675,seq,true
v16674,v21056,set,true
v16675,v16674,preq,true
v16675,v16967,seq,true
v16681,v13000,set,true
v16682,v16448,ser,true
v16682,v21988,ser,true
v16685,v13000,set,true
v16687,v16669,preq,true
v16687,v16689,seq,true
v16688,v14502,ser,true
v16689,v16687,preq,true
v16689,v16690,seq,true
v16690,v16689,preq,true
v16690,v20565,seq,true
v16691,v1081,char,true
v16691,v1591,char,true
v16691,v2137,char,true
v16691,v2800,char,true
v16691,v3683,char,true
v16691,v4494,char,true
v16693,v19711,seq,true
v16693,v39136,char,true
v16695,v10,char,true
v16695,v9196,set,true
v16695,v24209,set,true
v16695,v42305,fan,true
v16697,v1751,orig,true
v16702,v16703,seq,true
v16703,v1092,seq,true
v16703,v16702,preq,true
v16704,v2414,orig,true
v16704,v2415,orig,true
v16706,v3591,char,true
v16706,v13085,orig,true
v16707,v15013,ser,true
v16707,v16965,ser,true
v16713,v19772,set,true
v16715,v16079,alt,true
v16715,v18175,alt,true
v16716,v18998,seq,true
v16716,v42905,alt,true
v16718,v10358,orig,true
v16718,v13696,orig,true
v16720,v28402,ser,true
v16724,v35097,orig,false
v16729,v16730,ser,true
v16730,v16729,ser,true
v16730,v17979,ser,true
v16732,v16240,char,true
v16733,v4217,ser,true
v16734,v1477,orig,true
v16740,v15764,preq,true
v16742,v14760,orig,true
v16757,v19318,char,true
v16761,v9418,ser,true
v16761,v16762,seq,true
v16762,v6994,ser,true
v16762,v16761,preq,true
v16763,v6994,ser,true
v16763,v16764,seq,true
v16763,v16766,alt,true
v16764,v16763,preq,true
v16764,v16766,alt,true
v16765,v11118,seq,true
v16766,v16763,alt,true
v16766,v16764,alt,true
v16768,v11493,char,true
v16776,v15440,seq,true
v16778,v7001,preq,true
v16778,v18742,seq,true
v16783,v12704,char,true
v16783,v24355,ser,true
v16784,v16611,alt,true
v16788,v21075,seq,true
v16790,v16892,ser,true
v16791,v18950,seq,true
v16794,v19090,seq,true
v16796,v18425,fan,true
v16796,v20701,alt,true
v16802,v22774,seq,true
v16803,v11670,ser,true
v16810,v11439,ser,true
v16810,v11440,ser,true
v16824,v10819,set,true
v16827,v6890,char,true
v16827,v22323,char,true
v16842,v14706,preq,true
v16842,v25185,seq,true
v16843,v16844,par,true
v16844,v16843,side,true
v16845,v16150,alt,true
v16845,v19302,alt,true
v16846,v20626,fan,true
v16856,v4658,alt,true
v16862,v1099,seq,true
v16862,v5435,alt,true
v16863,v16635,ser,true
v16863,v17600,ser,true
v16865,v16866,seq,true
v16866,v16865,preq,true
v16866,v16867,seq,true
v16867,v16866,preq,true
v16872,v19196,ser,true
v16880,v15581,preq,true
v16880,v18920,seq,true
v16883,v14523,orig,true
v16884,v16885,ser,true
v16885,v16884,ser,true
v16890,v52069,char,false
v16892,v16790,ser,true
v16894,v16918,char,true
v16896,v11122,preq,true
v16896,v18563,seq,true
v16897,v16898,seq,true
v16897,v29209,side,true
v16897,v42617,fan,true
v16898,v14353,seq,true
v16898,v16897,preq,true
v16901,v4,par,false
v16901,v16902,seq,true
v16902,v16901,preq,true
v16906,v18750,fan,true
v16914,v15235,preq,true
v16916,v13695,set,true
v16916,v47582,set,true
v16917,v34606,side,true
v16917,v34612,char,true
v16918,v16894,char,true
v16921,v13865,preq,true
v16925,v28516,set,true
v16926,v14108,ser,true
v16926,v22237,ser,true
v16927,v16928,alt,true
v16928,v16927,alt,true
v16930,v16315,ser,true
v16931,v14711,orig,true
v16933,v18352,seq,true
v16935,v12303,ser,true
v16935,v22614,ser,true
v16938,v26754,side,true
v16944,v23218,char,false
v16946,v13929,char,false
v16946,v16947,char,false
v16946,v17573,char,false
v16946,v17923,char,false
v16946,v18442,char,false
v16947,v13929,char,false
v16947,v16946,char,false
v16947,v17573,char,false
v16947,v17923,char,false
v16948,v16614,ser,true
v16948,v16949,ser,true
v16949,v16948,ser,true
v16949,v24254,ser,true
v16953,v33842,ser,true
v16955,v15881,ser,true
v16958,v25087,seq,true
v16958,v27665,seq,true
v16960,v27534,char,false
v16961,v17838,seq,true
v16961,v23819,char,true
v16965,v16707,ser,true
v16965,v18377,ser,true
v16967,v16675,preq,true
v16969,v16970,ser,true
v16970,v16969,ser,true
v16970,v16971,ser,true
v16971,v16970,ser,true
v16974,v22617,ser,true
v16975,v18379,char,false
v16976,v10118,ser,true
v16976,v21451,ser,true
v16978,v16979,par,true
v16979,v16978,side,true
v16980,v3507,char,false
v16980,v3508,char,false
v16983,v13890,preq,true
v16983,v24945,seq,true
v16984,v22785,char,true
v16985,v16300,char,false
v16985,v16301,char,false
v16985,v16421,char,true
v16985,v17017,char,true
v16985,v17913,char,false
v16997,v11847,ser,true
v16997,v17036,seq,true
v16999,v16586,alt,true
v17004,v15653,orig,true
v17005,v18110,ser,true
v17008,v16535,ser,true
v17008,v17335,ser,true
v17010,v52536,seq,true
v17012,v5922,preq,true
v17017,v16300,char,false
v17017,v16301,char,false
v17017,v16421,char,true
v17017,v16985,char,true
v17017,v17913,char,false
v17019,v17020,char,true
v17019,v17021,char,true
v17020,v17019,char,true
v17020,v17021,char,true
v17020,v40689,seq,true
v17021,v17019,char,true
v17021,v17020,char,true
v17023,v17611,ser,true
v17028,v4510,char,true
v17028,v4862,char,true
v17028,v8507,char,true
v17028,v17029,seq,true
v17029,v1602,char,true
v17029,v3706,char,true
v17029,v4414,char,true
v17029,v8507,char,true
v17029,v17028,preq,true
v17029,v18586,seq,true
v17035,v18588,seq,true
v17035,v36706,alt,true
v17035,v46791,ser,true
v17036,v16997,preq,true
v17038,v14887,preq,true
v17038,v20622,set,true
v17038,v32227,fan,true
v17039,v17040,char,true
v17039,v17041,char,true
v17040,v17039,char,true
v17040,v17041,char,true
v17041,v17039,char,true
v17041,v17040,char,true
v17044,v12424,char,false
v17044,v17045,char,true
v17045,v12424,char,false
v17045,v17044,char,true
v17046,v11849,preq,true
v17046,v21267,seq,true
v17047,v2240,char,true
v17048,v21663,ser,true
v17050,v10927,char,true
v17053,v14255,char,false
v17053,v17060,char,false
v17054,v16396,char,true
v17054,v16641,ser,true
v17054,v18862,preq,true
v17060,v14255,char,true
v17060,v14256,alt,true
v17060,v17053,char,false
v17061,v12587,preq,true
v17062,v11603,ser,true
v17062,v19102,ser,true
v17062,v25719,seq,true
v17064,v17500,seq,true
v17075,v17076,seq,true
v17076,v17075,preq,true
v17077,v14759,orig,true
v17084,v19101,char,true
v17090,v13510,char,true
v17090,v14493,char,true
v17090,v15259,char,true
v17091,v6818,char,true
v17094,v19167,preq,true
v17096,v14109,char,false
v17096,v14708,char,false
v17096,v14945,char,false
v17096,v17097,char,true
v17096,v17662,char,false
v17096,v18359,char,false
v17097,v14109,char,false
v17097,v14708,char,false
v17097,v14945,char,false
v17097,v17096,char,true
v17097,v17662,char,false
v17097,v18359,char,false
v17099,v31085,ser,true
v17100,v14018,set,true
v17100,v17101,set,true
v17100,v49006,set,false
v17101,v17100,set,true
v17101,v49006,set,false
v17102,v2002,preq,true
v17106,v19639,seq,true
v17106,v22140,side,true
v17113,v28810,ser,true
v17113,v53129,char,true
v17120,v30806,seq,true
v17128,v1715,par,false
v17138,v14988,ser,true
v17138,v23200,seq,true
v17138,v25556,ser,true
v17140,v20359,char,false
v17140,v20456,set,false
v17140,v20460,set,false
v17146,v2240,char,true
v17147,v10028,orig,true
v17149,v17151,ser,true
v17149,v17724,preq,true
v17149,v26887,ser,true
v17151,v17149,ser,true
v17151,v17724,preq,true
v17151,v26887,ser,true
v17158,v1848,preq,true
v17158,v1849,preq,true
v17158,v2343,seq,true
v17164,v17165,preq,true
v17165,v17164,seq,true
v17176,v12912,set,false
v17199,v40410,alt,true
v17200,v17201,seq,true
v17201,v17200,preq,true
v17218,v13198,preq,true
v17227,v17228,seq,true
v17228,v17227,preq,true
v17229,v14172,preq,true
v17232,v17235,seq,true
v17235,v17232,preq,true
v17235,v17237,seq,true
v17237,v17235,preq,true
v17237,v17942,ser,true
v17245,v254,orig,true
v17249,v15539,preq,true
v17256,v12909,par,true
v17257,v42339,ser,true
v17262,v48255,char,true
v17263,v13817,preq,true
v17263,v19614,seq,true
v17263,v21273,char,true
v17264,v14593,preq,true
v17265,v5884,set,true
v17266,v9231,preq,true
v17272,v25394,alt,true
v17272,v26133,seq,true
v17272,v55574,preq,true
v17276,v17277,seq,true
v17277,v17276,preq,true
v17278,v18379,char,false
v17280,v14239,set,false
v17282,v12606,orig,true
v17291,v1715,orig,true
v17291,v19756,seq,true
v17294,v9385,char,false
v17294,v10061,char,false
v17294,v12287,char,false
v17294,v12945,char,false
v17294,v12946,char,false
v17294,v13432,char,false
v17294,v13433,char,false
v17294,v13434,char,false
v17294,v13435,char,false
v17294,v15353,char,false
v17294,v15533,char,false
v17294,v15750,char,false
v17294,v17295,char,false
v17294,v17567,char,false
v17294,v17594,char,false
v17295,v9385,char,false
v17295,v10061,char,false
v17295,v12287,char,false
v17295,v12945,char,false
v17295,v12946,char,false
v17295,v13432,char,false
v17295,v13433,char,true
v17295,v13434,char,true
v17295,v13435,char,true
v17295,v15353,char,true
v17295,v15533,char,true
v17295,v15750,char,false
v17295,v17294,char,false
v17295,v17567,char,false
v17295,v17594,char,false
v17298,v12193,preq,true
v17302,v17303,seq,true
v17303,v17302,preq,true
v17306,v17307,seq,true
v17307,v17306,preq,true
v17329,v19285,seq,true
v17329,v19755,char,true
v17329,v34309,alt,true
v17331,v4037,char,true
v17332,v12363,char,true
v17333,v20550,side,true
v17333,v37618,seq,true
v17335,v17008,ser,true
v17335,v18261,ser,true
v17335,v18360,seq,true
v17336,v20504,ser,true
v17339,v15240,preq,true
v17341,v16326,ser,true
v17341,v17498,ser,true
v17343,v19298,fan,true
v17343,v21724,char,true
v17345,v14649,orig,true
v17356,v26499,alt,true
v17357,v17370,char,true
v17357,v17371,seq,true
v17357,v17373,seq,true
v17358,v17370,char,true
v17362,v13138,orig,true
v17364,v17365,char,true
v17365,v17364,char,true
v17366,v6277,preq,true
v17370,v17357,char,true
v17370,v17358,char,true
v17371,v17357,preq,true
v17373,v17357,preq,true
v17374,v17382,set,true
v17374,v17389,set,true
v17375,v11547,char,false
v17375,v13299,char,false
v17375,v14293,char,false
v17375,v17383,side,true
v17375,v17384,char,true
v17375,v61676,char,false
v17376,v421,ser,true
v17376,v3208,ser,true
v17376,v15077,char,true
v17378,v2828,ser,true
v17379,v17386,set,true
v17379,v17390,set,true
v17382,v17374,set,true
v17382,v17390,set,true
v17383,v17375,par,true
v17384,v11547,char,false
v17384,v13299,char,false
v17384,v14293,char,false
v17384,v17375,char,true
v17384,v61676,char,false
v17386,v16438,set,false
v17386,v17379,set,true
v17386,v17406,set,false
v17388,v828,preq,true
v17388,v20340,fan,true
v17389,v17374,set,true
v17389,v17390,char,true
v17390,v17379,set,true
v17390,v17382,set,true
v17390,v17389,char,true
v17391,v22731,fan,true
v17393,v11902,char,false
v17393,v25182,ser,true
v17393,v25268,ser,true
v17394,v20529,set,true
v17395,v16663,ser,true
v17395,v18372,ser,true
v17401,v37933,seq,true
v17403,v857,char,false
v17406,v17386,set,false
v17406,v17409,set,false
v17408,v12874,set,true
v17408,v15542,set,true
v17409,v15385,set,false
v17409,v17406,set,false
v17410,v15385,set,false
v17410,v17480,set,false
v17412,v15089,par,true
v17412,v17413,seq,true
v17413,v17412,preq,true
v17413,v17414,seq,true
v17414,v17413,preq,true
v17414,v17415,seq,true
v17415,v17414,preq,true
v17415,v17416,seq,true
v17416,v17415,preq,true
v17418,v3265,char,false
v17419,v3265,char,false
v17427,v18154,ser,true
v17429,v15287,ser,true
v17432,v31865,seq,true
v17440,v1920,ser,true
v17440,v31256,char,false
v17461,v18655,seq,true
v17462,v22223,seq,true
v17465,v17466,side,true
v17466,v17465,par,true
v17471,v14239,set,false
v17472,v14371,char,false
v17473,v9362,char,false
v17473,v14411,char,false
v17473,v17474,char,false
v17474,v9362,char,false
v17474,v14411,char,false
v17474,v17473,char,false
v17475,v17476,char,false
v17476,v17475,char,false
v17478,v3268,ser,true
v17478,v10167,ser,true
v17480,v17410,set,false
v17480,v17592,set,false
v17481,v17482,seq,true
v17482,v17481,preq,true
v17482,v17483,seq,true
v17483,v17482,preq,true
v17483,v17484,ser,true
v17484,v17483,ser,true
v17485,v12082,char,true
v17485,v13427,char,true
v17485,v14580,char,true
v17485,v17486,char,true
v17485,v17487,char,true
v17486,v12082,char,true
v17486,v13427,char,true
v17486,v14580,char,true
v17486,v17485,char,true
v17486,v17487,char,true
v17487,v12082,char,true
v17487,v13427,char,true
v17487,v14580,char,true
v17487,v17485,char,true
v17487,v17486,char,true
v17489,v9675,set,false
v17489,v12013,set,false
v17489,v12753,set,false
v17489,v13003,set,false
v17489,v14577,char,false
v17489,v15781,set,false
v17489,v15782,set,false
v17489,v17490,char,true
v17489,v17493,char,true
v17489,v17511,char,false
v17489,v17518,char,false
v17490,v9675,set,false
v17490,v12013,set,false
v17490,v12753,set,false
v17490,v13003,set,false
v17490,v14577,char,false
v17490,v15781,set,false
v17490,v15782,set,false
v17490,v17489,char,true
v17490,v17493,char,true
v17490,v17511,char,false
v17490,v17518,char,false
v17491,v19506,fan,true
v17491,v52538,char,true
v17493,v9675,set,false
v17493,v12013,set,false
v17493,v12753,set,false
v17493,v13003,set,false
v17493,v14577,char,false
v17493,v15781,set,false
v17493,v15782,set,false
v17493,v17489,char,true
v17493,v17490,char,true
v17493,v17511,char,false
v17493,v17518,char,false
v17498,v17341,ser,true
v17500,v17064,preq,true
v17503,v13363,char,true
v17503,v13366,char,true
v17503,v13369,char,true
v17503,v13370,char,true
v17506,v9857,preq,true
v17508,v17891,seq,true
v17510,v17589,set,false
v17511,v9675,set,false
v17511,v12013,set,false
v17511,v12753,set,false
v17511,v13003,set,false
v17511,v14577,char,false
v17511,v15781,set,false
v17511,v15782,set,false
v17511,v17489,char,false
v17511,v17490,char,false
v17511,v17493,char,false
v17511,v17518,char,true
v17512,v16225,seq,true
v17515,v18791,fan,true
v17518,v9675,set,false
v17518,v12013,set,false
v17518,v12753,set,false
v17518,v13003,set,false
v17518,v14577,char,false
v17518,v15781,set,false
v17518,v15782,set,false
v17518,v17489,char,false
v17518,v17490,char,false
v17518,v17493,char,false
v17518,v17511,char,true
v17523,v13350,alt,true
v17527,v17530,char,true
v17530,v17527,char,true
v17543,v7,char,false
v17544,v165,par,false
v17545,v38640,ser,true
v17545,v38643,side,true
v17549,v17550,seq,true
v17550,v17549,preq,true
v17550,v17551,seq,true
v17551,v17550,preq,true
v17554,v15274,char,true
v17554,v15372,char,true
v17556,v18238,seq,true
v17557,v16085,preq,true
v17557,v18730,seq,true
v17558,v10247,set,true
v17558,v20721,seq,true
v17561,v16587,seq,true
v17562,v1564,char,false
v17566,v855,orig,true
v17567,v9385,char,false
v17567,v10061,char,false
v17567,v12287,char,false
v17567,v12945,char,false
v17567,v12946,char,false
v17567,v13432,char,false
v17567,v13433,char,false
v17567,v13434,char,false
v17567,v13435,char,false
v17567,v15353,char,false
v17567,v15533,char,false
v17567,v15750,char,true
v17567,v17294,char,false
v17567,v17295,char,false
v17567,v17594,char,true
v17568,v889,alt,true
v17573,v13929,char,false
v17573,v16946,char,false
v17573,v16947,char,false
v17573,v17923,char,false
v17573,v18442,char,false
v17577,v17578,seq,true
v17578,v17577,preq,true
v17578,v17579,seq,true
v17579,v17578,preq,true
v17579,v17580,seq,true
v17580,v17579,preq,true
v17580,v17581,seq,true
v17581,v17580,preq,true
v17581,v17582,seq,true
v17582,v17581,preq,true
v17583,v17584,seq,true
v17584,v17583,preq,true
v17584,v17585,seq,true
v17585,v17584,preq,true
v17585,v17586,seq,true
v17586,v17585,preq,true
v17588,v15944,char,true
v17588,v17953,ser,true
v17588,v35499,set,true
v17589,v17510,set,false
v17592,v17480,set,false
v17594,v9385,char,false
v17594,v10061,char,false
v17594,v12287,char,false
v17594,v12945,char,false
v17594,v12946,char,false
v17594,v13432,char,false
v17594,v13433,char,false
v17594,v13434,char,false
v17594,v13435,char,false
v17594,v15353,char,false
v17594,v15533,char,false
v17594,v15750,char,true
v17594,v17294,char,false
v17594,v17295,char,false
v17594,v17567,char,true
v17595,v16479,par,false
v17595,v19470,set,false
v17600,v16863,ser,true
v17601,v14833,ser,true
v17601,v19106,ser,true
v17603,v4499,preq,true
v17603,v14747,fan,true
v17609,v15306,char,true
v17611,v17023,ser,true
v17614,v15198,alt,true
v17614,v17616,preq,true
v17616,v17614,seq,true
v17626,v17634,set,true
v17626,v24983,char,true
v17632,v5289,ser,true
v17632,v19104,fan,true
v17634,v17626,set,true
v17639,v12978,ser,true
v17642,v1829,alt,true
v17642,v2040,seq,true
v17642,v18970,preq,true
v17643,v15381,ser,true
v17646,v7468,set,true
v17646,v18232,set,true
v17646,v18242,char,true
v17647,v18601,seq,true
v17651,v15870,orig,true
v17653,v24264,seq,true
v17662,v14109,char,false
v17662,v14708,char,false
v17662,v14945,char,false
v17662,v17096,char,false
v17662,v17097,char,false
v17662,v18359,char,false
v17663,v18994,char,true
v17676,v20108,set,false
v17676,v23482,set,false
v17678,v17680,side,true
v17680,v17678,par,true
v17694,v14112,preq,true
v17695,v13828,preq,true
v17698,v12702,alt,false
v17703,v21407,set,true
v17705,v7679,par,false
v17708,v731,seq,true
v17708,v16106,char,true
v17711,v19616,set,true
v17716,v29992,preq,true
v17716,v50485,char,true
v17716,v54914,char,true
v17718,v17719,preq,true
v17719,v17718,seq,true
v17723,v17724,par,true
v17724,v17149,seq,true
v17724,v17151,seq,true
v17724,v17723,side,true
v17724,v26887,seq,true
v17728,v22559,seq,true
v17731,v12630,preq,true
v17731,v41947,seq,true
v17734,v18407,ser,true
v17742,v264,set,true
v17742,v20218,fan,true
v17743,v6438,orig,true
v17745,v22251,ser,true
v17745,v24934,ser,true
v17745,v31276,ser,true
v17745,v47512,ser,true
v17747,v15042,char,true
v17748,v20500,fan,true
v17748,v48412,preq,true
v17750,v20226,fan,true
v17750,v24312,seq,true
v17756,v19201,set,true
v17756,v26392,ser,true
v17763,v15538,seq,true
v17763,v22020,preq,true
v17773,v14835,ser,true
v17775,v55747,ser,true
v17780,v15945,preq,true
v17780,v19487,seq,true
v17782,v15794,ser,true
v17785,v17786,seq,true
v17786,v17785,preq,true
v17790,v13260,ser,true
v17790,v19769,ser,true
v17791,v13596,preq,true
v17791,v24869,seq,true
v17792,v13596,preq,true
v17794,v28273,ser,true
v17799,v38020,seq,true
v17799,v52930,preq,true
v17799,v52931,side,true
v17799,v52932,side,true
v17799,v59515,set,true
v17804,v15313,ser,true
v17806,v17807,seq,true
v17807,v17806,preq,true
v17816,v17817,seq,true
v17817,v17816,preq,true
v17823,v20524,fan,true
v17825,v21459,fan,true
v17835,v19293,ser,true
v17837,v3287,char,false
v17837,v14375,char,false
v17837,v15232,char,true
v17837,v15865,char,false
v17838,v16961,preq,true
v17839,v12893,alt,true
v17839,v18769,char,true
v17839,v22208,alt,true
v17843,v15679,ser,true
v17843,v21675,fan,true
v17843,v26307,ser,true
v17845,v19981,ser,true
v17846,v15498,orig,true
v17851,v15639,orig,true
v17852,v12936,alt,true
v17852,v28346,fan,true
v17852,v48951,fan,true
v17854,v9763,char,true
v17854,v12780,char,true
v17859,v17860,seq,true
v17860,v17859,preq,true
v17865,v23312,seq,true
v17870,v16477,par,true
v17872,v37380,fan,true
v17883,v22785,char,true
v17883,v31392,char,true
v17884,v14161,preq,true
v17891,v17508,preq,true
v17892,v35549,fan,true
v17893,v5632,preq,true
v17902,v16099,orig,true
v17909,v7,alt,true
v17909,v777,char,true
v17909,v32053,ser,true
v17913,v16300,char,false
v17913,v16301,char,false
v17913,v16421,char,false
v17913,v16985,char,false
v17913,v17017,char,false
v17915,v20397,seq,false
v17915,v28682,char,false
v17919,v14633,set,false
v17923,v13929,char,false
v17923,v16946,char,false
v17923,v16947,char,false
v17923,v17573,char,false
v17923,v18442,char,false
v17923,v31707,char,false
v17926,v13928,preq,true
v17928,v1715,char,false
v17942,v17237,ser,true
v17943,v17944,preq,true
v17944,v17943,seq,true
v17951,v16037,par,true
v17953,v17588,ser,true
v17953,v17954,seq,true
v17954,v17953,preq,true
v17959,v13059,char,true
v17959,v13912,preq,true
v17959,v15891,char,true
v17964,v5951,par,true
v17964,v22441,ser,false
v17965,v15721,preq,true
v17965,v20694,seq,true
v17968,v28002,seq,true
v17972,v15076,ser,true
v17972,v22789,ser,true
v17972,v52773,fan,true
v17973,v16096,preq,true
v17973,v20454,seq,true
v17975,v21664,ser,true
v17976,v147,alt,true
v17978,v18376,set,true
v17978,v18873,seq,true
v17979,v16730,ser,true
v17982,v23699,seq,false
v17982,v28529,seq,false
v17984,v14779,ser,true
v17984,v21525,ser,true
v17988,v10838,ser,true
v17988,v47340,ser,true
v17991,v21714,char,true
v17993,v14711,preq,true
v17994,v22992,char,false
v17994,v24646,char,false
v17994,v42615,char,false
v17994,v53306,char,false
v17996,v40949,side,true
v18001,v5951,preq,true
v18001,v52158,char,false
v18002,v39985,seq,true
v18003,v20283,seq,true
v18005,v12481,orig,true
v18006,v27048,alt,true
v18008,v12708,ser,true
v18009,v15895,preq,true
v18016,v16129,preq,true
v18018,v6498,preq,true
v18027,v2062,preq,true
v18027,v20335,char,false
v18027,v20336,char,false
v18027,v32955,char,false
v18027,v38339,char,false
v18027,v51905,char,false
v18030,v10606,preq,true
v18030,v24291,char,true
v18032,v21872,seq,true
v18039,v622,preq,true
v18059,v27043,side,true
v18060,v16310,char,true
v18060,v18460,char,true
v18060,v22785,char,true
v18061,v18062,seq,true
v18062,v18061,preq,true
v18064,v2339,char,true
v18065,v18070,seq,true
v18070,v18065,preq,true
v18070,v20887,ser,true
v18071,v18072,ser,true
v18071,v20887,ser,true
v18072,v18071,ser,true
v18072,v18073,ser,true
v18073,v18072,ser,true
v18076,v18242,char,true
v18078,v18213,seq,true
v18086,v11684,preq,true
v18086,v33261,seq,true
v18088,v9039,preq,true
v18088,v18089,seq,true
v18089,v18088,preq,true
v18092,v18093,seq,true
v18093,v18092,preq,true
v18094,v18095,ser,true
v18095,v18094,ser,true
v18095,v18096,ser,true
v18096,v18095,ser,true
v18096,v18097,ser,true
v18097,v18096,ser,true
v18097,v18100,ser,true
v18100,v18097,ser,true
v18100,v18103,ser,true
v18102,v14466,char,true
v18102,v34437,fan,true
v18102,v34438,fan,true
v18103,v18100,ser,true
v18103,v18104,ser,true
v18104,v18103,ser,true
v18105,v11311,char,true
v18105,v11323,char,true
v18107,v18108,preq,true
v18108,v18107,seq,true
v18110,v17005,ser,true
v18110,v18538,ser,true
v18113,v19199,ser,true
v18119,v8875,preq,true
v18120,v14947,alt,true
v18120,v18121,seq,true
v18120,v18122,alt,true
v18121,v18120,preq,true
v18122,v18120,alt,true
v18123,v12931,set,true
v18124,v15429,ser,true
v18124,v18181,ser,true
v18125,v18126,seq,true
v18126,v18125,preq,true
v18126,v18127,seq,true
v18127,v18126,preq,true
v18130,v12246,orig,true
v18131,v12392,char,true
v18131,v25635,alt,true
v18136,v4835,orig,true
v18136,v5518,orig,true
v18136,v8589,orig,true
v18136,v8737,orig,true
v18139,v18192,ser,true
v18140,v2762,alt,true
v18140,v18688,seq,true
v18144,v15344,ser,true
v18147,v10793,ser,true
v18148,v19841,seq,true
v18149,v18791,char,true
v18149,v60933,char,true
v18151,v19305,seq,true
v18152,v15395,preq,true
v18152,v19545,seq,true
v18154,v17427,ser,true
v18154,v18837,ser,true
v18156,v24898,set,true
v18157,v26553,preq,true
v18157,v26554,preq,true
v18157,v28983,preq,false
v18157,v30992,seq,true
v18157,v37603,seq,false
v18157,v50626,par,false
v18157,v52037,set,false
v18157,v52548,alt,false
v18157,v54695,alt,false
v18157,v56889,seq,false
v18157,v58449,alt,false
v18157,v59953,seq,false
v18160,v21789,fan,true
v18160,v50392,side,false
v18162,v22181,set,true
v18163,v19848,seq,true
v18168,v28716,char,true
v18170,v19712,set,true
v18174,v19496,seq,true
v18175,v16715,alt,true
v18175,v18906,seq,true
v18176,v26,preq,true
v18176,v74,alt,true
v18178,v8758,set,true
v18178,v11737,set,true
v18178,v26511,ser,true
v18178,v34459,fan,true
v18178,v34553,fan,true
v18181,v18124,ser,true
v18184,v10109,char,false
v18184,v10868,char,false
v18186,v18191,seq,true
v18186,v18200,ser,true
v18186,v18201,ser,true
v18188,v15717,ser,true
v18188,v21715,ser,true
v18189,v470,char,true
v18189,v1130,char,true
v18189,v1131,char,true
v18189,v2337,char,true
v18189,v2340,char,true
v18189,v2341,char,true
v18189,v2361,char,true
v18189,v5519,char,true
v18189,v8731,char,true
v18189,v18190,ser,true
v18190,v315,char,true
v18190,v470,char,true
v18190,v2337,char,true
v18190,v2340,char,true
v18190,v2341,char,true
v18190,v2361,char,true
v18190,v8731,char,true
v18190,v18189,ser,true
v18191,v18186,preq,true
v18192,v18139,ser,true
v18193,v10831,par,true
v18195,v8681,ser,true
v18195,v18196,ser,true
v18196,v18195,ser,true
v18197,v9688,orig,true
v18200,v18186,ser,true
v18200,v18201,ser,true
v18201,v18186,ser,true
v18201,v18200,ser,true
v18202,v16471,preq,true
v18202,v21012,seq,true
v18203,v15555,preq,true
v18204,v11,char,false
v18205,v57709,par,false
v18207,v15651,set,true
v18207,v15912,set,true
v18211,v20262,char,false
v18211,v20355,char,false
v18211,v23874,alt,false
v18211,v61468,alt,false
v18212,v7557,set,true
v18213,v18078,preq,true
v18213,v18789,seq,true
v18227,v18228,ser,true
v18227,v18242,char,true
v18228,v18227,ser,true
v18229,v18230,seq,true
v18230,v18229,preq,true
v18232,v17646,set,true
v18236,v2773,alt,true
v18236,v56329,char,false
v18238,v17556,preq,true
v18241,v20940,set,true
v18242,v6480,char,true
v18242,v8984,char,true
v18242,v17646,char,true
v18242,v18076,char,true
v18242,v18227,char,true
v18242,v29125,char,true
v18243,v9437,preq,true
v18245,v7818,ser,true
v18245,v14852,preq,true
v18251,v18252,seq,true
v18252,v18251,preq,true
v18255,v18256,seq,true
v18256,v18255,preq,true
v18259,v16082,ser,true
v18259,v21854,ser,true
v18261,v17335,ser,true
v18261,v18705,ser,true
v18267,v9889,preq,true
v18271,v20095,ser,true
v18278,v16087,preq,true
v18281,v57621,side,true
v18282,v7096,preq,true
v18284,v22749,seq,true
v18285,v20250,set,true
v18287,v13838,ser,true
v18290,v14922,orig,true
v18293,v2089,ser,true
v18296,v12606,orig,true
v18297,v18298,seq,true
v18298,v18297,preq,true
v18298,v18299,seq,true
v18299,v18298,preq,true
v18299,v18300,seq,true
v18300,v18299,preq,true
v18303,v11179,ser,true
v18304,v20349,set,true
v18307,v14640,ser,true
v18307,v28582,ser,true
v18309,v18310,ser,true
v18310,v18309,ser,true
v18310,v18311,ser,true
v18311,v18310,ser,true
v18311,v18312,ser,true
v18312,v18311,ser,true
v18314,v14908,orig,true
v18314,v21521,fan,true
v18316,v13033,preq,true
v18323,v20348,ser,true
v18324,v14241,ser,true
v18327,v20133,seq,true
v18329,v39613,alt,true
v18330,v18331,seq,true
v18330,v25374,seq,true
v18331,v18330,preq,true
v18331,v25372,seq,true
v18334,v7679,ser,true
v18334,v22782,ser,false
v18334,v23651,alt,false
v18334,v30422,char,false
v18334,v42265,seq,false
v18334,v44084,char,false
v18334,v51295,char,false
v18334,v51296,char,false
v18334,v52861,char,false
v18334,v58676,char,false
v18334,v59198,char,false
v18334,v61996,char,false
v18337,v10000,set,true
v18337,v21528,alt,true
v18337,v26490,alt,true
v18340,v12165,preq,true
v18344,v14082,char,true
v18344,v24802,set,true
v18351,v18926,fan,true
v18352,v16933,preq,true
v18353,v19592,ser,true
v18353,v21913,seq,true
v18353,v22026,set,true
v18357,v24036,set,true
v18357,v24038,set,true
v18359,v14109,char,false
v18359,v14708,char,false
v18359,v14945,char,false
v18359,v17096,char,false
v18359,v17097,char,false
v18359,v17662,char,false
v18360,v17335,preq,true
v18365,v18779,preq,true
v18365,v20886,seq,true
v18367,v18740,char,true
v18368,v14710,ser,true
v18368,v20105,ser,true
v18369,v9732,char,true
v18370,v53657,seq,true
v18372,v17395,ser,true
v18375,v15440,preq,true
v18375,v20023,seq,true
v18376,v17978,set,true
v18377,v16965,ser,true
v18377,v19728,ser,true
v18378,v175,orig,true
v18379,v15033,char,false
v18379,v16975,char,false
v18379,v17278,char,false
v18379,v20929,char,false
v18379,v48424,char,false
v18381,v16583,char,true
v18381,v21957,char,true
v18381,v24560,char,true
v18381,v26819,seq,true
v18382,v19665,char,true
v18383,v15827,seq,true
v18384,v18385,seq,true
v18384,v28988,side,true
v18385,v18384,preq,true
v18394,v16630,preq,true
v18397,v12402,seq,true
v18398,v4545,char,true
v18398,v4709,char,true
v18407,v17734,ser,true
v18412,v2153,char,false
v18413,v12136,set,true
v18413,v20407,seq,true
v18413,v29465,seq,true
v18413,v62280,set,true
v18414,v18415,ser,true
v18414,v19910,seq,true
v18415,v18414,ser,true
v18419,v20972,set,true
v18420,v16269,preq,true
v18420,v18704,seq,true
v18422,v20428,char,true
v18425,v16796,orig,true
v18427,v12927,preq,true
v18429,v12353,preq,true
v18429,v48227,seq,true
v18430,v15093,char,true
v18430,v19691,fan,true
v18432,v22114,fan,true
v18433,v24376,char,true
v18440,v3126,alt,false
v18440,v52916,alt,true
v18442,v13929,char,false
v18442,v16946,char,false
v18442,v17573,char,false
v18442,v17923,char,false
v18442,v31707,char,false
v18449,v11601,preq,true
v18449,v29905,ser,true
v18451,v16606,char,true
v18451,v20141,char,true
v18456,v2063,ser,true
v18456,v19630,seq,true
v18457,v20129,char,false
v18457,v20673,char,false
v18457,v29357,char,false
v18457,v34810,char,false
v18457,v37945,char,false
v18457,v38069,char,false
v18457,v38294,char,false
v18457,v54988,ser,false
v18458,v15869,ser,true
v18458,v20314,ser,true
v18459,v3343,orig,true
v18459,v18922,seq,true
v18460,v18060,char,true
v18460,v22785,char,true
v18461,v10005,ser,true
v18463,v23279,side,true
v18471,v14110,char,true
v18472,v14110,alt,true
v18472,v16480,alt,true
v18473,v11991,preq,true
v18473,v25187,seq,true
v18476,v15945,alt,true
v18486,v1110,preq,true
v18486,v19661,side,true
v18487,v25379,preq,true
v18489,v481,set,true
v18489,v21522,preq,true
v18490,v34376,alt,true
v18491,v14946,seq,true
v18495,v15473,char,true
v18495,v26000,set,true
v18498,v210,set,true
v18503,v7793,char,true
v18505,v9348,alt,true
v18508,v18509,seq,true
v18508,v18513,ser,true
v18509,v18508,preq,true
v18509,v18510,seq,true
v18510,v18509,preq,true
v18510,v18511,seq,true
v18511,v18510,preq,true
v18511,v18512,seq,true
v18512,v18511,preq,true
v18512,v18515,seq,true
v18513,v7,char,false
v18513,v9339,ser,true
v18513,v18508,ser,true
v18513,v18514,seq,true
v18514,v7,char,false
v18514,v18513,preq,true
v18514,v18516,seq,true
v18515,v18512,preq,true
v18515,v18517,seq,true
v18516,v7,char,false
v18516,v18514,preq,true
v18516,v18518,seq,true
v18517,v18515,preq,true
v18517,v18519,seq,true
v18518,v18516,preq,true
v18518,v18520,seq,true
v18519,v18517,preq,true
v18519,v18521,seq,true
v18520,v18518,preq,true
v18520,v18523,seq,true
v18521,v18519,preq,true
v18521,v18522,seq,true
v18522,v18521,preq,true
v18522,v18527,seq,true
v18523,v18520,preq,true
v18523,v18524,seq,true
v18524,v7,char,false
v18524,v18523,preq,true
v18524,v18525,seq,true
v18525,v7,char,false
v18525,v18524,preq,true
v18525,v18526,seq,true
v18526,v7,char,false
v18526,v18525,preq,true
v18527,v18522,preq,true
v18527,v18528,seq,true
v18528,v18527,preq,true
v18529,v9339,ser,true
v18529,v18530,ser,true
v18529,v18531,seq,true
v18530,v104,char,false
v18530,v18529,ser,true
v18530,v18532,seq,true
v18530,v18535,ser,true
v18530,v20335,char,false
v18530,v50807,set,false
v18531,v18529,preq,true
v18531,v52069,char,false
v18532,v18530,preq,true
v18532,v18534,seq,true
v18533,v18536,seq,true
v18534,v18532,preq,true
v18535,v18530,ser,true
v18536,v18533,preq,true
v18538,v18110,ser,true
v18538,v19008,ser,true
v18541,v23103,ser,true
v18543,v16329,orig,true
v18544,v16329,orig,true
v18545,v16329,orig,true
v18550,v21084,preq,true
v18558,v18559,ser,true
v18559,v18558,ser,true
v18559,v18560,ser,true
v18560,v18559,ser,true
v18560,v18561,ser,true
v18561,v18560,ser,true
v18563,v16896,preq,true
v18564,v23707,ser,false
v18564,v25944,ser,false
v18564,v35893,ser,false
v18566,v1813,alt,true
v18567,v19243,char,true
v18567,v20167,char,true
v18567,v30554,char,true
v18567,v43807,side,false
v18567,v46842,side,false
v18567,v60550,char,true
v18569,v11051,preq,true
v18579,v10650,preq,true
v18580,v3863,char,true
v18580,v9984,set,true
v18581,v19237,seq,true
v18581,v19915,set,true
v18586,v17029,preq,true
v18588,v17035,preq,true
v18588,v20928,seq,true
v18589,v370,preq,true
v18591,v352,ser,true
v18592,v94,orig,true
v18594,v18866,ser,true
v18594,v21243,seq,false
v18600,v12577,preq,true
v18601,v17647,preq,true
v18601,v19348,seq,true
v18608,v16495,set,true
v18609,v42610,seq,true
v18609,v43854,seq,true
v18609,v43857,char,true
v18614,v60418,alt,true
v18618,v9623,preq,true
v18619,v13318,seq,true
v18620,v8531,preq,true
v18620,v10410,seq,true
v18629,v18631,seq,true
v18631,v18629,preq,true
v18632,v18633,seq,true
v18633,v18632,preq,true
v18635,v15653,ser,true
v18635,v19770,fan,true
v18635,v20256,ser,true
v18635,v60908,side,true
v18635,v60912,side,true
v18640,v6684,alt,true
v18642,v9774,alt,true
v18643,v15771,preq,true
v18644,v26763,ser,true
v18645,v19649,seq,true
v18649,v1967,alt,true
v18649,v20591,ser,true
v18649,v26238,char,true
v18650,v2655,set,true
v18652,v7321,alt,true
v18653,v13972,preq,true
v18655,v17461,preq,true
v18655,v26474,side,true
v18656,v19701,side,true
v18656,v23306,set,true
v18666,v12645,preq,true
v18666,v12930,preq,true
v18666,v16262,set,true
v18666,v16263,preq,true
v18666,v18754,set,true
v18668,v18669,seq,true
v18669,v18668,preq,true
v18670,v20261,fan,true
v18677,v10199,preq,true
v18678,v20276,ser,true
v18681,v21144,set,true
v18682,v5004,ser,true
v18684,v16256,preq,true
v18685,v548,par,true
v18686,v10000,alt,true
v18687,v15605,alt,true
v18688,v6355,alt,true
v18688,v18140,preq,true
v18688,v18689,seq,true
v18689,v13083,alt,true
v18689,v18688,preq,true
v18690,v19886,char,true
v18693,v13441,preq,true
v18694,v20003,fan,true
v18694,v22345,ser,true
v18698,v21301,seq,true
v18700,v20612,set,true
v18704,v18420,preq,true
v18705,v18261,ser,true
v18705,v19516,ser,true
v18706,v18710,seq,true
v18706,v29156,alt,true
v18710,v18706,preq,true
v18710,v22316,set,true
v18712,v10899,preq,true
v18712,v29580,char,false
v18713,v15538,preq,true
v18713,v19385,seq,true
v18713,v20336,char,false
v18714,v24851,seq,true
v18714,v25729,preq,true
v18717,v7721,preq,true
v18717,v26075,fan,true
v18717,v39778,fan,true
v18719,v19814,seq,true
v18721,v21533,ser,true
v18722,v18740,char,true
v18723,v14005,set,true
v18730,v17557,preq,true
v18730,v19628,seq,true
v18730,v19856,alt,true
v18732,v18733,ser,true
v18733,v18732,ser,true
v18734,v13901,preq,true
v18736,v70,par,true
v18738,v10,seq,true
v18739,v10,ser,true
v18739,v70,ser,true
v18739,v15658,par,true
v18739,v24186,side,true
v18740,v12648,preq,true
v18740,v15898,char,true
v18740,v18367,char,true
v18740,v18722,char,true
v18742,v16778,preq,true
v18743,v16505,ser,true
v18745,v15978,ser,true
v18749,v14595,set,true
v18750,v16906,orig,true
v18753,v19687,ser,true
v18754,v16262,preq,true
v18754,v18666,set,true
v18755,v19863,seq,true
v18757,v25250,char,true
v18757,v48291,char,true
v18757,v50460,char,true
v18759,v729,set,true
v18760,v16069,ser,true
v18760,v19974,ser,true
v18760,v20264,seq,true
v18761,v10041,set,true
v18764,v18765,ser,true
v18765,v18764,ser,true
v18769,v13636,char,true
v18769,v15283,alt,true
v18769,v17839,char,true
v18770,v21410,seq,true
v18771,v10949,set,true
v18773,v20737,side,true
v18774,v26323,seq,true
v18774,v30505,side,true
v18778,v14265,set,true
v18778,v24803,set,true
v18779,v18365,seq,true
v18779,v53657,preq,true
v18781,v20429,ser,true
v18783,v1913,set,true
v18783,v21517,set,true
v18783,v21705,fan,true
v18787,v14239,char,false
v18789,v18213,preq,true
v18790,v7786,set,true
v18790,v10803,set,true
v18791,v17515,orig,true
v18791,v18149,char,true
v18793,v8045,preq,true
v18795,v23985,seq,true
v18807,v26987,set,true
v18809,v53427,seq,true
v18809,v60769,alt,false
v18812,v15287,ser,true
v18812,v20908,ser,true
v18814,v18885,preq,true
v18816,v18823,preq,true
v18818,v12869,preq,true
v18823,v18816,seq,true
v18825,v22785,char,true
v18825,v47115,char,true
v18829,v19951,char,false
v18830,v5154,par,true
v18831,v7723,par,true
v18833,v4540,ser,true
v18833,v21112,fan,true
v18837,v18154,ser,true
v18837,v20170,ser,true
v18837,v25132,ser,true
v18845,v38204,ser,true
v18847,v12050,preq,true
v18852,v21523,set,true
v18855,v6956,ser,true
v18855,v18856,seq,true
v18856,v18855,preq,true
v18857,v22961,char,false
v18861,v11778,preq,true
v18862,v16396,seq,true
v18862,v16641,seq,true
v18862,v17054,seq,true
v18866,v18594,ser,true
v18866,v18867,seq,true
v18866,v19270,fan,true
v18867,v18866,preq,true
v18867,v21244,fan,true
v18869,v10326,set,true
v18869,v24019,fan,true
v18872,v20539,set,true
v18872,v22784,char,true
v18872,v24316,seq,true
v18872,v42169,char,false
v18872,v44026,seq,false
v18872,v44027,char,false
v18872,v44028,char,false
v18872,v61708,char,false
v18873,v17978,preq,true
v18873,v19307,set,true
v18873,v19604,seq,true
v18874,v16626,ser,true
v18874,v20624,ser,true
v18875,v15909,ser,true
v18876,v21711,ser,true
v18882,v15288,preq,true
v18882,v28904,fan,true
v18882,v61332,fan,true
v18885,v18814,seq,true
v18888,v21735,seq,true
v18891,v8203,par,true
v18893,v16253,preq,true
v18893,v22016,seq,true
v18906,v18175,preq,true
v18907,v16560,orig,true
v18908,v15734,preq,true
v18913,v15883,alt,true
v18913,v15893,alt,true
v18913,v16477,alt,true
v18914,v5244,alt,false
v18916,v44139,side,true
v18918,v16294,ser,true
v18918,v25204,side,true
v18920,v16880,preq,true
v18922,v18459,preq,true
v18923,v8430,preq,true
v18926,v18351,orig,true
v18927,v15874,ser,true
v18927,v24417,ser,true
v18930,v24627,char,true
v18935,v13556,alt,true
v18944,v11472,orig,true
v18945,v14649,preq,true
v18945,v24577,seq,true
v18950,v16791,preq,true
v18950,v21636,char,true
v18953,v15493,char,true
v18956,v21190,seq,true
v18959,v24376,char,true
v18961,v31399,seq,true
v18964,v18965,seq,true
v18964,v18967,ser,true
v18964,v18968,ser,true
v18965,v18964,preq,true
v18965,v18966,seq,true
v18966,v18965,preq,true
v18967,v18964,ser,true
v18968,v18964,ser,true
v18970,v1427,alt,true
v18970,v14022,preq,true
v18970,v17642,seq,true
v18972,v8182,preq,true
v18974,v20980,seq,true
v18976,v19764,seq,true
v18976,v20157,set,true
v18977,v33224,set,true
v18990,v12402,orig,true
v18991,v12402,orig,true
v18992,v14880,preq,true
v18994,v17663,char,true
v18998,v16716,preq,true
v18998,v20819,seq,true
v18998,v42905,alt,true
v18999,v19563,seq,true
v18999,v20479,ser,true
v19001,v6956,preq,true
v19001,v19003,seq,true
v19003,v19001,preq,true
v19007,v4107,par,true
v19007,v10290,ser,true
v19008,v18538,ser,true
v19010,v5987,preq,true
v19010,v5993,seq,true
v19011,v19030,fan,true
v19012,v21140,fan,true
v19014,v59597,alt,true
v19018,v9200,ser,true
v19018,v25237,ser,true
v19019,v20733,seq,true
v19024,v10462,ser,true
v19024,v25376,ser,true
v19027,v19028,char,true
v19027,v19029,char,true
v19027,v19030,char,true
v19027,v25848,seq,true
v19027,v53406,char,true
v19028,v19027,char,true
v19028,v19029,char,true
v19028,v19030,char,true
v19029,v19027,char,true
v19029,v19028,char,true
v19029,v19030,char,true
v19030,v19011,orig,true
v19030,v19027,char,true
v19030,v19028,char,true
v19030,v19029,char,true
v19030,v23104,set,true
v19030,v25849,char,true
v19034,v7957,ser,true
v19035,v30777,side,true
v19037,v24964,ser,true
v19041,v11889,ser,true
v19041,v22434,ser,true
v19042,v15496,preq,true
v19042,v22760,ser,true
v19044,v14816,preq,true
v19044,v41449,seq,true
v19044,v44230,set,true
v19044,v47184,set,true
v19044,v51680,set,true
v19044,v52963,char,true
v19044,v58040,char,true
v19053,v54503,ser,true
v19057,v14367,preq,true
v19064,v19575,preq,true
v19064,v19582,seq,true
v19067,v22031,set,true
v19069,v20200,seq,true
v19072,v7723,par,true
v19074,v16590,preq,true
v19082,v21817,side,true
v19083,v14618,seq,true
v19085,v27956,ser,true
v19088,v16459,orig,true
v19089,v14330,ser,true
v19090,v16794,preq,true
v19099,v387,ser,true
v19101,v17084,char,true
v19101,v20869,ser,true
v19102,v17062,ser,true
v19102,v20990,ser,true
v19104,v17632,orig,true
v19106,v17601,ser,true
v19106,v19574,ser,true
v19107,v59961,preq,true
v19112,v13431,alt,true
v19117,v21602,seq,true
v19119,v12369,preq,true
v19119,v21739,seq,true
v19120,v29983,preq,true
v19123,v15840,preq,true
v19124,v20894,ser,true
v19124,v26712,ser,true
v19127,v15218,char,false
v19127,v15616,char,false
v19127,v19278,seq,true
v19127,v20282,char,true
v19128,v324,preq,true
v19128,v2323,char,true
v19132,v24673,preq,true
v19133,v11301,set,true
v19133,v22610,fan,true
v19133,v30969,set,true
v19134,v14496,ser,true
v19136,v13907,ser,true
v19142,v2198,ser,true
v19142,v20325,fan,true
v19151,v2016,par,true
v19153,v11957,preq,true
v19155,v19156,seq,true
v19156,v19155,preq,true
v19163,v19613,ser,true
v19167,v17094,seq,true
v19168,v19641,ser,true
v19173,v3126,char,false
v19180,v19181,fan,true
v19181,v19180,orig,true
v19182,v14365,ser,true
v19182,v27057,ser,true
v19187,v10472,ser,true
v19190,v16060,preq,true
v19192,v8701,set,true
v19196,v16872,ser,true
v19196,v19197,ser,true
v19197,v19196,ser,true
v19198,v22785,char,true
v19198,v59278,char,true
v19199,v18113,ser,true
v19199,v20078,seq,true
v19201,v17756,set,true
v19201,v19202,seq,true
v19201,v26392,ser,true
v19202,v19201,preq,true
v19207,v19208,seq,true
v19207,v19209,side,true
v19208,v19207,preq,true
v19209,v19207,par,true
v19213,v4673,ser,true
v19213,v6532,ser,true
v19213,v28068,ser,true
v19214,v14711,set,true
v19216,v19911,seq,true
v19219,v7014,char,false
v19223,v16134,preq,true
v19223,v26785,seq,true
v19230,v6058,preq,true
v19231,v13916,preq,true
v19231,v24552,seq,true
v19233,v49274,preq,true
v19236,v19355,seq,true
v19237,v18581,preq,true
v19237,v43115,char,true
v19238,v19951,ser,true
v19240,v7014,char,false
v19243,v18567,char,true
v19243,v60550,char,true
v19259,v14537,alt,true
v19270,v18866,orig,true
v19271,v19632,seq,true
v19273,v42636,fan,false
v19278,v19127,preq,true
v19280,v20155,set,false
v19280,v20156,set,false
v19280,v28395,set,false
v19283,v15231,ser,true
v19285,v17329,preq,true
v19285,v20561,seq,true
v19289,v16623,ser,true
v19289,v21934,ser,true
v19293,v17835,ser,true
v19294,v12984,orig,true
v19298,v17343,orig,true
v19302,v16845,alt,true
v19305,v18151,preq,true
v19307,v18873,set,true
v19307,v19445,set,true
v19311,v11624,preq,true
v19314,v19315,seq,true
v19315,v19314,preq,true
v19315,v40188,seq,true
v19318,v16757,char,true
v19321,v24528,seq,true
v19327,v27242,seq,true
v19338,v19339,alt,true
v19339,v19338,alt,true
v19345,v13962,ser,true
v19348,v18601,preq,true
v19349,v14924,alt,true
v19350,v7751,par,true
v19355,v12949,seq,true
v19355,v19236,preq,true
v19357,v19358,seq,true
v19358,v19357,preq,true
v19358,v19359,seq,true
v19359,v19358,preq,true
v19359,v19360,seq,true
v19360,v19359,preq,true
v19360,v19361,seq,true
v19361,v19360,preq,true
v19361,v19362,seq,true
v19362,v19361,preq,true
v19362,v19363,seq,true
v19363,v19362,preq,true
v19365,v21199,set,true
v19369,v13631,set,true
v19370,v30941,seq,true
v19372,v2835,set,true
v19373,v17,alt,true
v19374,v20531,ser,true
v19376,v3625,alt,false
v19376,v11530,alt,false
v19377,v1961,preq,true
v19378,v12101,preq,true
v19385,v18713,preq,true
v19385,v26052,seq,true
v19391,v31272,set,true
v19393,v19760,seq,true
v19397,v49599,fan,true
v19399,v15446,set,true
v19400,v5433,char,true
v19400,v6415,char,true
v19406,v13429,seq,true
v19415,v19419,preq,true
v19419,v19415,seq,true
v19419,v19421,preq,true
v19421,v19419,seq,true
v19425,v14253,ser,true
v19425,v14972,ser,true
v19425,v19567,ser,true
v19429,v7896,set,false
v19429,v13354,set,false
v19429,v20556,set,false
v19429,v21152,set,false
v19429,v22169,set,false
v19429,v26725,set,false
v19429,v27148,set,false
v19429,v28973,set,false
v19430,v11758,char,true
v19430,v19431,char,true
v19431,v19430,char,true
v19431,v21316,char,true
v19432,v20121,ser,true
v19436,v37510,seq,true
v19439,v20736,seq,true
v19444,v16339,set,true
v19444,v22045,set,true
v19445,v19307,set,true
v19452,v396,preq,true
v19457,v4331,orig,true
v19463,v12942,ser,true
v19463,v30185,ser,true
v19470,v17595,set,false
v19470,v22190,seq,true
v19470,v29067,char,true
v19470,v30946,char,true
v19470,v48291,char,true
v19470,v49221,fan,true
v19483,v21996,char,false
v19483,v23417,char,false
v19483,v31788,char,false
v19485,v1931,par,true
v19485,v1932,par,true
v19487,v17780,preq,true
v19494,v13083,preq,true
v19494,v28343,seq,true
v19496,v18174,preq,true
v19497,v44966,char,true
v19499,v15414,ser,true
v19500,v14846,char,true
v19501,v20387,ser,true
v19503,v19504,ser,true
v19504,v19503,ser,true
v19504,v19505,ser,true
v19505,v6871,alt,true
v19505,v19504,ser,true
v19506,v17491,orig,true
v19508,v19510,seq,true
v19510,v19508,preq,true
v19515,v14008,ser,true
v19516,v18705,ser,true
v19516,v19903,ser,true
v19519,v56829,alt,true
v19526,v22615,seq,true
v19531,v20092,ser,true
v19531,v20371,seq,true
v19543,v23990,alt,false
v19544,v20967,ser,true
v19545,v18152,preq,true
v19556,v14711,orig,true
v19558,v21511,seq,true
v19563,v18999,preq,true
v19565,v5157,ser,true
v19565,v19566,ser,true
v19566,v19565,ser,true
v19567,v14253,ser,true
v19567,v14972,ser,true
v19567,v19425,ser,true
v19567,v19647,seq,true
v19570,v20981,seq,true
v19570,v51009,char,false
v19570,v57944,alt,true
v19573,v15073,ser,true
v19574,v19106,ser,true
v19575,v19064,seq,true
v19582,v19064,preq,true
v19584,v24314,set,true
v19584,v28638,set,true
v19586,v725,alt,false
v19587,v25040,seq,true
v19592,v18353,ser,true
v19600,v21583,set,true
v19602,v19895,seq,true
v19604,v18873,preq,true
v19604,v19719,set,true
v19604,v19943,set,true
v19604,v21161,seq,true
v19609,v1037,ser,true
v19609,v20893,fan,true
v19610,v13419,ser,true
v19611,v751,par,true
v19612,v23543,ser,true
v19613,v19163,ser,true
v19614,v17263,preq,true
v19616,v17711,set,true
v19620,v10974,ser,true
v19627,v33002,set,true
v19628,v18730,preq,true
v19630,v18456,preq,true
v19630,v30949,seq,true
v19631,v12477,ser,true
v19632,v19271,preq,true
v19632,v20812,seq,true
v19636,v24498,seq,true
v19639,v17106,preq,true
v19639,v22141,seq,true
v19641,v19168,ser,true
v19641,v20333,ser,true
v19642,v9625,set,false
v19642,v38015,set,false
v19642,v38340,ser,true
v19644,v12562,set,true
v19644,v21295,fan,true
v19646,v12428,preq,true
v19647,v19567,preq,true
v19647,v28685,seq,true
v19649,v18645,preq,true
v19654,v28915,set,true
v19654,v59169,seq,true
v19657,v1506,ser,true
v19657,v1914,ser,true
v19657,v24186,fan,true
v19661,v18486,par,true
v19663,v3977,char,true
v19663,v15226,set,true
v19665,v18382,char,true
v19667,v19668,preq,true
v19668,v19667,seq,true
v19673,v22785,char,true
v19681,v20192,fan,true
v19681,v20961,fan,true
v19681,v21138,set,true
v19687,v18753,ser,true
v19687,v21919,ser,true
v19691,v18430,orig,true
v19693,v5,par,true
v19697,v14711,orig,true
v19700,v58425,preq,true
v19701,v18656,par,true
v19701,v23306,set,true
v19704,v23030,seq,true
v19705,v13000,set,true
v19706,v2632,seq,false
v19706,v20563,seq,true
v19706,v21871,set,true
v19711,v16693,preq,true
v19711,v39136,char,true
v19712,v18170,set,true
v19712,v20491,set,true
v19713,v12658,set,true
v19716,v21786,fan,true
v19719,v19604,set,true
v19721,v16657,ser,true
v19725,v9409,preq,true
v19725,v21328,ser,true
v19725,v55101,ser,true
v19726,v22876,seq,true
v19727,v19873,alt,true
v19728,v18377,ser,true
v19728,v24661,ser,true
v19735,v28513,set,true
v19736,v16629,preq,true
v19740,v16269,preq,true
v19740,v20353,ser,true
v19743,v25197,set,true
v19748,v264,orig,true
v19755,v17329,char,true
v19755,v20169,preq,true
v19755,v24540,char,true
v19755,v25920,char,true
v19755,v25921,char,true
v19755,v28963,char,true
v19755,v30188,char,true
v19755,v30511,side,true
v19755,v31402,preq,true
v19755,v31636,preq,true
v19755,v32197,char,true
v19755,v32504,char,true
v19756,v17291,preq,true
v19760,v19393,preq,true
v19762,v16240,char,true
v19763,v22038,ser,true
v19764,v18976,preq,true
v19769,v17790,ser,true
v19770,v18635,orig,true
v19770,v60933,side,true
v19771,v16626,orig,true
v19772,v16713,set,true
v19775,v20128,char,true
v19776,v12515,preq,true
v19786,v11029,alt,true
v19786,v19787,seq,true
v19787,v11858,alt,true
v19787,v14143,seq,true
v19787,v19786,preq,true
v19804,v33320,char,true
v19810,v15679,orig,true
v19811,v19951,char,false
v19814,v18719,preq,true
v19818,v34669,ser,true
v19818,v34697,fan,true
v19820,v15129,ser,true
v19820,v15675,ser,true
v19822,v29370,seq,true
v19823,v15942,ser,true
v19824,v16106,char,true
v19829,v21668,seq,true
v19829,v52407,side,true
v19830,v1343,set,true
v19830,v16106,char,true
v19831,v9621,set,true
v19841,v18148,preq,true
v19841,v30954,seq,true
v19843,v34151,set,true
v19844,v26759,set,false
v19847,v12751,preq,true
v19848,v18163,preq,true
v19849,v16128,orig,true
v19855,v27058,alt,true
v19856,v18730,alt,true
v19857,v3706,par,true
v19859,v30222,char,true
v19863,v18755,preq,true
v19867,v16329,set,true
v19873,v19727,alt,true
v19881,v14954,preq,true
v19882,v16114,set,true
v19886,v18690,char,true
v19889,v25505,alt,true
v19890,v21514,ser,false
v19890,v29995,alt,true
v19891,v22585,seq,true
v19893,v22916,set,true
v19893,v28709,set,true
v19895,v19602,preq,true
v19895,v19896,seq,true
v19896,v19895,preq,true
v19896,v19897,seq,true
v19897,v19896,preq,true
v19897,v19898,seq,true
v19898,v19897,preq,true
v19898,v19899,seq,true
v19899,v19898,preq,true
v19899,v19900,seq,true
v19900,v19899,preq,true
v19900,v20123,ser,true
v19901,v14711,orig,true
v19902,v10941,ser,true
v19902,v23474,ser,true
v19903,v19516,ser,true
v19903,v19914,ser,true
v19904,v23965,ser,true
v19904,v55011,seq,true
v19910,v18414,preq,true
v19911,v19216,preq,true
v19911,v35807,seq,true
v19912,v23167,seq,true
v19914,v19903,ser,true
v19914,v20006,ser,true
v19915,v18581,set,true
v19922,v19923,seq,true
v19923,v19922,preq,true
v19924,v15675,ser,true
v19925,v1188,ser,true
v19926,v28016,char,true
v19933,v19954,ser,true
v19934,v35479,preq,true
v19936,v22654,seq,true
v19943,v19604,set,true
v19951,v14957,char,false
v19951,v18829,char,false
v19951,v19238,ser,true
v19951,v19811,char,false
v19951,v20164,seq,true
v19951,v33016,char,false
v19951,v42934,preq,false
v19953,v14018,orig,true
v19954,v19933,ser,true
v19957,v21194,seq,true
v19957,v29044,ser,true
v19962,v22586,char,false
v19962,v22950,side,false
v19973,v13253,preq,true
v19974,v18760,ser,true
v19981,v17845,ser,true
v19981,v32690,ser,true
v19982,v12796,preq,true
v19987,v15125,preq,true
v19988,v25248,seq,true
v20002,v1199,set,true
v20002,v59419,char,true
v20003,v18694,orig,true
v20006,v19914,ser,true
v20006,v20016,ser,true
v20006,v20088,seq,true
v20008,v20009,seq,true
v20009,v20008,preq,true
v20009,v20010,seq,true
v20010,v20009,preq,true
v20011,v26643,seq,true
v20012,v581,char,true
v20012,v1143,par,true
v20012,v9879,char,true
v20012,v16448,char,true
v20016,v20006,ser,true
v20016,v20497,ser,true
v20023,v18375,preq,true
v20032,v22728,seq,true
v20032,v33134,char,true
v20034,v21805,seq,true
v20037,v20039,char,true
v20038,v20039,char,true
v20038,v26182,char,true
v20039,v20037,char,true
v20039,v20038,char,true
v20047,v20136,preq,true
v20053,v49536,preq,true
v20057,v899,orig,true
v20062,v21894,fan,true
v20062,v27436,seq,true
v20070,v15495,ser,true
v20070,v20071,ser,true
v20071,v20070,ser,true
v20071,v20072,ser,true
v20072,v20071,ser,true
v20074,v23152,seq,true
v20074,v60598,side,true
v20076,v21754,seq,true
v20077,v20078,ser,true
v20077,v37180,ser,true
v20078,v19199,preq,true
v20078,v20077,ser,true
v20079,v6748,preq,true
v20080,v20086,side,true
v20080,v20087,seq,true
v20080,v23892,alt,true
v20083,v9881,preq,true
v20086,v20080,par,true
v20087,v20080,preq,true
v20087,v23893,seq,true
v20088,v20006,preq,true
v20088,v20202,seq,true
v20091,v20243,set,true
v20092,v19531,ser,true
v20095,v18271,ser,true
v20097,v23750,char,true
v20099,v14711,orig,true
v20100,v4570,char,false
v20100,v12547,char,false
v20105,v18368,ser,true
v20105,v21953,ser,true
v20108,v17676,set,false
v20108,v23482,set,false
v20117,v15070,ser,true
v20121,v19432,ser,true
v20123,v19900,ser,true
v20123,v29619,ser,true
v20126,v13871,char,false
v20128,v19775,char,true
v20129,v18457,char,false
v20129,v20673,set,true
v20133,v18327,preq,true
v20133,v24900,seq,true
v20134,v11483,ser,true
v20134,v20135,ser,true
v20135,v20134,ser,true
v20136,v20047,seq,true
v20139,v21538,seq,true
v20139,v22377,alt,true
v20139,v24096,ser,true
v20141,v16606,char,true
v20141,v18451,char,true
v20155,v19280,set,false
v20155,v20156,set,true
v20155,v28395,set,true
v20156,v19280,set,false
v20156,v20155,set,true
v20156,v28395,set,true
v20157,v18976,set,true
v20157,v20871,set,true
v20158,v25918,char,true
v20164,v19951,preq,true
v20167,v18567,char,true
v20167,v25566,char,true
v20167,v30554,char,true
v20167,v35794,char,true
v20167,v42904,char,true
v20169,v19755,seq,true
v20169,v25920,char,true
v20170,v18837,ser,true
v20170,v21300,ser,true
v20185,v20373,ser,true
v20185,v21153,seq,true
v20190,v36223,alt,true
v20192,v19681,orig,true
v20194,v7724,ser,true
v20194,v22790,seq,true
v20198,v23753,ser,true
v20199,v21365,char,true
v20200,v19069,preq,true
v20202,v20088,preq,true
v20203,v21067,ser,true
v20205,v106,seq,true
v20206,v20229,seq,true
v20215,v27572,set,true
v20218,v17742,orig,true
v20223,v5628,set,true
v20223,v14646,set,true
v20223,v46924,seq,true
v20226,v17750,orig,true
v20228,v12849,orig,true
v20229,v20206,preq,true
v20229,v20259,seq,true
v20232,v22037,seq,true
v20232,v24618,ser,true
v20232,v24619,set,true
v20232,v27462,set,true
v20234,v13896,char,true
v20242,v20477,ser,true
v20242,v21738,ser,true
v20243,v20091,set,true
v20250,v18285,set,true
v20250,v22526,set,true
v20256,v18635,ser,true
v20256,v21646,fan,true
v20256,v23338,ser,true
v20258,v13796,preq,true
v20258,v22878,seq,true
v20259,v20229,preq,true
v20261,v18670,orig,true
v20262,v18211,char,false
v20262,v20355,char,false
v20264,v18760,preq,true
v20265,v11082,alt,true
v20267,v22348,seq,true
v20267,v37135,seq,true
v20268,v24617,ser,true
v20270,v661,alt,true
v20270,v7014,par,true
v20272,v4936,par,true
v20273,v57,char,true
v20273,v211,par,true
v20274,v5403,par,true
v20275,v88,par,true
v20275,v4189,par,true
v20276,v18678,ser,true
v20277,v16032,orig,true
v20278,v33739,side,true
v20282,v19127,char,true
v20282,v20905,seq,true
v20283,v18003,preq,true
v20302,v42250,seq,true
v20303,v21056,set,true
v20306,v25892,alt,false
v20309,v22425,par,true
v20310,v20311,ser,true
v20311,v20310,ser,true
v20311,v20312,ser,true
v20312,v20311,ser,true
v20314,v18458,ser,true
v20314,v22175,ser,true
v20314,v26961,set,true
v20314,v34926,set,true
v20319,v22211,seq,true
v20321,v14278,preq,true
v20325,v19142,orig,true
v20330,v26987,set,true
v20333,v19641,ser,true
v20335,v13774,char,false
v20335,v18027,char,false
v20335,v18530,char,false
v20335,v20336,seq,true
v20336,v11264,char,false
v20336,v18027,char,false
v20336,v18713,char,false
v20336,v20335,preq,true
v20336,v24646,char,false
v20336,v31000,char,false
v20336,v41753,char,false
v20336,v54307,char,false
v20336,v56208,char,false
v20337,v4893,set,true
v20337,v21188,set,true
v20340,v17388,orig,true
v20341,v15581,ser,true
v20342,v20343,preq,true
v20342,v21933,set,true
v20343,v20342,seq,true
v20343,v20344,preq,true
v20344,v20343,seq,true
v20344,v20345,ser,true
v20344,v26555,ser,true
v20344,v26556,ser,true
v20345,v20344,ser,true
v20345,v24827,seq,true
v20348,v18323,ser,true
v20349,v18304,set,true
v20353,v19740,ser,true
v20355,v18211,char,false
v20355,v20262,char,false
v20355,v23874,char,false
v20355,v49383,char,false
v20357,v22187,side,true
v20357,v24582,seq,true
v20357,v25555,side,true
v20359,v17140,char,false
v20359,v20360,ser,true
v20360,v20359,ser,true
v20365,v23059,seq,true
v20366,v3884,ser,false
v20367,v13943,ser,true
v20369,v22043,set,true
v20369,v28890,side,true
v20371,v19531,preq,true
v20373,v20185,ser,true
v20373,v20832,ser,true
v20378,v22901,side,true
v20379,v3346,ser,true
v20381,v21577,ser,true
v20387,v19501,ser,true
v20390,v2461,par,true
v20393,v15124,ser,true
v20393,v20394,seq,true
v20394,v20393,preq,true
v20397,v17915,preq,false
v20400,v6029,preq,true
v20400,v22722,seq,true
v20402,v10575,alt,true
v20406,v10288,ser,true
v20406,v21734,ser,true
v20407,v18413,preq,true
v20408,v5182,set,true
v20418,v5652,ser,true
v20418,v29872,seq,true
v20424,v50957,side,false
v20428,v18422,char,true
v20429,v18781,ser,true
v20429,v21429,ser,true
v20431,v562,preq,true
v20433,v22105,seq,true
v20433,v22106,seq,true
v20433,v22282,seq,true
v20440,v9935,set,true
v20440,v38390,set,true
v20444,v16377,preq,true
v20449,v20837,alt,true
v20449,v24540,char,true
v20454,v17973,preq,true
v20456,v17140,set,false
v20456,v20460,set,true
v20460,v17140,set,false
v20460,v20456,set,true
v20464,v60604,side,true
v20465,v20468,ser,true
v20465,v21683,ser,true
v20468,v20465,ser,true
v20477,v20242,ser,true
v20479,v18999,ser,true
v20480,v20639,preq,true
v20481,v20482,seq,true
v20482,v20481,preq,true
v20485,v42655,set,true
v20491,v19712,set,true
v20491,v25143,set,true
v20493,v746,alt,true
v20493,v747,ser,true
v20493,v748,preq,true
v20494,v20504,ser,true
v20497,v20016,ser,true
v20497,v20583,ser,true
v20500,v17748,orig,true
v20501,v15833,set,true
v20501,v22785,char,true
v20501,v36965,seq,true
v20504,v17336,ser,true
v20504,v20494,ser,true
v20504,v20505,ser,true
v20505,v20504,ser,true
v20505,v20506,ser,true
v20506,v20505,ser,true
v20510,v33949,seq,true
v20515,v22471,fan,true
v20515,v25750,fan,true
v20516,v14711,orig,true
v20524,v17823,orig,true
v20529,v17394,set,true
v20531,v19374,ser,true
v20536,v2753,preq,true
v20537,v20548,ser,true
v20539,v18872,set,true
v20539,v28615,ser,true
v20540,v16640,par,true
v20544,v21772,seq,true
v20545,v28128,seq,true
v20545,v30141,char,true
v20547,v20548,ser,true
v20548,v20537,ser,true
v20548,v20547,ser,true
v20550,v17333,par,true
v20552,v29459,alt,true
v20556,v7896,set,false
v20556,v13354,set,false
v20556,v19429,set,false
v20556,v21152,set,false
v20556,v22169,set,false
v20556,v26725,set,false
v20556,v27148,set,false
v20556,v28973,set,false
v20559,v26086,seq,true
v20561,v19285,preq,true
v20563,v19706,preq,true
v20565,v16690,preq,true
v20565,v23088,seq,true
v20583,v20497,ser,true
v20583,v20808,ser,true
v20591,v18649,ser,true
v20591,v20592,ser,true
v20592,v20591,ser,true
v20593,v20596,ser,true
v20593,v20597,ser,true
v20593,v20618,ser,true
v20593,v20654,ser,true
v20593,v20661,ser,true
v20595,v26605,seq,true
v20595,v26606,char,true
v20595,v60428,fan,true
v20596,v20593,ser,true
v20596,v20597,ser,true
v20596,v20618,ser,true
v20596,v20654,ser,true
v20596,v20661,ser,true
v20597,v20593,ser,true
v20597,v20596,ser,true
v20597,v20618,ser,true
v20597,v20654,ser,true
v20597,v20661,ser,true
v20598,v6245,orig,true
v20598,v20599,ser,true
v20599,v6245,orig,true
v20599,v20598,ser,true
v20599,v20600,ser,true
v20600,v6245,orig,true
v20600,v20599,ser,true
v20600,v20601,ser,true
v20601,v6245,orig,true
v20601,v20600,ser,true
v20601,v20602,ser,true
v20602,v6245,orig,true
v20602,v20601,ser,true
v20602,v20604,ser,true
v20602,v27092,seq,true
v20604,v6245,orig,true
v20604,v20602,ser,true
v20612,v18700,set,true
v20613,v12279,preq,true
v20615,v28067,fan,true
v20615,v28290,fan,true
v20618,v20593,ser,true
v20618,v20596,ser,true
v20618,v20597,ser,true
v20618,v20654,ser,true
v20618,v20661,ser,true
v20622,v14887,set,true
v20622,v17038,set,true
v20622,v24689,set,true
v20623,v15293,orig,true
v20624,v18874,ser,true
v20624,v22436,ser,true
v20625,v20628,side,true
v20626,v16846,orig,true
v20628,v20625,par,true
v20632,v15684,seq,true
v20632,v26593,ser,true
v20632,v28346,fan,true
v20632,v42022,seq,true
v20639,v20480,seq,true
v20644,v54510,alt,true
v20654,v20593,ser,true
v20654,v20596,ser,true
v20654,v20597,ser,true
v20654,v20618,ser,true
v20654,v20661,ser,true
v20658,v20829,seq,false
v20661,v20593,ser,true
v20661,v20596,ser,true
v20661,v20597,ser,true
v20661,v20618,ser,true
v20661,v20654,ser,true
v20667,v1078,alt,true
v20667,v21330,side,true
v20667,v27383,ser,true
v20673,v18457,char,false
v20673,v20129,set,true
v20676,v16238,preq,true
v20677,v20678,seq,true
v20677,v20686,alt,true
v20678,v20677,preq,true
v20681,v21669,seq,true
v20684,v5289,ser,true
v20684,v22167,fan,true
v20686,v20677,alt,true
v20688,v24469,fan,true
v20692,v2002,par,false
v20694,v17965,preq,true
v20701,v16796,alt,true
v20704,v58482,seq,true
v20707,v14486,seq,true
v20709,v10719,preq,true
v20710,v20711,ser,true
v20711,v20710,ser,true
v20717,v24644,preq,true
v20721,v17558,preq,true
v20726,v24540,char,true
v20727,v22703,alt,true
v20732,v11682,preq,true
v20732,v23035,seq,true
v20733,v19019,preq,true
v20733,v30512,seq,true
v20736,v19439,preq,true
v20737,v18773,par,true
v20741,v24800,preq,true
v20741,v56369,seq,true
v20746,v53102,char,false
v20747,v14652,preq,true
v20749,v20751,alt,true
v20750,v20751,char,true
v20750,v20754,char,true
v20751,v20749,alt,true
v20751,v20750,char,true
v20752,v20753,seq,true
v20752,v20754,char,true
v20753,v20752,preq,true
v20754,v20750,char,true
v20754,v20752,char,true
v20763,v25684,seq,true
v20764,v14145,seq,true
v20765,v8729,ser,true
v20767,v21713,char,true
v20772,v51025,ser,true
v20772,v51029,ser,true
v20786,v27446,seq,true
v20787,v33502,ser,true
v20794,v9427,ser,true
v20802,v2045,alt,true
v20802,v7361,char,true
v20802,v13802,preq,true
v20802,v25513,char,true
v20803,v9419,alt,true
v20808,v20583,ser,true
v20808,v20862,ser,true
v20809,v5728,preq,true
v20812,v19632,preq,true
v20813,v22219,alt,true
v20813,v23060,alt,true
v20819,v18998,preq,true
v20819,v42905,alt,true
v20827,v44345,ser,true
v20829,v20658,preq,false
v20832,v20373,ser,true
v20835,v20836,ser,true
v20836,v20835,ser,true
v20837,v20449,alt,true
v20838,v6626,preq,true
v20840,v14711,char,true
v20842,v16443,preq,true
v20843,v27520,preq,true
v20850,v20851,preq,true
v20850,v20852,alt,true
v20851,v20850,seq,true
v20851,v20852,seq,true
v20852,v20850,alt,true
v20852,v20851,preq,true
v20854,v16218,preq,true
v20856,v3971,char,true
v20856,v4234,ser,true
v20857,v28219,seq,true
v20857,v28801,preq,true
v20860,v21857,fan,true
v20862,v20808,ser,true
v20862,v21978,ser,true
v20869,v19101,ser,true
v20869,v23379,ser,true
v20871,v20157,set,true
v20872,v20873,ser,true
v20873,v20872,ser,true
v20880,v27693,alt,true
v20886,v18365,preq,true
v20887,v18070,ser,true
v20887,v18071,ser,true
v20893,v19609,orig,true
v20894,v19124,ser,true
v20900,v21845,char,true
v20900,v22734,seq,true
v20903,v20951,ser,true
v20905,v20282,preq,true
v20908,v18812,ser,true
v20908,v22470,ser,true
v20909,v21353,set,true
v20909,v48291,char,true
v20909,v50515,char,true
v20913,v20914,seq,true
v20914,v20913,preq,true
v20917,v13266,set,false
v20918,v30143,seq,true
v20923,v24524,seq,true
v20928,v18588,preq,true
v20928,v27170,seq,true
v20929,v18379,char,false
v20940,v18241,set,true
v20940,v31926,set,true
v20945,v11946,ser,true
v20948,v21775,char,true
v20951,v20903,ser,true
v20955,v25110,char,true
v20959,v26277,side,true
v20959,v27608,set,true
v20959,v55549,side,true
v20961,v19681,orig,true
v20967,v19544,ser,true
v20969,v21556,seq,true
v20972,v18419,set,true
v20973,v33,char,false
v20973,v51,par,false
v20973,v20974,alt,true
v20974,v51,par,false
v20974,v20973,alt,true
v20980,v18974,preq,true
v20980,v24371,seq,true
v20981,v19570,preq,true
v20981,v34467,char,true
v20981,v60189,seq,false
v20987,v1282,alt,false
v20988,v3687,orig,true
v20990,v19102,ser,true
v20990,v22600,ser,true
v20995,v6571,orig,true
v20996,v30131,seq,true
v20996,v31123,set,true
v21002,v4,char,false
v21002,v24,char,false
v21002,v711,char,false
v21002,v810,char,false
v21002,v945,char,false
v21002,v2002,char,false
v21002,v3112,char,false
v21002,v5154,char,false
v21002,v5657,char,false
v21002,v7014,ser,false
v21002,v7679,char,false
v21002,v13774,char,false
v21002,v21444,char,false
v21006,v6532,ser,true
v21010,v14711,orig,true
v21012,v18202,preq,true
v21015,v3661,set,true
v21015,v3662,set,true
v21015,v4433,ser,true
v21015,v23479,fan,true
v21015,v26068,seq,true
v21017,v24064,set,true
v21017,v28465,set,true
v21020,v15581,ser,true
v21024,v2170,orig,true
v21037,v24415,seq,true
v21038,v21039,seq,true
v21039,v21038,preq,true
v21039,v21040,seq,true
v21040,v21039,preq,true
v21040,v21042,seq,true
v21042,v21040,preq,true
v21044,v21053,set,true
v21047,v22521,char,false
v21047,v24551,char,false
v21047,v28730,seq,true
v21047,v33370,char,false
v21047,v33827,set,false
v21047,v46341,alt,false
v21053,v21044,set,true
v21054,v22785,char,true
v21054,v24665,set,true
v21054,v33896,set,true
v21056,v16668,seq,true
v21056,v16674,set,true
v21056,v20303,set,true
v21056,v23090,set,true
v21057,v24369,char,true
v21061,v21235,side,true
v21061,v21236,side,true
v21061,v21237,side,true
v21061,v23005,alt,true
v21067,v20203,ser,true
v21068,v13717,ser,true
v21072,v22344,fan,true
v21072,v23181,side,true
v21075,v16788,preq,true
v21075,v23021,seq,true
v21082,v23433,set,true
v21083,v21481,side,true
v21084,v18550,seq,true
v21088,v22896,set,true
v21095,v7833,par,true
v21099,v12197,preq,true
v21100,v4870,char,true
v21100,v4871,char,true
v21100,v4873,char,true
v21100,v4874,char,true
v21100,v4875,char,true
v21100,v4887,char,true
v21100,v4890,char,true
v21101,v4870,char,true
v21101,v4871,char,true
v21101,v4874,char,true
v21101,v4877,char,true
v21101,v4888,char,true
v21101,v4891,char,true
v21103,v14451,alt,true
v21105,v21106,set,true
v21106,v21105,set,true
v21112,v18833,orig,true
v21114,v23627,seq,true
v21116,v21970,seq,true
v21117,v4870,char,true
v21117,v4874,char,true
v21117,v4888,char,true
v21117,v4889,char,true
v21122,v9879,orig,true
v21122,v16066,orig,true
v21124,v13896,preq,true
v21124,v25798,seq,true
v21125,v4873,char,true
v21125,v4887,char,true
v21125,v4888,char,true
v21125,v4890,char,true
v21125,v5173,seq,true
v21128,v21707,seq,true
v21128,v21750,seq,true
v21128,v21794,seq,true
v21129,v19,ser,true
v21129,v21130,seq,true
v21130,v21129,preq,true
v21130,v21131,seq,true
v21131,v21130,preq,true
v21132,v12855,orig,true
v21133,v7796,ser,true
v21136,v30803,seq,true
v21136,v45387,set,true
v21136,v59894,set,true
v21138,v19681,set,true
v21138,v56976,fan,true
v21140,v19012,orig,true
v21142,v284,ser,true
v21143,v28084,seq,true
v21144,v18681,set,true
v21145,v24186,fan,true
v21145,v42305,fan,true
v21146,v6373,orig,true
v21148,v24150,seq,true
v21152,v7896,set,false
v21152,v13354,set,false
v21152,v19429,set,false
v21152,v20556,set,false
v21152,v22169,set,false
v21152,v26725,set,false
v21152,v27148,set,false
v21152,v28973,set,false
v21153,v20185,preq,true
v21161,v19604,preq,true
v21161,v22170,seq,true
v21170,v6589,set,true
v21171,v4041,alt,false
v21177,v27505,char,true
v21178,v26594,ser,true
v21178,v51121,fan,true
v21185,v22180,char,true
v21188,v20337,set,true
v21188,v24472,set,true
v21189,v9855,ser,true
v21190,v18956,preq,true
v21190,v23666,seq,true
v21192,v6438,orig,true
v21192,v16261,char,true
v21194,v19957,preq,true
v21194,v29044,ser,true
v21195,v47851,side,true
v21195,v59224,seq,true
v21199,v19365,set,true
v21199,v24016,set,true
v21200,v24652,set,true
v21202,v24510,seq,true
v21205,v36114,seq,true
v21208,v56578,side,true
v21216,v4929,char,false
v21216,v27559,char,false
v21217,v23061,seq,true
v21221,v22191,preq,true
v21223,v21227,char,true
v21223,v21228,char,true
v21223,v21229,char,true
v21223,v61450,preq,true
v21227,v21223,char,true
v21227,v21228,ser,true
v21228,v21223,char,true
v21228,v21227,ser,true
v21229,v21223,char,true
v21230,v3126,char,false
v21234,v31852,alt,false
v21234,v32562,char,true
v21234,v35688,alt,false
v21234,v43552,alt,false
v21235,v21061,par,true
v21236,v21061,par,true
v21237,v21061,par,true
v21243,v18594,preq,false
v21244,v18867,orig,true
v21245,v34112,seq,true
v21247,v15344,preq,true
v21254,v4906,preq,true
v21258,v7529,preq,true
v21259,v2063,preq,true
v21259,v21260,seq,true
v21260,v21259,preq,true
v21266,v16037,char,true
v21266,v29882,seq,true
v21266,v38573,char,true
v21267,v17046,preq,true
v21267,v28127,char,false
v21267,v47866,seq,true
v21267,v53484,char,true
v21269,v24660,fan,true
v21269,v26243,alt,true
v21273,v12949,char,true
v21273,v14779,char,true
v21273,v16043,char,true
v21273,v16599,char,true
v21273,v17263,char,true
v21281,v5883,preq,true
v21284,v21285,seq,true
v21285,v21284,preq,true
v21285,v22261,ser,true
v21289,v15053,set,true
v21289,v52836,ser,true
v21291,v23316,seq,true
v21295,v10597,set,true
v21295,v15637,char,true
v21295,v19644,orig,true
v21300,v20170,ser,true
v21300,v22727,char,true
v21301,v18698,preq,true
v21301,v30695,seq,true
v21308,v13048,alt,true
v21309,v716,char,false
v21309,v9889,char,false
v21311,v16451,par,false
v21316,v19431,char,true
v21316,v28883,char,true
v21319,v21320,seq,true
v21320,v9102,alt,true
v21320,v21319,preq,true
v21321,v23230,seq,true
v21322,v23350,ser,true
v21323,v4672,ser,true
v21323,v21324,side,true
v21324,v21323,par,true
v21328,v19725,ser,true
v21328,v23125,ser,true
v21328,v47065,fan,true
v21328,v47066,fan,true
v21330,v20667,par,true
v21332,v21333,seq,true
v21333,v21332,preq,true
v21336,v58754,preq,true
v21343,v93,orig,true
v21343,v94,orig,true
v21343,v4463,orig,true
v21345,v4874,char,true
v21345,v4890,char,true
v21345,v4891,char,true
v21345,v5170,char,true
v21345,v5171,preq,true
v21345,v5173,char,true
v21345,v5174,char,true
v21346,v6593,ser,true
v21349,v32187,ser,true
v21349,v57727,char,true
v21349,v57735,char,true
v21349,v57737,char,true
v21349,v57741,char,true
v21349,v57742,char,true
v21349,v57744,char,true
v21349,v57745,char,true
v21349,v57746,char,true
v21349,v57747,char,true
v21349,v57748,char,true
v21349,v57749,char,true
v21349,v57750,char,true
v21349,v57751,char,true
v21349,v57752,char,true
v21349,v57753,char,true
v21349,v58018,char,true
v21349,v58072,char,true
v21349,v58074,char,true
v21349,v58081,char,true
v21349,v58219,char,true
v21349,v58269,char,true
v21349,v58271,char,true
v21349,v58272,char,true
v21349,v58354,char,true
v21349,v58421,char,true
v21349,v58428,char,true
v21353,v20909,set,true
v21353,v46113,char,true
v21353,v46159,ser,true
v21353,v48291,char,true
v21359,v5962,alt,true
v21359,v21360,seq,true
v21360,v5963,alt,true
v21360,v21359,preq,true
v21360,v21361,seq,true
v21361,v5966,alt,true
v21361,v21360,preq,true
v21361,v21362,seq,true
v21362,v5967,alt,true
v21362,v5968,seq,true
v21362,v21361,preq,true
v21365,v20199,char,true
v21365,v24960,side,true
v21370,v16448,ser,true
v21370,v22372,char,false
v21370,v24967,char,false
v21375,v28440,side,true
v21376,v23828,seq,true
v21378,v27576,seq,true
v21381,v4275,alt,true
v21381,v24461,fan,true
v21393,v22314,ser,true
v21393,v36151,alt,true
v21397,v23378,seq,true
v21399,v14592,preq,true
v21400,v22797,seq,true
v21401,v15498,set,true
v21401,v23543,set,true
v21402,v16604,char,false
v21406,v21713,char,true
v21407,v17703,set,true
v21407,v23034,ser,true
v21407,v25421,char,true
v21407,v30698,set,true
v21410,v18770,preq,true
v21415,v23590,set,true
v21418,v40501,alt,false
v21418,v56869,char,false
v21418,v60995,alt,false
v21418,v60998,alt,false
v21418,v60999,alt,false
v21418,v61000,alt,false
v21418,v61001,alt,false
v21418,v61002,alt,false
v21418,v61003,alt,false
v21418,v61005,alt,false
v21418,v61006,side,false
v21418,v61007,alt,false
v21418,v61012,side,false
v21418,v61013,alt,false
v21418,v61014,alt,false
v21418,v61015,alt,false
v21418,v61017,alt,false
v21418,v61378,alt,false
v21418,v62115,preq,false
v21423,v23514,alt,false
v21424,v35689,preq,true
v21425,v39407,seq,true
v21425,v39408,seq,true
v21426,v22785,char,true
v21426,v50879,set,true
v21426,v54321,seq,true
v21427,v26972,alt,true
v21429,v20429,ser,true
v21432,v25328,ser,true
v21438,v12849,orig,true
v21441,v21442,seq,true
v21441,v21443,alt,true
v21441,v21444,char,false
v21441,v21445,char,false
v21442,v21441,preq,true
v21442,v30547,seq,true
v21443,v21441,alt,true
v21444,v21002,char,false
v21444,v21441,char,false
v21444,v21445,ser,true
v21444,v21446,ser,true
v21444,v21447,ser,true
v21444,v21448,ser,true
v21445,v21441,char,false
v21445,v21444,ser,true
v21446,v21444,ser,true
v21446,v21447,ser,true
v21446,v21448,ser,true
v21446,v21449,ser,true
v21446,v23171,char,false
v21447,v21444,ser,true
v21447,v21446,ser,true
v21448,v21444,ser,true
v21448,v21446,ser,true
v21449,v21446,ser,true
v21450,v23047,alt,true
v21451,v16976,ser,true
v21457,v28006,ser,true
v21459,v17825,orig,true
v21463,v35219,preq,true
v21465,v23744,fan,true
v21465,v26242,set,true
v21465,v28538,fan,true
v21465,v28712,preq,true
v21465,v32269,set,true
v21465,v47880,preq,true
v21465,v55293,fan,true
v21467,v21470,ser,true
v21467,v28088,ser,true
v21468,v25763,ser,true
v21469,v48387,ser,true
v21470,v21467,ser,true
v21473,v3625,alt,false
v21474,v24853,set,true
v21481,v21083,par,true
v21482,v68,preq,false
v21484,v21485,seq,true
v21485,v21484,preq,true
v21491,v30141,char,true
v21493,v22599,seq,true
v21493,v25810,set,true
v21495,v15143,char,true
v21499,v24286,seq,true
v21501,v15293,orig,true
v21502,v25022,seq,true
v21504,v14633,char,true
v21508,v14633,char,false
v21511,v19558,preq,true
v21514,v19890,ser,false
v21515,v21732,set,true
v21517,v18783,set,true
v21517,v22379,set,true
v21517,v23596,fan,true
v21521,v14908,orig,true
v21521,v18314,orig,true
v21522,v18489,seq,true
v21523,v18852,set,true
v21523,v32021,set,true
v21524,v26907,side,true
v21524,v55301,alt,true
v21525,v17984,ser,true
v21527,v24880,ser,true
v21528,v18337,alt,true
v21528,v22581,side,true
v21528,v27685,seq,true
v21528,v28342,side,true
v21529,v25964,ser,true
v21529,v29909,set,true
v21533,v18721,ser,true
v21533,v22513,ser,true
v21538,v20139,preq,true
v21538,v22376,seq,true
v21547,v3643,orig,true
v21548,v3643,orig,true
v21552,v22594,fan,true
v21552,v25813,set,true
v21552,v30456,set,true
v21556,v20969,preq,true
v21558,v21982,char,true
v21560,v23793,preq,true
v21560,v23794,seq,true
v21564,v15972,preq,true
v21564,v24885,seq,true
v21566,v21568,ser,true
v21567,v21568,seq,true
v21568,v21566,ser,true
v21568,v21567,preq,true
v21568,v21569,seq,true
v21569,v21568,preq,true
v21569,v21570,seq,true
v21570,v21569,preq,true
v21570,v21571,seq,true
v21571,v21570,preq,true
v21572,v9732,alt,true
v21577,v20381,ser,true
v21577,v22478,ser,true
v21582,v23570,preq,true
v21583,v19600,set,true
v21583,v24409,char,true
v21602,v19117,preq,true
v21603,v21605,ser,true
v21605,v21603,ser,true
v21607,v21608,alt,true
v21607,v22482,seq,true
v21608,v21607,alt,true
v21610,v15803,ser,true
v21620,v25007,set,true
v21620,v26907,side,true
v21620,v30835,fan,true
v21622,v24526,seq,true
v21635,v21636,set,true
v21636,v18950,char,true
v21636,v21635,set,true
v21638,v27173,ser,true
v21644,v751,par,true
v21646,v15653,char,true
v21646,v20256,orig,true
v21647,v1052,set,true
v21663,v17048,ser,true
v21664,v11033,ser,true
v21664,v17975,ser,true
v21664,v55302,alt,true
v21668,v19829,preq,true
v21668,v23740,seq,true
v21669,v20681,preq,true
v21669,v22498,seq,true
v21671,v22143,seq,true
v21675,v17843,orig,true
v21683,v20465,ser,true
v21687,v169,orig,true
v21687,v1279,orig,true
v21687,v1517,orig,true
v21687,v2396,orig,true
v21687,v2397,orig,true
v21687,v2936,orig,true
v21688,v2500,set,true
v21701,v8203,ser,true
v21702,v21704,side,true
v21704,v21702,par,true
v21705,v1913,orig,true
v21705,v18783,orig,true
v21707,v21128,preq,true
v21711,v18876,ser,true
v21711,v22035,ser,true
v21712,v16473,ser,true
v21713,v20767,char,true
v21713,v21406,char,true
v21714,v1994,char,true
v21714,v4624,char,true
v21714,v10498,char,true
v21714,v17991,char,true
v21715,v18188,ser,true
v21715,v21716,ser,true
v21716,v21715,ser,true
v21716,v22639,set,true
v21721,v26652,char,true
v21721,v30840,side,true
v21724,v1715,char,true
v21724,v4540,char,true
v21724,v7803,char,true
v21724,v11179,char,true
v21724,v17343,char,true
v21725,v12369,char,false
v21727,v16432,preq,true
v21732,v21515,set,true
v21734,v20406,ser,true
v21735,v18888,preq,true
v21738,v20242,ser,true
v21738,v33982,ser,true
v21739,v19119,preq,true
v21739,v30132,char,false
v21740,v45105,seq,true
v21742,v34082,side,true
v21742,v34083,side,true
v21742,v34084,side,true
v21742,v34085,side,true
v21745,v43537,char,true
v21750,v21128,preq,true
v21752,v22829,seq,true
v21754,v20076,preq,true
v21754,v29176,seq,true
v21756,v29355,par,true
v21766,v11920,preq,true
v21768,v26090,fan,true
v21769,v24825,ser,true
v21772,v20544,preq,true
v21773,v22592,seq,true
v21773,v26391,char,true
v21775,v20948,char,true
v21782,v25914,seq,true
v21784,v7634,set,true
v21786,v19716,orig,true
v21787,v60719,fan,true
v21788,v22597,ser,true
v21788,v22598,ser,true
v21789,v18160,orig,true
v21792,v2089,char,true
v21794,v21128,preq,true
v21799,v48035,alt,true
v21803,v28650,preq,true
v21803,v49041,preq,true
v21805,v20034,preq,true
v21809,v24716,char,true
v21812,v14292,par,true
v21816,v93,set,true
v21816,v36743,char,true
v21816,v36745,char,true
v21817,v19082,par,true
v21817,v21818,ser,true
v21818,v21817,ser,true
v21818,v21819,ser,true
v21819,v21818,ser,true
v21819,v22522,ser,true
v21820,v27538,set,true
v21820,v45986,set,true
v21824,v31779,char,true
v21824,v36708,char,true
v21825,v28934,set,true
v21845,v20900,char,true
v21851,v14544,ser,true
v21852,v24717,fan,true
v21852,v33036,set,true
v21854,v18259,ser,true
v21854,v24380,ser,true
v21856,v60255,seq,true
v21857,v20860,orig,true
v21858,v9359,seq,true
v21861,v16448,ser,true
v21862,v23214,seq,true
v21862,v54165,seq,true
v21864,v21865,ser,true
v21865,v21864,ser,true
v21865,v21866,ser,true
v21866,v21865,ser,true
v21871,v19706,set,true
v21872,v18032,preq,true
v21875,v38324,seq,true
v21876,v11120,alt,true
v21894,v20062,orig,true
v21903,v24626,seq,true
v21905,v22637,alt,false
v21905,v22717,alt,false
v21905,v22751,alt,false
v21905,v22824,alt,false
v21905,v22949,alt,false
v21905,v22950,set,false
v21905,v22966,alt,false
v21905,v22971,seq,false
v21905,v23036,alt,false
v21905,v23037,alt,false
v21905,v23058,alt,false
v21905,v23170,alt,false
v21905,v23171,alt,false
v21905,v23239,alt,false
v21905,v23240,alt,false
v21905,v23283,alt,false
v21905,v23410,alt,false
v21905,v23656,alt,false
v21905,v23989,alt,false
v21905,v24066,alt,false
v21905,v24173,alt,false
v21905,v25414,alt,false
v21905,v25623,alt,false
v21905,v26793,alt,false
v21905,v28149,alt,false
v21905,v28280,alt,false
v21905,v28325,alt,false
v21905,v28358,alt,false
v21905,v28387,alt,false
v21905,v28389,alt,false
v21905,v28556,alt,false
v21905,v29269,alt,false
v21905,v29389,alt,false
v21905,v29655,alt,false
v21905,v31460,alt,false
v21905,v31966,seq,false
v21905,v32003,alt,false
v21905,v32004,seq,false
v21905,v32163,alt,false
v21905,v32515,alt,false
v21905,v33214,alt,false
v21905,v33821,alt,false
v21905,v33827,char,false
v21905,v33840,alt,false
v21905,v33966,seq,false
v21905,v34161,alt,false
v21905,v34162,alt,false
v21905,v34165,seq,false
v21905,v34201,seq,false
v21905,v34219,alt,false
v21905,v34297,seq,false
v21905,v34350,seq,false
v21905,v34412,alt,false
v21905,v34447,alt,false
v21905,v34448,alt,false
v21905,v34449,alt,false
v21905,v34450,alt,false
v21905,v35126,alt,false
v21905,v35821,char,false
v21905,v36186,alt,false
v21905,v36880,fan,false
v21905,v37932,alt,false
v21905,v39843,alt,false
v21905,v42310,alt,false
v21905,v42311,alt,false
v21905,v42766,char,false
v21905,v45511,seq,false
v21905,v48316,alt,false
v21905,v48317,seq,false
v21905,v49414,alt,false
v21905,v51022,alt,false
v21905,v51141,seq,false
v21905,v51435,alt,false
v21905,v52496,alt,false
v21905,v53215,side,false
v21905,v53336,char,false
v21905,v54513,alt,false
v21905,v56272,alt,false
v21905,v56801,char,false
v21905,v58523,alt,false
v21905,v58848,alt,false
v21905,v58874,side,false
v21905,v58875,side,false
v21905,v59127,alt,false
v21905,v59128,fan,false
v21905,v59154,alt,false
v21905,v59165,alt,false
v21905,v59202,alt,false
v21905,v59203,alt,false
v21905,v59204,alt,false
v21905,v59205,alt,false
v21905,v59208,fan,false
v21905,v59248,alt,false
v21905,v59249,fan,false
v21905,v59269,alt,false
v21905,v59270,alt,false
v21905,v59274,alt,false
v21905,v59276,alt,false
v21905,v59734,char,false
v21905,v60080,alt,false
v21905,v60623,alt,false
v21905,v60684,char,false
v21905,v60721,char,false
v21905,v60722,char,false
v21905,v60733,char,false
v21905,v60744,char,false
v21905,v60753,alt,false
v21905,v60760,alt,false
v21905,v60761,alt,false
v21905,v60780,alt,false
v21905,v61021,char,false
v21905,v62261,set,false
v21913,v18353,preq,true
v21919,v19687,ser,true
v21919,v23276,ser,true
v21921,v10479,preq,true
v21928,v6869,alt,true
v21928,v6875,char,true
v21931,v10237,set,true
v21931,v23450,fan,true
v21933,v20342,set,true
v21933,v24828,seq,true
v21934,v19289,ser,true
v21940,v22659,set,true
v21951,v58737,char,true
v21953,v20105,ser,true
v21953,v24084,ser,true
v21956,v22822,fan,true
v21956,v39649,set,true
v21957,v18381,char,true
v21957,v24609,side,true
v21963,v22578,seq,true
v21964,v5690,ser,true
v21964,v23725,fan,true
v21964,v28683,set,true
v21964,v47203,ser,true
v21965,v22525,set,true
v21970,v21116,preq,true
v21971,v7250,preq,true
v21976,v25385,seq,true
v21976,v28146,seq,true
v21976,v57035,alt,true
v21977,v11631,seq,true
v21978,v20862,ser,true
v21978,v22062,ser,true
v21978,v27225,seq,true
v21979,v3861,preq,true
v21982,v21558,char,true
v21983,v24832,alt,true
v21983,v32719,char,true
v21988,v16682,ser,true
v21993,v26772,seq,true
v21996,v19483,char,false
v21996,v23417,set,false
v21996,v31788,char,false
v21999,v22000,preq,true
v21999,v22121,seq,true
v22000,v21999,seq,true
v22000,v36152,alt,true
v22008,v54137,set,true
v22012,v22064,seq,true
v22013,v362,set,true
v22013,v8438,set,true
v22013,v27053,fan,true
v22016,v18893,preq,true
v22020,v17763,seq,true
v22022,v1751,preq,true
v22023,v14375,char,true
v22025,v23234,seq,true
v22025,v26022,ser,true
v22026,v18353,set,true
v22027,v23223,fan,true
v22031,v19067,set,true
v22035,v21711,ser,true
v22035,v22312,ser,true
v22037,v20232,preq,true
v22038,v19763,ser,true
v22043,v20369,set,true
v22043,v26051,set,true
v22045,v19444,set,true
v22048,v22049,char,true
v22048,v28058,fan,true
v22049,v22048,char,true
v22049,v28058,fan,true
v22051,v26772,char,true
v22055,v15252,preq,true
v22061,v26624,seq,true
v22062,v21978,ser,true
v22062,v22570,ser,true
v22064,v22012,preq,true
v22068,v26856,set,true
v22069,v11526,alt,true
v22070,v22089,preq,true
v22070,v22130,seq,true
v22078,v4732,char,true
v22078,v5658,ser,true
v22079,v23831,alt,true
v22081,v22082,seq,true
v22082,v22081,preq,true
v22084,v25778,alt,true
v22084,v25782,seq,true
v22089,v22070,seq,true
v22091,v26404,preq,true
v22091,v31275,seq,true
v22097,v25718,preq,true
v22105,v20433,preq,true
v22105,v22106,seq,true
v22106,v20433,preq,true
v22106,v22105,preq,true
v22106,v22282,seq,true
v22114,v18432,orig,true
v22121,v21999,preq,true
v22121,v22216,seq,true
v22123,v23437,set,true
v22124,v42939,alt,false
v22124,v44641,side,false
v22124,v59967,side,false
v22126,v29296,seq,true
v22130,v22070,preq,true
v22135,v26314,set,true
v22140,v17106,par,true
v22141,v19639,preq,true
v22143,v21671,preq,true
v22144,v22646,side,true
v22144,v22909,ser,true
v22146,v15581,seq,true
v22151,v25232,ser,true
v22154,v25902,ser,true
v22154,v33265,ser,true
v22158,v47968,seq,true
v22163,v29360,side,true
v22167,v20684,orig,true
v22169,v7896,set,false
v22169,v13354,set,false
v22169,v19429,set,false
v22169,v20556,set,false
v22169,v21152,set,false
v22169,v26725,set,false
v22169,v27148,alt,true
v22169,v28973,set,false
v22170,v21161,preq,true
v22170,v22583,set,true
v22170,v22618,side,true
v22170,v23024,fan,true
v22173,v22831,set,true
v22175,v20314,ser,true
v22175,v30715,ser,true
v22180,v2351,char,true
v22180,v21185,char,true
v22181,v18162,set,true
v22181,v53035,set,true
v22186,v24214,side,true
v22186,v29930,ser,true
v22187,v20357,par,true
v22190,v16479,char,true
v22190,v19470,preq,true
v22190,v29067,ser,true
v22190,v30946,char,true
v22190,v48291,char,true
v22190,v49221,char,true
v22190,v50460,char,true
v22191,v21221,seq,true
v22192,v10051,orig,true
v22199,v15651,alt,true
v22205,v29067,seq,true
v22205,v30423,alt,true
v22205,v46150,char,true
v22205,v46154,fan,true
v22205,v46156,fan,true
v22205,v46158,fan,true
v22205,v48291,char,true
v22205,v55541,char,true
v22207,v29805,seq,true
v22208,v17839,alt,true
v22211,v20319,preq,true
v22214,v12931,ser,true
v22214,v28346,fan,true
v22214,v30957,alt,true
v22216,v22121,preq,true
v22216,v22557,seq,true
v22219,v20813,alt,true
v22219,v23060,alt,true
v22219,v26338,char,true
v22223,v17462,preq,true
v22227,v22945,ser,true
v22232,v22233,ser,true
v22233,v22232,ser,true
v22234,v26042,side,true
v22235,v13545,par,true
v22235,v29117,side,true
v22237,v16926,ser,true
v22237,v26675,ser,true
v22251,v17745,ser,true
v22256,v33375,seq,true
v22256,v43073,seq,true
v22257,v7498,par,false
v22260,v26857,seq,true
v22261,v21285,ser,true
v22261,v22262,ser,true
v22262,v22261,ser,true
v22262,v22263,ser,true
v22263,v22262,ser,true
v22276,v28391,alt,true
v22282,v20433,preq,true
v22282,v22106,preq,true
v22282,v24872,seq,true
v22282,v25673,seq,true
v22292,v54092,ser,true
v22294,v22365,set,true
v22301,v13056,seq,true
v22303,v16560,par,true
v22304,v28034,set,true
v22307,v4654,char,true
v22310,v12694,ser,true
v22312,v22035,ser,true
v22312,v24134,side,true
v22314,v21393,ser,true
v22314,v24915,ser,true
v22315,v31186,seq,true
v22316,v18710,set,true
v22318,v7957,ser,true
v22318,v11845,ser,true
v22319,v29355,orig,true
v22320,v14711,orig,true
v22323,v6890,alt,true
v22323,v6938,char,true
v22323,v16827,char,true
v22323,v41188,char,true
v22325,v22341,set,true
v22325,v22366,ser,true
v22326,v12286,orig,true
v22336,v36593,side,true
v22339,v23497,seq,true
v22340,v24860,seq,true
v22341,v22325,set,true
v22343,v13705,preq,true
v22344,v21072,orig,true
v22345,v18694,ser,true
v22345,v25492,fan,true
v22347,v22942,char,true
v22347,v26461,char,true
v22348,v20267,preq,true
v22350,v6890,ser,true
v22350,v13522,ser,true
v22365,v22294,set,true
v22365,v43420,set,true
v22366,v22325,ser,true
v22366,v27501,seq,true
v22371,v22537,side,true
v22371,v24163,set,true
v22372,v21370,char,false
v22372,v24967,ser,true
v22376,v21538,preq,true
v22376,v24480,seq,true
v22377,v20139,alt,true
v22379,v21517,set,true
v22381,v36680,ser,true
v22383,v24015,seq,true
v22387,v31799,seq,true
v22393,v37232,fan,true
v22397,v25314,ser,true
v22398,v16315,ser,true
v22412,v44529,seq,true
v22415,v7679,par,false
v22415,v22416,seq,true
v22416,v22415,preq,true
v22425,v20309,side,true
v22428,v5678,preq,true
v22434,v19041,ser,true
v22436,v20624,ser,true
v22436,v25127,ser,true
v22440,v16451,par,false
v22441,v17964,ser,false
v22443,v6851,alt,true
v22444,v14711,orig,true
v22445,v24916,alt,true
v22449,v1234,orig,true
v22450,v25870,side,false
v22450,v37759,side,false
v22450,v37760,side,true
v22450,v37761,side,false
v22452,v22453,char,true
v22453,v22452,char,true
v22470,v20908,ser,true
v22470,v58249,ser,true
v22471,v20515,orig,true
v22473,v41097,alt,true
v22478,v21577,ser,true
v22479,v5498,ser,true
v22482,v21607,preq,true
v22486,v9330,ser,true
v22492,v9409,char,true
v22492,v22493,seq,true
v22492,v22494,char,true
v22493,v22492,preq,true
v22494,v1671,char,true
v22494,v9409,char,true
v22494,v22492,char,true
v22497,v22578,preq,true
v22498,v21669,preq,true
v22499,v32797,seq,true
v22499,v51057,alt,true
v22500,v25441,seq,true
v22500,v39339,char,true
v22500,v55360,seq,true
v22501,v7331,preq,true
v22501,v31489,seq,true
v22505,v382,alt,true
v22505,v2002,seq,true
v22505,v3091,fan,true
v22505,v14018,seq,true
v22505,v49006,set,false
v22506,v22508,seq,true
v22506,v27990,side,true
v22506,v27991,side,true
v22506,v27992,side,true
v22506,v27995,side,true
v22506,v27998,set,true
v22506,v28041,side,true
v22506,v29598,set,true
v22506,v33034,set,true
v22508,v22506,preq,true
v22508,v27993,seq,true
v22513,v21533,ser,true
v22521,v21047,char,false
v22521,v33370,char,false
v22522,v21819,ser,true
v22522,v23519,ser,true
v22523,v3452,alt,false
v22524,v26951,alt,true
v22525,v21965,set,true
v22526,v20250,set,true
v22531,v31344,seq,true
v22535,v43537,char,true
v22537,v22371,par,true
v22557,v22216,preq,true
v22557,v22558,seq,true
v22557,v28778,seq,true
v22558,v22557,preq,true
v22558,v28774,seq,true
v22558,v28779,seq,true
v22559,v17728,preq,true
v22559,v27186,seq,true
v22561,v5289,ser,true
v22561,v24782,fan,true
v22570,v22062,ser,true
v22570,v23070,ser,true
v22575,v14711,orig,true
v22578,v21963,preq,true
v22578,v22497,seq,true
v22579,v4163,alt,false
v22580,v24143,set,true
v22581,v21528,par,true
v22583,v22170,set,true
v22583,v23244,set,true
v22584,v32562,char,true
v22585,v19891,preq,true
v22586,v19962,char,false
v22588,v31023,seq,true
v22588,v31024,fan,true
v22591,v97,alt,false
v22592,v21773,preq,true
v22594,v21552,orig,true
v22597,v21788,ser,true
v22598,v21788,ser,true
v22599,v21493,preq,true
v22599,v25810,set,true
v22600,v20990,ser,true
v22600,v28268,ser,true
v22602,v51770,char,true
v22603,v25713,set,true
v22603,v26987,set,true
v22606,v29267,char,false
v22610,v19133,orig,true
v22610,v32818,seq,true
v22611,v45408,char,true
v22614,v16935,ser,true
v22614,v44188,ser,true
v22615,v19526,preq,true
v22616,v26946,ser,true
v22617,v16974,ser,true
v22618,v22170,par,true
v22619,v25720,seq,true
v22619,v44706,alt,true
v22624,v14122,preq,true
v22629,v25433,seq,true
v22632,v12812,set,true
v22632,v34468,set,true
v22633,v29540,seq,true
v22633,v29920,fan,true
v22637,v21905,alt,false
v22637,v23036,alt,true
v22639,v21716,set,true
v22640,v22641,ser,true
v22640,v24343,alt,true
v22641,v22640,ser,true
v22641,v22795,ser,true
v22641,v24343,alt,true
v22646,v22144,par,true
v22650,v16661,preq,true
v22650,v28248,seq,true
v22654,v19936,preq,true
v22658,v22725,alt,true
v22658,v22726,alt,true
v22659,v21940,set,true
v22663,v25300,set,true
v22667,v51342,set,true
v22667,v56776,set,true
v22675,v22676,seq,true
v22676,v22675,preq,true
v22676,v22677,seq,true
v22677,v22676,preq,true
v22677,v22678,seq,true
v22678,v22677,preq,true
v22678,v22679,seq,true
v22679,v22678,preq,true
v22679,v22680,seq,true
v22680,v22679,preq,true
v22680,v22681,seq,true
v22681,v22680,preq,true
v22681,v22683,seq,true
v22683,v22681,preq,true
v22683,v22685,seq,true
v22685,v22683,preq,true
v22685,v22686,seq,true
v22686,v22685,preq,true
v22686,v22687,seq,true
v22687,v22686,preq,true
v22687,v22688,seq,true
v22688,v22687,preq,true
v22688,v22689,seq,true
v22689,v22688,preq,true
v22689,v22690,seq,true
v22690,v22689,preq,true
v22690,v22691,seq,true
v22691,v22690,preq,true
v22692,v25241,set,true
v22697,v27492,ser,true
v22703,v20727,alt,true
v22703,v28533,seq,true
v22703,v28742,ser,true
v22704,v23308,ser,true
v22705,v23392,ser,true
v22713,v28731,alt,true
v22717,v21905,alt,false
v22718,v13724,char,true
v22718,v13725,char,true
v22718,v13726,char,true
v22722,v20400,preq,true
v22722,v28889,seq,true
v22725,v22658,alt,true
v22725,v22726,alt,true
v22726,v22658,alt,true
v22726,v22725,alt,true
v22727,v21300,char,true
v22728,v20032,preq,true
v22728,v29940,seq,false
v22728,v33133,set,true
v22729,v24308,preq,true
v22731,v1160,orig,true
v22731,v12601,orig,true
v22731,v17391,orig,true
v22732,v2926,char,true
v22732,v22766,ser,true
v22732,v23390,ser,true
v22734,v20900,preq,true
v22734,v45744,seq,true
v22739,v28921,ser,true
v22741,v30162,fan,true
v22746,v28003,fan,true
v22749,v18284,preq,true
v22751,v21905,alt,false
v22753,v353,alt,true
v22755,v24846,alt,false
v22756,v13675,ser,true
v22760,v19042,ser,true
v22760,v25515,seq,true
v22761,v25613,alt,true
v22765,v23391,seq,true
v22765,v25402,ser,true
v22766,v2926,char,true
v22766,v22732,ser,true
v22766,v39138,char,true
v22767,v22943,alt,true
v22769,v22770,ser,true
v22770,v22769,ser,true
v22774,v16802,preq,true
v22774,v22775,seq,true
v22775,v22774,preq,true
v22775,v22776,fan,true
v22776,v22775,orig,true
v22782,v18334,ser,false
v22783,v414,char,true
v22784,v18872,char,true
v22785,v15506,char,true
v22785,v16984,char,true
v22785,v17883,char,true
v22785,v18060,char,true
v22785,v18460,char,true
v22785,v18825,char,true
v22785,v19198,char,true
v22785,v19673,char,true
v22785,v20501,char,true
v22785,v21054,char,true
v22785,v21426,char,true
v22788,v25518,seq,true
v22789,v17972,ser,true
v22790,v20194,preq,true
v22790,v22791,seq,true
v22791,v22790,preq,true
v22791,v22792,seq,true
v22792,v22791,preq,true
v22792,v23190,seq,true
v22795,v22641,ser,true
v22795,v22796,ser,true
v22795,v24343,alt,true
v22796,v22795,ser,true
v22796,v24343,alt,true
v22797,v21400,preq,true
v22797,v23524,seq,true
v22801,v56756,ser,true
v22808,v62101,side,true
v22809,v43537,char,true
v22811,v23251,seq,true
v22812,v28105,seq,true
v22819,v25560,set,true
v22820,v16200,char,false
v22822,v21956,orig,true
v22824,v21905,alt,false
v22826,v60797,ser,true
v22829,v21752,preq,true
v22831,v22173,set,true
v22837,v56929,set,false
v22850,v26536,seq,true
v22850,v31659,char,true
v22856,v22857,seq,true
v22856,v22925,set,true
v22857,v22856,preq,true
v22861,v25034,seq,true
v22864,v4431,par,true
v22865,v3126,alt,false
v22865,v37046,seq,false
v22865,v55381,side,false
v22865,v60635,side,false
v22865,v60636,seq,false
v22865,v60637,fan,false
v22865,v60638,seq,false
v22865,v60640,seq,false
v22866,v3126,alt,false
v22867,v3126,alt,false
v22867,v28550,seq,true
v22867,v28660,side,true
v22867,v35816,side,true
v22867,v40390,alt,false
v22873,v25633,ser,true
v22876,v19726,preq,true
v22878,v20258,preq,true
v22880,v23290,alt,true
v22880,v28289,side,true
v22896,v21088,set,true
v22899,v23741,seq,true
v22899,v31055,char,true
v22901,v20378,par,true
v22903,v16085,ser,true
v22904,v25180,ser,true
v22904,v37708,ser,true
v22906,v22931,ser,true
v22909,v22144,ser,true
v22915,v26426,set,true
v22916,v19893,set,true
v22916,v28709,set,true
v22925,v22856,set,true
v22929,v22942,char,true
v22929,v23678,char,true
v22930,v15564,seq,true
v22931,v22906,ser,true
v22939,v36927,ser,true
v22942,v22347,char,true
v22942,v22929,char,true
v22942,v23678,ser,true
v22942,v26461,char,true
v22943,v22767,alt,true
v22945,v22227,ser,true
v22945,v25697,ser,true
v22949,v21905,alt,false
v22950,v19962,par,false
v22950,v21905,set,false
v22951,v25466,ser,true
v22956,v62216,alt,true
v22961,v18857,char,false
v22963,v25091,seq,true
v22966,v21905,alt,false
v22971,v21905,preq,false
v22975,v29891,seq,true
v22977,v23173,char,true
v22977,v41580,char,true
v22978,v22980,ser,true
v22980,v22978,ser,true
v22980,v22981,ser,true
v22981,v22980,ser,true
v22981,v22982,ser,true
v22982,v22981,ser,true
v22982,v22983,ser,true
v22983,v22982,ser,true
v22984,v24427,ser,true
v22987,v32229,fan,true
v22991,v28546,char,false
v22992,v17994,char,false
v22992,v24646,char,false
v22992,v53306,char,false
v22993,v11493,orig,true
v22997,v29971,set,true
v22997,v29986,char,true
v22999,v23346,ser,true
v22999,v23347,ser,true
v23001,v33,par,false
v23001,v51,par,false
v23002,v3964,ser,false
v23004,v23005,seq,true
v23005,v21061,alt,true
v23005,v23004,preq,true
v23008,v57044,alt,false
v23019,v12214,preq,true
v23019,v31631,seq,true
v23021,v21075,preq,true
v23023,v9587,alt,true
v23024,v22170,orig,true
v23026,v28172,seq,true
v23026,v28173,seq,true
v23026,v38953,seq,true
v23030,v19704,preq,true
v23033,v24878,ser,true
v23033,v25341,ser,true
v23034,v21407,ser,true
v23034,v24956,ser,true
v23035,v20732,preq,true
v23036,v21905,alt,false
v23036,v22637,alt,true
v23037,v21905,alt,false
v23041,v23111,ser,true
v23044,v23045,seq,true
v23045,v23044,preq,true
v23047,v21450,alt,true
v23052,v28617,seq,true
v23052,v55463,side,true
v23058,v21905,alt,false
v23059,v20365,preq,true
v23059,v25554,seq,true
v23060,v20813,alt,true
v23060,v22219,alt,true
v23061,v21217,preq,true
v23063,v25534,ser,true
v23065,v33234,ser,true
v23065,v35213,seq,true
v23067,v25690,alt,true
v23068,v24420,ser,true
v23070,v22570,ser,true
v23070,v24467,ser,true
v23074,v43051,ser,true
v23079,v8222,char,true
v23079,v14087,char,true
v23081,v54487,preq,true
v23086,v23087,seq,true
v23087,v23086,preq,true
v23088,v20565,preq,true
v23088,v23089,ser,true
v23088,v25191,seq,true
v23089,v23088,ser,true
v23090,v21056,set,true
v23095,v23119,seq,true
v23097,v23117,ser,true
v23101,v25932,fan,true
v23103,v18541,ser,true
v23104,v19030,set,true
v23106,v23107,seq,true
v23107,v23106,preq,true
v23111,v23041,ser,true
v23117,v23097,ser,true
v23119,v23095,preq,true
v23124,v4742,alt,true
v23124,v23126,side,true
v23125,v21328,ser,true
v23125,v31670,ser,true
v23126,v4742,alt,true
v23126,v23124,par,true
v23126,v23140,side,true
v23140,v4742,alt,true
v23140,v23126,par,true
v23142,v32435,ser,true
v23151,v23433,seq,true
v23152,v20074,preq,true
v23152,v23153,seq,true
v23153,v23152,preq,true
v23153,v26324,seq,true
v23157,v31336,ser,true
v23162,v23376,seq,true
v23163,v2240,char,true
v23166,v24183,seq,true
v23167,v19912,preq,true
v23170,v21905,alt,false
v23171,v21446,char,false
v23171,v21905,alt,false
v23173,v22977,char,true
v23175,v6604,char,true
v23179,v16085,char,true
v23180,v31329,seq,true
v23181,v21072,par,true
v23181,v29048,char,true
v23182,v16030,preq,true
v23182,v24063,side,true
v23185,v23186,seq,true
v23186,v23185,preq,true
v23190,v22792,preq,true
v23190,v25280,seq,true
v23193,v24834,alt,true
v23198,v192,par,false
v23198,v23442,preq,true
v23199,v5652,set,true
v23200,v17138,preq,true
v23201,v24471,seq,true
v23202,v23218,ser,true
v23203,v39947,seq,true
v23210,v12582,seq,true
v23214,v21862,preq,true
v23218,v16944,char,false
v23218,v23202,ser,true
v23221,v2002,alt,true
v23223,v22027,orig,true
v23230,v21321,preq,true
v23234,v22025,preq,true
v23239,v21905,alt,false
v23240,v21905,alt,false
v23244,v22583,set,true
v23244,v25126,set,true
v23251,v22811,preq,true
v23251,v24013,seq,true
v23259,v4515,char,true
v23259,v8549,orig,true
v23260,v23261,preq,true
v23261,v23260,seq,true
v23261,v23262,preq,true
v23262,v23261,seq,true
v23265,v23266,seq,true
v23265,v23267,preq,true
v23266,v23265,preq,true
v23267,v23265,seq,true
v23267,v23269,preq,true
v23268,v23269,par,true
v23269,v23267,seq,true
v23269,v23268,side,true
v23269,v23270,preq,true
v23270,v23269,seq,true
v23270,v23272,preq,true
v23272,v23270,seq,true
v23272,v23273,preq,true
v23273,v23272,seq,true
v23273,v23274,preq,true
v23274,v23273,seq,true
v23274,v23275,preq,true
v23275,v970,char,false
v23275,v23274,seq,true
v23276,v21919,ser,true
v23276,v25548,ser,true
v23279,v18463,par,true
v23283,v21905,alt,false
v23290,v22880,alt,true
v23290,v23772,alt,true
v23291,v25368,seq,true
v23297,v16039,preq,true
v23306,v18656,set,true
v23306,v19701,set,true
v23308,v22704,ser,true
v23312,v17865,preq,true
v23312,v31211,side,true
v23312,v60294,seq,true
v23313,v15662,ser,true
v23313,v36121,ser,true
v23316,v21291,preq,true
v23316,v25617,seq,true
v23319,v27235,seq,true
v23327,v50539,ser,true
v23330,v49493,seq,true
v23331,v3704,char,true
v23331,v55350,char,true
v23338,v20256,ser,true
v23338,v25494,fan,true
v23338,v31700,ser,true
v23338,v60907,side,true
v23346,v22999,ser,true
v23346,v24338,ser,true
v23347,v22999,ser,true
v23347,v25706,ser,true
v23347,v27939,ser,true
v23347,v29236,seq,true
v23350,v21322,ser,true
v23350,v24463,ser,true
v23351,v7251,par,true
v23352,v2260,char,true
v23354,v4,par,false
v23355,v175,par,false
v23357,v25241,set,true
v23360,v23361,seq,true
v23361,v10241,seq,true
v23361,v23360,preq,true
v23369,v1543,char,false
v23369,v23370,ser,true
v23370,v1543,char,false
v23370,v23369,ser,true
v23370,v51772,char,false
v23372,v11484,preq,true
v23373,v4533,ser,true
v23375,v9845,par,false
v23376,v23162,preq,true
v23376,v24124,par,true
v23376,v25522,side,true
v23376,v25727,seq,true
v23378,v21397,preq,true
v23379,v20869,ser,true
v23379,v26784,ser,true
v23380,v11,char,false
v23387,v24629,fan,true
v23387,v25025,fan,true
v23387,v25436,fan,true
v23387,v27882,fan,true
v23387,v27883,fan,true
v23388,v26989,ser,true
v23390,v2926,char,true
v23390,v22732,ser,true
v23390,v39138,char,true
v23391,v22765,preq,true
v23392,v22705,ser,true
v23392,v24852,ser,true
v23401,v25308,set,true
v23403,v165,char,true
v23404,v26770,preq,true
v23405,v23515,ser,true
v23407,v2153,par,true
v23407,v33020,char,false
v23408,v29990,ser,true
v23409,v56515,alt,true
v23410,v21905,alt,false
v23411,v1008,par,true
v23412,v23413,seq,true
v23413,v23412,preq,true
v23414,v24839,side,true
v23417,v19483,char,false
v23417,v21996,set,false
v23417,v31788,char,false
v23423,v29588,seq,true
v23431,v9568,ser,true
v23433,v21082,set,true
v23433,v23151,preq,true
v23433,v23435,preq,true
v23433,v25850,preq,true
v23433,v26918,preq,true
v23435,v23433,seq,true
v23437,v22123,set,true
v23437,v26043,set,true
v23437,v29276,seq,true
v23442,v192,par,false
v23442,v23198,seq,true
v23450,v21931,orig,true
v23453,v28354,char,false
v23454,v37515,seq,true
v23455,v24833,alt,true
v23456,v24834,alt,true
v23460,v23462,ser,true
v23460,v42957,alt,true
v23462,v23460,ser,true
v23462,v23463,ser,true
v23463,v23462,ser,true
v23464,v38514,preq,true
v23465,v30141,char,true
v23474,v19902,ser,true
v23479,v21015,orig,true
v23482,v17676,set,false
v23482,v20108,set,false
v23485,v2061,char,false
v23485,v2062,char,false
v23486,v24136,ser,true
v23492,v23548,preq,true
v23497,v22339,preq,true
v23498,v39022,char,true
v23511,v5299,char,false
v23511,v50673,char,false
v23513,v23514,preq,true
v23514,v21423,alt,false
v23514,v23513,seq,true
v23515,v23405,ser,true
v23516,v28835,ser,true
v23519,v22522,ser,true
v23519,v23520,ser,true
v23520,v23519,ser,true
v23524,v22797,preq,true
v23530,v46414,alt,true
v23538,v12789,set,true
v23539,v23924,ser,true
v23543,v19612,ser,true
v23543,v21401,set,true
v23548,v23492,seq,true
v23548,v23567,preq,true
v23561,v40912,preq,true
v23561,v40913,alt,true
v23567,v5919,ser,true
v23567,v23548,seq,true
v23570,v21582,seq,true
v23571,v23590,set,true
v23571,v29618,seq,true
v23590,v21415,set,true
v23590,v23571,set,true
v23592,v37149,set,true
v23592,v56760,char,true
v23592,v56776,set,true
v23593,v2061,char,false
v23593,v2062,char,false
v23593,v55833,ser,true
v23596,v21517,orig,true
v23600,v10041,set,true
v23627,v21114,preq,true
v23634,v38812,seq,true
v23634,v52402,ser,true
v23637,v28327,ser,true
v23637,v29960,alt,true
v23649,v24,char,false
v23649,v67,char,false
v23649,v97,char,false
v23651,v18334,alt,false
v23656,v21905,alt,false
v23666,v21190,preq,true
v23669,v3007,char,false
v23678,v22929,char,true
v23678,v22942,ser,true
v23682,v945,char,false
v23685,v25177,char,true
v23691,v26909,char,true
v23699,v17982,preq,false
v23699,v28529,alt,true
v23707,v18564,ser,false
v23707,v25944,ser,false
v23707,v35893,ser,false
v23722,v28661,char,false
v23725,v21964,orig,true
v23725,v30748,side,true
v23728,v24667,set,true
v23728,v29288,set,true
v23728,v45585,set,true
v23732,v27653,seq,true
v23736,v27361,side,true
v23736,v28482,side,true
v23736,v28483,side,true
v23740,v21668,preq,true
v23740,v26523,seq,true
v23741,v22899,preq,true
v23741,v31055,seq,true
v23742,v16640,preq,true
v23742,v25513,alt,true
v23744,v21465,orig,true
v23744,v28537,seq,true
v23750,v20097,char,true
v23751,v25418,ser,true
v23753,v20198,ser,true
v23753,v31115,ser,true
v23756,v24972,seq,true
v23756,v31891,side,true
v23763,v44669,char,true
v23770,v29119,side,true
v23772,v23290,alt,true
v23773,v16266,seq,true
v23774,v7556,ser,true
v23784,v36774,ser,true
v23789,v39964,ser,true
v23789,v39966,preq,true
v23792,v23796,preq,true
v23792,v24477,seq,true
v23793,v21560,seq,true
v23793,v23843,ser,true
v23793,v23844,ser,true
v23794,v21560,preq,true
v23796,v23792,seq,true
v23801,v23947,fan,true
v23801,v23948,fan,true
v23801,v25106,side,true
v23802,v25202,alt,true
v23803,v24610,alt,false
v23803,v40680,alt,false
v23804,v5540,preq,true
v23804,v5541,seq,true
v23804,v54580,side,true
v23804,v57368,char,true
v23804,v58036,side,true
v23804,v61991,char,true
v23813,v23814,preq,true
v23814,v23813,seq,true
v23814,v23816,preq,true
v23816,v23814,seq,true
v23816,v23817,preq,true
v23817,v23816,seq,true
v23817,v23818,preq,true
v23818,v23817,seq,true
v23819,v16961,char,true
v23828,v21376,preq,true
v23831,v22079,alt,true
v23835,v23837,seq,true
v23837,v23835,preq,true
v23837,v23838,seq,true
v23838,v23837,preq,true
v23843,v23793,ser,true
v23844,v23793,ser,true
v23847,v23852,seq,true
v23852,v23847,preq,true
v23858,v7725,ser,true
v23858,v51414,ser,true
v23858,v53444,char,false
v23874,v18211,alt,false
v23874,v20355,char,false
v23874,v61468,alt,false
v23883,v31150,ser,true
v23888,v711,set,false
v23892,v20080,alt,true
v23893,v20087,preq,true
v23893,v23894,side,true
v23893,v23895,seq,true
v23894,v23893,par,true
v23895,v23893,preq,true
v23901,v5969,seq,true
v23902,v4553,ser,true
v23902,v23903,ser,true
v23902,v43243,char,true
v23903,v23902,ser,true
v23903,v43243,char,true
v23912,v23913,set,true
v23912,v24759,seq,true
v23912,v24760,set,true
v23912,v25111,set,true
v23913,v23912,set,true
v23913,v24759,set,true
v23913,v24760,set,true
v23913,v25111,set,true
v23915,v6487,char,false
v23921,v8734,ser,true
v23921,v34880,ser,true
v23923,v15573,preq,true
v23923,v55664,char,false
v23924,v23539,ser,true
v23928,v23937,preq,true
v23928,v37939,seq,true
v23933,v8462,char,false
v23936,v23937,seq,true
v23937,v23928,seq,true
v23937,v23936,preq,true
v23939,v25405,set,true
v23943,v952,alt,true
v23944,v4564,ser,true
v23944,v23945,seq,true
v23944,v53268,char,false
v23945,v23944,preq,true
v23947,v23801,orig,true
v23948,v23801,orig,true
v23965,v19904,ser,true
v23985,v18795,preq,true
v23989,v21905,alt,false
v23990,v19543,alt,false
v24002,v6985,char,true
v24002,v16640,alt,true
v24004,v33928,alt,true
v24007,v25229,seq,true
v24013,v23251,preq,true
v24015,v22383,preq,true
v24015,v32835,seq,true
v24016,v21199,set,true
v24019,v18869,orig,true
v24033,v47981,preq,true
v24036,v18357,set,true
v24036,v24038,set,true
v24038,v18357,set,true
v24038,v24036,set,true
v24038,v24039,alt,true
v24039,v24038,alt,true
v24055,v30538,char,true
v24057,v11754,char,false
v24058,v9845,char,false
v24059,v24118,ser,true
v24063,v23182,par,true
v24064,v21017,set,true
v24064,v29337,alt,false
v24066,v21905,alt,false
v24067,v43470,char,false
v24084,v21953,ser,true
v24091,v28119,seq,true
v24096,v20139,ser,true
v24096,v25043,seq,true
v24104,v25587,set,true
v24106,v33402,seq,true
v24108,v28077,preq,true
v24108,v28078,seq,true
v24109,v24573,seq,true
v24110,v30726,seq,true
v24117,v12581,preq,true
v24117,v12582,seq,true
v24118,v24059,ser,true
v24118,v24229,ser,true
v24121,v26253,seq,true
v24122,v27357,set,true
v24124,v23376,side,true
v24124,v24223,side,true
v24124,v26281,side,true
v24124,v28340,alt,true
v24128,v16395,preq,true
v24128,v34312,fan,true
v24134,v22312,par,true
v24136,v23486,ser,true
v24138,v24220,preq,true
v24143,v22580,set,true
v24143,v31585,set,true
v24145,v25710,seq,true
v24146,v46442,preq,true
v24146,v55350,ser,true
v24150,v21148,preq,true
v24152,v24359,fan,true
v24155,v29768,char,true
v24163,v22371,set,true
v24168,v56564,alt,true
v24169,v35491,seq,true
v24173,v21905,alt,false
v24183,v23166,preq,true
v24186,v9196,orig,true
v24186,v14294,orig,true
v24186,v15658,orig,true
v24186,v18739,par,true
v24186,v19657,orig,true
v24186,v21145,orig,true
v24196,v31099,seq,true
v24200,v24201,ser,true
v24201,v24200,ser,true
v24206,v24219,seq,true
v24208,v53726,seq,true
v24209,v16695,set,true
v24209,v29932,set,true
v24209,v32312,fan,true
v24209,v42305,fan,true
v24214,v22186,par,true
v24219,v24206,preq,true
v24219,v24220,seq,true
v24220,v24138,seq,true
v24220,v24219,preq,true
v24223,v24124,par,true
v24229,v24118,ser,true
v24241,v52265,seq,true
v24253,v24254,ser,true
v24254,v16949,ser,true
v24254,v24253,ser,true
v24257,v27723,side,true
v24264,v17653,preq,true
v24274,v24317,char,true
v24274,v24323,char,true
v24274,v24353,char,true
v24274,v24365,preq,true
v24274,v24777,char,true
v24275,v25884,set,true
v24278,v32675,seq,true
v24286,v21499,preq,true
v24287,v28330,seq,true
v24287,v32396,alt,true
v24291,v1014,char,true
v24291,v1015,char,true
v24291,v3631,char,true
v24291,v10606,char,true
v24291,v13072,char,true
v24291,v18030,char,true
v24291,v26745,char,false
v24294,v12402,orig,true
v24295,v25403,ser,true
v24295,v27118,seq,true
v24295,v61432,char,true
v24301,v49588,fan,true
v24308,v22729,seq,true
v24312,v17750,preq,true
v24314,v19584,set,true
v24315,v28545,set,true
v24316,v18872,preq,true
v24317,v24274,char,true
v24317,v24323,char,true
v24317,v24353,char,true
v24319,v25146,set,true
v24320,v25813,fan,true
v24321,v25006,side,true
v24322,v33160,par,true
v24323,v24274,char,true
v24323,v24317,char,true
v24323,v24353,char,true
v24323,v24365,char,true
v24323,v24478,char,true
v24324,v24358,seq,true
v24324,v25146,set,true
v24326,v6494,alt,true
v24328,v26592,fan,true
v24328,v28201,ser,true
v24330,v24358,preq,true
v24330,v54180,seq,true
v24338,v23346,ser,true
v24338,v26751,ser,true
v24343,v22640,alt,true
v24343,v22641,alt,true
v24343,v22795,alt,true
v24343,v22796,alt,true
v24345,v24353,char,true
v24351,v6438,preq,true
v24351,v29066,fan,true
v24351,v36687,seq,true
v24353,v24274,char,true
v24353,v24317,char,true
v24353,v24323,char,true
v24353,v24345,char,true
v24355,v16783,ser,true
v24358,v24324,preq,true
v24358,v24330,seq,true
v24359,v24152,orig,true
v24362,v26665,set,true
v24362,v27918,set,true
v24363,v24364,char,true
v24363,v45249,seq,true
v24364,v24363,char,true
v24365,v24274,seq,true
v24365,v24323,char,true
v24369,v21057,char,true
v24371,v20980,preq,true
v24372,v88,par,true
v24373,v16278,par,true
v24376,v18433,char,true
v24376,v18959,char,true
v24380,v21854,ser,true
v24380,v26531,ser,true
v24381,v10078,preq,true
v24397,v55350,char,true
v24400,v39558,seq,true
v24409,v21583,char,true
v24409,v29188,set,true
v24415,v21037,preq,true
v24416,v26586,set,true
v24416,v27922,fan,true
v24416,v56647,char,true
v24416,v56672,par,true
v24417,v4037,set,true
v24417,v18927,ser,true
v24420,v23068,ser,true
v24420,v25704,ser,true
v24422,v26402,ser,true
v24425,v945,par,false
v24427,v22984,ser,true
v24427,v56791,ser,true
v24428,v41847,alt,true
v24432,v24433,seq,true
v24432,v56647,char,true
v24433,v24432,preq,true
v24433,v35994,seq,false
v24437,v56647,char,true
v24442,v24443,seq,true
v24443,v24442,preq,true
v24454,v15310,seq,true
v24459,v24460,fan,true
v24460,v24459,orig,true
v24461,v21381,orig,true
v24463,v23350,ser,true
v24463,v25194,ser,true
v24466,v6503,orig,true
v24467,v23070,ser,true
v24467,v24823,seq,true
v24467,v25791,ser,true
v24468,v24490,ser,true
v24469,v20688,orig,true
v24470,v28326,seq,true
v24471,v23201,preq,true
v24471,v25421,seq,true
v24472,v21188,set,true
v24475,v26367,char,true
v24475,v29774,char,true
v24475,v30674,char,true
v24475,v51788,char,true
v24477,v23792,preq,true
v24478,v24323,char,true
v24480,v22376,preq,true
v24480,v27683,seq,true
v24481,v31506,seq,true
v24481,v34949,fan,true
v24481,v37927,side,true
v24483,v26972,ser,true
v24483,v30373,preq,true
v24483,v31247,seq,false
v24484,v55467,seq,true
v24485,v2152,char,false
v24485,v11476,alt,true
v24485,v13103,char,false
v24485,v13201,char,false
v24485,v13496,char,false
v24486,v34073,ser,true
v24488,v34437,fan,true
v24488,v34438,fan,true
v24490,v24468,ser,true
v24490,v25082,ser,true
v24495,v28329,side,true
v24498,v19636,preq,true
v24499,v46602,char,true
v24501,v51894,char,true
v24510,v21202,preq,true
v24518,v24519,seq,true
v24519,v24518,preq,true
v24519,v24520,seq,true
v24520,v24519,preq,true
v24523,v24847,ser,true
v24524,v20923,preq,true
v24526,v21622,preq,true
v24527,v24528,seq,true
v24528,v19321,preq,true
v24528,v24527,preq,true
v24535,v25434,side,true
v24535,v31282,side,true
v24538,v28016,set,true
v24540,v19755,char,true
v24540,v20449,char,true
v24540,v20726,char,true
v24540,v25921,char,true
v24540,v28963,char,true
v24540,v29430,char,true
v24540,v32436,char,true
v24543,v24544,seq,true
v24544,v24543,preq,true
v24544,v24545,seq,true
v24545,v24544,preq,true
v24551,v21047,char,false
v24552,v19231,preq,true
v24552,v28346,fan,true
v24554,v1372,par,true
v24559,v29528,seq,true
v24559,v59028,seq,true
v24560,v18381,char,true
v24561,v56647,char,true
v24563,v746,char,true
v24563,v32206,ser,true
v24571,v39607,ser,true
v24573,v24109,preq,true
v24577,v18945,preq,true
v24582,v20357,preq,true
v24582,v28155,side,true
v24588,v26582,seq,true
v24590,v26474,side,true
v24590,v28123,seq,true
v24590,v30166,char,true
v24597,v35600,side,true
v24600,v13114,ser,true
v24604,v51670,alt,true
v24609,v21957,par,true
v24610,v24,orig,false
v24610,v23803,alt,false
v24610,v40680,alt,false
v24613,v24614,side,true
v24614,v24613,par,true
v24615,v26585,par,true
v24617,v20268,ser,true
v24617,v25223,ser,true
v24618,v20232,ser,true
v24618,v30214,ser,true
v24619,v20232,set,true
v24619,v29052,ser,true
v24620,v30213,ser,true
v24620,v47555,ser,true
v24623,v27557,ser,true
v24626,v21903,preq,true
v24627,v12704,ser,true
v24627,v18930,char,true
v24627,v24681,char,true
v24627,v60446,char,true
v24629,v23387,orig,true
v24631,v31208,side,true
v24631,v34670,side,true
v24631,v43525,side,true
v24631,v55535,char,true
v24631,v61554,side,true
v24635,v6199,ser,true
v24644,v20717,seq,true
v24646,v17994,char,false
v24646,v20336,char,false
v24646,v22992,char,false
v24646,v53306,char,false
v24649,v35154,preq,true
v24649,v45500,side,true
v24651,v14711,orig,true
v24652,v21200,set,true
v24655,v26407,seq,true
v24655,v29462,set,true
v24660,v21269,orig,true
v24660,v26243,alt,true
v24661,v19728,ser,true
v24662,v27294,char,true
v24665,v21054,set,true
v24666,v31392,char,true
v24667,v23728,set,true
v24670,v4874,char,true
v24670,v4889,char,true
v24670,v5173,char,true
v24670,v5180,char,true
v24670,v5186,orig,true
v24670,v5187,preq,true
v24670,v13772,char,true
v24672,v14618,preq,true
v24673,v5176,char,true
v24673,v15800,char,true
v24673,v19132,seq,true
v24681,v24627,char,true
v24681,v28136,set,true
v24681,v52975,char,true
v24682,v7179,preq,true
v24686,v25060,char,true
v24686,v48659,char,true
v24689,v20622,set,true
v24689,v30793,fan,true
v24689,v32624,ser,true
v24698,v14304,ser,true
v24701,v25785,seq,true
v24701,v29859,char,true
v24701,v52701,set,true
v24703,v13948,orig,true
v24704,v24706,ser,true
v24706,v24704,ser,true
v24714,v28645,ser,true
v24716,v21809,char,true
v24717,v21852,orig,true
v24718,v28688,seq,true
v24722,v11928,ser,true
v24724,v10091,ser,true
v24726,v24791,seq,true
v24732,v24733,seq,true
v24733,v24732,preq,true
v24733,v24734,seq,true
v24734,v24733,preq,true
v24738,v8335,orig,true
v24748,v28,set,true
v24748,v25725,set,true
v24754,v61010,char,false
v24759,v23912,preq,true
v24759,v23913,set,true
v24759,v24760,seq,true
v24759,v25111,set,true
v24760,v23912,set,true
v24760,v23913,set,true
v24760,v24759,preq,true
v24760,v25111,seq,true
v24763,v27226,side,true
v24770,v2153,ser,true
v24770,v58807,char,false
v24774,v35029,seq,true
v24777,v24274,char,true
v24778,v755,orig,true
v24782,v22561,orig,true
v24788,v27264,seq,true
v24791,v24726,preq,true
v24795,v37517,ser,true
v24795,v40787,ser,true
v24796,v24797,side,true
v24797,v24796,par,true
v24798,v147,preq,true
v24798,v2708,alt,true
v24798,v3338,alt,true
v24798,v32893,seq,true
v24800,v20741,seq,true
v24802,v18344,set,true
v24803,v18778,set,true
v24803,v26485,fan,true
v24811,v28234,char,true
v24811,v32421,char,true
v24812,v12378,alt,true
v24812,v27675,fan,true
v24812,v31154,seq,true
v24812,v38829,fan,true
v24813,v24815,preq,true
v24815,v24813,seq,true
v24815,v26646,seq,true
v24815,v32912,char,true
v24816,v29311,seq,true
v24817,v32912,char,true
v24820,v43838,seq,true
v24820,v58616,seq,true
v24823,v24467,preq,true
v24823,v25936,seq,true
v24825,v21769,ser,true
v24825,v31037,ser,true
v24827,v20345,preq,true
v24827,v24830,seq,true
v24828,v21933,preq,true
v24829,v24830,preq,true
v24830,v24827,preq,true
v24830,v24829,seq,true
v24832,v21983,alt,true
v24832,v24833,char,true
v24832,v25177,char,true
v24832,v26836,seq,true
v24833,v23455,alt,true
v24833,v24832,char,true
v24833,v24834,char,true
v24833,v25177,char,true
v24834,v23193,alt,true
v24834,v23456,alt,true
v24834,v24833,char,true
v24834,v25177,char,true
v24835,v25177,char,true
v24836,v25177,char,true
v24839,v23414,par,true
v24842,v56618,seq,true
v24844,v36,alt,false
v24846,v22755,alt,false
v24847,v24523,ser,true
v24851,v18714,preq,true
v24852,v23392,ser,true
v24853,v21474,set,true
v24853,v26530,set,true
v24855,v28518,ser,true
v24860,v22340,preq,true
v24869,v17791,preq,true
v24871,v36551,set,true
v24872,v22282,preq,true
v24872,v25673,preq,true
v24872,v45381,side,true
v24875,v10323,ser,true
v24877,v2392,seq,true
v24877,v2393,ser,true
v24878,v23033,ser,true
v24878,v25680,seq,true
v24880,v21527,ser,true
v24885,v21564,preq,true
v24888,v24889,seq,true
v24889,v24888,preq,true
v24897,v4659,set,true
v24898,v18156,set,true
v24900,v20133,preq,true
v24910,v25031,preq,true
v24910,v25408,seq,true
v24910,v25967,side,true
v24910,v26844,char,true
v24915,v22314,ser,true
v24915,v27842,ser,true
v24916,v22445,alt,true
v24916,v55001,alt,true
v24933,v24934,preq,true
v24933,v31276,preq,true
v24933,v47512,ser,true
v24934,v17745,ser,true
v24934,v24933,seq,true
v24934,v47512,ser,true
v24938,v25280,preq,true
v24938,v28151,seq,true
v24939,v30350,seq,true
v24943,v13574,alt,true
v24944,v30794,alt,true
v24945,v16983,preq,true
v24953,v32748,set,true
v24956,v23034,ser,true
v24956,v26053,ser,true
v24956,v35281,seq,true
v24960,v21365,par,true
v24963,v56096,seq,true
v24964,v19037,ser,true
v24966,v7499,ser,true
v24967,v21370,char,false
v24967,v22372,ser,true
v24972,v23756,preq,true
v24978,v24979,seq,true
v24979,v24978,preq,true
v24979,v24980,seq,true
v24980,v24979,preq,true
v24983,v17626,char,true
v24987,v31436,seq,true
v25000,v13865,char,false
v25005,v13596,ser,true
v25005,v32079,seq,true
v25005,v42434,seq,true
v25006,v24321,par,true
v25007,v21620,set,true
v25015,v47233,char,true
v25015,v57587,set,true
v25022,v21502,preq,true
v25025,v23387,orig,true
v25028,v25955,ser,true
v25030,v25031,seq,true
v25030,v25142,alt,false
v25031,v24910,seq,true
v25031,v25030,preq,true
v25034,v22861,preq,true
v25039,v28274,alt,true
v25040,v19587,preq,true
v25041,v25731,seq,true
v25041,v26472,set,true
v25041,v38743,side,true
v25043,v24096,preq,true
v25043,v25959,seq,true
v25047,v2002,par,false
v25060,v24686,char,true
v25060,v48659,char,true
v25060,v48662,char,true
v25062,v27954,seq,true
v25070,v25072,seq,true
v25072,v25070,preq,true
v25072,v25073,ser,true
v25073,v25072,ser,true
v25077,v34392,seq,true
v25081,v25082,ser,true
v25081,v25517,ser,true
v25082,v24490,ser,true
v25082,v25081,ser,true
v25087,v16958,preq,true
v25087,v27665,ser,true
v25090,v28197,side,true
v25091,v22963,preq,true
v25093,v25094,seq,true
v25094,v25093,preq,true
v25098,v59645,preq,true
v25098,v59646,seq,true
v25106,v23801,par,true
v25110,v20955,char,true
v25111,v23912,set,true
v25111,v23913,set,true
v25111,v24759,set,true
v25111,v24760,preq,true
v25111,v35104,seq,true
v25114,v27836,ser,true
v25114,v30529,seq,true
v25115,v39499,seq,true
v25118,v25119,seq,true
v25119,v25118,preq,true
v25124,v26888,set,true
v25124,v29865,ser,true
v25124,v50073,fan,true
v25126,v23244,set,true
v25126,v25809,set,true
v25127,v22436,ser,true
v25127,v27389,ser,true
v25132,v18837,ser,true
v25132,v26351,ser,true
v25135,v31712,fan,true
v25137,v711,alt,false
v25142,v4,set,false
v25142,v25030,alt,false
v25143,v20491,set,true
v25146,v24319,set,true
v25146,v24324,set,true
v25146,v55825,seq,true
v25148,v4747,ser,true
v25149,v27144,ser,true
v25151,v29654,set,true
v25151,v31180,seq,true
v25152,v25158,side,true
v25152,v37121,side,true
v25154,v25155,ser,true
v25155,v25154,ser,true
v25158,v25152,par,true
v25162,v27706,seq,true
v25162,v29712,ser,true
v25170,v26310,set,true
v25177,v23685,char,true
v25177,v24832,char,true
v25177,v24833,char,true
v25177,v24834,char,true
v25177,v24835,char,true
v25177,v24836,char,true
v25180,v22904,ser,true
v25182,v17393,ser,true
v25182,v25268,ser,true
v25185,v16842,preq,true
v25187,v18473,preq,true
v25191,v23088,preq,true
v25191,v27756,seq,true
v25194,v24463,ser,true
v25194,v26465,ser,true
v25197,v19743,set,true
v25197,v29871,seq,true
v25197,v51154,side,true
v25202,v23802,alt,true
v25204,v18918,par,true
v25214,v1091,alt,false
v25216,v25217,seq,true
v25217,v25216,preq,true
v25217,v25218,seq,true
v25218,v25217,preq,true
v25223,v24617,ser,true
v25229,v24007,preq,true
v25232,v22151,ser,true
v25236,v731,ser,true
v25237,v19018,ser,true
v25241,v22692,set,true
v25241,v23357,set,true
v25243,v18,char,false
v25243,v177,char,false
v25243,v184,char,false
v25243,v186,char,false
v25243,v235,char,false
v25243,v27592,ser,true
v25243,v53592,ser,true
v25245,v25247,seq,true
v25245,v28609,set,true
v25247,v25245,preq,true
v25247,v25711,seq,true
v25248,v19988,preq,true
v25249,v25259,alt,true
v25249,v26546,alt,true
v25250,v18757,char,true
v25250,v46155,char,true
v25256,v9316,orig,true
v25259,v25249,alt,true
v25259,v26546,alt,true
v25263,v28804,seq,true
v25268,v17393,ser,true
v25268,v25182,ser,true
v25278,v10858,alt,true
v25280,v23190,preq,true
v25280,v24938,seq,true
v25285,v34914,char,true
v25287,v8041,preq,true
v25293,v266,orig,true
v25294,v266,orig,true
v25300,v22663,set,true
v25301,v9200,ser,true
v25301,v11946,char,true
v25303,v29058,ser,true
v25303,v49558,ser,true
v25308,v23401,set,true
v25308,v35430,seq,true
v25309,v25311,side,true
v25309,v28801,par,true
v25310,v12582,preq,true
v25310,v49557,seq,true
v25311,v25309,par,true
v25311,v29058,ser,true
v25314,v22397,ser,true
v25320,v28449,preq,true
v25321,v27108,seq,true
v25328,v21432,ser,true
v25341,v23033,ser,true
v25344,v12986,orig,true
v25345,v5445,orig,true
v25347,v13322,char,true
v25347,v13323,char,true
v25348,v1545,char,true
v25348,v33377,set,true
v25349,v16130,ser,true
v25361,v28575,ser,true
v25366,v11300,set,true
v25366,v26418,fan,true
v25366,v26419,fan,true
v25366,v28633,set,true
v25368,v23291,preq,true
v25372,v18331,preq,true
v25374,v18330,preq,true
v25376,v19024,ser,true
v25376,v38875,ser,true
v25379,v7041,preq,true
v25379,v18487,seq,true
v25383,v25402,preq,true
v25383,v47197,seq,true
v25384,v27736,seq,true
v25385,v21976,preq,true
v25391,v15641,orig,true
v25392,v15641,orig,true
v25393,v15641,orig,true
v25394,v17272,alt,true
v25401,v25402,char,true
v25401,v28839,char,true
v25402,v22765,ser,true
v25402,v25383,seq,true
v25402,v25401,char,true
v25402,v25403,ser,true
v25402,v57458,char,true
v25403,v24295,ser,true
v25403,v25402,ser,true
v25403,v25404,seq,true
v25403,v28839,char,true
v25403,v57458,char,true
v25404,v25403,preq,true
v25404,v47694,seq,true
v25405,v23939,set,true
v25407,v25428,char,true
v25407,v28625,char,true
v25408,v24910,preq,true
v25408,v25967,preq,true
v25408,v26844,char,true
v25413,v33322,seq,true
v25414,v21905,alt,false
v25418,v23751,ser,true
v25418,v26210,ser,true
v25421,v21407,char,true
v25421,v24471,preq,true
v25422,v29945,fan,true
v25422,v29946,fan,true
v25422,v29947,fan,true
v25422,v38599,fan,true
v25423,v25424,seq,true
v25423,v57205,alt,false
v25424,v25423,preq,true
v25424,v25425,seq,true
v25425,v25424,preq,true
v25428,v25407,char,true
v25430,v29123,seq,true
v25432,v27027,seq,true
v25432,v30779,set,false
v25432,v42060,set,false
v25432,v44319,set,false
v25432,v51463,char,false
v25433,v22629,preq,true
v25434,v24535,par,true
v25436,v23387,orig,true
v25438,v43553,fan,true
v25438,v49117,seq,true
v25438,v50282,fan,true
v25441,v22500,preq,true
v25441,v28678,ser,true
v25441,v29249,seq,true
v25441,v39339,char,true
v25442,v13185,alt,true
v25464,v39308,set,true
v25466,v22951,ser,true
v25478,v25479,seq,true
v25479,v25478,preq,true
v25484,v37696,ser,true
v25491,v30432,seq,true
v25492,v22345,orig,true
v25494,v23338,orig,true
v25501,v12728,orig,true
v25505,v19889,alt,true
v25511,v25800,ser,true
v25513,v20802,char,true
v25513,v23742,alt,true
v25515,v22760,preq,true
v25517,v25081,ser,true
v25517,v27887,seq,true
v25518,v22788,preq,true
v25521,v27565,seq,true
v25521,v30382,preq,true
v25522,v23376,par,true
v25522,v26431,side,true
v25525,v11088,ser,true
v25528,v49218,ser,true
v25534,v1601,set,false
v25534,v23063,ser,true
v25535,v26446,preq,true
v25535,v28889,preq,true
v25535,v32067,seq,true
v25535,v34875,side,true
v25545,v3084,preq,true
v25548,v23276,ser,true
v25548,v27331,ser,true
v25550,v6666,ser,true
v25554,v23059,preq,true
v25555,v20357,par,true
v25556,v17138,ser,true
v25560,v22819,set,true
v25560,v44890,ser,true
v25563,v31171,seq,false
v25566,v20167,char,true
v25569,v28089,seq,true
v25570,v29303,side,true
v25577,v27064,set,true
v25577,v27065,set,true
v25577,v28236,set,true
v25582,v26009,char,true
v25583,v53298,ser,true
v25587,v24104,set,true
v25603,v27111,ser,true
v25613,v22761,alt,true
v25615,v48460,ser,true
v25616,v49729,seq,true
v25617,v23316,preq,true
v25617,v28254,seq,true
v25623,v13796,ser,true
v25623,v21905,alt,false
v25633,v22873,ser,true
v25635,v18131,alt,true
v25639,v59093,seq,true
v25646,v9704,char,false
v25673,v22282,preq,true
v25673,v24872,seq,true
v25680,v24878,preq,true
v25684,v20763,preq,true
v25690,v23067,alt,true
v25690,v26376,alt,true
v25691,v30910,seq,true
v25694,v12402,orig,true
v25694,v25699,seq,true
v25697,v22945,ser,true
v25699,v25694,preq,true
v25702,v1131,char,true
v25702,v3161,char,true
v25702,v25784,set,true
v25704,v24420,ser,true
v25706,v23347,ser,true
v25706,v26406,ser,true
v25706,v51805,alt,true
v25710,v24145,preq,true
v25710,v27215,seq,true
v25711,v25247,preq,true
v25713,v22603,set,true
v25713,v31428,seq,true
v25718,v22097,seq,true
v25719,v17062,preq,true
v25719,v26890,fan,true
v25719,v52860,side,true
v25720,v22619,preq,true
v25720,v27085,seq,true
v25720,v44706,alt,true
v25724,v30417,alt,true
v25725,v28,preq,true
v25725,v24748,set,true
v25725,v30216,seq,true
v25727,v23376,preq,true
v25727,v26770,seq,true
v25727,v28340,char,true
v25727,v30191,side,true
v25727,v31056,char,true
v25729,v16276,preq,true
v25729,v18714,seq,true
v25731,v25041,preq,true
v25742,v200,orig,true
v25743,v200,orig,true
v25748,v26413,preq,true
v25750,v20515,orig,true
v25757,v12557,char,true
v25763,v21468,ser,true
v25764,v15727,orig,true
v25767,v25768,set,true
v25767,v29838,set,true
v25768,v25767,set,true
v25768,v29837,preq,true
v25770,v7014,ser,false
v25770,v42907,alt,true
v25774,v28462,seq,true
v25778,v22084,alt,true
v25782,v22084,preq,true
v25783,v36278,seq,true
v25784,v3161,par,true
v25784,v25702,set,true
v25785,v24701,preq,true
v25785,v59950,seq,true
v25787,v27075,seq,true
v25787,v52362,char,true
v25791,v24467,ser,true
v25791,v26498,ser,true
v25796,v26773,seq,true
v25798,v21124,preq,true
v25800,v25511,ser,true
v25805,v27001,ser,true
v25808,v1938,orig,true
v25808,v2155,orig,true
v25809,v25126,set,true
v25810,v21493,set,true
v25810,v22599,set,true
v25812,v26654,preq,true
v25813,v21552,set,true
v25813,v24320,orig,true
v25815,v11756,preq,true
v25815,v29498,ser,true
v25820,v15223,preq,true
v25820,v31461,side,true
v25823,v25824,seq,true
v25824,v25823,preq,true
v25832,v15506,char,true
v25832,v29807,set,true
v25832,v33896,set,true
v25835,v25836,side,true
v25835,v25870,side,false
v25835,v25871,side,true
v25835,v25873,side,true
v25835,v25874,side,true
v25835,v37759,side,false
v25835,v37760,side,true
v25835,v37761,side,false
v25836,v25835,par,true
v25838,v32928,ser,true
v25840,v25842,ser,true
v25841,v25842,ser,true
v25842,v25840,ser,true
v25842,v25841,ser,true
v25845,v25846,ser,true
v25846,v25845,ser,true
v25847,v27042,side,true
v25847,v27164,seq,true
v25847,v27686,preq,true
v25847,v28112,ser,true
v25848,v19027,preq,true
v25849,v19030,char,true
v25850,v23433,seq,true
v25854,v25855,side,true
v25855,v25854,par,true
v25862,v12903,par,true
v25863,v25864,seq,true
v25864,v25863,preq,true
v25865,v25866,side,true
v25866,v25865,par,true
v25869,v37759,side,false
v25869,v37760,side,true
v25869,v37761,side,false
v25870,v22450,par,false
v25870,v25835,par,false
v25870,v25872,par,false
v25870,v43538,char,true
v25871,v25835,par,true
v25872,v25870,side,false
v25872,v37759,side,false
v25872,v37760,side,true
v25872,v37761,side,false
v25873,v25835,par,true
v25874,v25835,par,true
v25875,v9030,par,true
v25883,v15118,par,false
v25884,v24275,set,true
v25884,v28871,set,true
v25890,v25891,char,true
v25891,v25890,char,true
v25892,v20306,alt,false
v25901,v25906,ser,true
v25902,v22154,ser,true
v25902,v33265,ser,true
v25906,v25901,ser,true
v25912,v34022,fan,true
v25914,v21782,preq,true
v25915,v802,preq,true
v25916,v1715,orig,true
v25916,v25917,alt,true
v25916,v34043,seq,true
v25916,v42435,seq,true
v25917,v1715,orig,true
v25917,v25916,alt,true
v25917,v34043,seq,true
v25917,v42435,seq,true
v25918,v20158,char,true
v25919,v16110,seq,true
v25920,v19755,char,true
v25920,v20169,char,true
v25920,v30485,seq,true
v25921,v19755,char,true
v25921,v24540,char,true
v25921,v30188,char,true
v25924,v30406,char,true
v25928,v39351,preq,true
v25930,v16526,seq,true
v25931,v32649,alt,false
v25931,v39672,char,false
v25931,v57568,seq,false
v25932,v23101,orig,true
v25936,v24823,preq,true
v25936,v30077,seq,true
v25937,v29719,fan,true
v25938,v8023,set,true
v25938,v11989,set,true
v25939,v26095,set,true
v25942,v29936,seq,true
v25944,v18564,ser,false
v25944,v23707,ser,false
v25944,v35893,ser,false
v25951,v30203,set,true
v25955,v25028,ser,true
v25958,v11728,char,true
v25959,v25043,preq,true
v25960,v42634,par,true
v25964,v21529,ser,true
v25967,v24910,par,true
v25967,v25408,seq,true
v25975,v25976,preq,true
v25976,v25975,seq,true
v25989,v58714,fan,true
v25990,v26395,ser,true
v25995,v26771,ser,true
v25996,v489,alt,true
v25998,v15467,ser,true
v25998,v41096,seq,true
v25999,v31125,set,true
v26000,v15473,set,true
v26000,v18495,set,true
v26000,v41195,seq,true
v26001,v15708,orig,true
v26002,v2956,preq,true
v26007,v39121,preq,true
v26007,v50551,side,true
v26008,v28504,ser,true
v26009,v25582,char,true
v26009,v26540,char,true
v26011,v248,char,true
v26011,v1152,char,true
v26011,v5850,char,true
v26011,v11517,char,true
v26012,v1801,preq,true
v26015,v26017,char,true
v26017,v26015,char,true
v26019,v3859,orig,true
v26022,v22025,ser,true
v26022,v29760,ser,true
v26036,v26039,seq,true
v26038,v5277,char,true
v26038,v26355,ser,true
v26038,v26833,ser,true
v26039,v26036,preq,true
v26042,v22234,par,true
v26043,v23437,set,true
v26046,v26114,par,true
v26047,v13905,orig,true
v26051,v22043,set,true
v26052,v19385,preq,true
v26052,v32946,seq,true
v26053,v24956,ser,true
v26053,v28031,ser,true
v26054,v35246,seq,true
v26058,v26059,side,true
v26058,v38218,seq,true
v26059,v26058,par,true
v26068,v21015,preq,true
v26073,v12005,preq,true
v26075,v3,char,true
v26075,v184,char,true
v26075,v7721,orig,true
v26075,v18717,orig,true
v26079,v28474,preq,true
v26082,v28422,char,true
v26082,v28454,char,true
v26086,v20559,preq,true
v26090,v21768,orig,true
v26095,v25939,set,true
v26100,v26107,seq,true
v26101,v29721,alt,true
v26104,v26105,ser,true
v26105,v26104,ser,true
v26105,v26106,ser,true
v26105,v26109,char,true
v26106,v26105,ser,true
v26107,v26100,preq,true
v26107,v26108,seq,true
v26108,v26107,preq,true
v26108,v26109,seq,true
v26109,v26105,char,true
v26109,v26108,preq,true
v26110,v26114,par,true
v26111,v26114,par,true
v26112,v26114,par,true
v26113,v26114,par,true
v26114,v26046,side,true
v26114,v26110,side,true
v26114,v26111,side,true
v26114,v26112,side,true
v26114,v26113,side,true
v26114,v28117,side,true
v26114,v30179,seq,true
v26114,v34296,side,true
v26133,v17272,preq,true
v26134,v31028,preq,true
v26147,v3892,preq,true
v26150,v10486,char,false
v26150,v27321,char,false
v26150,v27322,char,false
v26150,v27323,char,false
v26150,v46612,char,true
v26150,v53441,char,true
v26154,v49936,seq,true
v26166,v26167,seq,true
v26167,v26166,preq,true
v26168,v12754,set,true
v26169,v12754,set,true
v26174,v26175,seq,true
v26175,v26174,preq,true
v26178,v12321,ser,true
v26180,v13632,set,true
v26180,v28985,seq,true
v26182,v20038,char,true
v26183,v26791,ser,true
v26194,v799,orig,true
v26202,v26203,fan,true
v26203,v26202,orig,true
v26210,v25418,ser,true
v26210,v28114,ser,true
v26213,v36559,seq,true
v26222,v28935,ser,true
v26222,v28968,ser,true
v26234,v29017,seq,true
v26235,v10798,ser,true
v26238,v1086,set,true
v26238,v18649,char,true
v26242,v21465,set,true
v26243,v21269,alt,true
v26243,v24660,alt,true
v26246,v28571,seq,true
v26248,v39393,seq,true
v26253,v24121,preq,true
v26253,v27384,seq,true
v26255,v26858,seq,true
v26263,v42952,ser,true
v26263,v42957,ser,true
v26263,v42961,ser,true
v26263,v42964,preq,true
v26263,v42965,set,true
v26266,v54295,set,true
v26267,v4545,ser,true
v26267,v26268,ser,true
v26268,v26267,ser,true
v26273,v27948,char,true
v26277,v20959,par,true
v26281,v24124,par,true
v26293,v26294,preq,true
v26293,v26797,seq,true
v26294,v26293,seq,true
v26297,v33230,side,true
v26300,v29344,side,true
v26300,v42345,side,true
v26302,v29516,seq,true
v26306,v37521,seq,true
v26307,v17843,ser,true
v26307,v31813,fan,true
v26307,v32183,set,true
v26307,v47552,set,true
v26307,v50215,ser,true
v26310,v25170,set,true
v26310,v27751,ser,true
v26310,v29482,set,true
v26310,v32805,seq,true
v26314,v22135,set,true
v26315,v746,alt,true
v26315,v26574,seq,true
v26316,v29834,ser,true
v26317,v1119,orig,true
v26317,v5939,orig,true
v26317,v6036,orig,true
v26323,v18774,preq,true
v26324,v23153,preq,true
v26326,v26327,seq,true
v26327,v26326,preq,true
v26338,v22219,char,true
v26338,v29170,char,true
v26339,v48630,ser,true
v26341,v26342,seq,true
v26342,v26341,preq,true
v26342,v27097,seq,true
v26346,v28200,char,false
v26346,v29267,char,true
v26351,v25132,ser,true
v26351,v27938,ser,true
v26355,v5277,char,true
v26355,v6729,char,true
v26355,v26038,ser,true
v26355,v26833,ser,true
v26362,v26363,ser,true
v26363,v26362,ser,true
v26367,v24475,char,true
v26367,v29525,side,true
v26367,v29526,char,true
v26367,v29774,set,true
v26367,v30760,seq,true
v26367,v32087,alt,true
v26368,v28014,seq,true
v26368,v59911,ser,true
v26370,v12260,orig,true
v26373,v27799,seq,true
v26375,v1296,preq,true
v26376,v25690,alt,true
v26378,v6261,orig,true
v26385,v1091,alt,false
v26386,v487,char,false
v26390,v68,orig,true
v26390,v2153,orig,true
v26390,v8832,orig,true
v26390,v9678,orig,true
v26391,v21773,char,true
v26391,v31360,ser,true
v26391,v50888,seq,false
v26392,v17756,ser,true
v26392,v19201,ser,true
v26392,v26403,fan,true
v26395,v25990,ser,true
v26402,v24422,ser,true
v26403,v26392,orig,true
v26404,v22091,seq,true
v26406,v25706,ser,true
v26406,v27137,seq,true
v26406,v28433,ser,true
v26407,v24655,preq,true
v26407,v30558,seq,true
v26413,v25748,seq,true
v26416,v29922,seq,true
v26418,v25366,orig,true
v26419,v25366,orig,true
v26421,v26422,seq,true
v26422,v26421,preq,true
v26426,v22915,set,true
v26426,v38758,set,true
v26428,v14764,ser,true
v26431,v25522,par,true
v26431,v27935,ser,true
v26435,v26440,char,true
v26435,v32461,ser,true
v26437,v41075,char,true
v26440,v26435,char,true
v26444,v33223,seq,true
v26446,v13764,ser,true
v26446,v25535,seq,true
v26447,v13612,par,true
v26460,v5297,preq,true
v26461,v22347,char,true
v26461,v22942,char,true
v26463,v27841,ser,true
v26463,v28664,ser,true
v26465,v25194,ser,true
v26465,v27833,ser,true
v26472,v25041,set,true
v26472,v26736,seq,true
v26474,v18655,par,true
v26474,v24590,par,true
v26478,v58149,side,true
v26478,v58150,side,true
v26478,v58151,side,true
v26478,v58153,side,true
v26478,v58154,side,true
v26478,v58156,side,true
v26478,v58157,alt,true
v26478,v58158,seq,true
v26478,v58159,char,true
v26483,v8148,ser,true
v26485,v24803,orig,true
v26488,v34724,char,false
v26490,v18337,alt,true
v26491,v34803,side,true
v26491,v37093,char,true
v26495,v2918,orig,true
v26496,v2918,orig,true
v26498,v25791,ser,true
v26498,v26802,ser,true
v26499,v17356,alt,true
v26508,v10041,set,true
v26511,v18178,ser,true
v26511,v34459,fan,true
v26511,v34553,fan,true
v26516,v1564,orig,true
v26523,v23740,preq,true
v26523,v29724,seq,true
v26525,v6518,preq,true
v26530,v24853,set,true
v26530,v31272,set,true
v26530,v36366,set,true
v26531,v24380,ser,true
v26531,v29314,ser,true
v26532,v50456,char,false
v26532,v55357,seq,true
v26536,v22850,preq,true
v26536,v32231,char,true
v26536,v34990,seq,false
v26537,v45247,ser,true
v26540,v26009,char,true
v26546,v25249,alt,true
v26546,v25259,alt,true
v26553,v18157,seq,true
v26553,v52548,preq,false
v26554,v18157,seq,true
v26555,v20344,ser,true
v26556,v20344,ser,true
v26558,v16060,ser,true
v26558,v59486,ser,true
v26563,v27151,set,true
v26567,v13706,preq,true
v26567,v26568,seq,true
v26567,v26569,side,true
v26568,v26567,preq,true
v26568,v26570,side,true
v26568,v61625,seq,true
v26569,v26567,par,true
v26570,v26568,par,true
v26571,v13706,par,true
v26573,v3052,preq,true
v26573,v52745,ser,true
v26574,v26315,preq,true
v26574,v26575,seq,true
v26575,v26574,preq,true
v26581,v30228,seq,true
v26582,v24588,preq,true
v26582,v47779,set,true
v26583,v47028,preq,true
v26585,v24615,side,true
v26586,v24416,set,true
v26587,v27923,side,true
v26591,v62232,seq,true
v26592,v24328,orig,true
v26593,v20632,ser,true
v26593,v28346,fan,true
v26593,v42022,seq,true
v26594,v21178,ser,true
v26594,v51121,char,true
v26599,v36088,preq,true
v26602,v28939,char,true
v26604,v53636,seq,true
v26605,v20595,preq,true
v26606,v20595,char,true
v26611,v56647,char,true
v26611,v56692,char,true
v26611,v56694,side,true
v26613,v26614,fan,true
v26613,v26665,char,true
v26613,v56707,char,true
v26613,v56736,char,true
v26614,v26613,orig,true
v26615,v26616,ser,true
v26615,v56697,par,true
v26616,v26615,ser,true
v26624,v22061,preq,true
v26624,v30877,char,true
v26625,v40136,seq,true
v26628,v6793,orig,true
v26631,v28519,seq,true
v26637,v29051,ser,true
v26643,v20011,preq,true
v26644,v53367,set,true
v26646,v24815,preq,true
v26652,v21721,char,true
v26654,v25812,seq,true
v26658,v35247,preq,true
v26659,v4681,orig,true
v26665,v24362,set,true
v26665,v26613,char,true
v26665,v26666,seq,true
v26665,v27924,side,true
v26665,v56647,char,true
v26665,v56736,char,true
v26666,v26665,preq,true
v26666,v56736,char,true
v26668,v56647,char,true
v26668,v56707,char,true
v26669,v27917,fan,true
v26675,v22237,ser,true
v26675,v28559,ser,true
v26678,v32646,seq,true
v26678,v34728,set,true
v26680,v26681,seq,true
v26680,v26685,fan,true
v26680,v26686,fan,true
v26680,v26687,fan,true
v26680,v26688,side,true
v26680,v26689,side,true
v26680,v26690,side,true
v26681,v26680,preq,true
v26681,v26682,fan,true
v26681,v26683,seq,true
v26682,v26681,orig,true
v26683,v26681,preq,true
v26683,v26684,seq,true
v26684,v26683,preq,true
v26685,v26680,orig,true
v26686,v26680,orig,true
v26687,v26680,orig,true
v26688,v26680,par,true
v26689,v26680,par,true
v26690,v26680,par,true
v26692,v26693,preq,true
v26693,v26692,seq,true
v26709,v38236,side,true
v26712,v19124,ser,true
v26721,v1060,ser,true
v26725,v7896,set,false
v26725,v13354,set,false
v26725,v19429,set,false
v26725,v20556,set,false
v26725,v21152,set,false
v26725,v22169,set,false
v26725,v27148,set,false
v26725,v28973,set,false
v26727,v32813,alt,true
v26728,v28952,side,true
v26728,v33891,seq,true
v26736,v26472,preq,true
v26741,v28089,char,true
v26741,v30914,set,true
v26745,v1014,preq,false
v26745,v24291,char,false
v26748,v3209,preq,true
v26749,v31317,set,true
v26749,v38542,fan,true
v26751,v24338,ser,true
v26751,v30597,ser,true
v26753,v10861,preq,true
v26753,v40032,preq,true
v26754,v16938,par,true
v26758,v26759,char,true
v26759,v19844,set,false
v26759,v26758,char,true
v26762,v36066,seq,true
v26762,v44162,char,true
v26762,v54360,char,true
v26763,v18644,ser,true
v26765,v28825,fan,true
v26765,v28881,fan,true
v26766,v26767,seq,true
v26767,v26766,preq,true
v26768,v92,preq,true
v26769,v37502,fan,true
v26770,v23404,seq,true
v26770,v25727,preq,true
v26771,v25995,ser,true
v26772,v21993,preq,true
v26772,v22051,char,true
v26772,v28512,seq,true
v26772,v31179,fan,true
v26773,v25796,preq,true
v26773,v50566,seq,true
v26784,v23379,ser,true
v26784,v32474,ser,true
v26785,v19223,preq,true
v26790,v60907,preq,true
v26790,v60913,seq,true
v26791,v26183,ser,true
v26791,v28150,ser,true
v26793,v21905,alt,false
v26794,v29418,seq,true
v26796,v40794,char,false
v26796,v49429,seq,true
v26797,v26293,preq,true
v26797,v30333,seq,true
v26798,v26800,preq,true
v26800,v26798,seq,true
v26800,v56318,ser,true
v26800,v56320,ser,true
v26802,v26498,ser,true
v26802,v27835,ser,true
v26811,v49498,seq,true
v26815,v12219,char,false
v26815,v34751,seq,true
v26816,v12433,orig,true
v26817,v8510,orig,true
v26819,v18381,preq,true
v26827,v26828,set,true
v26828,v26827,set,true
v26828,v36986,seq,true
v26833,v5277,char,true
v26833,v26038,ser,true
v26833,v26355,ser,true
v26836,v24832,preq,true
v26838,v49316,ser,true
v26841,v39256,alt,true
v26844,v24910,char,true
v26844,v25408,char,true
v26856,v22068,set,true
v26857,v22260,preq,true
v26858,v26255,preq,true
v26887,v17149,ser,true
v26887,v17151,ser,true
v26887,v17724,preq,true
v26888,v25124,set,true
v26890,v25719,orig,true
v26906,v1640,ser,true
v26907,v21524,par,true
v26907,v21620,par,true
v26909,v23691,char,true
v26912,v30280,char,false
v26912,v32396,char,false
v26915,v3670,preq,true
v26918,v23433,seq,true
v26929,v4713,ser,true
v26931,v26932,seq,true
v26932,v26931,preq,true
v26936,v47566,seq,true
v26937,v29781,set,true
v26937,v35348,set,true
v26937,v47188,char,true
v26946,v22616,ser,true
v26949,v4407,set,true
v26949,v37758,set,true
v26951,v22524,alt,true
v26960,v370,alt,true
v26961,v20314,set,true
v26969,v26970,ser,true
v26969,v26973,ser,true
v26969,v30626,alt,true
v26970,v26969,ser,true
v26972,v21427,alt,true
v26972,v24483,ser,true
v26973,v26969,ser,true
v26973,v33724,ser,true
v26987,v18807,set,true
v26987,v20330,set,true
v26987,v22603,set,true
v26989,v23388,ser,true
v26989,v31002,ser,true
v26994,v33101,seq,true
v27001,v25805,ser,true
v27002,v27003,preq,true
v27002,v27006,seq,true
v27003,v27002,seq,true
v27003,v27004,preq,true
v27004,v27003,seq,true
v27004,v27005,preq,true
v27005,v27004,seq,true
v27006,v27002,preq,true
v27016,v27019,seq,true
v27019,v27016,preq,true
v27022,v48393,seq,true
v27027,v25432,preq,true
v27027,v28651,seq,true
v27035,v54938,seq,true
v27042,v25847,par,true
v27042,v27164,par,true
v27042,v27686,par,true
v27042,v28112,ser,true
v27043,v13952,par,true
v27043,v18059,par,true
v27047,v26,orig,true
v27047,v74,orig,true
v27048,v18006,alt,true
v27053,v22013,orig,true
v27057,v19182,ser,true
v27057,v44184,ser,true
v27058,v19855,alt,true
v27064,v25577,set,true
v27064,v27065,set,true
v27064,v28236,set,true
v27065,v25577,set,true
v27065,v27064,set,true
v27065,v28236,set,true
v27071,v34090,ser,true
v27072,v12442,ser,true
v27072,v34888,side,true
v27072,v42887,ser,true
v27072,v52538,char,true
v27075,v25787,preq,true
v27076,v27077,seq,true
v27077,v27076,preq,true
v27083,v58970,side,true
v27085,v25720,preq,true
v27085,v44706,alt,true
v27089,v18,char,false
v27089,v236,par,false
v27092,v20602,preq,true
v27094,v4628,char,false
v27094,v27095,seq,true
v27095,v4628,char,false
v27095,v27094,preq,true
v27097,v26342,preq,true
v27097,v27098,seq,true
v27098,v27097,preq,true
v27098,v27099,seq,true
v27099,v27098,preq,true
v27099,v27100,seq,true
v27100,v27099,preq,true
v27100,v27101,seq,true
v27101,v27100,preq,true
v27101,v27102,seq,true
v27102,v27101,preq,true
v27102,v27103,seq,true
v27103,v27102,preq,true
v27103,v27104,seq,true
v27104,v27103,preq,true
v27104,v27105,seq,true
v27105,v27104,preq,true
v27105,v27106,seq,true
v27106,v27105,preq,true
v27106,v27107,seq,true
v27107,v27106,preq,true
v27108,v25321,preq,true
v27108,v27110,seq,true
v27110,v27108,preq,true
v27110,v27638,seq,true
v27111,v25603,ser,true
v27111,v27112,ser,true
v27112,v27111,ser,true
v27112,v27895,ser,true
v27118,v24295,preq,true
v27118,v32822,seq,true
v27128,v47867,char,true
v27137,v26406,preq,true
v27144,v25149,ser,true
v27144,v27145,ser,true
v27145,v4747,ser,true
v27145,v27144,ser,true
v27148,v7896,set,false
v27148,v13354,set,false
v27148,v19429,set,false
v27148,v20556,set,false
v27148,v21152,set,false
v27148,v22169,alt,true
v27148,v26725,set,false
v27148,v28973,set,false
v27151,v26563,set,true
v27155,v27156,side,true
v27155,v27303,char,true
v27156,v27155,par,true
v27158,v43979,ser,true
v27158,v43980,ser,true
v27160,v29148,ser,true
v27161,v45970,preq,true
v27162,v3143,alt,true
v27164,v25847,preq,true
v27164,v27042,side,true
v27164,v27686,ser,true
v27164,v28112,seq,true
v27170,v20928,preq,true
v27170,v36706,fan,true
v27170,v36781,side,true
v27170,v36782,alt,true
v27170,v51276,seq,true
v27170,v60964,fan,true
v27173,v21638,ser,true
v27176,v33139,seq,true
v27184,v43330,char,true
v27186,v22559,preq,true
v27197,v27198,seq,true
v27197,v27202,ser,true
v27197,v27204,ser,true
v27198,v27197,preq,true
v27198,v27199,seq,true
v27199,v27198,preq,true
v27199,v27200,seq,true
v27200,v27199,preq,true
v27200,v27201,seq,true
v27201,v27200,preq,true
v27202,v27197,ser,true
v27202,v27203,seq,true
v27203,v27202,preq,true
v27204,v27197,ser,true
v27205,v27268,side,true
v27205,v27269,side,true
v27206,v27207,ser,true
v27207,v27206,ser,true
v27212,v28253,seq,true
v27212,v28855,set,true
v27212,v35956,set,false
v27212,v40052,set,false
v27212,v40320,set,false
v27212,v40422,set,false
v27215,v25710,preq,true
v27217,v27234,preq,true
v27225,v21978,preq,true
v27226,v24763,par,true
v27227,v5289,ser,true
v27227,v30184,fan,true
v27227,v31065,fan,true
v27231,v27232,par,true
v27232,v27231,side,true
v27234,v27217,seq,true
v27235,v23319,preq,true
v27236,v31138,fan,true
v27242,v19327,preq,true
v27243,v27244,seq,true
v27244,v27243,preq,true
v27244,v39340,seq,true
v27251,v27255,side,true
v27251,v27256,side,true
v27255,v27251,par,true
v27256,v27251,par,true
v27257,v27727,preq,true
v27264,v24788,preq,true
v27265,v30182,seq,true
v27268,v27205,par,true
v27269,v27205,par,true
v27273,v27274,side,true
v27273,v27754,side,true
v27274,v27273,par,true
v27282,v27666,seq,true
v27284,v30863,seq,true
v27287,v27729,alt,true
v27294,v24662,char,true
v27303,v27155,char,true
v27304,v55011,preq,true
v27307,v37640,seq,true
v27309,v55465,char,false
v27320,v48366,ser,true
v27321,v10486,set,false
v27321,v26150,char,false
v27321,v27322,ser,true
v27321,v27323,char,true
v27321,v46612,set,false
v27321,v53441,set,false
v27322,v10486,char,false
v27322,v26150,char,false
v27322,v27321,ser,true
v27322,v27323,ser,true
v27322,v46612,char,false
v27322,v53441,char,false
v27323,v10486,set,false
v27323,v26150,char,false
v27323,v27321,char,true
v27323,v27322,ser,true
v27323,v46612,set,false
v27323,v53441,set,false
v27324,v13003,char,false
v27329,v27605,ser,true
v27331,v25548,ser,true
v27332,v27350,preq,true
v27332,v47783,seq,true
v27345,v39959,ser,true
v27350,v27332,seq,true
v27354,v53281,ser,true
v27357,v24122,set,true
v27361,v23736,par,true
v27361,v28482,seq,true
v27368,v55877,seq,true
v27383,v20667,ser,true
v27383,v29780,ser,true
v27384,v26253,preq,true
v27385,v29243,ser,true
v27385,v47642,set,true
v27386,v38513,ser,true
v27389,v25127,ser,true
v27389,v30461,ser,true
v27398,v18,alt,false
v27398,v27399,seq,true
v27399,v27398,preq,true
v27404,v27405,ser,true
v27404,v27406,ser,true
v27405,v27404,ser,true
v27406,v27404,ser,true
v27407,v36,par,false
v27408,v33,char,false
v27420,v27421,ser,true
v27420,v27422,ser,true
v27420,v27423,ser,true
v27421,v27420,ser,true
v27421,v27422,ser,true
v27421,v27423,char,true
v27422,v27420,ser,true
v27422,v27421,ser,true
v27422,v27423,ser,true
v27423,v27420,ser,true
v27423,v27421,char,true
v27423,v27422,ser,true
v27425,v27432,ser,true
v27428,v27429,seq,true
v27428,v60223,fan,true
v27429,v27428,preq,true
v27432,v27425,ser,true
v27436,v20062,preq,true
v27436,v39872,seq,true
v27446,v20786,preq,true
v27449,v33205,fan,true
v27449,v53590,fan,true
v27453,v53551,seq,true
v27456,v14005,ser,true
v27458,v36831,seq,true
v27462,v20232,set,true
v27471,v30308,seq,true
v27476,v27477,preq,true
v27477,v27476,seq,true
v27477,v27479,preq,true
v27479,v27477,seq,true
v27479,v27480,preq,true
v27480,v27479,seq,true
v27480,v27481,preq,true
v27481,v27480,seq,true
v27487,v31001,ser,true
v27491,v6239,preq,true
v27492,v22697,ser,true
v27496,v29324,preq,true
v27497,v27498,side,true
v27498,v27497,par,true
v27501,v22366,preq,true
v27505,v21177,char,true
v27513,v27514,seq,true
v27513,v27515,preq,true
v27514,v27513,preq,true
v27515,v27513,seq,true
v27520,v20843,seq,true
v27521,v30591,seq,true
v27524,v27525,preq,true
v27525,v27524,seq,true
v27526,v27527,side,true
v27527,v27526,par,true
v27531,v47868,preq,true
v27531,v47869,seq,true
v27534,v16960,char,false
v27534,v58794,char,true
v27538,v21820,set,true
v27541,v7,char,false
v27548,v4,par,false
v27551,v48743,preq,true
v27557,v24623,ser,true
v27558,v28704,fan,true
v27558,v29238,fan,true
v27559,v21216,char,false
v27560,v38943,set,true
v27565,v25521,preq,true
v27565,v29663,seq,true
v27572,v20215,set,true
v27576,v21378,preq,true
v27583,v49985,ser,true
v27583,v51903,ser,true
v27583,v52425,ser,true
v27586,v27587,ser,true
v27587,v27586,ser,true
v27590,v32485,char,true
v27592,v18,char,false
v27592,v177,char,false
v27592,v184,char,false
v27592,v25243,ser,true
v27592,v53592,ser,true
v27596,v50341,preq,true
v27598,v27599,preq,true
v27599,v27598,seq,true
v27605,v27329,ser,true
v27607,v7014,ser,false
v27608,v20959,set,true
v27611,v27612,seq,true
v27612,v27611,preq,true
v27617,v18,char,false
v27618,v18,char,false
v27618,v235,set,false
v27619,v878,ser,false
v27619,v30616,char,false
v27629,v33,char,false
v27630,v36,alt,false
v27631,v1122,char,false
v27632,v33,char,false
v27632,v27633,ser,true
v27632,v27634,set,true
v27632,v27635,ser,true
v27632,v27636,ser,true
v27633,v3687,par,false
v27633,v27632,ser,true
v27633,v27634,ser,true
v27633,v27635,ser,true
v27633,v27636,ser,true
v27634,v33,par,false
v27634,v27632,set,true
v27634,v27633,ser,true
v27634,v27635,ser,true
v27634,v27636,ser,true
v27635,v184,char,false
v27635,v27632,ser,true
v27635,v27633,ser,true
v27635,v27634,ser,true
v27635,v27636,ser,true
v27636,v4693,char,false
v27636,v27632,ser,true
v27636,v27633,ser,true
v27636,v27634,ser,true
v27636,v27635,ser,true
v27638,v27110,preq,true
v27638,v31904,seq,true
v27641,v31880,seq,true
v27642,v30861,seq,true
v27649,v40744,seq,true
v27653,v23732,preq,true
v27654,v27655,seq,true
v27655,v27654,preq,true
v27655,v27656,seq,true
v27656,v27655,preq,true
v27658,v27659,set,true
v27659,v27658,set,true
v27659,v27660,set,true
v27660,v27659,set,true
v27660,v27661,set,true
v27661,v27660,set,true
v27665,v16958,preq,true
v27665,v25087,ser,true
v27666,v27282,preq,true
v27666,v27949,seq,true
v27675,v24812,orig,true
v27678,v27679,ser,true
v27679,v27678,ser,true
v27682,v1152,char,true
v27682,v1153,char,true
v27682,v1170,char,true
v27683,v24480,preq,true
v27685,v10000,seq,true
v27685,v21528,preq,true
v27685,v50008,ser,true
v27686,v25847,seq,true
v27686,v27042,side,true
v27686,v27164,ser,true
v27686,v28112,ser,true
v27691,v1195,set,true
v27693,v20880,alt,true
v27693,v27694,seq,true
v27693,v27695,ser,true
v27694,v27693,preq,true
v27695,v27693,ser,true
v27706,v25162,preq,true
v27710,v27712,side,true
v27711,v27712,side,true
v27711,v27730,side,true
v27712,v14158,par,true
v27712,v27710,par,true
v27712,v27711,par,true
v27713,v27730,side,true
v27714,v27730,side,true
v27716,v27730,side,true
v27717,v27718,seq,true
v27718,v27717,preq,true
v27719,v27726,seq,true
v27723,v24257,par,true
v27723,v27724,seq,true
v27724,v27723,preq,true
v27726,v27719,preq,true
v27727,v27257,seq,true
v27728,v14158,par,true
v27729,v27287,alt,true
v27730,v14158,par,true
v27730,v27711,par,true
v27730,v27713,par,true
v27730,v27714,par,true
v27730,v27716,par,true
v27736,v25384,preq,true
v27736,v31673,seq,true
v27744,v27745,seq,true
v27745,v27744,preq,true
v27745,v32002,seq,true
v27747,v34,seq,true
v27751,v26310,ser,true
v27751,v28345,ser,true
v27752,v28271,set,true
v27754,v27273,par,true
v27756,v25191,preq,true
v27761,v33161,ser,true
v27767,v27768,seq,true
v27768,v27767,preq,true
v27769,v42740,seq,true
v27781,v28401,fan,true
v27789,v31596,alt,true
v27792,v31044,ser,true
v27799,v26373,preq,true
v27810,v29351,seq,true
v27810,v56313,side,true
v27833,v26465,ser,true
v27833,v27988,ser,true
v27835,v26802,ser,true
v27835,v28187,ser,true
v27835,v28560,seq,true
v27836,v25114,ser,true
v27836,v28588,ser,true
v27841,v26463,ser,true
v27841,v28664,ser,true
v27842,v24915,ser,true
v27843,v27849,seq,true
v27844,v27876,side,true
v27845,v27847,side,true
v27845,v27852,ser,true
v27845,v27877,ser,true
v27846,v27848,seq,true
v27846,v27855,ser,true
v27847,v27845,par,true
v27847,v27852,ser,true
v27847,v27877,ser,true
v27848,v27846,preq,true
v27848,v27855,seq,true
v27849,v27843,preq,true
v27850,v27856,seq,true
v27850,v27874,ser,true
v27850,v27876,side,true
v27852,v27845,ser,true
v27852,v27847,ser,true
v27852,v27877,ser,true
v27855,v27846,ser,true
v27855,v27848,preq,true
v27856,v27850,preq,true
v27856,v27874,seq,true
v27856,v27876,side,true
v27858,v11849,preq,false
v27860,v49558,ser,true
v27863,v51,char,false
v27864,v28292,side,true
v27874,v27850,ser,true
v27874,v27856,preq,true
v27874,v27876,side,true
v27876,v27844,par,true
v27876,v27850,par,true
v27876,v27856,par,true
v27876,v27874,par,true
v27877,v27845,ser,true
v27877,v27847,ser,true
v27877,v27852,ser,true
v27880,v14711,orig,true
v27882,v23387,orig,true
v27883,v23387,orig,true
v27885,v2888,preq,true
v27887,v25517,preq,true
v27887,v27888,seq,true
v27888,v27887,preq,true
v27893,v54475,side,true
v27895,v27112,ser,true
v27895,v38838,ser,true
v27911,v29907,seq,true
v27913,v28809,ser,true
v27913,v29596,set,false
v27916,v60700,alt,true
v27917,v26669,orig,true
v27918,v24362,set,true
v27918,v56647,char,true
v27922,v24416,orig,true
v27922,v56672,par,true
v27923,v26587,par,true
v27924,v26665,par,true
v27927,v56647,char,true
v27927,v56673,set,true
v27927,v56707,char,true
v27927,v56736,char,true
v27931,v6794,par,true
v27935,v26431,ser,true
v27938,v26351,ser,true
v27938,v28929,ser,true
v27939,v23347,ser,true
v27948,v26273,char,true
v27949,v27666,preq,true
v27954,v25062,preq,true
v27956,v19085,ser,true
v27959,v28640,seq,true
v27960,v56290,seq,true
v27969,v29639,side,true
v27984,v29499,fan,true
v27985,v28463,char,true
v27988,v27833,ser,true
v27988,v28256,ser,true
v27990,v22506,par,true
v27991,v22506,par,true
v27992,v22506,par,true
v27993,v22508,preq,true
v27993,v27994,seq,true
v27993,v27996,side,true
v27994,v27993,preq,true
v27995,v22506,par,true
v27996,v27993,par,true
v27998,v22506,set,true
v27998,v28001,seq,true
v27999,v2969,par,true
v28000,v28020,preq,true
v28001,v27998,preq,true
v28002,v17968,preq,true
v28003,v22746,orig,true
v28006,v21457,ser,true
v28009,v37,seq,true
v28014,v26368,preq,true
v28016,v15639,set,true
v28016,v19926,char,true
v28016,v24538,set,true
v28020,v28000,seq,true
v28020,v28021,set,true
v28021,v28020,set,true
v28021,v28022,fan,true
v28021,v28023,seq,true
v28021,v28024,set,true
v28022,v28021,orig,true
v28023,v28021,preq,true
v28023,v28782,seq,true
v28024,v28021,set,true
v28031,v26053,ser,true
v28031,v44107,ser,true
v28034,v22304,set,true
v28038,v10395,alt,true
v28041,v22506,par,true
v28045,v37,orig,true
v28055,v37077,preq,true
v28057,v1187,orig,true
v28058,v1303,orig,true
v28058,v22048,orig,true
v28058,v22049,orig,true
v28063,v15469,seq,true
v28064,v47538,seq,true
v28066,v1426,set,true
v28067,v20615,orig,true
v28068,v19213,ser,true
v28077,v24108,seq,true
v28078,v24108,preq,true
v28079,v29270,set,true
v28079,v45377,seq,true
v28082,v5997,preq,true
v28084,v21143,preq,true
v28085,v34079,side,true
v28085,v34080,side,true
v28088,v21467,ser,true
v28089,v25569,preq,true
v28089,v26741,char,true
v28092,v28095,seq,true
v28095,v28092,preq,true
v28095,v32870,seq,true
v28097,v31879,preq,true
v28103,v48315,char,true
v28105,v22812,preq,true
v28109,v31616,char,true
v28109,v36707,set,true
v28112,v25847,ser,true
v28112,v27042,ser,true
v28112,v27164,preq,true
v28112,v27686,ser,true
v28114,v26210,ser,true
v28117,v26114,par,true
v28119,v24091,preq,true
v28119,v28120,seq,true
v28120,v28119,preq,true
v28120,v28121,seq,true
v28121,v28120,preq,true
v28123,v24590,preq,true
v28123,v29410,fan,true
v28123,v45030,seq,true
v28127,v5657,char,false
v28127,v7853,char,false
v28127,v11849,char,false
v28127,v21267,char,false
v28128,v20545,preq,true
v28136,v24681,set,true
v28146,v21976,preq,true
v28149,v21905,alt,false
v28150,v26791,ser,true
v28151,v24938,preq,true
v28151,v32919,seq,true
v28155,v24582,par,true
v28156,v31898,ser,true
v28157,v28975,seq,true
v28157,v30953,side,true
v28157,v35372,alt,false
v28157,v35705,seq,false
v28157,v35706,seq,false
v28157,v39249,fan,false
v28157,v48304,seq,false
v28157,v49507,set,false
v28160,v14265,par,true
v28172,v23026,preq,true
v28172,v44218,seq,true
v28173,v23026,preq,true
v28173,v44217,seq,true
v28177,v28178,seq,true
v28178,v28177,preq,true
v28187,v27835,ser,true
v28187,v28792,seq,true
v28187,v30450,ser,true
v28197,v25090,par,true
v28198,v13553,ser,true
v28200,v26346,char,false
v28200,v30755,char,false
v28200,v31883,char,false
v28200,v44838,set,true
v28201,v24328,ser,true
v28205,v44101,seq,true
v28217,v39965,ser,true
v28219,v20857,preq,true
v28223,v28225,seq,true
v28225,v28223,preq,true
v28234,v24811,char,true
v28234,v32421,char,true
v28235,v2166,alt,true
v28235,v28833,set,true
v28236,v25577,set,true
v28236,v27064,set,true
v28236,v27065,set,true
v28248,v22650,preq,true
v28253,v27212,preq,true
v28253,v51294,seq,true
v28254,v25617,preq,true
v28256,v27988,ser,true
v28258,v28260,ser,true
v28258,v32541,fan,true
v28259,v15506,set,true
v28259,v32852,set,true
v28259,v37768,seq,true
v28260,v28258,ser,true
v28260,v28261,ser,true
v28260,v45627,fan,true
v28261,v28260,ser,true
v28261,v29911,ser,true
v28261,v48552,fan,true
v28262,v18,alt,false
v28263,v13429,preq,true
v28263,v28266,seq,true
v28264,v12402,preq,true
v28266,v28263,preq,true
v28268,v22600,ser,true
v28268,v31035,ser,true
v28269,v47039,set,true
v28271,v27752,set,true
v28271,v32431,set,true
v28271,v41075,char,true
v28273,v17794,ser,true
v28274,v25039,alt,true
v28278,v2153,alt,false
v28280,v21905,alt,false
v28283,v3859,set,true
v28283,v32868,fan,true
v28283,v36131,ser,true
v28288,v39030,orig,true
v28289,v22880,par,true
v28290,v20615,orig,true
v28291,v2098,set,true
v28292,v27864,par,true
v28295,v4547,preq,true
v28295,v28296,seq,true
v28296,v28295,preq,true
v28299,v14848,ser,true
v28301,v50844,preq,true
v28302,v39137,preq,true
v28303,v4068,par,true
v28307,v94,par,true
v28315,v29031,alt,true
v28316,v10695,alt,true
v28323,v44245,fan,true
v28325,v21905,alt,false
v28326,v24470,preq,true
v28326,v40858,fan,true
v28327,v23637,ser,true
v28327,v29960,preq,true
v28327,v32669,seq,true
v28329,v24495,par,true
v28330,v24287,preq,true
v28340,v24124,alt,true
v28340,v25727,char,true
v28340,v31056,seq,true
v28342,v21528,par,true
v28343,v19494,preq,true
v28344,v5073,par,true
v28345,v27751,ser,true
v28345,v31091,char,true
v28345,v31363,set,true
v28346,v12913,orig,true
v28346,v14860,orig,true
v28346,v17852,orig,true
v28346,v20632,orig,true
v28346,v22214,orig,true
v28346,v24552,orig,true
v28346,v26593,orig,true
v28352,v39072,side,true
v28354,v23453,char,false
v28354,v36639,char,false
v28358,v21905,alt,false
v28358,v32515,alt,true
v28358,v60718,alt,false
v28358,v60730,seq,false
v28381,v28382,seq,true
v28382,v28381,preq,true
v28387,v21905,alt,false
v28387,v28389,seq,true
v28389,v21905,alt,false
v28389,v28387,preq,true
v28391,v22276,alt,true
v28394,v29447,set,true
v28395,v19280,set,false
v28395,v20155,set,true
v28395,v20156,set,true
v28396,v28399,ser,true
v28399,v28396,ser,true
v28399,v31487,ser,true
v28401,v27781,orig,true
v28402,v16720,ser,true
v28404,v7376,ser,true
v28408,v59826,seq,true
v28409,v35456,seq,true
v28420,v33668,char,true
v28422,v26082,char,true
v28422,v28454,char,true
v28433,v26406,ser,true
v28433,v32124,ser,true
v28440,v21375,par,true
v28445,v32950,set,true
v28449,v25320,seq,true
v28450,v28454,preq,true
v28452,v38024,preq,true
v28454,v26082,char,true
v28454,v28422,char,true
v28454,v28450,seq,true
v28455,v37,orig,true
v28462,v25774,preq,true
v28463,v27985,char,true
v28465,v21017,set,true
v28469,v28470,fan,true
v28470,v28469,orig,true
v28474,v26079,seq,true
v28482,v23736,par,true
v28482,v27361,preq,true
v28482,v28483,seq,true
v28483,v23736,par,true
v28483,v28482,preq,true
v28501,v42048,set,true
v28504,v26008,ser,true
v28512,v26772,preq,true
v28513,v19735,set,true
v28516,v16925,set,true
v28516,v29638,seq,true
v28516,v46650,set,true
v28518,v24855,ser,true
v28519,v26631,preq,true
v28519,v30725,seq,true
v28520,v47069,seq,true
v28529,v17982,preq,false
v28529,v23699,alt,true
v28530,v34444,set,true
v28530,v44226,char,true
v28533,v22703,preq,true
v28533,v29120,seq,true
v28537,v23744,preq,true
v28538,v21465,orig,true
v28545,v24315,set,true
v28546,v22991,char,false
v28546,v29995,alt,true
v28547,v35287,seq,true
v28550,v22867,preq,true
v28550,v28660,side,true
v28552,v33412,fan,true
v28556,v21905,alt,false
v28558,v44234,seq,true
v28559,v26675,ser,true
v28559,v31117,ser,true
v28560,v27835,preq,true
v28560,v29129,seq,true
v28562,v31432,char,true
v28562,v47552,char,true
v28571,v26246,preq,true
v28575,v25361,ser,true
v28575,v30717,alt,true
v28579,v28887,ser,true
v28581,v3126,alt,false
v28582,v18307,ser,true
v28587,v43223,set,true
v28588,v27836,ser,true
v28601,v28828,seq,true
v28607,v28740,seq,true
v28609,v25245,set,true
v28609,v28927,seq,true
v28615,v20539,ser,true
v28617,v23052,preq,true
v28617,v53936,seq,true
v28617,v55463,side,true
v28621,v30173,seq,true
v28625,v25407,char,true
v28633,v25366,set,true
v28633,v30238,fan,true
v28633,v30239,fan,true
v28633,v32811,set,true
v28634,v30029,fan,true
v28634,v30649,seq,true
v28638,v19584,set,true
v28640,v27959,preq,true
v28640,v29368,seq,true
v28645,v24714,ser,true
v28650,v21803,seq,true
v28650,v49041,char,true
v28651,v27027,preq,true
v28652,v7,char,false
v28659,v43692,set,true
v28659,v55417,set,true
v28660,v22867,par,true
v28660,v28550,par,true
v28661,v7019,char,false
v28661,v23722,char,false
v28664,v26463,ser,true
v28664,v27841,ser,true
v28666,v33099,seq,true
v28669,v12392,par,true
v28671,v16168,ser,true
v28678,v25441,ser,true
v28680,v28681,ser,true
v28681,v28680,ser,true
v28682,v17915,char,false
v28683,v21964,set,true
v28685,v19647,preq,true
v28688,v24718,preq,true
v28700,v12572,alt,true
v28704,v27558,orig,true
v28707,v28720,side,true
v28709,v19893,set,true
v28709,v22916,set,true
v28712,v21465,seq,true
v28712,v31177,fan,true
v28712,v31178,fan,true
v28712,v47880,seq,true
v28712,v55293,fan,true
v28716,v15469,char,true
v28716,v18168,char,true
v28716,v52908,char,true
v28720,v28707,par,true
v28730,v21047,preq,true
v28730,v33370,char,false
v28731,v22713,alt,true
v28731,v49143,alt,true
v28740,v28607,preq,true
v28741,v49895,char,true
v28742,v22703,ser,true
v28744,v28785,char,true
v28744,v28853,char,true
v28750,v2899,ser,true
v28750,v47322,seq,true
v28752,v4,par,false
v28754,v15724,seq,true
v28760,v50829,seq,true
v28764,v34719,seq,true
v28766,v14372,preq,true
v28766,v35601,alt,true
v28768,v4545,ser,true
v28768,v30875,seq,true
v28768,v49688,preq,true
v28771,v51,alt,false
v28772,v33,par,false
v28773,v36,par,false
v28774,v22558,preq,true
v28774,v28775,seq,true
v28774,v28776,seq,true
v28775,v28774,preq,true
v28775,v28776,seq,true
v28776,v28774,preq,true
v28776,v28775,preq,true
v28776,v28777,seq,true
v28777,v28776,preq,true
v28777,v28778,seq,true
v28778,v22557,preq,true
v28778,v28777,preq,true
v28778,v28779,seq,true
v28779,v22558,preq,true
v28779,v28778,preq,true
v28779,v28780,seq,true
v28780,v28779,preq,true
v28780,v28781,seq,true
v28781,v28780,preq,true
v28781,v36152,par,true
v28782,v28023,preq,true
v28785,v28744,char,true
v28785,v28853,alt,true
v28789,v36,seq,false
v28790,v15775,set,false
v28792,v28187,preq,true
v28792,v29378,seq,true
v28799,v32158,ser,true
v28801,v20857,seq,true
v28801,v25309,side,true
v28801,v49557,preq,true
v28802,v1272,alt,true
v28804,v25263,preq,true
v28806,v3246,alt,true
v28809,v27913,ser,true
v28809,v29596,set,false
v28810,v17113,ser,true
v28810,v53129,alt,true
v28820,v39022,char,true
v28822,v47695,ser,true
v28822,v47697,ser,true
v28825,v26765,orig,true
v28826,v32951,char,true
v28828,v28601,preq,true
v28828,v29579,seq,true
v28833,v28235,set,true
v28835,v23516,ser,true
v28839,v25401,char,true
v28839,v25403,char,true
v28839,v30169,seq,true
v28840,v7602,char,false
v28840,v12369,char,false
v28841,v14239,char,false
v28847,v28848,ser,true
v28847,v28849,ser,true
v28848,v28847,ser,true
v28848,v53868,ser,true
v28849,v28847,ser,true
v28850,v28851,seq,true
v28851,v28850,preq,true
v28853,v28744,char,true
v28853,v28785,alt,true
v28855,v27212,set,true
v28855,v51020,seq,true
v28856,v10534,orig,true
v28861,v38171,seq,true
v28868,v48392,seq,true
v28871,v25884,set,true
v28871,v31740,set,true
v28874,v4504,orig,true
v28875,v4414,preq,true
v28875,v51465,seq,true
v28881,v26765,orig,true
v28883,v21316,char,true
v28884,v30230,seq,true
v28887,v28579,ser,true
v28889,v22722,preq,true
v28889,v25535,seq,true
v28890,v20369,par,true
v28893,v87,orig,true
v28895,v1132,char,false
v28896,v180,orig,true
v28899,v44019,seq,true
v28900,v30882,char,true
v28901,v45125,char,true
v28904,v18882,orig,true
v28913,v28914,seq,true
v28914,v28913,preq,true
v28914,v30618,seq,true
v28915,v19654,set,true
v28917,v254,orig,true
v28921,v22739,ser,true
v28922,v50669,seq,true
v28927,v28609,preq,true
v28929,v27938,ser,true
v28929,v32177,ser,true
v28934,v21825,set,true
v28935,v26222,ser,true
v28939,v26602,char,true
v28943,v48269,preq,true
v28946,v33188,seq,true
v28948,v31057,seq,true
v28951,v33927,preq,true
v28951,v51949,seq,true
v28952,v26728,par,true
v28953,v4414,par,true
v28953,v4510,par,true
v28953,v8507,char,true
v28955,v29429,ser,true
v28959,v31864,preq,true
v28963,v19755,char,true
v28963,v24540,char,true
v28966,v61203,seq,true
v28968,v26222,ser,true
v28968,v28969,ser,true
v28969,v28968,ser,true
v28973,v7896,set,false
v28973,v13354,set,false
v28973,v19429,set,false
v28973,v20556,set,false
v28973,v21152,set,false
v28973,v22169,set,false
v28973,v26725,set,false
v28973,v27148,set,false
v28975,v28157,preq,true
v28978,v194,orig,true
v28983,v18157,seq,false
v28983,v36843,char,true
v28983,v38023,char,true
v28983,v46943,char,false
v28983,v47932,char,true
v28983,v52103,char,false
v28983,v52548,preq,false
v28985,v26180,preq,true
v28985,v29759,fan,true
v28985,v32132,seq,true
v28987,v34724,char,false
v28988,v18384,par,true
v28995,v5127,orig,true
v29004,v1091,char,false
v29004,v7395,alt,false
v29004,v29016,preq,true
v29006,v1717,char,true
v29006,v29733,ser,true
v29006,v50680,char,true
v29010,v49655,alt,true
v29016,v731,char,false
v29016,v1091,char,false
v29016,v7396,char,false
v29016,v29004,seq,true
v29017,v26234,preq,true
v29025,v33316,seq,true
v29030,v47339,fan,true
v29030,v54649,set,true
v29031,v28315,alt,true
v29033,v29034,ser,true
v29034,v29033,ser,true
v29034,v29035,ser,true
v29035,v29034,ser,true
v29036,v29037,side,true
v29037,v29036,par,true
v29040,v29041,seq,true
v29041,v29040,preq,true
v29044,v19957,ser,true
v29044,v21194,ser,true
v29047,v38501,fan,true
v29048,v23181,char,true
v29049,v31160,seq,true
v29049,v42398,ser,false
v29050,v29051,ser,true
v29051,v26637,ser,true
v29051,v29050,ser,true
v29052,v24619,ser,true
v29052,v61200,ser,true
v29054,v35476,seq,true
v29057,v32165,side,true
v29058,v25303,ser,true
v29058,v25311,ser,true
v29062,v36674,seq,true
v29066,v24351,orig,true
v29067,v19470,char,true
v29067,v22190,ser,true
v29067,v22205,preq,true
v29067,v32155,char,true
v29067,v46113,set,true
v29067,v46150,char,true
v29067,v46151,fan,true
v29067,v46152,fan,true
v29067,v47806,fan,true
v29067,v49221,seq,true
v29075,v29768,char,true
v29075,v29966,seq,true
v29081,v29453,ser,true
v29081,v33354,ser,true
v29087,v30189,set,true
v29087,v51609,seq,true
v29088,v29150,seq,true
v29098,v14922,ser,true
v29112,v29113,set,true
v29112,v29114,set,true
v29113,v29112,set,true
v29113,v29114,alt,true
v29114,v29112,set,true
v29114,v29113,alt,true
v29117,v13545,par,true
v29117,v22235,par,true
v29119,v23770,par,true
v29120,v28533,preq,true
v29123,v25430,preq,true
v29123,v32722,seq,true
v29125,v18242,char,true
v29126,v31682,seq,false
v29129,v28560,preq,true
v29139,v31488,char,true
v29147,v31754,ser,true
v29148,v27160,ser,true
v29150,v29088,preq,true
v29156,v18706,alt,true
v29170,v26338,char,true
v29170,v47003,seq,true
v29176,v21754,preq,true
v29182,v35072,seq,true
v29186,v31394,ser,true
v29188,v24409,set,true
v29189,v33601,ser,true
v29195,v34410,ser,true
v29196,v40461,ser,true
v29207,v61798,par,true
v29209,v16897,par,true
v29233,v29293,seq,true
v29234,v1187,orig,true
v29236,v23347,preq,true
v29238,v27558,orig,true
v29240,v29248,seq,true
v29243,v27385,ser,true
v29243,v29881,ser,true
v29245,v29253,preq,true
v29247,v35826,set,true
v29248,v29240,preq,true
v29248,v29250,seq,true
v29249,v25441,preq,true
v29250,v29248,preq,true
v29251,v29775,char,false
v29251,v37616,alt,true
v29252,v1055,par,true
v29252,v1056,par,true
v29253,v29245,seq,true
v29257,v29258,seq,true
v29258,v29257,preq,true
v29267,v22606,char,false
v29267,v26346,char,true
v29267,v30755,char,false
v29268,v61815,ser,true
v29269,v21905,alt,false
v29270,v28079,set,true
v29271,v29272,seq,true
v29271,v30137,set,true
v29271,v33799,alt,true
v29272,v29271,preq,true
v29272,v29348,seq,true
v29273,v2153,set,false
v29276,v23437,preq,true
v29276,v51834,seq,true
v29279,v29286,preq,true
v29279,v34726,seq,true
v29286,v29279,seq,true
v29288,v23728,set,true
v29293,v29233,preq,true
v29296,v22126,preq,true
v29296,v43132,seq,true
v29300,v30647,preq,true
v29300,v33721,fan,true
v29303,v25570,par,true
v29311,v24816,preq,true
v29312,v324,par,true
v29313,v324,par,true
v29314,v26531,ser,true
v29314,v32174,ser,true
v29317,v44753,ser,true
v29317,v58605,side,true
v29319,v746,ser,true
v29319,v53694,alt,true
v29320,v746,ser,true
v29321,v746,ser,true
v29322,v488,alt,true
v29324,v27496,seq,true
v29325,v32497,set,true
v29335,v32526,alt,true
v29337,v24064,alt,false
v29342,v31046,alt,true
v29344,v26300,par,true
v29344,v42345,preq,true
v29345,v44358,side,true
v29345,v51915,seq,true
v29348,v29272,preq,true
v29351,v27810,preq,true
v29355,v21756,side,true
v29355,v22319,fan,true
v29355,v29356,char,true
v29356,v29355,char,true
v29357,v18457,char,false
v29360,v22163,par,true
v29364,v36183,seq,true
v29368,v28640,preq,true
v29370,v19822,preq,true
v29370,v62154,seq,true
v29378,v28792,preq,true
v29378,v30342,seq,true
v29379,v29380,seq,true
v29380,v29379,preq,true
v29389,v21905,alt,false
v29398,v52420,seq,true
v29400,v62131,seq,true
v29405,v32276,ser,true
v29406,v31574,set,true
v29410,v28123,orig,true
v29411,v44227,seq,true
v29412,v32930,side,true
v29412,v33647,seq,true
v29418,v26794,preq,true
v29425,v29426,preq,true
v29426,v29425,seq,true
v29429,v28955,ser,true
v29430,v24540,char,true
v29430,v32197,char,true
v29432,v34737,char,false
v29433,v29493,char,true
v29440,v30914,char,true
v29443,v50789,seq,false
v29446,v34764,char,true
v29447,v28394,set,true
v29450,v29451,seq,true
v29451,v29450,preq,true
v29453,v29081,ser,true
v29459,v20552,alt,true
v29462,v24655,set,true
v29465,v18413,preq,true
v29468,v41650,seq,true
v29473,v9409,orig,true
v29474,v9409,orig,true
v29475,v9409,orig,true
v29476,v32448,seq,true
v29476,v43151,seq,true
v29482,v26310,set,true
v29482,v31090,seq,true
v29484,v43537,char,true
v29493,v29433,char,true
v29497,v47819,ser,true
v29498,v25815,ser,true
v29498,v40029,ser,true
v29499,v27984,orig,true
v29503,v29536,set,true
v29512,v4389,ser,true
v29514,v31781,char,true
v29516,v26302,preq,true
v29525,v26367,par,true
v29526,v26367,char,true
v29526,v30674,char,true
v29526,v51788,char,true
v29528,v24559,preq,true
v29528,v59028,seq,true
v29536,v29503,set,true
v29539,v32504,char,true
v29540,v22633,preq,true
v29544,v29545,seq,true
v29545,v29544,preq,true
v29551,v29717,seq,true
v29557,v33787,preq,true
v29568,v57441,seq,true
v29575,v29576,seq,true
v29576,v29575,preq,true
v29579,v28828,preq,true
v29580,v7747,char,false
v29580,v16190,char,false
v29580,v18712,char,false
v29588,v23423,preq,true
v29588,v35620,seq,true
v29596,v27913,set,false
v29596,v28809,set,false
v29598,v22506,set,true
v29598,v57136,ser,true
v29605,v29608,char,true
v29607,v53497,seq,true
v29608,v29605,char,true
v29618,v23571,preq,true
v29619,v20123,ser,true
v29626,v46563,ser,true
v29638,v28516,preq,true
v29638,v39936,seq,true
v29639,v27969,par,true
v29651,v39822,seq,true
v29652,v29653,preq,true
v29653,v29652,seq,true
v29654,v25151,set,true
v29655,v21905,alt,false
v29655,v51022,alt,true
v29658,v37458,ser,true
v29658,v37461,ser,true
v29661,v38067,fan,true
v29663,v27565,preq,true
v29663,v49516,seq,true
v29667,v33054,fan,true
v29667,v33545,fan,true
v29668,v5390,par,true
v29668,v29669,seq,true
v29669,v5390,par,true
v29669,v29668,preq,true
v29669,v29670,seq,true
v29670,v5390,par,true
v29670,v29669,preq,true
v29682,v32150,char,true
v29682,v50136,set,true
v29682,v57298,alt,true
v29688,v35059,side,true
v29705,v46399,alt,true
v29708,v19,orig,true
v29712,v25162,ser,true
v29717,v29551,preq,true
v29717,v34014,set,true
v29718,v37944,seq,true
v29719,v25937,orig,true
v29721,v26101,alt,true
v29724,v26523,preq,true
v29726,v34824,seq,true
v29733,v1717,char,true
v29733,v29006,ser,true
v29733,v30209,ser,true
v29733,v46106,seq,true
v29750,v34555,side,true
v29759,v28985,orig,true
v29760,v26022,ser,true
v29761,v49954,ser,true
v29763,v29764,seq,true
v29764,v29763,preq,true
v29764,v29767,char,true
v29767,v29764,char,true
v29768,v24155,char,true
v29768,v29075,char,true
v29768,v29966,char,true
v29771,v36766,ser,true
v29774,v24475,char,true
v29774,v26367,set,true
v29774,v51788,set,true
v29775,v29251,char,false
v29780,v27383,ser,true
v29781,v26937,set,true
v29781,v35348,seq,true
v29786,v29787,set,true
v29787,v29786,set,true
v29791,v48749,set,false
v29800,v48904,seq,true
v29805,v22207,preq,true
v29807,v25832,set,true
v29807,v51846,set,true
v29807,v55385,set,true
v29808,v32979,set,true
v29816,v29817,preq,true
v29816,v29818,seq,true
v29817,v29816,seq,true
v29818,v29816,preq,true
v29819,v29821,preq,true
v29821,v29819,seq,true
v29825,v13002,preq,true
v29825,v31214,ser,true
v29834,v26316,ser,true
v29835,v13001,ser,true
v29837,v25768,seq,true
v29838,v25767,set,true
v29842,v2047,par,true
v29849,v9953,char,true
v29857,v59087,seq,true
v29859,v24701,char,true
v29860,v29875,seq,true
v29860,v29880,seq,true
v29860,v36003,ser,true
v29865,v25124,ser,true
v29865,v50073,fan,true
v29871,v25197,preq,true
v29872,v20418,preq,true
v29875,v29860,preq,true
v29875,v29879,seq,true
v29879,v29875,preq,true
v29880,v29860,preq,true
v29881,v29243,ser,true
v29881,v32677,preq,true
v29881,v38271,seq,true
v29882,v21266,preq,true
v29884,v43448,seq,true
v29889,v33688,fan,false
v29889,v33904,seq,true
v29889,v42382,alt,true
v29891,v22975,preq,true
v29891,v36001,seq,true
v29896,v33923,ser,true
v29903,v30180,seq,true
v29905,v18449,ser,true
v29905,v55197,seq,true
v29907,v27911,preq,true
v29907,v46928,seq,true
v29909,v21529,set,true
v29909,v38511,set,true
v29911,v28261,ser,true
v29911,v30231,ser,true
v29913,v717,preq,false
v29913,v30950,ser,true
v29913,v32161,side,false
v29920,v22633,orig,true
v29920,v50786,fan,true
v29922,v26416,preq,true
v29930,v22186,ser,true
v29932,v9196,set,true
v29932,v24209,set,true
v29934,v35799,ser,true
v29936,v25942,preq,true
v29939,v32170,seq,true
v29940,v22728,preq,false
v29941,v34072,side,true
v29941,v46778,char,false
v29941,v54909,side,true
v29941,v55510,alt,true
v29945,v25422,orig,true
v29946,v25422,orig,true
v29947,v25422,orig,true
v29951,v4,par,false
v29954,v888,alt,true
v29954,v1427,char,true
v29958,v32745,char,true
v29959,v6029,orig,true
v29959,v8172,orig,true
v29959,v8173,orig,true
v29960,v23637,alt,true
v29960,v28327,seq,true
v29965,v32159,alt,true
v29966,v29075,preq,true
v29966,v29768,char,true
v29970,v33133,ser,true
v29971,v22997,set,true
v29971,v29972,side,true
v29971,v29974,ser,true
v29971,v29984,set,true
v29971,v29986,set,true
v29971,v29987,char,true
v29971,v29988,set,true
v29972,v29971,par,true
v29974,v29971,ser,true
v29974,v29977,ser,true
v29974,v29992,char,true
v29977,v11,char,false
v29977,v29974,ser,true
v29983,v19120,seq,true
v29984,v29971,set,true
v29986,v22997,char,true
v29986,v29971,set,true
v29987,v29971,char,true
v29988,v29971,set,true
v29990,v23408,ser,true
v29990,v29999,ser,true
v29992,v17716,seq,true
v29992,v29974,char,true
v29995,v19890,alt,true
v29995,v28546,alt,true
v29999,v29990,ser,true
v29999,v30000,ser,true
v30000,v29999,ser,true
v30012,v15744,ser,true
v30029,v28634,orig,true
v30032,v43545,side,true
v30032,v50355,alt,true
v30041,v36041,ser,true
v30044,v12868,seq,true
v30045,v30046,char,true
v30046,v30045,char,true
v30077,v25936,preq,true
v30078,v54886,ser,true
v30079,v44588,set,true
v30082,v9480,seq,true
v30115,v30116,preq,true
v30115,v37410,seq,true
v30116,v30115,seq,true
v30127,v60690,seq,true
v30131,v20996,preq,true
v30132,v11,ser,false
v30132,v21739,char,false
v30137,v29271,set,true
v30141,v20545,char,true
v30141,v21491,char,true
v30141,v23465,char,true
v30143,v20918,preq,true
v30145,v41854,char,false
v30145,v41855,char,false
v30145,v45394,char,false
v30153,v716,preq,false
v30154,v15496,char,true
v30162,v22741,orig,true
v30166,v24590,char,true
v30166,v32749,fan,true
v30167,v46229,par,true
v30168,v60217,side,true
v30169,v28839,preq,true
v30169,v36154,seq,true
v30173,v28621,preq,true
v30179,v26114,preq,true
v30180,v29903,preq,true
v30182,v27265,preq,true
v30183,v32934,set,true
v30184,v27227,orig,true
v30185,v19463,ser,true
v30186,v34101,ser,true
v30188,v19755,char,true
v30188,v25921,char,true
v30189,v29087,set,true
v30189,v51386,set,true
v30189,v51609,seq,true
v30191,v25727,par,true
v30193,v50354,char,false
v30194,v41792,set,true
v30197,v50223,side,true
v30202,v37929,set,true
v30202,v47162,seq,true
v30203,v25951,set,true
v30208,v33949,preq,true
v30209,v1717,char,true
v30209,v29733,ser,true
v30209,v50680,char,true
v30213,v24620,ser,true
v30214,v24618,ser,true
v30215,v47553,ser,true
v30216,v28,char,true
v30216,v25725,preq,true
v30221,v59854,ser,true
v30222,v16481,set,true
v30222,v19859,char,true
v30228,v26581,preq,true
v30228,v41339,seq,true
v30229,v53630,seq,true
v30229,v53632,side,true
v30230,v28884,preq,true
v30230,v32755,seq,true
v30231,v29911,ser,true
v30231,v30250,ser,true
v30232,v30233,ser,true
v30233,v30232,ser,true
v30233,v30234,ser,true
v30234,v30233,ser,true
v30235,v32706,seq,true
v30235,v59023,ser,true
v30238,v28633,orig,true
v30239,v28633,orig,true
v30242,v53475,set,true
v30244,v40615,alt,true
v30247,v30252,char,true
v30249,v30251,ser,true
v30250,v30231,ser,true
v30251,v30249,ser,true
v30251,v30252,ser,true
v30252,v30247,char,true
v30252,v30251,ser,true
v30259,v12017,preq,true
v30272,v11459,ser,true
v30272,v30273,seq,true
v30272,v53211,char,false
v30273,v30272,preq,true
v30273,v53211,char,false
v30280,v26912,char,false
v30280,v32396,char,false
v30280,v45167,alt,false
v30283,v30285,char,true
v30285,v30283,char,true
v30289,v34190,char,true
v30289,v43068,set,false
v30302,v42851,seq,true
v30302,v61609,side,true
v30304,v32218,seq,true
v30308,v27471,preq,true
v30308,v61875,side,true
v30309,v30310,ser,true
v30310,v30309,ser,true
v30318,v8580,ser,true
v30320,v34019,seq,true
v30333,v26797,preq,true
v30335,v53102,char,false
v30340,v43056,side,false
v30342,v29378,preq,true
v30342,v33725,seq,true
v30346,v45879,ser,true
v30346,v50648,ser,true
v30350,v24939,preq,true
v30352,v57083,seq,true
v30354,v51707,preq,true
v30364,v16320,char,true
v30364,v16395,char,true
v30364,v43330,char,true
v30367,v30368,side,true
v30368,v30367,par,true
v30373,v24483,seq,true
v30382,v25521,seq,true
v30382,v49516,char,true
v30383,v9935,set,true
v30383,v34991,ser,true
v30385,v55861,preq,true
v30406,v25924,char,true
v30412,v4463,preq,true
v30414,v30492,seq,true
v30417,v25724,alt,true
v30422,v18334,char,false
v30423,v22205,alt,true
v30423,v46150,char,true
v30423,v46154,fan,true
v30423,v46156,fan,true
v30423,v46158,fan,true
v30429,v30430,set,true
v30430,v30429,set,true
v30432,v25491,preq,true
v30441,v30442,seq,true
v30442,v30441,preq,true
v30445,v43323,ser,true
v30450,v28187,ser,true
v30450,v31635,seq,true
v30450,v33314,ser,true
v30456,v21552,set,true
v30456,v33715,fan,true
v30456,v34532,fan,true
v30459,v62331,seq,true
v30461,v27389,ser,true
v30469,v299,par,true
v30479,v46923,alt,true
v30484,v41982,seq,true
v30485,v25920,preq,true
v30486,v30488,seq,true
v30488,v30486,preq,true
v30488,v30489,seq,true
v30489,v30488,preq,true
v30492,v30414,preq,true
v30505,v18774,par,true
v30511,v19755,par,true
v30512,v20733,preq,true
v30516,v38150,seq,true
v30529,v25114,preq,true
v30534,v37989,alt,true
v30538,v24055,char,true
v30541,v15806,alt,true
v30547,v21442,preq,true
v30554,v18567,char,true
v30554,v20167,char,true
v30554,v35794,preq,true
v30554,v43492,char,true
v30556,v51665,char,true
v30558,v26407,preq,true
v30558,v44848,seq,true
v30567,v30568,seq,true
v30568,v30567,preq,true
v30568,v31879,seq,true
v30571,v30784,seq,true
v30588,v49121,alt,false
v30588,v54242,alt,false
v30591,v27521,preq,true
v30595,v32992,seq,true
v30597,v26751,ser,true
v30601,v30602,ser,true
v30602,v30601,ser,true
v30616,v18,alt,true
v30616,v446,char,true
v30616,v5698,char,false
v30616,v27619,char,false
v30618,v28914,preq,true
v30626,v26969,alt,true
v30627,v34808,char,true
v30632,v31156,seq,true
v30632,v32538,seq,true
v30632,v32539,seq,true
v30632,v33352,seq,true
v30632,v33353,seq,true
v30637,v38087,char,true
v30647,v29300,seq,true
v30648,v8102,alt,true
v30649,v28634,preq,true
v30649,v37055,seq,true
v30662,v40627,seq,true
v30674,v24475,char,true
v30674,v29526,char,true
v30674,v51788,set,true
v30674,v53353,seq,true
v30676,v37524,alt,true
v30680,v30682,seq,true
v30682,v30680,preq,true
v30683,v1161,preq,true
v30683,v6321,seq,true
v30685,v33994,ser,true
v30685,v40638,ser,true
v30685,v40640,ser,true
v30685,v40641,ser,true
v30687,v32187,ser,true
v30687,v32202,side,true
v30695,v21301,preq,true
v30698,v21407,set,true
v30707,v36570,seq,true
v30710,v11625,set,true
v30713,v6284,alt,true
v30715,v22175,ser,true
v30715,v34926,char,true
v30717,v28575,alt,true
v30719,v39823,seq,true
v30721,v32143,seq,true
v30723,v33585,seq,true
v30724,v1337,ser,true
v30725,v28519,preq,true
v30726,v24110,preq,true
v30726,v60196,seq,true
v30735,v31899,ser,true
v30741,v41536,ser,true
v30746,v38084,seq,true
v30748,v23725,par,true
v30755,v28200,char,false
v30755,v29267,char,false
v30758,v31857,char,true
v30758,v43494,preq,true
v30758,v60707,char,true
v30760,v26367,preq,true
v30761,v36826,ser,true
v30769,v30770,ser,true
v30769,v30774,preq,true
v30770,v30769,ser,true
v30770,v30772,ser,true
v30771,v36175,ser,true
v30772,v15227,seq,true
v30772,v30770,ser,true
v30774,v30769,seq,true
v30774,v30775,preq,true
v30775,v30774,seq,true
v30777,v19035,par,true
v30779,v25432,set,false
v30779,v30780,preq,true
v30779,v31345,seq,true
v30779,v42060,alt,true
v30780,v30779,seq,true
v30782,v30783,seq,true
v30783,v30782,preq,true
v30784,v30571,preq,true
v30793,v24689,orig,true
v30794,v24944,alt,true
v30803,v21136,preq,true
v30805,v31341,seq,true
v30806,v17120,preq,true
v30807,v35279,preq,true
v30812,v15538,ser,true
v30813,v54841,fan,true
v30814,v34659,seq,true
v30814,v42720,char,true
v30815,v30816,preq,true
v30815,v60696,char,true
v30816,v30815,seq,true
v30824,v67,alt,false
v30825,v32831,seq,true
v30825,v37251,char,true
v30825,v54215,fan,true
v30830,v16136,ser,true
v30831,v37638,seq,true
v30832,v30833,ser,true
v30832,v38113,seq,true
v30833,v30832,ser,true
v30833,v30834,ser,true
v30834,v30833,ser,true
v30834,v37212,ser,true
v30835,v21620,orig,true
v30840,v21721,par,true
v30858,v31467,set,true
v30861,v27642,preq,true
v30863,v27284,preq,true
v30867,v55071,alt,true
v30868,v14237,char,true
v30875,v28768,preq,true
v30877,v26624,char,true
v30877,v38891,char,true
v30879,v33282,seq,true
v30882,v28900,char,true
v30885,v3701,preq,true
v30885,v30886,alt,true
v30886,v3701,char,true
v30886,v30885,alt,true
v30898,v30899,ser,true
v30898,v30900,ser,true
v30898,v52595,ser,true
v30899,v30898,ser,true
v30899,v30900,ser,true
v30899,v52595,ser,true
v30900,v30898,ser,true
v30900,v30899,ser,true
v30905,v31809,ser,true
v30905,v32019,ser,true
v30910,v25691,preq,true
v30914,v26741,set,true
v30914,v29440,char,true
v30920,v42433,fan,true
v30921,v13929,char,false
v30923,v2632,par,false
v30927,v53388,set,true
v30941,v19370,preq,true
v30946,v16320,char,true
v30946,v19470,char,true
v30946,v22190,char,true
v30946,v46159,char,true
v30949,v19630,preq,true
v30950,v1719,seq,false
v30950,v29913,ser,true
v30953,v28157,par,true
v30954,v19841,preq,true
v30956,v30957,preq,true
v30957,v22214,alt,true
v30957,v30956,seq,true
v30969,v19133,set,true
v30969,v32920,seq,true
v30982,v34898,side,true
v30986,v40171,seq,true
v30989,v34724,char,false
v30992,v18157,preq,true
v30998,v36749,ser,true
v31000,v15941,ser,true
v31000,v20336,char,false
v31001,v27487,ser,true
v31002,v26989,ser,true
v31002,v44098,ser,true
v31005,v43160,ser,true
v31007,v44203,seq,true
v31012,v31013,par,true
v31013,v31012,side,true
v31013,v32217,set,true
v31021,v50253,seq,true
v31023,v22588,preq,true
v31024,v22588,orig,true
v31028,v26134,seq,true
v31030,v33,alt,false
v31035,v28268,ser,true
v31035,v34544,ser,true
v31037,v24825,ser,true
v31040,v15662,preq,true
v31044,v27792,ser,true
v31046,v29342,alt,true
v31050,v43149,side,true
v31055,v22899,char,true
v31055,v23741,preq,true
v31056,v25727,char,true
v31056,v28340,preq,true
v31057,v28948,preq,true
v31058,v31071,set,true
v31060,v32307,fan,true
v31060,v34664,char,true
v31065,v27227,orig,true
v31070,v53680,seq,true
v31071,v31058,set,true
v31078,v2002,par,true
v31085,v17099,ser,true
v31090,v29482,preq,true
v31090,v31091,seq,true
v31091,v28345,char,true
v31091,v31090,preq,true
v31095,v46967,seq,true
v31096,v31097,seq,true
v31097,v31096,preq,true
v31099,v24196,preq,true
v31099,v57529,side,true
v31101,v33408,seq,true
v31104,v4545,ser,true
v31104,v49687,ser,true
v31115,v23753,ser,true
v31117,v28559,ser,true
v31117,v38046,ser,true
v31123,v20996,set,true
v31125,v25999,set,true
v31138,v27236,orig,true
v31150,v23883,ser,true
v31154,v24812,preq,true
v31155,v32316,seq,true
v31156,v30632,preq,true
v31157,v67,par,true
v31157,v68,par,true
v31157,v42278,side,true
v31160,v29049,preq,true
v31166,v33435,side,true
v31171,v25563,preq,false
v31174,v59591,alt,true
v31177,v28712,orig,true
v31178,v28712,orig,true
v31179,v26772,orig,true
v31180,v25151,preq,true
v31186,v22315,preq,true
v31190,v31191,ser,true
v31190,v31192,ser,true
v31190,v31193,ser,true
v31190,v31194,ser,true
v31191,v31190,ser,true
v31191,v31192,ser,true
v31191,v31193,ser,true
v31191,v31194,ser,true
v31192,v31190,ser,true
v31192,v31191,ser,true
v31192,v31193,ser,true
v31192,v31194,ser,true
v31193,v31190,ser,true
v31193,v31191,ser,true
v31193,v31192,ser,true
v31193,v31194,ser,true
v31194,v31190,ser,true
v31194,v31191,ser,true
v31194,v31192,ser,true
v31194,v31193,ser,true
v31205,v33430,set,true
v31206,v31227,seq,true
v31208,v24631,par,true
v31211,v23312,par,true
v31214,v2097,char,false
v31214,v13002,char,true
v31214,v29825,ser,true
v31216,v61611,alt,false
v31217,v33668,char,true
v31227,v31206,preq,true
v31232,v31235,alt,true
v31235,v31232,alt,true
v31244,v31246,ser,true
v31246,v31244,ser,true
v31247,v24483,preq,false
v31252,v41575,seq,true
v31256,v1920,char,false
v31256,v17440,char,false
v31257,v31258,seq,true
v31258,v31257,preq,true
v31259,v31378,char,true
v31266,v45110,seq,true
v31270,v15654,ser,true
v31271,v15654,preq,true
v31272,v19391,set,true
v31272,v26530,set,true
v31275,v22091,preq,true
v31276,v17745,ser,true
v31276,v24933,seq,true
v31281,v11029,preq,false
v31282,v24535,par,true
v31283,v48903,preq,true
v31283,v53059,seq,true
v31284,v33305,fan,true
v31294,v4890,ser,true
v31305,v24,char,false
v31305,v711,set,false
v31317,v26749,set,true
v31323,v38174,ser,true
v31324,v711,alt,false
v31324,v1560,char,false
v31329,v23180,preq,true
v31332,v10899,preq,false
v31335,v45913,seq,true
v31336,v23157,ser,true
v31336,v44707,ser,true
v31338,v31339,set,true
v31339,v31338,set,true
v31341,v30805,preq,true
v31344,v22531,preq,true
v31345,v30779,preq,true
v31345,v35569,seq,true
v31346,v33237,set,false
v31360,v26391,ser,true
v31363,v28345,set,true
v31375,v36424,seq,true
v31378,v31259,char,true
v31379,v32306,side,true
v31379,v36521,char,true
v31379,v41182,fan,true
v31379,v47161,set,true
v31384,v12426,preq,true
v31391,v746,ser,true
v31392,v17883,char,true
v31392,v24666,char,true
v31394,v29186,ser,true
v31394,v34501,ser,true
v31395,v661,ser,true
v31399,v18961,preq,true
v31402,v19755,seq,true
v31408,v487,par,true
v31412,v47661,preq,true
v31417,v124,orig,true
v31421,v32543,set,false
v31428,v25713,preq,true
v31428,v36118,seq,true
v31432,v28562,char,true
v31432,v47552,char,true
v31434,v32875,seq,true
v31435,v47099,seq,true
v31436,v24987,preq,true
v31442,v31681,set,true
v31448,v31929,ser,true
v31448,v33448,char,false
v31449,v6487,alt,false
v31460,v21905,alt,false
v31461,v25820,par,true
v31462,v50330,set,false
v31466,v31492,preq,true
v31467,v30858,set,true
v31467,v31567,char,true
v31467,v32434,preq,true
v31467,v33810,char,true
v31467,v41584,char,true
v31469,v55357,preq,true
v31472,v33124,seq,true
v31482,v31607,ser,true
v31487,v28399,ser,true
v31488,v29139,char,true
v31489,v12350,preq,true
v31489,v22501,preq,true
v31489,v43123,seq,true
v31492,v31466,seq,true
v31505,v46590,set,true
v31505,v58118,set,true
v31506,v24481,preq,true
v31506,v34948,seq,true
v31517,v39146,fan,true
v31526,v59200,fan,true
v31533,v35431,set,true
v31541,v40658,preq,true
v31544,v46929,side,true
v31560,v31561,char,true
v31561,v31560,char,true
v31567,v31467,char,true
v31570,v32554,ser,true
v31570,v32659,ser,true
v31574,v29406,set,true
v31576,v31595,set,true
v31585,v24143,set,true
v31595,v31576,set,true
v31595,v32723,set,true
v31596,v27789,alt,true
v31598,v50354,char,false
v31602,v33499,set,true
v31605,v31659,char,true
v31607,v31482,ser,true
v31614,v10041,set,true
v31614,v37498,fan,true
v31616,v28109,char,true
v31618,v10694,alt,true
v31618,v10730,alt,true
v31622,v51421,set,true
v31631,v23019,preq,true
v31631,v44172,seq,true
v31635,v30450,preq,true
v31635,v32796,seq,true
v31636,v19755,seq,true
v31638,v31641,char,true
v31638,v37964,char,true
v31639,v31640,seq,true
v31639,v37953,char,true
v31639,v37961,char,true
v31640,v31639,preq,true
v31640,v31641,char,true
v31641,v31638,char,true
v31641,v31640,char,true
v31644,v32969,preq,true
v31659,v11551,char,false
v31659,v14840,char,false
v31659,v22850,char,true
v31659,v31605,char,true
v31659,v32180,ser,true
v31659,v32182,alt,true
v31659,v32231,seq,true
v31659,v62315,char,false
v31661,v7014,seq,false
v31661,v31662,seq,true
v31661,v55819,set,false
v31662,v31661,preq,true
v31669,v36773,fan,true
v31669,v40507,seq,true
v31670,v23125,ser,true
v31673,v27736,preq,true
v31681,v31442,set,true
v31681,v38122,alt,false
v31681,v47064,char,false
v31682,v29126,preq,false
v31687,v41033,preq,true
v31688,v32134,seq,true
v31688,v46545,preq,true
v31694,v32334,seq,true
v31694,v32335,par,true
v31700,v23338,ser,true
v31700,v36011,ser,true
v31700,v37044,fan,false
v31700,v60913,side,true
v31702,v31703,char,true
v31702,v31704,char,true
v31703,v31702,char,true
v31703,v31704,char,true
v31704,v31702,char,true
v31704,v31703,char,true
v31707,v13929,char,false
v31707,v17923,char,false
v31707,v18442,char,false
v31709,v7014,ser,false
v31711,v31715,alt,true
v31711,v59641,seq,true
v31711,v59643,side,true
v31711,v59648,side,true
v31712,v25135,orig,true
v31715,v31711,alt,true
v31717,v32377,seq,true
v31737,v31738,seq,true
v31738,v31737,preq,true
v31739,v46998,alt,true
v31739,v53414,ser,true
v31740,v28871,set,true
v31742,v10285,char,true
v31742,v32391,ser,true
v31751,v36222,preq,true
v31754,v29147,ser,true
v31757,v801,ser,false
v31761,v41393,side,false
v31766,v37760,side,true
v31766,v38649,side,true
v31767,v31769,fan,true
v31769,v31767,orig,true
v31770,v50141,seq,true
v31779,v21824,char,true
v31781,v29514,char,true
v31782,v39146,fan,true
v31788,v19483,char,false
v31788,v21996,char,false
v31788,v23417,char,false
v31788,v45539,ser,true
v31792,v37649,alt,true
v31794,v54248,fan,true
v31799,v22387,preq,true
v31803,v31828,seq,true
v31805,v60641,seq,true
v31809,v30905,ser,true
v31809,v32261,ser,true
v31809,v32652,ser,true
v31813,v26307,orig,true
v31814,v16463,ser,true
v31814,v31815,ser,true
v31815,v31814,ser,true
v31815,v31817,ser,true
v31816,v31844,seq,true
v31817,v31815,ser,true
v31818,v13188,preq,true
v31818,v31819,seq,true
v31819,v31818,preq,true
v31819,v31820,seq,true
v31820,v31819,preq,true
v31820,v49124,side,true
v31820,v50520,seq,true
v31828,v31803,preq,true
v31839,v32328,preq,true
v31844,v31816,preq,true
v31852,v21234,alt,false
v31852,v35691,alt,true
v31857,v30758,char,true
v31860,v34207,preq,true
v31864,v28959,seq,true
v31865,v17432,preq,true
v31866,v14887,orig,true
v31874,v32220,seq,true
v31877,v31878,seq,true
v31878,v31877,preq,true
v31879,v28097,seq,true
v31879,v30568,preq,true
v31880,v27641,preq,true
v31880,v53240,seq,true
v31883,v28200,char,false
v31891,v23756,par,true
v31892,v31893,preq,true
v31893,v31892,seq,true
v31896,v13262,ser,true
v31898,v28156,ser,true
v31898,v31899,ser,true
v31899,v30735,ser,true
v31899,v31898,ser,true
v31904,v27638,preq,true
v31904,v37970,seq,true
v31909,v31915,char,true
v31913,v33833,seq,true
v31915,v31909,char,true
v31915,v33815,char,true
v31923,v31945,seq,true
v31924,v33008,set,true
v31926,v20940,set,true
v31926,v47871,set,true
v31927,v46345,set,true
v31929,v31448,ser,true
v31941,v31959,seq,true
v31945,v31923,preq,true
v31958,v31988,preq,true
v31959,v31941,preq,true
v31966,v21905,preq,false
v31971,v16545,orig,true
v31972,v16545,preq,true
v31973,v36229,seq,true
v31988,v31958,seq,true
v31993,v44998,char,true
v31994,v55060,seq,true
v31996,v50612,preq,true
v31999,v39070,preq,true
v31999,v49417,seq,true
v32002,v27745,preq,true
v32003,v21905,alt,false
v32004,v21905,preq,false
v32005,v248,alt,false
v32018,v37098,seq,true
v32019,v30905,ser,true
v32019,v37562,ser,true
v32021,v21523,set,true
v32053,v17909,ser,true
v32062,v59161,char,true
v32067,v25535,preq,true
v32067,v34534,side,true
v32067,v35582,side,true
v32067,v38070,seq,true
v32069,v47233,char,true
v32069,v55799,char,true
v32071,v32075,ser,true
v32075,v32071,ser,true
v32075,v32943,ser,true
v32079,v25005,preq,true
v32082,v67,par,true
v32083,v61716,seq,true
v32087,v26367,alt,true
v32101,v7724,ser,true
v32105,v39497,fan,true
v32105,v41075,char,true
v32116,v548,alt,true
v32117,v32476,seq,true
v32124,v28433,ser,true
v32124,v32801,ser,true
v32132,v28985,preq,true
v32132,v39905,fan,true
v32134,v31688,preq,true
v32134,v32688,seq,true
v32137,v32138,set,false
v32138,v32137,set,false
v32140,v43253,seq,true
v32143,v30721,preq,true
v32143,v33577,seq,true
v32145,v12256,alt,true
v32148,v44567,side,true
v32148,v49180,char,true
v32148,v60179,char,true
v32150,v29682,char,true
v32150,v50136,set,true
v32155,v29067,char,true
v32155,v39862,char,true
v32156,v43253,seq,true
v32157,v8456,alt,true
v32158,v28799,ser,true
v32159,v29965,alt,true
v32161,v29913,par,false
v32163,v21905,alt,false
v32165,v29057,par,true
v32170,v29939,preq,true
v32174,v29314,ser,true
v32176,v32186,ser,true
v32177,v28929,ser,true
v32177,v37114,ser,true
v32178,v32180,ser,true
v32178,v32181,ser,true
v32180,v31659,ser,true
v32180,v32178,ser,true
v32181,v32178,ser,true
v32182,v31659,alt,true
v32183,v26307,set,true
v32186,v32176,ser,true
v32187,v21349,ser,true
v32187,v30687,ser,true
v32192,v50475,alt,true
v32194,v36751,alt,true
v32197,v19755,char,true
v32197,v29430,char,true
v32202,v30687,par,true
v32203,v33952,char,true
v32206,v24563,ser,true
v32217,v31013,set,true
v32218,v30304,preq,true
v32218,v32902,seq,true
v32220,v31874,preq,true
v32222,v34309,char,true
v32227,v17038,orig,true
v32229,v22987,orig,true
v32231,v26536,char,true
v32231,v31659,preq,true
v32237,v32238,seq,true
v32238,v32237,preq,true
v32241,v2547,orig,true
v32241,v4558,orig,true
v32241,v6199,ser,true
v32241,v8675,orig,true
v32241,v8676,orig,true
v32241,v8682,orig,true
v32241,v8715,orig,true
v32261,v31809,ser,true
v32261,v32487,ser,true
v32265,v38001,ser,true
v32269,v21465,set,true
v32269,v38404,fan,true
v32269,v47185,fan,true
v32269,v47186,fan,true
v32276,v29405,ser,true
v32277,v43961,seq,true
v32277,v43963,fan,true
v32277,v43964,side,true
v32304,v16526,seq,true
v32306,v31379,par,true
v32306,v36521,char,true
v32307,v31060,orig,true
v32309,v61063,char,false
v32312,v24209,orig,true
v32316,v31155,preq,true
v32328,v31839,seq,true
v32334,v31694,preq,true
v32334,v32335,preq,true
v32335,v31694,side,true
v32335,v32334,seq,true
v32338,v32340,char,true
v32340,v32338,char,true
v32342,v56879,seq,true
v32362,v32366,seq,true
v32366,v32362,preq,true
v32370,v61824,char,true
v32372,v32377,preq,true
v32377,v31717,preq,true
v32377,v32372,seq,true
v32382,v32383,preq,true
v32383,v32382,seq,true
v32384,v14243,char,true
v32391,v10285,char,true
v32391,v31742,ser,true
v32391,v33917,ser,true
v32396,v24287,alt,true
v32396,v26912,char,false
v32396,v30280,char,false
v32398,v12002,preq,true
v32398,v37876,seq,true
v32398,v61040,seq,true
v32406,v33235,side,true
v32406,v43543,fan,true
v32407,v38026,seq,true
v32409,v59377,set,true
v32414,v42356,seq,true
v32416,v48134,alt,true
v32416,v48136,preq,true
v32421,v24811,char,true
v32421,v28234,char,true
v32421,v41524,preq,true
v32426,v46898,char,true
v32428,v32429,seq,true
v32429,v32428,preq,true
v32431,v28271,set,true
v32434,v31467,seq,true
v32435,v23142,ser,true
v32436,v24540,char,true
v32437,v55535,char,true
v32441,v47417,seq,true
v32448,v29476,preq,true
v32448,v43151,alt,true
v32451,v51538,set,true
v32461,v26435,ser,true
v32466,v3260,char,false
v32467,v93,char,false
v32474,v26784,ser,true
v32476,v32117,preq,true
v32485,v27590,char,true
v32487,v32261,ser,true
v32487,v39662,ser,true
v32497,v29325,set,true
v32500,v746,ser,true
v32501,v32502,seq,true
v32502,v32501,preq,true
v32502,v43431,seq,true
v32504,v19755,char,true
v32504,v29539,char,true
v32508,v34171,preq,true
v32515,v21905,alt,false
v32515,v28358,alt,true
v32515,v46656,seq,true
v32522,v7516,char,false
v32525,v37286,fan,false
v32526,v29335,alt,true
v32527,v9775,preq,true
v32530,v3260,char,false
v32538,v30632,preq,true
v32539,v30632,preq,true
v32541,v28258,orig,true
v32543,v31421,set,false
v32545,v9933,alt,true
v32545,v44099,ser,true
v32554,v31570,ser,true
v32554,v32659,ser,true
v32555,v44096,fan,true
v32555,v47770,set,true
v32558,v34035,ser,true
v32558,v55233,ser,true
v32562,v21234,char,true
v32562,v22584,char,true
v32566,v32567,seq,true
v32567,v32566,preq,true
v32569,v32574,seq,true
v32572,v32575,seq,true
v32573,v32577,seq,true
v32574,v32569,preq,true
v32574,v32576,seq,true
v32575,v32572,preq,true
v32576,v32574,preq,true
v32577,v32573,preq,true
v32579,v32580,seq,true
v32580,v32579,preq,true
v32584,v32585,seq,true
v32585,v32584,preq,true
v32589,v32594,ser,true
v32594,v32589,ser,true
v32597,v52059,preq,true
v32597,v57861,preq,true
v32608,v33957,char,true
v32608,v34626,char,true
v32608,v38323,seq,true
v32608,v40201,char,true
v32608,v46174,char,true
v32608,v53151,char,true
v32608,v56746,char,true
v32617,v32619,side,true
v32619,v32617,par,true
v32620,v12849,orig,true
v32624,v24689,ser,true
v32624,v47676,fan,true
v32626,v12849,ser,true
v32628,v33155,seq,true
v32633,v34422,seq,true
v32633,v43630,preq,true
v32638,v32640,alt,true
v32639,v53593,set,true
v32640,v32638,alt,true
v32645,v47751,preq,true
v32646,v26678,preq,true
v32646,v32647,seq,true
v32647,v32646,preq,true
v32649,v25931,alt,false
v32652,v31809,ser,true
v32652,v33287,ser,true
v32652,v39775,ser,true
v32655,v11856,set,true
v32655,v16166,set,true
v32655,v39928,fan,true
v32659,v31570,ser,true
v32659,v32554,ser,true
v32661,v47554,ser,true
v32662,v33063,ser,true
v32664,v7249,alt,true
v32669,v28327,preq,true
v32670,v34724,char,false
v32670,v42233,char,false
v32675,v24278,preq,true
v32676,v36838,preq,true
v32677,v29881,seq,true
v32688,v32134,preq,true
v32690,v19981,ser,true
v32699,v47838,alt,true
v32699,v52015,fan,true
v32699,v52016,fan,true
v32701,v36845,set,true
v32701,v46861,alt,false
v32701,v50561,char,false
v32701,v56171,set,false
v32701,v56174,set,false
v32701,v56176,alt,false
v32701,v56184,char,false
v32701,v56241,alt,false
v32701,v56324,seq,false
v32701,v56397,set,false
v32701,v56401,alt,false
v32701,v56543,seq,false
v32701,v56621,set,false
v32701,v56807,set,false
v32701,v56888,side,false
v32701,v57196,alt,false
v32701,v57820,alt,false
v32701,v58382,side,false
v32701,v58699,alt,false
v32701,v59449,alt,false
v32701,v61140,set,false
v32701,v61321,char,false
v32701,v61507,alt,false
v32706,v30235,preq,true
v32706,v36663,seq,true
v32715,v56140,side,true
v32716,v711,set,false
v32719,v21983,char,true
v32722,v29123,preq,true
v32722,v45250,seq,true
v32723,v31595,set,true
v32737,v32738,seq,true
v32737,v47863,preq,true
v32738,v32737,preq,true
v32745,v29958,char,true
v32748,v24953,set,true
v32749,v30166,orig,true
v32753,v92,par,true
v32753,v32793,ser,true
v32754,v92,par,true
v32755,v30230,preq,true
v32755,v39998,seq,true
v32759,v94,set,true
v32759,v443,alt,true
v32759,v444,char,true
v32782,v47935,seq,true
v32785,v92,par,true
v32787,v92,par,true
v32788,v92,par,true
v32789,v92,par,true
v32791,v92,par,true
v32793,v4463,par,true
v32793,v32753,ser,true
v32794,v92,orig,true
v32795,v92,par,true
v32796,v31635,preq,true
v32797,v22499,preq,true
v32801,v32124,ser,true
v32801,v34048,ser,true
v32801,v51806,seq,true
v32804,v38181,seq,true
v32805,v26310,preq,true
v32808,v34852,char,true
v32811,v28633,set,true
v32811,v36615,fan,true
v32811,v36616,fan,true
v32811,v44195,set,true
v32812,v33135,ser,true
v32813,v26727,alt,true
v32818,v22610,preq,true
v32819,v35278,set,true
v32820,v2328,ser,true
v32820,v11301,set,true
v32820,v36696,seq,true
v32822,v27118,preq,true
v32827,v37014,char,true
v32827,v39819,char,true
v32831,v30825,preq,true
v32831,v37251,char,true
v32835,v24015,preq,true
v32852,v28259,set,true
v32862,v32863,preq,true
v32862,v47693,seq,true
v32863,v32862,seq,true
v32867,v34547,ser,true
v32868,v28283,orig,true
v32870,v28095,preq,true
v32872,v34902,ser,true
v32875,v31434,preq,true
v32875,v36731,seq,true
v32893,v151,seq,true
v32893,v24798,preq,true
v32902,v32218,preq,true
v32905,v56742,seq,true
v32912,v24815,char,true
v32912,v24817,char,true
v32919,v28151,preq,true
v32920,v30969,preq,true
v32920,v32921,seq,true
v32921,v32920,preq,true
v32921,v32922,seq,true
v32922,v32921,preq,true
v32924,v36855,side,true
v32926,v35793,char,true
v32928,v25838,ser,true
v32928,v61195,ser,true
v32930,v29412,par,true
v32934,v30183,set,true
v32934,v51643,set,true
v32938,v2040,par,true
v32939,v1427,orig,true
v32939,v7360,char,true
v32939,v15124,char,true
v32940,v42538,seq,true
v32940,v47367,side,true
v32940,v47472,char,true
v32943,v32075,ser,true
v32943,v34433,ser,true
v32945,v47581,seq,true
v32946,v26052,preq,true
v32950,v28445,set,true
v32951,v28826,char,true
v32951,v51292,seq,true
v32954,v32955,ser,true
v32954,v32956,ser,true
v32955,v18027,char,false
v32955,v32954,ser,true
v32955,v34584,ser,true
v32956,v32954,ser,true
v32967,v33202,seq,true
v32967,v45213,set,true
v32969,v31644,seq,true
v32972,v41027,set,true
v32976,v43203,set,true
v32979,v29808,set,true
v32979,v48414,set,true
v32982,v39468,fan,true
v32982,v42848,char,true
v32982,v49559,seq,true
v32992,v30595,preq,true
v33000,v34737,char,false
v33000,v37296,ser,true
v33002,v19627,set,true
v33002,v44020,set,true
v33008,v31924,set,true
v33016,v19951,char,false
v33017,v24,char,false
v33017,v2153,char,false
v33020,v24,char,false
v33020,v2153,char,false
v33020,v23407,char,false
v33026,v1131,orig,true
v33030,v14461,ser,true
v33034,v22506,set,true
v33034,v57137,set,true
v33036,v21852,set,true
v33036,v42712,fan,true
v33036,v46789,fan,true
v33037,v33872,seq,true
v33040,v10135,char,true
v33041,v35031,seq,true
v33045,v33046,seq,true
v33046,v33045,preq,true
v33047,v42430,char,true
v33047,v46828,seq,true
v33051,v48459,ser,true
v33054,v29667,orig,true
v33062,v34664,char,true
v33063,v32662,ser,true
v33089,v33858,preq,true
v33099,v28666,preq,true
v33099,v33969,alt,true
v33101,v26994,preq,true
v33102,v35889,side,true
v33105,v2045,par,false
v33112,v51747,set,true
v33124,v31472,preq,true
v33130,v35645,seq,true
v33133,v22728,set,true
v33133,v29970,ser,true
v33133,v33134,seq,true
v33134,v20032,char,true
v33134,v33133,preq,true
v33135,v32812,ser,true
v33138,v41057,set,true
v33138,v48976,char,true
v33138,v49678,char,true
v33139,v27176,preq,true
v33143,v33145,ser,true
v33143,v33146,ser,true
v33145,v33143,ser,true
v33145,v33146,ser,true
v33146,v33143,ser,true
v33146,v33145,ser,true
v33155,v32628,preq,true
v33155,v34589,seq,true
v33160,v24322,side,true
v33161,v27761,ser,true
v33161,v46635,ser,true
v33161,v61230,ser,true
v33162,v51090,preq,true
v33170,v33523,set,true
v33175,v50416,seq,true
v33184,v34119,seq,true
v33188,v28946,preq,true
v33192,v33193,seq,true
v33193,v33192,preq,true
v33198,v34880,ser,true
v33201,v50596,ser,true
v33201,v50598,preq,true
v33202,v32967,preq,true
v33202,v33203,seq,true
v33203,v33202,preq,true
v33205,v27449,orig,true
v33208,v51554,seq,true
v33213,v58362,ser,true
v33214,v21905,alt,false
v33216,v33217,set,true
v33217,v33216,set,true
v33222,v425,par,true
v33223,v26444,preq,true
v33224,v18977,set,true
v33230,v26297,par,true
v33234,v23065,ser,true
v33234,v35213,ser,true
v33235,v32406,par,true
v33237,v31346,set,false
v33261,v18086,preq,true
v33261,v33262,seq,true
v33262,v33261,preq,true
v33262,v33264,ser,true
v33264,v6321,ser,true
v33264,v33262,ser,true
v33265,v22154,ser,true
v33265,v25902,ser,true
v33270,v14453,char,false
v33274,v67,set,false
v33274,v33683,ser,true
v33277,v34058,preq,true
v33278,v13385,alt,true
v33280,v33848,ser,true
v33282,v30879,preq,true
v33283,v39638,seq,true
v33287,v32652,ser,true
v33287,v33920,ser,true
v33287,v38646,seq,true
v33288,v33357,preq,true
v33300,v33303,set,true
v33300,v33307,char,true
v33300,v33308,set,true
v33303,v33300,set,true
v33305,v31284,orig,true
v33307,v33300,char,true
v33308,v33300,set,true
v33314,v30450,ser,true
v33314,v38108,seq,true
v33314,v40788,ser,true
v33316,v29025,preq,true
v33320,v19804,char,true
v33322,v25413,preq,true
v33323,v33324,seq,true
v33323,v33326,ser,true
v33324,v33323,preq,true
v33326,v33323,ser,true
v33326,v33327,ser,true
v33327,v33326,ser,true
v33330,v33331,set,true
v33331,v33330,set,true
v33334,v33533,fan,true
v33335,v49057,seq,true
v33339,v45523,seq,true
v33346,v33347,preq,true
v33347,v33346,seq,true
v33349,v1093,orig,true
v33349,v1106,orig,true
v33350,v33351,alt,true
v33350,v38723,alt,true
v33351,v33350,alt,true
v33351,v38723,alt,true
v33352,v30632,preq,true
v33353,v30632,preq,true
v33354,v10574,ser,true
v33354,v29081,ser,true
v33355,v35521,ser,true
v33357,v33288,seq,true
v33368,v38767,char,true
v33368,v43993,char,true
v33368,v46122,char,true
v33368,v48740,char,true
v33368,v51774,char,true
v33368,v60781,char,true
v33370,v21047,char,false
v33370,v22521,char,false
v33370,v28730,char,false
v33375,v22256,preq,true
v33376,v36877,ser,true
v33377,v25348,set,true
v33382,v3408,preq,true
v33388,v61624,alt,true
v33390,v33391,seq,true
v33391,v33390,preq,true
v33391,v33392,seq,true
v33392,v33391,preq,true
v33398,v35215,side,true
v33402,v24106,preq,true
v33408,v31101,preq,true
v33412,v28552,orig,true
v33426,v4716,preq,true
v33430,v31205,set,true
v33435,v31166,par,true
v33447,v43768,seq,true
v33448,v31448,char,false
v33476,v33477,seq,true
v33477,v33476,preq,true
v33486,v61267,char,false
v33493,v45658,side,true
v33496,v34724,char,false
v33496,v50354,char,false
v33498,v44171,set,true
v33499,v31602,set,true
v33501,v38653,ser,true
v33502,v20787,ser,true
v33502,v37844,ser,true
v33503,v33861,ser,true
v33504,v36177,set,true
v33505,v33507,set,true
v33507,v33505,set,true
v33508,v52616,side,true
v33509,v33513,seq,true
v33513,v33509,preq,true
v33520,v48457,alt,true
v33523,v33170,set,true
v33530,v34704,seq,true
v33533,v33334,orig,true
v33539,v49828,char,true
v33539,v49829,char,true
v33543,v33560,set,true
v33544,v38127,seq,true
v33545,v29667,orig,true
v33551,v48710,alt,true
v33560,v33543,set,true
v33567,v58688,seq,true
v33568,v33776,char,true
v33574,v33589,ser,true
v33574,v33590,seq,true
v33574,v33770,char,true
v33574,v48198,side,true
v33577,v32143,preq,true
v33579,v33581,ser,true
v33581,v33579,ser,true
v33582,v1014,seq,false
v33584,v42126,alt,true
v33585,v30723,preq,true
v33587,v40946,side,true
v33587,v50326,preq,true
v33589,v33574,ser,true
v33590,v33574,preq,true
v33591,v33592,seq,true
v33592,v33591,preq,true
v33599,v33600,seq,true
v33600,v33599,preq,true
v33601,v29189,ser,true
v33601,v39971,ser,true
v33606,v43540,ser,true
v33607,v2361,par,true
v33608,v2361,par,true
v33609,v2361,par,true
v33610,v1083,par,true
v33611,v1083,par,true
v33612,v1083,par,true
v33617,v62374,ser,true
v33617,v62377,ser,true
v33618,v40221,seq,true
v33619,v40220,seq,true
v33647,v29412,preq,true
v33647,v45456,side,true
v33647,v45468,seq,true
v33651,v43455,par,true
v33668,v28420,char,true
v33668,v31217,char,true
v33673,v33760,seq,true
v33673,v33770,char,true
v33680,v48722,par,true
v33680,v50466,set,true
v33683,v33274,ser,true
v33683,v36886,ser,true
v33684,v39112,preq,true
v33688,v29889,orig,false
v33715,v30456,orig,true
v33721,v29300,orig,true
v33722,v35870,set,true
v33724,v26973,ser,true
v33725,v30342,preq,true
v33725,v35291,seq,true
v33729,v10515,par,true
v33739,v20278,par,true
v33740,v33741,preq,true
v33741,v33740,seq,true
v33742,v41130,set,true
v33749,v33769,side,true
v33754,v33776,char,true
v33756,v33758,side,true
v33756,v33770,char,true
v33757,v33770,char,true
v33758,v33756,par,true
v33759,v33766,fan,true
v33759,v33776,char,true
v33760,v33673,preq,true
v33761,v33770,char,true
v33762,v33774,side,true
v33762,v33776,char,true
v33764,v33776,char,true
v33766,v33759,orig,true
v33769,v33749,par,true
v33770,v33574,char,true
v33770,v33673,char,true
v33770,v33756,char,true
v33770,v33757,char,true
v33770,v33761,char,true
v33770,v33776,seq,true
v33774,v33762,par,true
v33776,v33568,char,true
v33776,v33754,char,true
v33776,v33759,char,true
v33776,v33762,char,true
v33776,v33764,char,true
v33776,v33770,preq,true
v33787,v29557,seq,true
v33799,v29271,alt,true
v33810,v31467,char,true
v33815,v31915,char,true
v33819,v33832,ser,true
v33821,v21905,alt,false
v33827,v21047,set,false
v33827,v21905,char,false
v33832,v33819,ser,true
v33833,v31913,preq,true
v33839,v48852,seq,true
v33840,v21905,alt,false
v33842,v16953,ser,true
v33848,v33280,ser,true
v33848,v34035,ser,true
v33852,v55004,ser,true
v33855,v14258,char,true
v33855,v33868,ser,true
v33857,v34088,char,true
v33858,v33089,seq,true
v33858,v33859,alt,true
v33859,v33858,alt,true
v33861,v33503,ser,true
v33864,v52364,char,true
v33865,v49982,side,true
v33866,v33867,ser,true
v33867,v33866,ser,true
v33867,v33868,ser,true
v33868,v33855,ser,true
v33868,v33867,ser,true
v33872,v33037,preq,true
v33872,v35114,set,true
v33872,v35115,set,true
v33876,v62336,set,true
v33880,v33886,seq,true
v33884,v9248,preq,true
v33886,v33880,preq,true
v33889,v16271,preq,true
v33891,v26728,preq,true
v33896,v15506,char,true
v33896,v21054,set,true
v33896,v25832,set,true
v33896,v38510,set,true
v33896,v52764,set,true
v33904,v29889,preq,true
v33904,v43704,seq,true
v33917,v32391,ser,true
v33917,v42269,ser,true
v33917,v52859,char,true
v33920,v33287,ser,true
v33920,v33931,ser,true
v33923,v29896,ser,true
v33923,v36645,ser,true
v33923,v60258,ser,true
v33925,v51606,alt,true
v33927,v28951,seq,true
v33928,v24004,alt,true
v33931,v33920,ser,true
v33931,v34455,ser,true
v33935,v33937,side,true
v33937,v33935,par,true
v33939,v41571,seq,true
v33941,v37879,preq,true
v33943,v20,orig,true
v33944,v3,char,true
v33944,v20,orig,true
v33944,v7721,char,true
v33947,v34903,preq,true
v33949,v20510,preq,true
v33949,v30208,seq,true
v33952,v32203,char,true
v33957,v32608,char,true
v33957,v35114,char,true
v33958,v58896,alt,true
v33966,v21905,preq,false
v33966,v34165,alt,false
v33966,v34297,alt,false
v33966,v34350,alt,false
v33966,v42036,alt,false
v33966,v53445,alt,false
v33969,v33099,alt,true
v33971,v33972,seq,true
v33972,v33971,preq,true
v33975,v44940,alt,true
v33982,v21738,ser,true
v33983,v33984,seq,true
v33984,v33983,preq,true
v33986,v8767,alt,true
v33994,v30685,ser,true
v33998,v3911,alt,false
v34003,v34587,ser,true
v34010,v34011,set,true
v34011,v34010,set,true
v34013,v43344,seq,true
v34014,v29717,set,true
v34019,v30320,preq,true
v34022,v25912,orig,true
v34028,v34029,seq,true
v34028,v52069,char,false
v34029,v20,char,false
v34029,v34028,preq,true
v34029,v34030,seq,true
v34030,v1560,char,false
v34030,v34029,preq,true
v34035,v32558,ser,true
v34035,v33848,ser,true
v34037,v50663,alt,true
v34043,v1715,orig,true
v34043,v25916,preq,true
v34043,v25917,preq,true
v34043,v42435,side,true
v34044,v39146,seq,true
v34044,v54293,ser,true
v34048,v32801,ser,true
v34048,v34836,ser,true
v34058,v33277,seq,true
v34072,v29941,par,true
v34073,v24486,ser,true
v34073,v34074,ser,true
v34074,v34073,ser,true
v34079,v28085,par,true
v34079,v34080,seq,true
v34080,v28085,par,true
v34080,v34079,preq,true
v34082,v21742,par,true
v34083,v21742,par,true
v34084,v21742,par,true
v34085,v21742,par,true
v34088,v33857,char,true
v34089,v46534,char,true
v34090,v27071,ser,true
v34101,v30186,ser,true
v34112,v21245,preq,true
v34119,v33184,preq,true
v34135,v12490,alt,true
v34136,v185,alt,true
v34139,v12732,preq,true
v34140,v42940,char,true
v34149,v46287,ser,true
v34151,v19843,set,true
v34161,v21905,alt,false
v34161,v34162,seq,false
v34162,v21905,alt,false
v34162,v34161,preq,false
v34165,v21905,preq,false
v34165,v33966,alt,false
v34165,v34297,alt,false
v34165,v34350,alt,false
v34167,v42905,alt,true
v34168,v50983,set,true
v34169,v50983,set,true
v34170,v59092,set,true
v34171,v32508,seq,true
v34173,v40590,set,true
v34190,v30289,char,true
v34192,v893,alt,true
v34192,v2027,char,true
v34196,v746,alt,true
v34196,v51767,set,true
v34201,v21905,preq,false
v34207,v31860,seq,true
v34212,v10526,par,false
v34219,v21905,alt,false
v34222,v52972,seq,true
v34248,v45308,fan,true
v34248,v54891,seq,true
v34252,v24,char,false
v34263,v39597,ser,true
v34284,v34286,set,true
v34286,v34284,set,true
v34288,v34299,seq,true
v34296,v26114,par,true
v34297,v21905,preq,false
v34297,v33966,alt,false
v34297,v34165,alt,false
v34297,v34350,alt,false
v34298,v34330,seq,true
v34299,v34288,preq,true
v34299,v34323,seq,true
v34306,v33,char,false
v34306,v36,preq,false
v34306,v38,char,false
v34309,v17329,alt,true
v34309,v32222,char,true
v34309,v35757,alt,true
v34311,v4025,par,true
v34312,v16395,orig,true
v34312,v24128,orig,true
v34323,v34299,preq,true
v34323,v34324,seq,true
v34324,v34323,preq,true
v34324,v34325,seq,true
v34325,v34324,preq,true
v34325,v34328,seq,true
v34328,v34325,preq,true
v34330,v34298,preq,true
v34331,v34332,seq,true
v34332,v34331,preq,true
v34349,v37167,char,true
v34350,v21905,preq,false
v34350,v33966,alt,false
v34350,v34165,alt,false
v34350,v34297,alt,false
v34361,v34366,par,true
v34366,v34361,side,true
v34376,v18490,alt,true
v34385,v34477,seq,true
v34388,v34389,preq,true
v34389,v34388,seq,true
v34392,v25077,preq,true
v34396,v8204,preq,true
v34400,v36953,preq,true
v34400,v46575,seq,true
v34402,v34403,seq,true
v34403,v34402,preq,true
v34410,v29195,ser,true
v34412,v21905,alt,false
v34413,v43189,preq,true
v34413,v60273,seq,true
v34417,v10034,char,true
v34418,v38331,fan,true
v34422,v32633,preq,true
v34422,v34761,seq,true
v34422,v38815,seq,true
v34433,v32943,ser,true
v34433,v35414,ser,true
v34435,v35414,ser,true
v34435,v40534,ser,true
v34437,v6373,orig,true
v34437,v6964,orig,true
v34437,v7826,orig,true
v34437,v8377,orig,true
v34437,v8700,orig,true
v34437,v8703,orig,true
v34437,v8705,orig,true
v34437,v18102,orig,true
v34437,v24488,orig,true
v34437,v34438,ser,true
v34438,v6373,orig,true
v34438,v6964,orig,true
v34438,v7826,orig,true
v34438,v8377,orig,true
v34438,v8700,orig,true
v34438,v8703,orig,true
v34438,v8705,orig,true
v34438,v18102,orig,true
v34438,v24488,orig,true
v34438,v34437,ser,true
v34439,v34549,ser,true
v34444,v28530,set,true
v34444,v46858,char,true
v34447,v21905,alt,false
v34448,v21905,alt,false
v34449,v21905,alt,false
v34449,v34450,seq,true
v34450,v21905,alt,false
v34450,v34449,preq,true
v34454,v41367,fan,true
v34455,v33931,ser,true
v34455,v35892,ser,true
v34459,v18178,orig,true
v34459,v26511,orig,true
v34460,v34461,side,true
v34461,v34460,par,true
v34463,v34464,seq,true
v34464,v34463,preq,true
v34466,v16526,preq,true
v34467,v20981,char,true
v34467,v37126,seq,false
v34468,v22632,set,true
v34477,v34385,preq,true
v34493,v34497,preq,true
v34494,v1891,orig,true
v34497,v34493,seq,true
v34500,v36443,set,true
v34501,v31394,ser,true
v34501,v40685,set,true
v34532,v30456,orig,true
v34534,v32067,par,true
v34539,v37759,side,false
v34539,v37760,side,true
v34539,v37761,side,false
v34544,v31035,ser,true
v34544,v50140,ser,true
v34547,v32867,ser,true
v34547,v34549,ser,true
v34549,v34439,ser,true
v34549,v34547,ser,true
v34550,v5790,orig,true
v34553,v18178,orig,true
v34553,v26511,orig,true
v34555,v29750,par,true
v34584,v32955,ser,true
v34584,v34614,ser,true
v34587,v34003,ser,true
v34589,v33155,preq,true
v34599,v36472,preq,true
v34605,v193,alt,true
v34606,v16917,par,true
v34611,v37734,seq,true
v34612,v16917,char,true
v34613,v12380,ser,true
v34614,v34584,ser,true
v34614,v34615,ser,true
v34615,v34614,ser,true
v34621,v34622,seq,true
v34622,v34621,preq,true
v34626,v32608,char,true
v34629,v12380,ser,true
v34630,v12380,ser,true
v34642,v36613,par,true
v34649,v34650,seq,true
v34649,v34652,alt,true
v34650,v34649,preq,true
v34652,v34649,alt,true
v34659,v30814,preq,true
v34659,v42720,char,true
v34664,v31060,char,true
v34664,v33062,char,true
v34669,v19818,ser,true
v34670,v24631,par,true
v34671,v34672,seq,true
v34672,v34671,preq,true
v34691,v41426,set,true
v34697,v19818,orig,true
v34703,v55105,side,true
v34704,v33530,preq,true
v34704,v47004,seq,true
v34705,v41584,set,true
v34705,v45593,set,true
v34707,v16225,preq,true
v34708,v11910,ser,true
v34709,v11910,ser,true
v34710,v2567,par,true
v34713,v34724,char,false
v34714,v44419,alt,true
v34716,v34724,char,true
v34716,v40649,alt,true
v34717,v50354,char,true
v34718,v34735,side,true
v34719,v28764,preq,true
v34724,v26488,char,false
v34724,v28987,char,false
v34724,v30989,char,false
v34724,v32670,char,false
v34724,v33496,char,false
v34724,v34713,char,false
v34724,v34716,char,true
v34726,v29279,preq,true
v34728,v26678,set,true
v34735,v34718,par,true
v34737,v29432,char,false
v34737,v33000,char,false
v34737,v37619,char,false
v34737,v40585,char,false
v34737,v51034,char,false
v34737,v51931,char,true
v34751,v26815,preq,true
v34755,v45072,seq,true
v34761,v34422,preq,true
v34761,v50216,seq,true
v34764,v29446,char,true
v34778,v48573,preq,true
v34778,v60845,seq,true
v34801,v50354,char,false
v34803,v26491,par,true
v34803,v37557,char,true
v34804,v50158,fan,true
v34808,v30627,char,true
v34810,v18457,char,false
v34824,v29726,preq,true
v34827,v41936,fan,true
v34829,v41104,side,false
v34829,v41105,char,false
v34829,v58373,alt,false
v34832,v6487,preq,false
v34836,v34048,ser,true
v34839,v43510,seq,true
v34842,v50354,char,false
v34848,v47551,fan,true
v34852,v32808,char,true
v34852,v38323,char,true
v34852,v46174,char,true
v34875,v25535,par,true
v34876,v37347,preq,true
v34880,v23921,ser,true
v34880,v33198,ser,true
v34888,v27072,par,true
v34895,v46003,alt,true
v34898,v30982,par,true
v34902,v32872,ser,true
v34902,v40576,ser,true
v34903,v33947,seq,true
v34904,v36821,seq,true
v34914,v25285,char,true
v34921,v34922,set,true
v34922,v34921,set,true
v34926,v20314,set,true
v34926,v30715,char,true
v34927,v34928,preq,true
v34928,v34927,seq,true
v34941,v39233,set,true
v34948,v31506,preq,true
v34949,v24481,orig,true
v34959,v47933,set,true
v34962,v34963,set,false
v34963,v34962,set,false
v34975,v55066,char,true
v34978,v36928,seq,true
v34988,v56952,preq,true
v34990,v26536,preq,false
v34991,v30383,ser,true
v34991,v51083,ser,true
v35005,v59347,seq,true
v35005,v59348,side,true
v35014,v35016,ser,true
v35014,v47826,ser,true
v35015,v35016,ser,true
v35016,v35014,ser,true
v35016,v35015,ser,true
v35029,v24774,preq,true
v35031,v33041,preq,true
v35031,v35033,seq,true
v35032,v35033,preq,true
v35032,v36112,seq,true
v35033,v35031,preq,true
v35033,v35032,seq,true
v35037,v38731,ser,true
v35044,v39592,side,true
v35044,v46926,side,true
v35047,v35982,seq,true
v35059,v29688,par,true
v35072,v29182,preq,true
v35088,v55172,char,true
v35092,v35095,fan,true
v35095,v35092,orig,true
v35097,v16724,fan,false
v35101,v58652,alt,false
v35102,v35350,char,false
v35102,v35837,char,false
v35102,v43956,char,false
v35102,v43957,char,false
v35104,v25111,preq,true
v35114,v33872,set,true
v35114,v33957,char,true
v35114,v46174,char,true
v35114,v55854,seq,true
v35115,v33872,set,true
v35125,v35127,side,true
v35126,v21905,alt,false
v35127,v35125,par,true
v35129,v35130,seq,true
v35130,v35129,preq,true
v35134,v48622,seq,true
v35154,v24649,seq,true
v35190,v35191,seq,true
v35191,v35190,preq,true
v35192,v35193,seq,true
v35193,v35192,preq,true
v35208,v35209,seq,true
v35208,v35210,side,true
v35208,v35211,fan,true
v35209,v35208,preq,true
v35210,v35208,par,true
v35211,v35208,orig,true
v35213,v23065,preq,true
v35213,v33234,ser,true
v35215,v33398,par,true
v35215,v35216,seq,true
v35216,v35215,preq,true
v35219,v21463,seq,true
v35233,v59827,seq,true
v35244,v35245,preq,true
v35245,v35244,seq,true
v35246,v26054,preq,true
v35247,v26658,seq,true
v35274,v36372,preq,true
v35278,v32819,set,true
v35278,v59272,side,true
v35279,v3161,par,true
v35279,v30807,seq,true
v35281,v24956,preq,true
v35287,v28547,preq,true
v35291,v33725,preq,true
v35291,v43053,seq,true
v35303,v35304,alt,true
v35304,v35303,alt,true
v35305,v37604,char,false
v35307,v46222,set,true
v35324,v49121,set,true
v35348,v26937,set,true
v35348,v29781,preq,true
v35350,v35102,char,false
v35367,v9375,alt,true
v35367,v35370,seq,true
v35370,v35367,preq,true
v35372,v28157,alt,false
v35378,v35384,seq,true
v35384,v35378,preq,true
v35386,v35392,seq,true
v35386,v35397,side,true
v35386,v35400,side,true
v35386,v35436,preq,true
v35392,v35386,preq,true
v35397,v35386,par,true
v35400,v35386,par,true
v35403,v9,char,false
v35406,v35408,preq,true
v35408,v35406,seq,true
v35408,v35409,ser,true
v35409,v35408,ser,true
v35414,v34433,ser,true
v35414,v34435,ser,true
v35423,v35424,set,true
v35423,v53957,fan,true
v35424,v35423,set,true
v35430,v25308,preq,true
v35431,v31533,set,true
v35436,v35386,seq,true
v35436,v35437,preq,true
v35437,v35436,seq,true
v35437,v35438,preq,true
v35438,v35437,seq,true
v35456,v28409,preq,true
v35470,v35471,seq,true
v35471,v35470,preq,true
v35476,v29054,preq,true
v35476,v50824,seq,true
v35479,v19934,seq,true
v35481,v43745,ser,true
v35491,v24169,preq,true
v35499,v15944,set,true
v35499,v17588,set,true
v35499,v52146,seq,true
v35504,v12986,orig,true
v35505,v12986,orig,true
v35507,v12986,orig,true
v35508,v12986,orig,true
v35515,v35516,char,true
v35515,v42054,seq,true
v35516,v35515,char,true
v35521,v33355,ser,true
v35525,v46691,fan,true
v35536,v35537,side,true
v35537,v35536,par,true
v35547,v35548,preq,true
v35548,v35547,seq,true
v35549,v17892,orig,true
v35569,v31345,preq,true
v35569,v35570,seq,true
v35570,v35569,preq,true
v35570,v42060,seq,true
v35579,v35599,seq,true
v35580,v35604,char,true
v35582,v32067,par,true
v35599,v35579,preq,true
v35600,v24597,par,true
v35601,v28766,alt,true
v35603,v35605,ser,true
v35604,v1502,char,false
v35604,v5434,char,false
v35604,v35580,char,true
v35605,v35603,ser,true
v35620,v29588,preq,true
v35645,v33130,preq,true
v35645,v35646,seq,true
v35646,v35645,preq,true
v35680,v48292,char,true
v35688,v21234,alt,false
v35689,v21424,seq,true
v35691,v31852,alt,true
v35695,v39146,fan,true
v35705,v28157,preq,false
v35706,v28157,preq,false
v35710,v37218,set,true
v35710,v37742,set,true
v35710,v45811,char,true
v35710,v45955,char,true
v35710,v46837,char,true
v35710,v48861,set,true
v35710,v50535,char,true
v35710,v52848,set,true
v35719,v10863,seq,true
v35750,v53549,ser,true
v35757,v34309,alt,true
v35762,v35964,ser,true
v35793,v32926,char,true
v35794,v20167,char,true
v35794,v30554,seq,true
v35796,v35797,seq,true
v35797,v35796,preq,true
v35797,v36755,seq,true
v35799,v29934,ser,true
v35807,v19911,preq,true
v35813,v3126,preq,false
v35814,v3126,preq,false
v35816,v22867,par,true
v35817,v3126,alt,false
v35819,v3126,alt,false
v35820,v3126,alt,false
v35821,v3126,alt,false
v35821,v21905,char,false
v35822,v35823,seq,true
v35823,v35822,preq,true
v35826,v29247,set,true
v35837,v35102,char,false
v35842,v9877,alt,true
v35851,v35852,ser,true
v35852,v35851,ser,true
v35862,v35863,seq,true
v35863,v35862,preq,true
v35869,v43762,seq,true
v35870,v33722,set,true
v35879,v35885,ser,true
v35879,v35887,preq,true
v35883,v35884,preq,true
v35884,v35883,seq,true
v35885,v35879,ser,true
v35887,v35879,seq,true
v35889,v33102,par,true
v35892,v34455,ser,true
v35892,v36752,ser,true
v35893,v18564,ser,false
v35893,v23707,ser,false
v35893,v25944,ser,false
v35904,v49225,seq,true
v35907,v35911,ser,true
v35911,v35907,ser,true
v35919,v37904,set,true
v35919,v43990,preq,true
v35919,v53328,set,true
v35921,v35922,seq,true
v35922,v35921,preq,true
v35935,v37302,set,true
v35935,v46121,char,true
v35935,v51739,char,true
v35956,v27212,set,false
v35964,v35762,ser,true
v35964,v43548,alt,true
v35982,v35047,preq,true
v35984,v50135,seq,true
v35994,v24433,preq,false
v35997,v36003,alt,true
v36001,v29891,preq,true
v36003,v29860,ser,true
v36003,v35997,alt,true
v36011,v31700,ser,true
v36011,v43312,ser,true
v36011,v60914,side,true
v36013,v36014,seq,true
v36013,v53915,alt,true
v36014,v36013,preq,true
v36018,v36021,ser,true
v36018,v36025,ser,true
v36021,v36018,ser,true
v36021,v36337,ser,true
v36025,v36018,ser,true
v36039,v67,par,false
v36039,v711,ser,false
v36041,v30041,ser,true
v36044,v36337,ser,true
v36052,v59810,seq,true
v36055,v55654,seq,true
v36066,v26762,preq,true
v36072,v50946,char,true
v36082,v41848,seq,true
v36088,v26599,seq,true
v36088,v36089,preq,true
v36089,v36088,seq,true
v36096,v13657,seq,true
v36112,v35032,preq,true
v36114,v21205,preq,true
v36114,v36115,seq,true
v36115,v36114,preq,true
v36118,v31428,preq,true
v36119,v47778,seq,true
v36121,v23313,ser,true
v36121,v52437,ser,true
v36131,v28283,ser,true
v36131,v44190,fan,true
v36141,v41468,ser,true
v36141,v41469,ser,true
v36142,v41917,char,true
v36151,v21393,alt,true
v36151,v38674,seq,true
v36152,v22000,alt,true
v36152,v28781,side,true
v36154,v30169,preq,true
v36157,v36158,char,true
v36157,v37655,seq,true
v36158,v36157,char,true
v36169,v50093,seq,true
v36172,v53145,seq,true
v36172,v54854,char,true
v36173,v9294,ser,true
v36173,v40385,ser,true
v36175,v30771,ser,true
v36175,v54509,ser,true
v36177,v33504,set,true
v36178,v40464,seq,true
v36183,v29364,preq,true
v36185,v51442,seq,true
v36186,v21905,alt,false
v36187,v36201,seq,true
v36192,v47072,seq,true
v36192,v49952,side,true
v36201,v36187,preq,true
v36211,v38388,seq,true
v36218,v36219,side,true
v36219,v36218,par,true
v36219,v36220,seq,true
v36220,v36219,preq,true
v36222,v31751,seq,true
v36223,v20190,alt,true
v36228,v37606,seq,true
v36229,v31973,preq,true
v36229,v48281,seq,true
v36241,v38327,seq,true
v36246,v10326,par,true
v36246,v50868,ser,true
v36256,v50464,side,true
v36278,v25783,preq,true
v36298,v57009,seq,true
v36301,v36303,char,true
v36301,v37193,char,true
v36301,v39317,set,true
v36301,v42395,set,true
v36301,v43928,set,true
v36301,v45690,set,true
v36301,v46096,set,true
v36301,v49211,set,true
v36301,v50496,set,true
v36301,v50522,set,true
v36301,v52073,set,true
v36301,v52081,set,true
v36301,v52240,set,true
v36303,v36301,char,true
v36303,v37193,char,true
v36310,v13046,orig,true
v36319,v36320,seq,true
v36320,v36319,preq,true
v36328,v2153,char,false
v36337,v36021,ser,true
v36337,v36044,ser,true
v36354,v36355,seq,true
v36355,v36354,preq,true
v36355,v36358,seq,true
v36358,v36355,preq,true
v36358,v39810,side,true
v36366,v26530,set,true
v36369,v44466,set,true
v36372,v35274,seq,true
v36375,v53291,ser,true
v36398,v47663,par,true
v36420,v2740,par,true
v36424,v31375,preq,true
v36442,v47673,set,true
v36443,v34500,set,true
v36446,v36447,preq,true
v36447,v36446,seq,true
v36452,v41755,seq,true
v36457,v41730,set,true
v36462,v37125,ser,true
v36464,v36465,set,true
v36464,v36467,set,true
v36465,v36464,set,true
v36465,v36467,set,true
v36466,v36470,seq,true
v36467,v36464,set,true
v36467,v36465,set,true
v36470,v36466,preq,true
v36472,v34599,seq,true
v36483,v36484,seq,true
v36484,v36483,preq,true
v36484,v36485,seq,true
v36485,v36484,preq,true
v36499,v36500,preq,true
v36500,v36499,seq,true
v36511,v36513,seq,true
v36513,v36511,preq,true
v36521,v31379,char,true
v36521,v32306,char,true
v36525,v37909,seq,true
v36526,v36527,seq,true
v36527,v36526,preq,true
v36527,v36605,seq,true
v36527,v54435,side,true
v36534,v36624,ser,true
v36534,v44772,ser,true
v36535,v36625,ser,true
v36536,v36624,ser,true
v36536,v36625,preq,true
v36536,v44764,ser,true
v36542,v36543,seq,true
v36543,v36542,preq,true
v36545,v36561,par,true
v36551,v24871,set,true
v36554,v36555,seq,true
v36554,v36556,side,true
v36554,v36557,ser,true
v36555,v36554,preq,true
v36556,v36554,par,true
v36557,v36554,ser,true
v36557,v36558,side,true
v36557,v44249,ser,true
v36558,v36557,par,true
v36559,v26213,preq,true
v36561,v36545,side,true
v36568,v36569,seq,true
v36569,v36568,preq,true
v36570,v30707,preq,true
v36576,v16160,char,true
v36585,v9935,preq,true
v36593,v22336,par,true
v36595,v6103,par,true
v36603,v43991,set,true
v36605,v36527,preq,true
v36605,v44241,side,true
v36606,v53816,seq,true
v36613,v34642,side,true
v36614,v12407,ser,true
v36614,v53307,ser,true
v36615,v32811,orig,true
v36616,v32811,orig,true
v36624,v36534,ser,true
v36624,v36536,ser,true
v36624,v44764,ser,true
v36624,v44772,ser,true
v36625,v36535,ser,true
v36625,v36536,seq,true
v36634,v42681,set,true
v36639,v28354,char,false
v36645,v33923,ser,true
v36647,v36648,ser,true
v36648,v36647,ser,true
v36650,v16415,preq,true
v36663,v32706,preq,true
v36664,v36665,ser,true
v36665,v36664,ser,true
v36665,v36666,ser,true
v36666,v36665,ser,true
v36667,v36669,ser,true
v36667,v36670,ser,true
v36668,v36669,ser,true
v36669,v36667,ser,true
v36669,v36668,ser,true
v36670,v36667,ser,true
v36674,v29062,preq,true
v36674,v52741,seq,true
v36675,v36676,ser,true
v36676,v36675,ser,true
v36680,v22381,ser,true
v36687,v24351,preq,true
v36687,v46116,fan,true
v36696,v32820,preq,true
v36696,v48575,seq,true
v36706,v17035,alt,true
v36706,v27170,orig,true
v36706,v36781,ser,true
v36707,v28109,set,true
v36708,v21824,char,true
v36710,v41075,seq,true
v36713,v49886,ser,true
v36731,v32875,preq,true
v36731,v37586,seq,true
v36738,v4663,preq,true
v36741,v54324,char,true
v36743,v21816,char,true
v36743,v36745,preq,true
v36745,v21816,char,true
v36745,v36743,seq,true
v36749,v30998,ser,true
v36750,v55014,alt,true
v36750,v55015,set,true
v36751,v32194,alt,true
v36751,v38891,char,true
v36751,v49460,alt,true
v36751,v54586,char,true
v36751,v59862,char,true
v36751,v60444,char,true
v36751,v60748,char,true
v36752,v35892,ser,true
v36752,v37832,ser,true
v36755,v35797,preq,true
v36755,v43918,seq,true
v36756,v38172,side,true
v36766,v29771,ser,true
v36773,v31669,orig,true
v36774,v23784,ser,true
v36781,v27170,par,true
v36781,v36706,ser,true
v36781,v36782,ser,true
v36782,v27170,alt,true
v36782,v36781,ser,true
v36788,v36790,ser,true
v36790,v36788,ser,true
v36791,v37371,set,true
v36791,v45605,seq,true
v36791,v52875,char,false
v36802,v1951,seq,true
v36818,v37345,ser,true
v36821,v34904,preq,true
v36826,v30761,ser,true
v36831,v27458,preq,true
v36831,v60813,seq,true
v36837,v39546,fan,true
v36838,v32676,seq,true
v36843,v28983,char,true
v36845,v32701,set,true
v36845,v57311,alt,false
v36855,v32924,par,true
v36877,v33376,ser,true
v36880,v21905,orig,false
v36884,v54987,seq,true
v36886,v33683,ser,true
v36904,v60468,set,true
v36916,v1419,orig,true
v36927,v22939,ser,true
v36927,v36930,ser,true
v36928,v34978,preq,true
v36930,v12647,ser,true
v36930,v36927,ser,true
v36953,v34400,seq,true
v36956,v38654,seq,true
v36959,v36960,side,true
v36960,v36959,par,true
v36963,v50603,ser,true
v36965,v15833,char,true
v36965,v20501,preq,true
v36967,v45121,set,true
v36972,v36973,ser,true
v36973,v36972,ser,true
v36973,v36975,ser,true
v36975,v36973,ser,true
v36975,v36976,ser,true
v36976,v36975,ser,true
v36978,v44053,char,true
v36986,v26828,preq,true
v36992,v42516,seq,true
v37000,v40863,seq,true
v37006,v7032,ser,true
v37006,v7033,ser,true
v37014,v32827,char,true
v37016,v50758,set,true
v37021,v39197,seq,true
v37036,v24,char,false
v37039,v37071,seq,true
v37039,v49456,ser,true
v37043,v39585,ser,true
v37043,v39586,ser,true
v37044,v31700,orig,false
v37045,v3126,orig,false
v37046,v22865,preq,false
v37055,v30649,preq,true
v37057,v3126,alt,false
v37058,v3126,alt,false
v37058,v53028,seq,true
v37071,v37039,preq,true
v37077,v28055,seq,true
v37083,v47110,seq,true
v37084,v36,par,false
v37085,v4918,orig,false
v37093,v26491,char,true
v37097,v10979,preq,true
v37098,v32018,preq,true
v37098,v54686,seq,true
v37109,v49832,char,true
v37113,v1173,orig,false
v37114,v32177,ser,true
v37114,v45954,ser,true
v37121,v25152,par,true
v37125,v36462,ser,true
v37126,v34467,preq,false
v37129,v47560,preq,true
v37135,v20267,preq,true
v37140,v56791,ser,true
v37148,v37149,set,true
v37148,v56789,set,true
v37149,v23592,set,true
v37149,v37148,set,true
v37167,v34349,char,true
v37168,v46113,char,true
v37168,v46114,char,true
v37168,v50460,char,true
v37173,v37175,set,true
v37175,v37173,set,true
v37180,v20077,ser,true
v37180,v37181,ser,true
v37181,v37180,ser,true
v37181,v37182,ser,true
v37182,v37181,ser,true
v37182,v37183,ser,true
v37183,v37182,ser,true
v37183,v37184,ser,true
v37184,v37183,ser,true
v37184,v37194,ser,true
v37185,v42503,set,true
v37193,v36301,char,true
v37193,v36303,char,true
v37194,v37184,ser,true
v37206,v1171,seq,false
v37212,v30834,ser,true
v37212,v37408,ser,true
v37218,v35710,set,true
v37218,v37742,set,true
v37218,v45811,char,true
v37218,v45955,char,true
v37218,v46837,set,true
v37218,v48861,set,true
v37218,v50535,set,true
v37218,v52848,char,true
v37219,v40195,char,true
v37232,v22393,orig,true
v37236,v5999,char,true
v37236,v39223,seq,true
v37240,v47645,ser,true
v37251,v30825,char,true
v37251,v32831,char,true
v37253,v67,char,false
v37256,v37266,set,true
v37256,v37270,set,true
v37257,v59179,char,true
v37260,v38475,set,false
v37266,v37256,set,true
v37266,v37271,seq,true
v37270,v37256,set,true
v37271,v37266,preq,true
v37274,v13666,preq,true
v37276,v37277,par,true
v37277,v37276,side,true
v37277,v44178,set,true
v37279,v59161,ser,true
v37286,v32525,orig,false
v37296,v33000,ser,true
v37302,v35935,set,true
v37312,v41074,preq,true
v37326,v49580,set,true
v37345,v36818,ser,true
v37347,v34876,seq,true
v37349,v41933,set,true
v37349,v46833,set,true
v37349,v52225,set,true
v37349,v52226,alt,true
v37371,v36791,set,true
v37371,v41452,set,true
v37372,v44153,seq,true
v37380,v17872,orig,true
v37385,v37386,char,true
v37386,v37385,char,true
v37400,v37401,seq,true
v37401,v37400,preq,true
v37408,v37212,ser,true
v37408,v37549,ser,true
v37410,v30115,preq,true
v37458,v29658,ser,true
v37461,v29658,ser,true
v37461,v37467,ser,true
v37467,v37461,ser,true
v37473,v48139,seq,true
v37479,v857,set,true
v37480,v3260,side,false
v37481,v7940,preq,true
v37482,v1014,seq,false
v37484,v1715,char,false
v37498,v31614,orig,true
v37501,v40216,ser,true
v37502,v26769,orig,true
v37510,v19436,preq,true
v37515,v23454,preq,true
v37515,v37516,seq,true
v37516,v37515,preq,true
v37517,v24795,ser,true
v37517,v40787,ser,true
v37519,v48567,seq,true
v37521,v26306,preq,true
v37524,v30676,alt,true
v37526,v745,char,false
v37528,v61597,seq,true
v37529,v7771,alt,false
v37531,v701,preq,false
v37533,v37534,ser,true
v37534,v37533,ser,true
v37540,v37541,ser,true
v37541,v37540,ser,true
v37546,v37547,preq,true
v37547,v37546,seq,true
v37549,v37408,ser,true
v37549,v49148,ser,true
v37552,v52653,preq,true
v37554,v37970,preq,true
v37554,v42264,seq,true
v37555,v7765,preq,true
v37557,v34803,char,true
v37559,v3540,orig,true
v37561,v42430,char,true
v37562,v32019,ser,true
v37562,v38645,ser,true
v37570,v41753,char,false
v37573,v4502,char,true
v37581,v43567,char,true
v37584,v41980,ser,true
v37586,v36731,preq,true
v37594,v43121,seq,true
v37597,v37598,alt,true
v37598,v37597,alt,true
v37599,v45058,preq,true
v37603,v18157,preq,false
v37604,v35305,char,false
v37605,v3661,preq,false
v37606,v36228,preq,true
v37611,v3661,orig,false
v37611,v52668,preq,true
v37615,v39021,ser,true
v37616,v29251,alt,true
v37618,v17333,preq,true
v37619,v34737,char,false
v37620,v33,alt,false
v37620,v36,char,false
v37638,v30831,preq,true
v37640,v27307,preq,true
v37646,v37662,seq,true
v37649,v31792,alt,true
v37651,v1552,alt,true
v37653,v37678,side,true
v37653,v37679,ser,true
v37653,v37680,seq,true
v37654,v37670,seq,true
v37655,v36157,preq,true
v37662,v37646,preq,true
v37667,v41995,set,true
v37670,v37654,preq,true
v37670,v37671,seq,true
v37671,v37670,preq,true
v37672,v37673,seq,true
v37673,v37672,preq,true
v37675,v37676,seq,true
v37676,v37675,preq,true
v37678,v37653,par,true
v37678,v37679,ser,true
v37678,v37680,ser,true
v37679,v37653,ser,true
v37679,v37678,ser,true
v37679,v37680,ser,true
v37680,v37653,preq,true
v37680,v37678,ser,true
v37680,v37679,ser,true
v37684,v857,char,false
v37696,v25484,ser,true
v37696,v37697,ser,true
v37697,v37696,ser,true
v37699,v43544,seq,true
v37708,v22904,ser,true
v37713,v37714,alt,true
v37714,v37713,alt,true
v37717,v37719,char,true
v37718,v37719,seq,true
v37719,v37717,char,true
v37719,v37718,preq,true
v37734,v34611,preq,true
v37742,v35710,set,true
v37742,v37218,set,true
v37742,v45811,char,true
v37742,v45955,char,true
v37742,v46837,char,true
v37742,v48861,set,true
v37742,v50535,set,true
v37742,v52848,set,true
v37743,v42967,preq,true
v37752,v62305,par,true
v37758,v26949,set,true
v37759,v22450,par,false
v37759,v25835,par,false
v37759,v25869,par,false
v37759,v25872,par,false
v37759,v34539,par,false
v37760,v22450,par,true
v37760,v25835,par,true
v37760,v25869,par,true
v37760,v25872,par,true
v37760,v31766,par,true
v37760,v34539,par,true
v37760,v43538,char,true
v37761,v22450,par,false
v37761,v25835,par,false
v37761,v25869,par,false
v37761,v25872,par,false
v37761,v34539,par,false
v37768,v28259,preq,true
v37768,v47348,side,true
v37770,v37832,ser,true
v37770,v38107,ser,true
v37791,v37794,seq,true
v37791,v37799,set,true
v37792,v37794,preq,true
v37794,v37791,preq,true
v37794,v37792,seq,true
v37795,v13066,char,true
v37796,v37797,seq,true
v37797,v37796,preq,true
v37798,v37799,seq,true
v37798,v37802,side,true
v37798,v37803,ser,true
v37799,v37791,set,true
v37799,v37798,preq,true
v37799,v37800,set,true
v37799,v37801,set,true
v37800,v37799,set,true
v37801,v37799,set,true
v37801,v37804,set,true
v37801,v37805,side,true
v37802,v37798,par,true
v37803,v37798,ser,true
v37804,v37801,set,true
v37805,v37801,par,true
v37806,v13294,preq,true
v37809,v43500,preq,true
v37809,v45779,seq,true
v37810,v58457,side,true
v37814,v55847,char,true
v37816,v37818,set,true
v37817,v37818,set,true
v37818,v37816,set,true
v37818,v37817,set,true
v37830,v4567,char,false
v37832,v36752,ser,true
v37832,v37770,ser,true
v37841,v56426,preq,true
v37844,v33502,ser,true
v37844,v39962,ser,true
v37852,v52658,preq,true
v37856,v12730,preq,true
v37857,v42010,set,true
v37866,v47276,set,true
v37876,v32398,preq,true
v37879,v33941,seq,true
v37891,v37892,seq,true
v37891,v41600,ser,true
v37892,v37891,preq,true
v37900,v45644,ser,true
v37904,v35919,set,true
v37909,v36525,preq,true
v37909,v43171,seq,true
v37927,v24481,par,true
v37929,v30202,set,true
v37932,v21905,alt,false
v37933,v17401,preq,true
v37936,v51740,set,true
v37936,v54051,seq,true
v37936,v61265,set,true
v37939,v23928,preq,true
v37944,v29718,preq,true
v37945,v18457,char,false
v37945,v38069,ser,true
v37950,v37951,seq,true
v37951,v37950,preq,true
v37951,v37952,seq,true
v37952,v37951,preq,true
v37953,v31639,char,true
v37961,v31639,char,true
v37962,v42608,set,true
v37964,v31638,char,true
v37965,v41753,char,false
v37970,v31904,preq,true
v37970,v37554,seq,true
v37989,v30534,alt,true
v37999,v41468,ser,true
v38000,v9155,seq,true
v38001,v32265,ser,true
v38015,v9625,set,false
v38015,v19642,set,false
v38015,v38340,set,false
v38015,v54367,ser,true
v38020,v17799,preq,true
v38021,v62316,ser,true
v38023,v28983,char,true
v38024,v28452,seq,true
v38026,v32407,preq,true
v38037,v53485,fan,true
v38037,v53486,set,true
v38037,v59409,side,true
v38038,v47717,alt,true
v38039,v33,char,false
v38039,v36,char,false
v38039,v51,char,false
v38039,v38040,ser,true
v38040,v264,char,false
v38040,v893,char,false
v38040,v4445,char,false
v38040,v38039,ser,true
v38046,v31117,ser,true
v38052,v1115,preq,true
v38055,v48828,side,true
v38067,v29661,orig,true
v38068,v52276,seq,true
v38069,v18457,char,false
v38069,v37945,ser,true
v38069,v38294,ser,true
v38070,v32067,preq,true
v38070,v41025,side,true
v38070,v42090,seq,true
v38070,v46785,seq,true
v38084,v30746,preq,true
v38087,v30637,char,true
v38107,v37770,ser,true
v38107,v39069,ser,true
v38108,v33314,preq,true
v38108,v52718,seq,true
v38113,v30832,preq,true
v38119,v54261,seq,true
v38120,v38121,seq,true
v38121,v38120,preq,true
v38122,v31681,alt,false
v38125,v50151,seq,true
v38127,v33544,preq,true
v38127,v47005,seq,true
v38131,v38133,seq,true
v38133,v38131,preq,true
v38134,v38163,char,true
v38135,v38140,side,true
v38137,v38142,par,true
v38140,v38135,par,true
v38142,v38137,side,true
v38148,v38159,preq,true
v38148,v38164,seq,true
v38150,v30516,preq,true
v38159,v38148,seq,true
v38163,v38134,char,true
v38164,v38148,preq,true
v38167,v826,orig,true
v38168,v38169,seq,true
v38168,v38170,ser,true
v38169,v38168,preq,true
v38170,v38168,ser,true
v38171,v28861,preq,true
v38172,v36756,par,true
v38174,v31323,ser,true
v38181,v32804,preq,true
v38184,v38186,preq,true
v38185,v38258,seq,true
v38186,v38184,seq,true
v38186,v38200,preq,true
v38191,v38203,set,true
v38191,v47054,set,true
v38191,v53543,char,true
v38200,v38186,seq,true
v38203,v38191,set,true
v38204,v18845,ser,true
v38207,v38208,fan,true
v38208,v38207,orig,true
v38218,v26058,preq,true
v38224,v12381,par,true
v38236,v26709,par,true
v38247,v38248,fan,true
v38247,v38249,char,true
v38248,v38247,orig,true
v38249,v38247,char,true
v38258,v38185,preq,true
v38264,v38267,preq,true
v38267,v38264,seq,true
v38271,v29881,preq,true
v38271,v50075,seq,true
v38275,v10731,par,true
v38294,v18457,char,false
v38294,v38069,ser,true
v38307,v60535,set,true
v38314,v799,alt,true
v38318,v38319,preq,true
v38319,v38318,seq,true
v38323,v32608,preq,true
v38323,v34852,char,true
v38323,v40201,char,true
v38323,v53758,char,true
v38324,v21875,preq,true
v38327,v36241,preq,true
v38329,v38351,preq,true
v38331,v34418,orig,true
v38332,v38333,ser,true
v38333,v38332,ser,true
v38333,v47145,ser,true
v38339,v2061,char,false
v38339,v2062,char,false
v38339,v3424,char,false
v38339,v4203,char,false
v38339,v18027,char,false
v38339,v51905,char,false
v38340,v9625,set,false
v38340,v19642,ser,true
v38340,v38015,set,false
v38348,v14156,par,true
v38351,v38329,seq,true
v38357,v38360,fan,true
v38358,v38361,fan,true
v38358,v38365,fan,true
v38359,v38369,alt,true
v38360,v38357,orig,true
v38361,v38358,orig,true
v38363,v38368,orig,true
v38365,v38358,orig,true
v38367,v46339,set,true
v38367,v60432,side,true
v38368,v38363,fan,true
v38368,v38369,char,true
v38369,v38359,alt,true
v38369,v38368,char,true
v38388,v36211,preq,true
v38390,v20440,set,true
v38391,v41998,seq,true
v38392,v13828,alt,true
v38393,v10423,alt,true
v38404,v32269,orig,true
v38440,v58290,side,true
v38448,v58384,seq,true
v38453,v45005,fan,true
v38473,v47420,preq,true
v38473,v55520,seq,true
v38475,v37260,set,false
v38488,v38489,seq,true
v38489,v38488,preq,true
v38491,v42720,char,true
v38501,v29047,orig,true
v38502,v38504,preq,true
v38503,v38504,seq,true
v38504,v38502,seq,true
v38504,v38503,preq,true
v38510,v33896,set,true
v38511,v29909,set,true
v38511,v54050,set,true
v38513,v27386,ser,true
v38513,v53742,ser,true
v38514,v3706,preq,true
v38514,v23464,seq,true
v38533,v40200,char,true
v38538,v38539,seq,true
v38539,v38538,preq,true
v38542,v26749,orig,true
v38551,v38553,seq,true
v38553,v38551,preq,true
v38553,v38554,side,true
v38554,v38553,par,true
v38560,v38561,ser,true
v38561,v38560,ser,true
v38562,v38569,ser,true
v38569,v38562,ser,true
v38569,v38570,ser,true
v38570,v38569,ser,true
v38573,v21266,char,true
v38599,v25422,orig,true
v38603,v20,orig,false
v38603,v47310,ser,true
v38604,v53087,seq,true
v38616,v38833,alt,false
v38616,v39275,seq,true
v38616,v43780,alt,true
v38631,v38633,seq,true
v38632,v38633,preq,true
v38633,v38631,preq,true
v38633,v38632,seq,true
v38640,v17545,ser,true
v38643,v17545,par,true
v38645,v37562,ser,true
v38645,v39871,ser,true
v38646,v33287,preq,true
v38649,v31766,par,true
v38650,v38806,ser,true
v38653,v33501,ser,true
v38654,v36956,preq,true
v38674,v36151,preq,true
v38695,v48508,seq,true
v38713,v38715,preq,true
v38715,v38713,seq,true
v38723,v33350,alt,true
v38723,v33351,alt,true
v38724,v51808,set,true
v38727,v38729,seq,true
v38729,v38727,preq,true
v38730,v38809,seq,true
v38731,v35037,ser,true
v38743,v25041,par,true
v38758,v26426,set,true
v38762,v38763,seq,true
v38762,v45260,set,true
v38762,v55195,set,true
v38763,v38762,preq,true
v38767,v33368,char,true
v38797,v46250,seq,true
v38806,v38650,ser,true
v38806,v38838,ser,true
v38809,v38730,preq,true
v38812,v23634,preq,true
v38815,v34422,preq,true
v38824,v39028,seq,true
v38826,v38828,preq,true
v38828,v38826,seq,true
v38829,v24812,orig,true
v38830,v40025,seq,true
v38833,v38616,alt,false
v38833,v39275,set,false
v38835,v41889,char,true
v38838,v27895,ser,true
v38838,v38806,ser,true
v38851,v38852,preq,true
v38852,v38851,seq,true
v38855,v38903,par,true
v38858,v38859,seq,true
v38858,v38860,seq,true
v38859,v38858,preq,true
v38860,v38858,preq,true
v38860,v38861,seq,true
v38861,v38860,preq,true
v38864,v41075,char,true
v38875,v25376,ser,true
v38883,v38887,seq,true
v38887,v38883,preq,true
v38891,v30877,char,true
v38891,v36751,char,true
v38891,v45953,alt,true
v38891,v52351,seq,true
v38894,v52457,ser,true
v38894,v60851,ser,true
v38903,v38855,side,true
v38914,v42750,preq,true
v38940,v7014,ser,false
v38940,v40632,side,false
v38940,v60024,alt,true
v38943,v27560,set,true
v38953,v23026,preq,true
v38983,v7014,set,false
v38989,v39181,preq,true
v38996,v45246,ser,true
v39000,v44379,char,true
v39001,v50842,seq,true
v39014,v315,char,true
v39014,v2346,char,true
v39021,v37615,ser,true
v39021,v48213,side,true
v39021,v48734,side,true
v39022,v23498,char,true
v39022,v28820,char,true
v39027,v14261,preq,true
v39027,v42534,seq,true
v39028,v38824,preq,true
v39028,v39455,seq,true
v39030,v2002,preq,false
v39030,v28288,fan,true
v39031,v39032,char,false
v39031,v39033,par,true
v39031,v40423,char,false
v39031,v40425,char,false
v39031,v40426,char,false
v39031,v40428,char,false
v39032,v39031,char,false
v39032,v40425,ser,true
v39033,v39031,side,true
v39039,v40431,ser,true
v39039,v40432,ser,true
v39039,v40434,ser,true
v39039,v40441,ser,true
v39039,v40445,ser,true
v39039,v48241,ser,true
v39040,v39042,seq,true
v39042,v39040,preq,true
v39042,v39045,seq,true
v39045,v39042,preq,true
v39069,v38107,ser,true
v39069,v43001,ser,true
v39070,v31999,seq,true
v39072,v28352,par,true
v39086,v39087,char,true
v39087,v13928,char,true
v39087,v39086,char,true
v39087,v39088,alt,true
v39088,v39087,alt,true
v39106,v39109,ser,true
v39109,v39106,ser,true
v39112,v33684,seq,true
v39121,v26007,seq,true
v39136,v16693,char,true
v39136,v19711,char,true
v39136,v39994,ser,true
v39137,v28302,seq,true
v39138,v22766,char,true
v39138,v23390,char,true
v39138,v50680,ser,true
v39139,v39145,set,true
v39140,v39144,set,true
v39144,v39140,set,true
v39145,v39139,set,true
v39146,v31517,orig,true
v39146,v31782,orig,true
v39146,v34044,preq,true
v39146,v35695,orig,true
v39151,v39163,char,true
v39160,v47225,set,true
v39162,v39163,char,true
v39162,v39166,seq,true
v39163,v39151,char,true
v39163,v39162,char,true
v39163,v39164,seq,true
v39164,v39163,preq,true
v39165,v39170,seq,true
v39166,v39162,preq,true
v39166,v39167,seq,true
v39167,v39166,preq,true
v39170,v39165,preq,true
v39177,v39179,side,true
v39179,v39177,par,true
v39180,v33,char,false
v39181,v38989,seq,true
v39186,v40334,char,true
v39192,v39213,seq,true
v39193,v39194,ser,true
v39194,v39193,ser,true
v39197,v37021,preq,true
v39213,v39192,preq,true
v39223,v37236,preq,true
v39223,v39224,seq,true
v39224,v39223,preq,true
v39233,v34941,set,true
v39249,v28157,orig,false
v39251,v39252,preq,true
v39252,v39251,seq,true
v39256,v26841,alt,true
v39259,v33,char,false
v39259,v39261,seq,true
v39260,v33,char,false
v39261,v39259,preq,true
v39261,v39262,side,true
v39261,v39263,seq,true
v39262,v39261,par,true
v39263,v39261,preq,true
v39272,v18,char,false
v39273,v33,char,false
v39275,v38616,preq,true
v39275,v38833,set,false
v39275,v43780,alt,true
v39283,v48901,ser,true
v39283,v48902,ser,true
v39284,v39287,preq,true
v39287,v39284,seq,true
v39292,v45,char,true
v39292,v94,char,true
v39292,v183,char,true
v39292,v433,char,true
v39292,v4215,char,true
v39308,v25464,set,true
v39314,v10297,alt,true
v39317,v36301,set,true
v39317,v47574,seq,true
v39318,v40807,seq,true
v39331,v41144,seq,true
v39331,v46962,set,true
v39332,v39333,ser,true
v39333,v39332,ser,true
v39337,v16030,alt,true
v39339,v22500,char,true
v39339,v25441,char,true
v39340,v27244,preq,true
v39341,v56634,par,true
v39347,v2166,char,false
v39351,v25928,seq,true
v39357,v48891,ser,true
v39383,v41077,seq,true
v39390,v39406,preq,true
v39393,v26248,preq,true
v39402,v39403,seq,true
v39403,v39402,preq,true
v39403,v53151,char,true
v39403,v56744,char,true
v39406,v39390,seq,true
v39407,v21425,preq,true
v39407,v39408,preq,true
v39408,v21425,preq,true
v39408,v39407,seq,true
v39428,v2632,alt,false
v39435,v39437,preq,true
v39437,v39435,seq,true
v39437,v39443,preq,true
v39441,v39442,seq,true
v39442,v39441,preq,true
v39443,v39437,seq,true
v39443,v39444,preq,true
v39444,v39443,seq,true
v39451,v39469,alt,true
v39455,v39028,preq,true
v39464,v13551,char,true
v39468,v32982,orig,true
v39469,v39451,alt,true
v39484,v51772,char,false
v39495,v39533,ser,true
v39497,v32105,orig,true
v39499,v25115,preq,true
v39499,v51772,char,false
v39532,v51772,char,false
v39533,v39495,ser,true
v39546,v36837,orig,true
v39558,v24400,preq,true
v39565,v39566,seq,true
v39566,v39565,preq,true
v39579,v39680,seq,true
v39585,v37043,ser,true
v39586,v37043,ser,true
v39587,v39605,seq,true
v39587,v48161,ser,true
v39591,v39602,ser,true
v39591,v44165,ser,true
v39592,v35044,par,true
v39597,v34263,ser,true
v39597,v48096,seq,true
v39597,v62112,seq,true
v39602,v39591,ser,true
v39605,v39587,preq,true
v39607,v24571,ser,true
v39613,v18329,alt,true
v39634,v40468,preq,true
v39638,v33283,preq,true
v39638,v62232,seq,true
v39649,v21956,set,true
v39649,v47956,fan,true
v39649,v49478,fan,true
v39658,v1914,char,true
v39658,v15658,preq,true
v39662,v32487,ser,true
v39665,v57020,alt,true
v39672,v25931,char,false
v39673,v39674,side,true
v39674,v39673,par,true
v39680,v39579,preq,true
v39680,v39681,seq,true
v39681,v39680,preq,true
v39685,v51999,seq,true
v39707,v39713,seq,true
v39713,v39707,preq,true
v39775,v32652,ser,true
v39775,v40705,ser,true
v39778,v18717,orig,true
v39781,v43261,seq,true
v39788,v55865,char,true
v39802,v6125,char,true
v39803,v41592,seq,true
v39805,v58361,ser,true
v39810,v36358,par,true
v39819,v32827,char,true
v39822,v29651,preq,true
v39823,v30719,preq,true
v39831,v10057,preq,true
v39832,v10055,par,true
v39833,v39835,ser,true
v39835,v39833,ser,true
v39836,v11575,alt,true
v39838,v4625,ser,true
v39840,v10055,preq,true
v39840,v10056,preq,true
v39843,v21905,alt,false
v39862,v32155,char,true
v39866,v33,par,false
v39866,v39867,alt,true
v39866,v40148,ser,true
v39867,v33,char,false
v39867,v39866,alt,true
v39867,v40148,ser,true
v39869,v40484,seq,true
v39871,v38645,ser,true
v39871,v40211,ser,true
v39872,v27436,preq,true
v39882,v39884,side,true
v39884,v39882,par,true
v39889,v39890,seq,true
v39890,v39889,preq,true
v39891,v39892,seq,true
v39892,v39891,preq,true
v39900,v2097,char,false
v39900,v39901,fan,true
v39901,v2097,char,false
v39901,v39900,orig,true
v39902,v2918,alt,true
v39904,v57628,ser,true
v39904,v58798,ser,true
v39905,v32132,orig,true
v39911,v39912,seq,true
v39912,v39911,preq,true
v39913,v39917,ser,true
v39916,v39918,ser,true
v39917,v39913,ser,true
v39918,v39916,ser,true
v39928,v32655,orig,true
v39936,v29638,preq,true
v39936,v55175,seq,true
v39947,v23203,preq,true
v39952,v50200,set,true
v39959,v27345,ser,true
v39959,v39962,ser,true
v39962,v37844,ser,true
v39962,v39959,ser,true
v39964,v23789,ser,true
v39964,v39966,seq,true
v39965,v28217,ser,true
v39966,v23789,seq,true
v39966,v39964,preq,true
v39971,v33601,ser,true
v39971,v50152,ser,true
v39979,v50142,set,true
v39985,v18002,preq,true
v39994,v39136,ser,true
v39998,v32755,preq,true
v40001,v40238,alt,true
v40001,v40239,alt,true
v40001,v40240,alt,true
v40001,v40244,alt,true
v40001,v40245,alt,true
v40001,v40253,alt,true
v40001,v40254,preq,true
v40001,v40255,side,true
v40001,v40420,side,true
v40001,v50074,char,true
v40025,v38830,preq,true
v40027,v7721,orig,true
v40029,v29498,ser,true
v40032,v26753,seq,true
v40047,v11355,par,true
v40047,v43464,ser,true
v40052,v27212,set,false
v40057,v50074,fan,true
v40058,v42883,ser,true
v40059,v40060,seq,true
v40060,v40059,preq,true
v40063,v7198,char,true
v40071,v13498,par,true
v40072,v40075,ser,true
v40075,v40072,ser,true
v40086,v40088,seq,true
v40086,v60332,ser,true
v40088,v40086,preq,true
v40099,v40100,preq,true
v40100,v40099,seq,true
v40100,v40101,seq,true
v40101,v40100,preq,true
v40125,v40126,seq,true
v40126,v40125,preq,true
v40130,v40134,seq,true
v40131,v40132,ser,true
v40132,v40131,ser,true
v40134,v40130,preq,true
v40136,v26625,preq,true
v40146,v33,char,false
v40146,v40148,ser,true
v40147,v7,char,false
v40148,v33,char,false
v40148,v39866,ser,true
v40148,v39867,ser,true
v40148,v40146,ser,true
v40148,v40151,ser,true
v40151,v33,seq,false
v40151,v40148,ser,true
v40171,v30986,preq,true
v40180,v10519,par,true
v40180,v58255,preq,true
v40188,v19315,preq,true
v40192,v3809,par,true
v40195,v37219,char,true
v40197,v40788,preq,true
v40200,v38533,char,true
v40201,v32608,char,true
v40201,v38323,char,true
v40211,v39871,ser,true
v40211,v40677,ser,true
v40216,v37501,ser,true
v40217,v42045,ser,true
v40220,v33619,preq,true
v40221,v33618,preq,true
v40238,v40001,alt,true
v40239,v40001,alt,true
v40240,v40001,alt,true
v40244,v40001,alt,true
v40245,v40001,alt,true
v40253,v40001,alt,true
v40254,v40001,seq,true
v40255,v40001,par,true
v40257,v40258,seq,true
v40258,v40257,preq,true
v40288,v40289,seq,true
v40289,v40288,preq,true
v40290,v40336,seq,true
v40296,v40298,seq,true
v40298,v40296,preq,true
v40320,v27212,set,false
v40332,v46692,set,true
v40334,v39186,char,true
v40335,v40336,preq,true
v40336,v40290,preq,true
v40336,v40335,seq,true
v40346,v24,char,false
v40348,v6607,alt,true
v40350,v6607,alt,true
v40353,v40355,alt,true
v40355,v40353,alt,true
v40371,v48629,preq,true
v40383,v40385,ser,true
v40385,v36173,ser,true
v40385,v40383,ser,true
v40390,v3126,alt,false
v40390,v22867,alt,false
v40390,v53040,side,false
v40390,v58559,side,false
v40404,v53653,side,true
v40404,v54100,fan,true
v40405,v9293,preq,true
v40405,v9294,ser,true
v40406,v56079,ser,true
v40410,v17199,alt,true
v40420,v40001,par,true
v40422,v27212,set,false
v40423,v39031,char,false
v40425,v39031,char,false
v40425,v39032,ser,true
v40426,v39031,char,false
v40428,v39031,char,false
v40429,v46686,seq,true
v40431,v39039,ser,true
v40431,v40432,ser,true
v40431,v40434,ser,true
v40431,v40441,ser,true
v40431,v40445,ser,true
v40431,v48241,ser,true
v40432,v39039,ser,true
v40432,v40431,ser,true
v40432,v40434,ser,true
v40432,v40441,ser,true
v40432,v40445,ser,true
v40432,v48241,ser,true
v40434,v39039,ser,true
v40434,v40431,ser,true
v40434,v40432,ser,true
v40434,v40441,ser,true
v40434,v40445,ser,true
v40434,v48241,ser,true
v40441,v39039,ser,true
v40441,v40431,ser,true
v40441,v40432,ser,true
v40441,v40434,ser,true
v40441,v40445,ser,true
v40441,v48241,ser,true
v40445,v39039,ser,true
v40445,v40431,ser,true
v40445,v40432,ser,true
v40445,v40434,ser,true
v40445,v40441,ser,true
v40445,v48241,ser,true
v40461,v29196,ser,true
v40464,v36178,preq,true
v40464,v40468,seq,true
v40468,v39634,seq,true
v40468,v40464,preq,true
v40470,v43779,seq,true
v40471,v41384,side,true
v40484,v39869,preq,true
v40484,v40743,seq,true
v40501,v21418,alt,false
v40507,v31669,preq,true
v40515,v43949,ser,true
v40516,v43221,seq,true
v40519,v53877,fan,true
v40534,v34435,ser,true
v40549,v45070,seq,true
v40554,v40556,seq,true
v40554,v40557,fan,true
v40556,v40554,preq,true
v40557,v40554,orig,true
v40576,v34902,ser,true
v40576,v54126,ser,true
v40580,v40581,ser,true
v40581,v40580,ser,true
v40585,v34737,char,false
v40585,v56867,seq,true
v40589,v12531,preq,true
v40590,v34173,set,true
v40614,v43317,alt,true
v40614,v43421,char,true
v40615,v30244,alt,true
v40627,v30662,preq,true
v40627,v62267,ser,true
v40631,v7014,ser,false
v40632,v38940,par,false
v40638,v30685,ser,true
v40640,v30685,ser,true
v40641,v30685,ser,true
v40649,v34716,alt,true
v40652,v43028,seq,true
v40658,v31541,seq,true
v40675,v51770,char,true
v40677,v40211,ser,true
v40677,v49447,ser,true
v40680,v23803,alt,false
v40680,v24610,alt,false
v40685,v34501,set,true
v40685,v47178,ser,true
v40689,v17020,preq,true
v40691,v40692,set,true
v40692,v40691,set,true
v40692,v40693,char,true
v40693,v40692,char,true
v40698,v11,orig,false
v40705,v39775,ser,true
v40730,v62187,side,true
v40743,v40484,preq,true
v40744,v27649,preq,true
v40751,v42180,side,true
v40768,v40777,seq,true
v40777,v40768,preq,true
v40787,v24795,ser,true
v40787,v37517,ser,true
v40788,v33314,ser,true
v40788,v40197,seq,true
v40788,v44733,ser,true
v40794,v26796,char,false
v40797,v40824,ser,true
v40800,v40801,seq,true
v40801,v40800,preq,true
v40803,v40808,ser,true
v40807,v39318,preq,true
v40808,v40803,ser,true
v40810,v40811,par,true
v40811,v40810,side,true
v40813,v46502,fan,true
v40824,v40797,ser,true
v40843,v40844,seq,true
v40844,v40843,preq,true
v40844,v40845,seq,true
v40845,v40844,preq,true
v40845,v40846,seq,true
v40846,v40845,preq,true
v40857,v15998,preq,true
v40858,v28326,orig,true
v40863,v37000,preq,true
v40865,v40920,char,true
v40866,v40920,char,true
v40869,v40920,char,true
v40881,v40884,side,true
v40884,v40881,par,true
v40885,v9927,par,true
v40912,v23561,seq,true
v40913,v23561,alt,true
v40918,v40920,char,true
v40919,v40920,char,true
v40920,v40865,char,true
v40920,v40866,char,true
v40920,v40869,char,true
v40920,v40918,char,true
v40920,v40919,char,true
v40922,v40923,seq,true
v40923,v40922,preq,true
v40927,v40928,seq,true
v40928,v40927,preq,true
v40928,v40955,seq,true
v40946,v33587,par,true
v40949,v17996,par,true
v40955,v40928,preq,true
v41025,v38070,par,true
v41027,v32972,set,true
v41033,v31687,seq,true
v41034,v41036,set,true
v41036,v41034,set,true
v41036,v41044,side,true
v41044,v41036,par,true
v41048,v41067,side,true
v41052,v53938,preq,true
v41057,v33138,set,true
v41057,v48976,char,true
v41057,v50166,char,true
v41057,v50226,char,true
v41057,v54273,char,true
v41057,v60694,char,true
v41061,v41064,preq,true
v41064,v41061,seq,true
v41067,v41048,par,true
v41074,v37312,seq,true
v41075,v26437,char,true
v41075,v28271,char,true
v41075,v32105,char,true
v41075,v36710,preq,true
v41075,v38864,char,true
v41077,v39383,preq,true
v41079,v42216,alt,true
v41085,v41086,set,true
v41086,v41085,set,true
v41096,v25998,preq,true
v41097,v22473,alt,true
v41098,v42725,char,true
v41104,v34829,par,false
v41105,v34829,char,false
v41109,v41111,seq,true
v41110,v41111,preq,true
v41110,v41113,seq,true
v41111,v41109,preq,true
v41111,v41110,seq,true
v41113,v41110,preq,true
v41113,v41114,seq,true
v41114,v41113,preq,true
v41114,v41115,seq,true
v41115,v41114,preq,true
v41117,v55887,seq,true
v41118,v41119,side,true
v41118,v41121,seq,true
v41119,v41118,par,true
v41121,v41118,preq,true
v41130,v33742,set,true
v41138,v41139,seq,true
v41139,v41138,preq,true
v41139,v41141,seq,true
v41141,v41139,preq,true
v41144,v39331,preq,true
v41181,v46845,par,true
v41182,v31379,orig,true
v41188,v6890,char,true
v41188,v6891,char,true
v41188,v6931,char,true
v41188,v6938,char,true
v41188,v22323,char,true
v41194,v41316,preq,true
v41195,v26000,preq,true
v41217,v41218,side,true
v41218,v41217,par,true
v41225,v41227,seq,true
v41225,v41232,side,true
v41226,v41229,seq,true
v41227,v41225,preq,true
v41229,v41226,preq,true
v41232,v41225,par,true
v41278,v41690,side,true
v41280,v14320,preq,true
v41280,v41281,seq,true
v41281,v41280,preq,true
v41283,v41284,side,true
v41284,v41283,par,true
v41299,v41300,seq,true
v41300,v41299,preq,true
v41316,v41194,seq,true
v41321,v41327,side,true
v41327,v41321,par,true
v41339,v30228,preq,true
v41344,v41345,ser,true
v41345,v41344,ser,true
v41357,v41359,side,true
v41359,v41357,par,true
v41367,v34454,orig,true
v41370,v41642,preq,true
v41384,v40471,par,true
v41393,v31761,par,false
v41422,v61396,char,false
v41426,v34691,set,true
v41431,v41432,seq,true
v41432,v41431,preq,true
v41437,v42977,set,true
v41437,v44287,set,true
v41439,v61484,ser,true
v41449,v19044,preq,true
v41449,v47184,set,true
v41449,v51680,set,true
v41449,v52963,set,true
v41452,v37371,set,true
v41452,v46191,set,true
v41468,v36141,ser,true
v41468,v37999,ser,true
v41468,v47299,alt,true
v41469,v36141,ser,true
v41469,v41470,ser,true
v41470,v41469,ser,true
v41524,v32421,seq,true
v41536,v30741,ser,true
v41536,v41537,seq,true
v41537,v41536,preq,true
v41537,v41540,seq,true
v41538,v41539,seq,true
v41539,v41538,preq,true
v41540,v41537,preq,true
v41542,v41543,seq,true
v41543,v41542,preq,true
v41548,v48979,preq,true
v41551,v49555,seq,true
v41565,v41570,ser,true
v41566,v41568,seq,true
v41566,v41572,ser,true
v41568,v41566,preq,true
v41570,v41565,ser,true
v41571,v33939,preq,true
v41572,v41566,ser,true
v41575,v31252,preq,true
v41580,v22977,char,true
v41584,v31467,char,true
v41584,v34705,set,true
v41584,v45593,seq,true
v41592,v39803,preq,true
v41600,v37891,ser,true
v41601,v47147,set,true
v41603,v41768,side,true
v41603,v41769,set,true
v41605,v8335,orig,true
v41610,v56566,seq,true
v41627,v41629,set,true
v41627,v54436,ser,true
v41629,v41627,set,true
v41629,v54436,ser,true
v41641,v44495,preq,true
v41642,v41370,seq,true
v41642,v58476,side,true
v41650,v29468,preq,true
v41652,v41653,seq,true
v41653,v41652,preq,true
v41653,v41654,seq,true
v41654,v41653,preq,true
v41656,v41662,ser,true
v41662,v41656,ser,true
v41675,v41699,preq,true
v41690,v41278,par,true
v41699,v41675,seq,true
v41700,v60207,seq,true
v41714,v41723,seq,true
v41723,v41714,preq,true
v41730,v36457,set,true
v41753,v20336,char,false
v41753,v37570,char,false
v41753,v37965,char,false
v41753,v44324,char,false
v41753,v47607,char,false
v41755,v36452,preq,true
v41756,v41761,set,true
v41761,v41756,set,true
v41761,v41762,set,true
v41762,v41761,set,true
v41768,v41603,par,true
v41769,v41603,set,true
v41782,v61904,seq,true
v41783,v41803,ser,true
v41791,v48570,seq,true
v41792,v30194,set,true
v41803,v41783,ser,true
v41806,v41807,seq,true
v41807,v41806,preq,true
v41816,v46319,seq,true
v41816,v48227,preq,true
v41817,v7014,ser,false
v41834,v41835,fan,true
v41835,v41834,orig,true
v41843,v48045,seq,true
v41847,v24428,alt,true
v41848,v36082,preq,true
v41848,v41849,seq,true
v41849,v41848,preq,true
v41849,v41850,seq,true
v41850,v41849,preq,true
v41850,v41851,seq,true
v41851,v41850,preq,true
v41854,v30145,char,false
v41855,v30145,char,false
v41876,v58786,ser,true
v41887,v41888,set,true
v41888,v41887,set,true
v41889,v38835,char,true
v41889,v41890,side,true
v41890,v41889,par,true
v41894,v41930,seq,true
v41895,v41902,ser,true
v41897,v41898,ser,true
v41898,v41897,ser,true
v41902,v41895,ser,true
v41905,v41930,seq,true
v41910,v41916,preq,true
v41916,v41910,seq,true
v41917,v36142,char,true
v41918,v41920,ser,true
v41919,v41924,seq,true
v41919,v45995,set,true
v41920,v41918,ser,true
v41924,v41919,preq,true
v41924,v45995,set,true
v41930,v41894,preq,true
v41930,v41905,preq,true
v41933,v37349,set,true
v41933,v46833,set,true
v41933,v52225,set,true
v41933,v52226,set,true
v41935,v13514,preq,true
v41935,v41953,seq,true
v41936,v34827,orig,true
v41946,v42089,fan,true
v41947,v17731,preq,true
v41953,v41935,preq,true
v41954,v13514,alt,true
v41954,v41963,seq,true
v41954,v41964,ser,true
v41963,v41954,preq,true
v41964,v41954,ser,true
v41966,v16226,preq,true
v41966,v41967,seq,true
v41967,v41966,preq,true
v41968,v42304,seq,true
v41980,v37584,ser,true
v41980,v45997,ser,true
v41982,v30484,preq,true
v41986,v41987,seq,true
v41987,v41986,preq,true
v41987,v41989,fan,true
v41989,v41987,orig,true
v41995,v37667,set,true
v41998,v38391,preq,true
v41998,v46174,char,true
v41998,v49851,char,true
v41998,v56744,char,true
v41998,v56745,char,true
v42002,v42003,ser,true
v42003,v42002,ser,true
v42010,v37857,set,true
v42019,v61644,seq,true
v42022,v15684,preq,true
v42022,v20632,preq,true
v42022,v26593,preq,true
v42029,v1777,alt,true
v42036,v33966,alt,false
v42045,v40217,ser,true
v42048,v28501,set,true
v42048,v49159,set,true
v42054,v35515,preq,true
v42054,v42055,seq,true
v42055,v42054,preq,true
v42060,v25432,set,false
v42060,v30779,alt,true
v42060,v35570,preq,true
v42060,v44319,seq,true
v42068,v48088,char,true
v42068,v48089,ser,true
v42068,v48090,side,true
v42069,v48050,seq,true
v42069,v48065,ser,true
v42069,v48068,set,true
v42082,v7014,ser,false
v42084,v50315,seq,true
v42085,v55575,seq,true
v42089,v41946,orig,true
v42090,v38070,preq,true
v42105,v44704,seq,true
v42126,v33584,alt,true
v42130,v42131,ser,true
v42131,v42130,ser,true
v42143,v799,orig,true
v42143,v2114,orig,true
v42143,v47946,ser,true
v42169,v18872,char,false
v42171,v7014,set,false
v42173,v11472,set,false
v42180,v40751,par,true
v42207,v4918,orig,false
v42209,v92,set,false
v42216,v41079,alt,true
v42233,v32670,char,false
v42244,v42916,seq,true
v42250,v20302,preq,true
v42264,v37554,preq,true
v42265,v18334,preq,false
v42265,v60031,fan,true
v42265,v60032,seq,true
v42268,v7014,ser,false
v42269,v33917,ser,true
v42269,v52859,char,true
v42271,v42272,seq,true
v42272,v42271,preq,true
v42278,v68,par,true
v42278,v15523,par,true
v42278,v31157,par,true
v42279,v45726,set,true
v42279,v53887,seq,true
v42291,v55582,set,true
v42292,v42889,ser,true
v42304,v41968,preq,true
v42304,v42776,seq,true
v42305,v1510,orig,true
v42305,v16695,orig,true
v42305,v21145,orig,true
v42305,v24209,orig,true
v42310,v21905,alt,false
v42311,v21905,alt,false
v42314,v3260,char,false
v42323,v42325,seq,true
v42325,v42323,preq,true
v42336,v51368,seq,true
v42339,v17257,ser,true
v42345,v26300,par,true
v42345,v29344,seq,true
v42356,v32414,preq,true
v42360,v15590,ser,true
v42382,v29889,alt,true
v42382,v50614,seq,true
v42392,v4,char,false
v42392,v33,char,false
v42392,v36,char,false
v42395,v36301,set,true
v42395,v51759,set,true
v42398,v29049,ser,false
v42419,v7014,preq,false
v42430,v33047,char,true
v42430,v37561,char,true
v42433,v30920,orig,true
v42434,v13596,set,true
v42434,v25005,preq,true
v42435,v1715,orig,true
v42435,v25916,preq,true
v42435,v25917,preq,true
v42435,v34043,par,true
v42438,v44128,set,true
v42448,v49842,seq,true
v42455,v7014,ser,false
v42503,v37185,set,true
v42516,v36992,preq,true
v42520,v43941,seq,true
v42529,v52085,ser,true
v42534,v39027,preq,true
v42534,v42535,seq,true
v42535,v42534,preq,true
v42538,v32940,preq,true
v42551,v61365,side,true
v42551,v61366,side,true
v42551,v61368,side,true
v42551,v61369,side,true
v42552,v42553,ser,true
v42552,v42554,ser,true
v42552,v42555,ser,true
v42553,v42552,ser,true
v42554,v42552,ser,true
v42555,v42552,ser,true
v42561,v56947,char,false
v42561,v62152,ser,true
v42562,v42563,seq,true
v42563,v42562,preq,true
v42577,v42578,set,true
v42577,v50848,char,true
v42578,v42577,set,true
v42608,v37962,set,true
v42608,v56818,alt,true
v42608,v58772,seq,true
v42610,v18609,preq,true
v42615,v17994,char,false
v42615,v53306,char,false
v42617,v16897,orig,true
v42634,v25960,side,true
v42636,v19273,orig,false
v42652,v2088,set,true
v42652,v11769,set,true
v42655,v20485,set,true
v42659,v7679,char,false
v42681,v36634,set,true
v42712,v33036,orig,true
v42720,v30814,char,true
v42720,v34659,char,true
v42720,v38491,char,true
v42725,v41098,char,true
v42725,v42829,char,true
v42727,v42728,seq,true
v42727,v42729,side,true
v42727,v42827,ser,true
v42727,v42829,char,true
v42728,v42727,preq,true
v42729,v42727,par,true
v42740,v27769,preq,true
v42750,v38914,seq,true
v42753,v12099,orig,false
v42766,v21905,char,false
v42776,v42304,preq,true
v42776,v42947,seq,true
v42778,v43991,set,true
v42778,v53830,seq,true
v42827,v42727,ser,true
v42829,v42725,char,true
v42829,v42727,char,true
v42832,v42834,char,true
v42833,v42834,char,true
v42834,v42832,char,true
v42834,v42833,char,true
v42848,v32982,char,true
v42848,v58444,seq,true
v42849,v58572,fan,true
v42851,v30302,preq,true
v42851,v61609,preq,true
v42855,v15506,set,true
v42876,v43377,ser,true
v42883,v40058,ser,true
v42883,v44092,ser,true
v42884,v51172,side,true
v42887,v27072,ser,true
v42887,v45631,alt,true
v42887,v46207,alt,true
v42887,v52538,seq,true
v42889,v42292,ser,true
v42893,v42895,seq,true
v42894,v42897,preq,true
v42895,v42893,preq,true
v42895,v42897,seq,true
v42897,v42894,seq,true
v42897,v42895,preq,true
v42898,v42946,fan,true
v42904,v20167,char,true
v42905,v16716,alt,true
v42905,v18998,alt,true
v42905,v20819,alt,true
v42905,v34167,alt,true
v42906,v49190,set,true
v42906,v50983,set,true
v42907,v25770,alt,true
v42908,v51845,ser,false
v42912,v53387,seq,true
v42914,v42915,preq,true
v42915,v42914,seq,true
v42916,v42244,preq,true
v42918,v42919,preq,true
v42918,v42921,preq,true
v42919,v42918,seq,true
v42919,v42920,preq,true
v42920,v42919,seq,true
v42921,v42918,seq,true
v42927,v9846,set,false
v42934,v19951,seq,false
v42936,v60849,seq,true
v42939,v22124,alt,false
v42940,v34140,char,true
v42941,v55426,seq,true
v42942,v52619,set,true
v42946,v42898,orig,true
v42947,v42776,preq,true
v42947,v43057,seq,true
v42952,v26263,ser,true
v42952,v42957,ser,true
v42952,v42961,ser,true
v42952,v42964,ser,true
v42952,v42965,ser,true
v42957,v23460,alt,true
v42957,v26263,ser,true
v42957,v42952,ser,true
v42957,v42961,ser,true
v42957,v42964,ser,true
v42957,v42965,ser,true
v42960,v43161,seq,true
v42961,v26263,ser,true
v42961,v42952,ser,true
v42961,v42957,ser,true
v42961,v42964,ser,true
v42961,v42965,ser,true
v42964,v26263,seq,true
v42964,v42952,ser,true
v42964,v42957,ser,true
v42964,v42961,ser,true
v42964,v42965,set,true
v42965,v26263,set,true
v42965,v42952,ser,true
v42965,v42957,ser,true
v42965,v42961,ser,true
v42965,v42964,set,true
v42967,v37743,seq,true
v42977,v41437,set,true
v42984,v42985,seq,true
v42985,v42984,preq,true
v42991,v42993,ser,true
v42991,v58109,ser,true
v42993,v42991,ser,true
v42993,v58109,ser,true
v42996,v42998,seq,true
v42997,v43013,seq,true
v42998,v42996,preq,true
v42998,v43025,seq,true
v43001,v39069,ser,true
v43013,v42997,preq,true
v43013,v43027,seq,true
v43014,v43026,ser,true
v43018,v14669,char,true
v43025,v42998,preq,true
v43025,v43043,seq,true
v43026,v43014,ser,true
v43027,v43013,preq,true
v43028,v40652,preq,true
v43037,v45712,side,true
v43042,v43043,preq,true
v43043,v43025,preq,true
v43043,v43042,seq,true
v43045,v46057,ser,true
v43051,v23074,ser,true
v43053,v35291,preq,true
v43053,v48444,seq,true
v43055,v7014,ser,false
v43056,v30340,par,false
v43057,v42947,preq,true
v43068,v30289,set,false
v43069,v16323,alt,true
v43070,v14532,par,true
v43070,v45579,orig,true
v43071,v6639,char,false
v43073,v22256,preq,true
v43075,v7014,set,false
v43089,v57394,preq,true
v43105,v7014,ser,false
v43115,v19237,char,true
v43121,v37594,preq,true
v43123,v31489,preq,true
v43130,v51376,seq,true
v43132,v29296,preq,true
v43146,v43250,seq,true
v43149,v31050,par,true
v43151,v29476,preq,true
v43151,v32448,alt,true
v43155,v43156,ser,true
v43156,v3260,char,false
v43156,v43155,ser,true
v43158,v43159,side,true
v43159,v43158,par,true
v43160,v31005,ser,true
v43161,v42960,preq,true
v43161,v60703,set,true
v43168,v43169,seq,true
v43169,v43168,preq,true
v43170,v50466,set,true
v43171,v37909,preq,true
v43171,v44656,seq,true
v43173,v48708,ser,true
v43175,v54452,ser,true
v43184,v43185,char,true
v43185,v43184,char,true
v43189,v34413,seq,true
v43203,v32976,set,true
v43218,v43219,alt,true
v43219,v43218,alt,true
v43220,v13130,preq,true
v43221,v40516,preq,true
v43223,v28587,set,true
v43242,v44434,par,true
v43243,v556,char,true
v43243,v1356,char,true
v43243,v1357,char,true
v43243,v1543,char,true
v43243,v4553,char,true
v43243,v9377,char,true
v43243,v23902,char,true
v43243,v23903,char,true
v43250,v43146,preq,true
v43253,v32140,preq,true
v43253,v32156,preq,true
v43261,v39781,preq,true
v43295,v47846,side,true
v43312,v36011,ser,true
v43312,v55281,ser,true
v43312,v60915,side,true
v43317,v40614,alt,true
v43317,v43422,char,true
v43323,v30445,ser,true
v43326,v43328,seq,true
v43328,v43326,preq,true
v43330,v27184,char,true
v43330,v30364,char,true
v43330,v53260,char,true
v43344,v34013,preq,true
v43361,v45280,seq,true
v43367,v53398,fan,true
v43377,v42876,ser,true
v43377,v45077,ser,true
v43392,v44986,fan,true
v43395,v43396,side,true
v43396,v43395,par,true
v43400,v43408,seq,true
v43402,v55239,seq,true
v43408,v43400,preq,true
v43410,v56492,seq,true
v43416,v62199,alt,true
v43420,v22365,set,true
v43421,v40614,char,true
v43422,v43317,char,true
v43426,v3260,char,false
v43429,v3661,char,false
v43431,v32502,preq,true
v43438,v53382,alt,false
v43438,v60701,alt,false
v43438,v61054,side,false
v43438,v61055,alt,false
v43438,v61063,alt,false
v43438,v61396,alt,false
v43448,v29884,preq,true
v43455,v33651,side,true
v43456,v58113,side,true
v43459,v13188,orig,true
v43460,v9086,ser,true
v43464,v11355,ser,true
v43464,v40047,ser,true
v43466,v9797,seq,true
v43470,v24067,char,false
v43470,v60685,alt,false
v43476,v59265,seq,true
v43492,v30554,char,true
v43494,v30758,seq,true
v43498,v47241,char,true
v43500,v37809,seq,true
v43501,v54205,fan,true
v43510,v34839,preq,true
v43513,v49299,ser,true
v43525,v24631,par,true
v43525,v55535,char,true
v43537,v21745,char,true
v43537,v22535,char,true
v43537,v22809,char,true
v43537,v29484,char,true
v43538,v25870,char,true
v43538,v37760,char,true
v43540,v33606,ser,true
v43540,v52527,ser,true
v43543,v32406,orig,true
v43544,v37699,preq,true
v43545,v30032,par,true
v43548,v35964,alt,true
v43552,v21234,alt,false
v43553,v25438,orig,true
v43564,v52303,char,true
v43567,v37581,char,true
v43578,v992,orig,true
v43582,v47303,preq,true
v43630,v32633,seq,true
v43643,v47616,ser,true
v43643,v61265,ser,true
v43660,v50197,set,true
v43660,v55433,set,true
v43692,v28659,set,true
v43692,v55417,set,true
v43704,v33904,preq,true
v43709,v14113,side,true
v43745,v35481,ser,true
v43748,v48462,fan,true
v43753,v1877,par,true
v43758,v45544,char,true
v43762,v35869,preq,true
v43764,v6225,set,true
v43768,v33447,preq,true
v43779,v40470,preq,true
v43780,v38616,alt,true
v43780,v39275,alt,true
v43780,v46196,set,true
v43780,v53041,char,true
v43787,v43789,side,true
v43789,v43787,par,true
v43807,v18567,par,false
v43827,v43828,side,true
v43828,v43827,par,true
v43832,v44023,side,true
v43832,v44025,side,true
v43838,v24820,preq,true
v43838,v58616,seq,true
v43840,v43841,seq,true
v43841,v43840,preq,true
v43852,v43862,preq,true
v43854,v18609,preq,true
v43857,v18609,char,true
v43862,v43852,seq,true
v43864,v48038,side,true
v43900,v53048,alt,true
v43918,v36755,preq,true
v43918,v43921,seq,true
v43921,v43918,preq,true
v43923,v52554,char,false
v43924,v43925,seq,true
v43925,v43924,preq,true
v43928,v36301,set,true
v43928,v61898,alt,true
v43941,v42520,preq,true
v43949,v40515,ser,true
v43956,v35102,char,false
v43957,v35102,char,false
v43961,v32277,preq,true
v43961,v43964,side,true
v43963,v32277,orig,true
v43964,v32277,par,true
v43964,v43961,par,true
v43971,v49550,preq,true
v43979,v27158,ser,true
v43979,v43980,ser,true
v43980,v27158,ser,true
v43980,v43979,ser,true
v43982,v43984,seq,true
v43984,v43982,preq,true
v43984,v44039,seq,true
v43989,v46189,set,true
v43990,v35919,seq,true
v43991,v36603,set,true
v43991,v42778,set,true
v43991,v46064,set,true
v43991,v53830,set,true
v43993,v33368,char,true
v44012,v11603,preq,true
v44019,v28899,preq,true
v44020,v33002,set,true
v44023,v43832,par,true
v44023,v44025,ser,true
v44025,v43832,par,true
v44025,v44023,ser,true
v44026,v18872,preq,false
v44027,v18872,char,false
v44028,v18872,char,false
v44029,v6284,ser,true
v44035,v45267,ser,true
v44039,v43984,preq,true
v44047,v61972,char,true
v44053,v36978,char,true
v44058,v50560,seq,true
v44063,v51532,preq,true
v44064,v3661,char,false
v44076,v2166,char,false
v44084,v7679,char,false
v44084,v18334,char,false
v44084,v58292,preq,true
v44087,v48964,preq,true
v44088,v45669,ser,true
v44088,v58089,ser,true
v44088,v59144,ser,true
v44092,v42883,ser,true
v44096,v32555,orig,true
v44098,v31002,ser,true
v44099,v32545,ser,true
v44101,v28205,preq,true
v44103,v177,char,false
v44104,v264,char,false
v44104,v266,char,false
v44104,v273,char,false
v44106,v47549,fan,true
v44107,v28031,ser,true
v44107,v51955,ser,true
v44115,v46317,char,true
v44128,v42438,set,true
v44129,v45454,set,true
v44129,v46035,set,true
v44129,v51671,set,true
v44139,v18916,par,true
v44153,v37372,preq,true
v44159,v52768,ser,true
v44162,v26762,char,true
v44165,v39591,ser,true
v44171,v33498,set,true
v44172,v31631,preq,true
v44178,v37277,set,true
v44184,v27057,ser,true
v44188,v22614,ser,true
v44190,v36131,orig,true
v44195,v32811,set,true
v44195,v49227,fan,true
v44195,v52702,set,true
v44201,v3265,par,true
v44201,v3266,preq,true
v44203,v31007,preq,true
v44208,v13188,orig,true
v44209,v13188,orig,true
v44217,v28173,preq,true
v44218,v28172,preq,true
v44223,v44224,seq,true
v44224,v44223,preq,true
v44226,v28530,char,true
v44227,v29411,preq,true
v44230,v14816,set,true
v44230,v19044,set,true
v44230,v47184,set,true
v44230,v51680,set,true
v44230,v52963,set,true
v44234,v28558,preq,true
v44241,v36605,par,true
v44245,v28323,orig,true
v44247,v45303,alt,true
v44249,v36557,ser,true
v44249,v49795,side,true
v44255,v48237,char,true
v44255,v55537,char,true
v44255,v58419,char,true
v44271,v400,alt,true
v44287,v41437,set,true
v44319,v25432,set,false
v44319,v42060,preq,true
v44323,v50377,char,true
v44323,v55497,char,true
v44324,v41753,char,false
v44345,v20827,ser,true
v44358,v29345,par,true
v44379,v7014,ser,false
v44379,v39000,char,true
v44419,v34714,alt,true
v44432,v48448,seq,true
v44434,v43242,side,true
v44442,v44889,set,true
v44442,v46697,set,true
v44463,v44472,seq,true
v44463,v44474,preq,true
v44465,v48739,seq,true
v44465,v53733,seq,true
v44465,v60179,char,true
v44466,v36369,set,true
v44468,v16371,seq,true
v44468,v44477,preq,true
v44469,v16371,preq,true
v44469,v44473,seq,true
v44470,v44476,seq,true
v44470,v44486,preq,true
v44472,v44463,preq,true
v44472,v44477,seq,true
v44473,v44469,preq,true
v44473,v44475,seq,true
v44474,v44463,seq,true
v44474,v44476,preq,true
v44475,v44473,preq,true
v44475,v44478,seq,true
v44476,v44470,preq,true
v44476,v44474,seq,true
v44477,v44468,seq,true
v44477,v44472,preq,true
v44478,v44475,preq,true
v44478,v44479,seq,true
v44479,v44478,preq,true
v44479,v44480,seq,true
v44480,v44479,preq,true
v44480,v44481,seq,true
v44481,v44480,preq,true
v44481,v44485,seq,true
v44484,v44487,seq,true
v44484,v44488,preq,true
v44485,v44481,preq,true
v44485,v44488,seq,true
v44486,v44470,seq,true
v44487,v44484,preq,true
v44488,v44484,seq,true
v44488,v44485,preq,true
v44495,v41641,seq,true
v44524,v48124,alt,true
v44525,v44526,alt,true
v44526,v44525,alt,true
v44526,v44527,set,true
v44527,v44526,set,true
v44529,v22412,preq,true
v44534,v12038,char,true
v44546,v44548,preq,true
v44547,v44548,alt,true
v44548,v44546,seq,true
v44548,v44547,alt,true
v44554,v50696,fan,true
v44554,v50699,seq,true
v44554,v61557,side,true
v44567,v32148,par,true
v44568,v48751,seq,true
v44572,v11910,ser,true
v44580,v44581,ser,true
v44580,v44839,ser,true
v44581,v44580,ser,true
v44581,v46689,seq,true
v44588,v30079,set,true
v44641,v22124,par,false
v44642,v44643,ser,true
v44643,v44642,ser,true
v44656,v43171,preq,true
v44659,v56593,fan,true
v44659,v56594,fan,true
v44660,v44661,seq,true
v44661,v44660,preq,true
v44665,v44690,seq,true
v44665,v44699,fan,true
v44669,v23763,char,true
v44669,v55472,char,true
v44672,v53070,ser,true
v44677,v44678,par,true
v44678,v44677,side,true
v44678,v44688,side,true
v44684,v44685,alt,true
v44685,v44684,alt,true
v44687,v44701,seq,true
v44688,v44678,par,true
v44689,v44697,ser,true
v44689,v58938,ser,true
v44690,v44665,preq,true
v44691,v44692,ser,true
v44692,v44691,ser,true
v44692,v58953,ser,true
v44694,v58948,ser,true
v44697,v44689,ser,true
v44699,v44665,orig,true
v44701,v44687,preq,true
v44704,v42105,preq,true
v44706,v22619,alt,true
v44706,v25720,alt,true
v44706,v27085,alt,true
v44707,v31336,ser,true
v44733,v40788,ser,true
v44733,v49462,ser,true
v44733,v56379,seq,true
v44745,v44755,alt,true
v44751,v44752,side,true
v44752,v44751,par,true
v44753,v29317,ser,true
v44753,v58573,alt,true
v44755,v44745,alt,true
v44760,v44762,seq,true
v44762,v44760,preq,true
v44763,v44781,ser,true
v44764,v36536,ser,true
v44764,v36624,ser,true
v44772,v36534,ser,true
v44772,v36624,ser,true
v44781,v44763,ser,true
v44781,v44795,ser,true
v44782,v44784,seq,true
v44784,v44782,preq,true
v44785,v44796,ser,true
v44795,v44781,ser,true
v44796,v44785,ser,true
v44799,v44804,par,true
v44802,v44830,seq,true
v44804,v44799,side,true
v44808,v44809,ser,true
v44808,v54175,ser,true
v44809,v44808,ser,true
v44809,v44810,ser,true
v44809,v54175,ser,true
v44810,v44809,ser,true
v44810,v44811,ser,true
v44810,v54175,ser,true
v44811,v44810,ser,true
v44811,v44812,ser,true
v44811,v54175,ser,true
v44812,v44811,ser,true
v44812,v44813,ser,true
v44812,v54175,ser,true
v44813,v44812,ser,true
v44813,v44814,ser,true
v44813,v54175,ser,true
v44814,v44813,ser,true
v44814,v44815,ser,true
v44814,v54175,ser,true
v44815,v44814,ser,true
v44815,v54175,ser,true
v44830,v44802,preq,true
v44833,v44841,preq,true
v44838,v28200,set,true
v44839,v44580,ser,true
v44839,v45081,ser,true
v44841,v44833,seq,true
v44848,v30558,preq,true
v44866,v44869,side,true
v44866,v44871,char,true
v44869,v44866,par,true
v44871,v44866,char,true
v44873,v44875,ser,true
v44875,v44873,ser,true
v44878,v56127,seq,true
v44881,v52351,char,true
v44889,v44442,set,true
v44889,v46697,preq,true
v44890,v25560,ser,true
v44891,v44893,char,true
v44893,v44891,char,true
v44905,v12247,ser,true
v44940,v33975,alt,true
v44966,v19497,char,true
v44986,v43392,orig,true
v44998,v31993,char,true
v45001,v45002,seq,true
v45002,v45001,preq,true
v45002,v45003,seq,true
v45003,v45002,preq,true
v45005,v38453,orig,true
v45021,v50241,alt,true
v45027,v53154,seq,true
v45030,v28123,preq,true
v45048,v51419,char,true
v45049,v50729,fan,true
v45058,v37599,seq,true
v45059,v2625,alt,true
v45062,v60773,seq,true
v45070,v40549,preq,true
v45072,v34755,preq,true
v45077,v43377,ser,true
v45077,v45079,ser,true
v45079,v45077,ser,true
v45081,v44839,ser,true
v45083,v11,seq,false
v45083,v14554,alt,false
v45083,v15808,alt,false
v45101,v45103,seq,true
v45103,v45101,preq,true
v45105,v21740,preq,true
v45110,v31266,preq,true
v45121,v36967,set,true
v45125,v28901,char,true
v45140,v45141,ser,true
v45141,v45140,ser,true
v45167,v30280,alt,false
v45168,v45176,set,true
v45168,v45177,side,true
v45170,v7014,set,false
v45176,v45168,set,true
v45177,v45168,par,true
v45195,v45197,seq,true
v45197,v45195,preq,true
v45209,v45212,set,true
v45212,v45209,set,true
v45213,v32967,set,true
v45220,v45221,side,true
v45221,v45220,par,true
v45223,v45224,set,true
v45224,v45223,set,true
v45232,v45236,seq,true
v45236,v45232,preq,true
v45236,v57160,seq,true
v45245,v3126,set,false
v45246,v38996,ser,true
v45247,v26537,ser,true
v45249,v24363,preq,true
v45250,v32722,preq,true
v45260,v38762,set,true
v45267,v44035,ser,true
v45267,v45486,ser,true
v45280,v43361,preq,true
v45289,v47145,ser,true
v45289,v47983,ser,true
v45303,v44247,alt,true
v45304,v850,char,false
v45308,v34248,orig,true
v45317,v45318,seq,true
v45318,v45317,preq,true
v45320,v48036,alt,true
v45323,v14526,par,true
v45324,v14526,alt,true
v45325,v14527,preq,true
v45327,v45329,seq,true
v45329,v45327,preq,true
v45346,v45350,set,true
v45350,v45346,set,true
v45377,v28079,preq,true
v45381,v24872,par,true
v45381,v53385,fan,true
v45381,v58009,seq,true
v45386,v13357,preq,true
v45387,v21136,set,true
v45387,v59894,char,true
v45394,v30145,char,false
v45398,v1299,set,true
v45398,v5080,char,true
v45408,v22611,char,true
v45408,v52951,char,true
v45408,v53633,char,true
v45408,v59340,char,true
v45412,v47433,set,true
v45419,v55953,side,true
v45419,v58810,side,true
v45438,v45439,seq,true
v45439,v45438,preq,true
v45454,v44129,set,true
v45454,v46035,set,true
v45454,v51671,set,true
v45456,v33647,par,true
v45459,v55507,seq,true
v45467,v54471,preq,true
v45468,v33647,preq,true
v45468,v53612,side,true
v45472,v45473,seq,true
v45473,v45472,preq,true
v45477,v47748,char,true
v45486,v45267,ser,true
v45489,v59511,seq,true
v45500,v24649,par,true
v45503,v49018,set,true
v45511,v21905,preq,false
v45512,v4681,alt,true
v45523,v33339,preq,true
v45539,v31788,ser,true
v45544,v43758,char,true
v45575,v48964,char,true
v45579,v43070,fan,true
v45582,v47040,ser,true
v45582,v51562,ser,true
v45582,v51737,ser,true
v45582,v54655,ser,true
v45582,v57365,ser,true
v45582,v59637,ser,true
v45582,v61999,ser,true
v45585,v23728,set,true
v45591,v45606,seq,true
v45593,v34705,set,true
v45593,v41584,preq,true
v45593,v46128,set,true
v45593,v46192,char,true
v45597,v49821,preq,true
v45597,v60577,seq,true
v45605,v36791,preq,true
v45606,v45591,preq,true
v45619,v46512,preq,true
v45627,v28260,orig,true
v45629,v45630,seq,true
v45630,v45629,preq,true
v45631,v42887,alt,true
v45641,v61125,set,true
v45643,v45644,ser,true
v45644,v37900,ser,true
v45644,v45643,ser,true
v45656,v53068,side,true
v45657,v55535,fan,true
v45658,v33493,par,true
v45669,v44088,ser,true
v45669,v58089,ser,true
v45669,v59144,ser,true
v45675,v45676,fan,true
v45675,v45679,seq,true
v45676,v45675,orig,true
v45676,v45679,orig,true
v45679,v45675,preq,true
v45679,v45676,fan,true
v45681,v56898,seq,true
v45688,v45707,char,true
v45688,v54770,char,true
v45688,v55109,char,true
v45690,v36301,set,true
v45705,v56494,seq,true
v45706,v60903,seq,true
v45707,v45688,char,true
v45707,v54760,char,true
v45707,v54770,char,true
v45707,v55111,set,true
v45712,v43037,par,true
v45725,v56544,ser,true
v45726,v42279,set,true
v45726,v47883,seq,true
v45744,v22734,preq,true
v45752,v45753,char,true
v45753,v45752,char,true
v45764,v60643,set,true
v45765,v53956,seq,true
v45779,v37809,preq,true
v45787,v57958,seq,true
v45787,v57959,side,true
v45787,v57960,side,true
v45790,v45791,ser,true
v45790,v45792,ser,true
v45791,v45790,ser,true
v45791,v45792,ser,true
v45792,v45790,ser,true
v45792,v45791,ser,true
v45797,v12546,preq,true
v45797,v45822,seq,true
v45811,v35710,char,true
v45811,v37218,char,true
v45811,v37742,char,true
v45811,v45955,char,true
v45811,v46837,char,true
v45811,v48861,char,true
v45811,v50535,char,true
v45811,v52848,set,true
v45822,v45797,preq,true
v45822,v51607,side,true
v45834,v46109,set,true
v45849,v48755,seq,true
v45851,v60154,seq,true
v45863,v61285,seq,true
v45866,v53670,char,true
v45866,v57547,char,true
v45879,v30346,ser,true
v45879,v50648,ser,true
v45885,v8864,preq,true
v45886,v49984,set,true
v45896,v45897,ser,true
v45896,v45898,ser,true
v45897,v45896,ser,true
v45898,v45896,ser,true
v45909,v53286,set,true
v45913,v31335,preq,true
v45953,v38891,alt,true
v45954,v37114,ser,true
v45955,v35710,char,true
v45955,v37218,char,true
v45955,v37742,char,true
v45955,v45811,char,true
v45955,v46837,set,true
v45955,v48861,set,true
v45955,v50535,set,true
v45955,v52848,char,true
v45970,v27161,seq,true
v45973,v57784,char,true
v45986,v21820,set,true
v45986,v56270,seq,true
v45995,v41919,set,true
v45995,v41924,set,true
v45997,v41980,ser,true
v45997,v50457,ser,true
v46003,v34895,alt,true
v46004,v54953,char,true
v46035,v44129,set,true
v46035,v45454,set,true
v46035,v51671,set,true
v46038,v46053,set,true
v46039,v50757,char,true
v46053,v46038,set,true
v46057,v43045,ser,true
v46057,v58653,ser,true
v46061,v48258,seq,true
v46061,v49932,preq,true
v46064,v43991,set,true
v46070,v47063,ser,false
v46079,v219,set,false
v46082,v51741,set,true
v46082,v60328,set,true
v46087,v59567,seq,true
v46095,v48767,seq,true
v46096,v36301,set,true
v46102,v49392,ser,true
v46102,v50132,seq,true
v46102,v51719,ser,true
v46102,v55279,ser,true
v46102,v57976,ser,true
v46102,v58586,ser,true
v46102,v61237,char,true
v46106,v29733,preq,true
v46109,v45834,set,true
v46113,v21353,char,true
v46113,v29067,set,true
v46113,v37168,char,true
v46113,v50460,char,true
v46114,v37168,char,true
v46116,v36687,orig,true
v46121,v35935,char,true
v46122,v33368,char,true
v46123,v50130,char,true
v46128,v45593,set,true
v46137,v47187,ser,true
v46150,v22205,char,true
v46150,v29067,char,true
v46150,v30423,char,true
v46150,v48291,char,true
v46151,v29067,orig,true
v46152,v29067,orig,true
v46153,v16320,orig,true
v46154,v22205,orig,true
v46154,v30423,orig,true
v46155,v25250,char,true
v46155,v48291,char,true
v46155,v50423,set,true
v46156,v16479,char,true
v46156,v22205,orig,true
v46156,v30423,orig,true
v46158,v22205,orig,true
v46158,v30423,orig,true
v46159,v21353,ser,true
v46159,v30946,char,true
v46171,v47773,preq,true
v46174,v32608,char,true
v46174,v34852,char,true
v46174,v35114,char,true
v46174,v41998,char,true
v46174,v49851,char,true
v46174,v53151,char,true
v46174,v55854,char,true
v46174,v56745,char,true
v46189,v43989,set,true
v46189,v52545,set,true
v46191,v41452,set,true
v46191,v51797,set,true
v46192,v45593,char,true
v46196,v43780,set,true
v46207,v42887,alt,true
v46222,v35307,set,true
v46226,v1813,alt,true
v46229,v30167,side,true
v46239,v54565,seq,true
v46240,v51132,seq,true
v46246,v46248,alt,true
v46248,v46246,alt,true
v46250,v38797,preq,true
v46250,v46857,ser,true
v46250,v47158,ser,true
v46256,v46258,seq,true
v46258,v46256,preq,true
v46287,v34149,ser,true
v46293,v46295,seq,true
v46295,v46293,preq,true
v46304,v46305,preq,true
v46305,v46304,seq,true
v46308,v6163,set,false
v46311,v50058,set,true
v46317,v44115,char,true
v46318,v49207,ser,true
v46319,v41816,preq,true
v46319,v54203,seq,true
v46339,v38367,set,true
v46341,v21047,alt,false
v46345,v31927,set,true
v46399,v29705,alt,true
v46414,v23530,alt,true
v46419,v45,char,false
v46419,v433,char,false
v46430,v12750,orig,true
v46431,v14829,preq,true
v46442,v3705,preq,true
v46442,v24146,seq,true
v46442,v55350,ser,true
v46457,v46458,seq,true
v46458,v46457,preq,true
v46500,v51768,seq,true
v46502,v40813,orig,true
v46506,v11891,ser,true
v46508,v48157,seq,true
v46512,v45619,seq,true
v46514,v12794,preq,true
v46534,v34089,char,true
v46538,v53260,char,true
v46545,v31688,seq,true
v46550,v50678,seq,true
v46563,v29626,ser,true
v46563,v51950,ser,true
v46575,v34400,preq,true
v46578,v58342,seq,true
v46590,v31505,set,true
v46590,v58118,set,true
v46592,v61270,seq,true
v46593,v711,char,false
v46602,v24499,char,true
v46606,v52794,ser,true
v46608,v46609,seq,true
v46609,v46608,preq,true
v46612,v10486,char,false
v46612,v26150,char,true
v46612,v27321,set,false
v46612,v27322,char,false
v46612,v27323,set,false
v46612,v53441,char,true
v46635,v33161,ser,true
v46650,v28516,set,true
v46650,v51382,seq,true
v46656,v32515,preq,true
v46661,v13292,alt,true
v46662,v46665,preq,true
v46665,v46662,seq,true
v46669,v51937,alt,true
v46682,v48350,ser,true
v46682,v48358,ser,true
v46683,v16479,preq,true
v46686,v40429,preq,true
v46688,v52530,side,true
v46689,v44581,preq,true
v46691,v35525,orig,true
v46692,v40332,set,true
v46697,v44442,set,true
v46697,v44889,seq,true
v46778,v29941,char,false
v46779,v54268,seq,true
v46780,v47970,seq,true
v46785,v38070,preq,true
v46785,v55031,side,true
v46789,v33036,orig,true
v46791,v17035,ser,true
v46791,v46794,seq,true
v46794,v46791,preq,true
v46794,v51279,seq,true
v46798,v47677,seq,true
v46802,v52387,seq,true
v46805,v53227,ser,true
v46815,v46816,ser,true
v46816,v46815,ser,true
v46816,v46827,ser,true
v46826,v58440,seq,true
v46827,v46816,ser,true
v46828,v33047,preq,true
v46828,v60275,seq,true
v46833,v37349,set,true
v46833,v41933,set,true
v46833,v52225,side,true
v46833,v52226,set,true
v46837,v35710,char,true
v46837,v37218,set,true
v46837,v37742,char,true
v46837,v45811,char,true
v46837,v45955,set,true
v46837,v48861,set,true
v46837,v50535,char,true
v46837,v52848,set,true
v46842,v18567,par,false
v46845,v41181,side,true
v46851,v48523,char,true
v46853,v53422,seq,true
v46857,v46250,ser,true
v46858,v34444,char,true
v46861,v32701,alt,false
v46861,v56397,char,false
v46861,v56401,char,false
v46861,v57820,seq,false
v46880,v62089,ser,true
v46882,v53542,char,true
v46893,v46894,ser,true
v46894,v46893,ser,true
v46894,v48279,ser,true
v46898,v32426,char,true
v46910,v53416,seq,true
v46923,v30479,alt,true
v46924,v5628,set,true
v46924,v14646,set,true
v46924,v20223,preq,true
v46926,v35044,par,true
v46928,v29907,preq,true
v46929,v31544,par,true
v46943,v28983,char,false
v46957,v46958,ser,true
v46958,v46957,ser,true
v46962,v39331,set,true
v46967,v31095,preq,true
v46981,v51713,set,true
v46991,v46992,seq,true
v46992,v46991,preq,true
v46992,v46993,seq,true
v46993,v46992,preq,true
v46994,v1010,par,true
v46998,v31739,alt,true
v46998,v53414,ser,true
v47003,v29170,preq,true
v47004,v34704,preq,true
v47005,v38127,preq,true
v47007,v55733,set,true
v47009,v52279,fan,true
v47014,v47015,seq,true
v47015,v47014,preq,true
v47027,v47028,alt,true
v47028,v26583,seq,true
v47028,v47027,alt,true
v47035,v945,par,false
v47036,v945,par,false
v47038,v945,par,false
v47039,v28269,set,true
v47040,v45582,ser,true
v47040,v51562,ser,true
v47040,v51737,ser,true
v47040,v54655,ser,true
v47040,v57365,ser,true
v47040,v59637,ser,true
v47041,v47379,seq,true
v47054,v38191,set,true
v47056,v50959,side,true
v47056,v52715,seq,true
v47063,v46070,ser,false
v47064,v31681,char,false
v47065,v21328,orig,true
v47066,v21328,orig,true
v47069,v28520,preq,true
v47072,v36192,preq,true
v47072,v50825,seq,true
v47089,v47119,char,true
v47097,v62116,preq,true
v47098,v945,par,false
v47099,v31435,preq,true
v47099,v54746,seq,true
v47102,v55169,seq,true
v47110,v37083,preq,true
v47111,v1187,orig,true
v47115,v18825,char,true
v47119,v47089,char,true
v47131,v48801,seq,true
v47145,v38333,ser,true
v47145,v45289,ser,true
v47147,v41601,set,true
v47147,v55023,char,true
v47158,v46250,ser,true
v47161,v31379,set,true
v47162,v30202,preq,true
v47172,v54349,seq,true
v47178,v40685,ser,true
v47179,v49568,seq,true
v47184,v14816,set,true
v47184,v19044,set,true
v47184,v41449,set,true
v47184,v44230,set,true
v47184,v51680,set,true
v47184,v58040,set,true
v47185,v32269,orig,true
v47186,v32269,orig,true
v47187,v46137,ser,true
v47187,v48184,ser,true
v47188,v26937,char,true
v47197,v25383,preq,true
v47203,v21964,ser,true
v47203,v56147,fan,true
v47225,v39160,set,true
v47233,v25015,char,true
v47233,v32069,char,true
v47241,v43498,char,true
v47263,v51635,char,true
v47276,v37866,set,true
v47290,v47292,side,true
v47290,v47321,seq,true
v47292,v47290,par,true
v47293,v3231,orig,true
v47294,v49978,seq,true
v47299,v41468,alt,true
v47303,v43582,seq,true
v47304,v20,char,false
v47304,v47311,ser,true
v47307,v169,char,false
v47307,v47313,ser,true
v47310,v38603,ser,true
v47311,v47304,ser,true
v47312,v20,char,false
v47313,v21,char,false
v47313,v169,char,false
v47313,v47307,ser,true
v47314,v20,char,false
v47321,v47290,preq,true
v47322,v28750,preq,true
v47324,v52918,preq,true
v47334,v13352,preq,true
v47337,v1564,set,true
v47339,v29030,orig,true
v47340,v17988,ser,true
v47348,v37768,par,true
v47350,v60968,preq,true
v47367,v32940,par,true
v47379,v47041,preq,true
v47417,v32441,preq,true
v47420,v38473,seq,true
v47432,v8733,preq,true
v47433,v45412,set,true
v47441,v47442,seq,true
v47442,v47441,preq,true
v47446,v4776,seq,true
v47448,v47449,side,false
v47449,v47448,par,false
v47472,v32940,char,true
v47480,v33,alt,false
v47507,v47508,seq,true
v47508,v47507,preq,true
v47512,v17745,ser,true
v47512,v24933,ser,true
v47512,v24934,ser,true
v47519,v47520,ser,true
v47520,v47519,ser,true
v47538,v28064,preq,true
v47539,v47540,par,true
v47540,v5003,preq,true
v47540,v47539,side,true
v47547,v55273,seq,true
v47549,v44106,orig,true
v47551,v34848,orig,true
v47552,v26307,set,true
v47552,v28562,char,true
v47552,v31432,char,true
v47553,v30215,ser,true
v47553,v61216,ser,true
v47554,v32661,ser,true
v47555,v24620,ser,true
v47557,v47558,set,true
v47558,v47557,set,true
v47560,v37129,seq,true
v47566,v26936,preq,true
v47568,v49691,ser,true
v47574,v39317,preq,true
v47581,v32945,preq,true
v47582,v13695,set,true
v47582,v16916,set,true
v47585,v47603,preq,true
v47586,v67,set,false
v47603,v47585,seq,true
v47607,v41753,char,false
v47616,v43643,ser,true
v47616,v58582,ser,true
v47616,v61265,ser,true
v47637,v945,seq,false
v47642,v27385,set,true
v47642,v60666,seq,true
v47645,v37240,ser,true
v47645,v52359,ser,true
v47650,v56049,char,true
v47661,v31412,seq,true
v47663,v36398,side,true
v47667,v2340,orig,true
v47668,v47875,preq,true
v47672,v185,orig,true
v47672,v1130,orig,true
v47673,v36442,set,true
v47674,v2337,orig,true
v47676,v32624,orig,true
v47677,v46798,preq,true
v47680,v33,char,false
v47689,v53894,char,true
v47693,v32862,preq,true
v47694,v25404,preq,true
v47695,v28822,ser,true
v47696,v47697,ser,true
v47697,v28822,ser,true
v47697,v47696,ser,true
v47697,v47701,ser,true
v47698,v47699,preq,true
v47699,v47698,seq,true
v47701,v47697,ser,true
v47708,v48312,set,true
v47717,v38038,alt,true
v47748,v45477,char,true
v47751,v32645,seq,true
v47770,v32555,set,true
v47773,v46171,seq,true
v47778,v36119,preq,true
v47778,v54328,seq,true
v47779,v26582,set,true
v47783,v27332,preq,true
v47785,v47786,char,true
v47786,v47785,char,true
v47787,v54954,seq,true
v47793,v2397,char,false
v47806,v29067,orig,true
v47813,v13493,alt,true
v47813,v47815,seq,true
v47815,v47813,preq,true
v47819,v29497,ser,true
v47820,v47821,preq,true
v47821,v47820,seq,true
v47826,v35014,ser,true
v47826,v58212,ser,true
v47833,v47888,seq,true
v47837,v60531,set,true
v47838,v32699,alt,true
v47846,v43295,par,true
v47851,v21195,par,true
v47852,v47853,seq,true
v47853,v47852,preq,true
v47859,v47860,seq,true
v47860,v47859,preq,true
v47863,v32737,seq,true
v47866,v21267,preq,true
v47867,v27128,char,true
v47867,v47868,seq,true
v47867,v47870,char,true
v47868,v27531,seq,true
v47868,v47867,preq,true
v47869,v27531,preq,true
v47869,v53032,seq,true
v47870,v47867,char,true
v47871,v31926,set,true
v47875,v47668,seq,true
v47880,v21465,seq,true
v47880,v28712,preq,true
v47880,v51363,fan,true
v47880,v51364,fan,true
v47880,v55293,fan,true
v47883,v45726,preq,true
v47888,v47833,preq,true
v47896,v49255,side,true
v47901,v47902,side,true
v47902,v47901,par,true
v47932,v28983,char,true
v47933,v34959,set,true
v47935,v32782,preq,true
v47936,v7052,seq,true
v47946,v2009,orig,true
v47946,v42143,ser,true
v47946,v47947,ser,true
v47947,v674,orig,true
v47947,v1687,orig,true
v47947,v3599,orig,true
v47947,v47946,ser,true
v47947,v47948,ser,true
v47948,v2113,orig,true
v47948,v3599,orig,true
v47948,v47947,ser,true
v47949,v7,char,false
v47949,v24,char,false
v47949,v2153,char,false
v47955,v53823,ser,true
v47956,v39649,orig,true
v47968,v22158,preq,true
v47970,v46780,preq,true
v47976,v47978,set,true
v47978,v47976,set,true
v47981,v24033,seq,true
v47983,v45289,ser,true
v47984,v47988,ser,true
v47984,v47992,ser,true
v47986,v7576,par,false
v47986,v8832,par,false
v47988,v47984,ser,true
v47992,v47984,ser,true
v48020,v36,char,false
v48035,v21799,alt,true
v48036,v45320,alt,true
v48038,v43864,par,true
v48045,v41843,preq,true
v48045,v51940,side,true
v48050,v42069,preq,true
v48050,v48065,ser,true
v48050,v48066,char,true
v48050,v48067,seq,true
v48050,v48068,set,true
v48050,v48070,fan,true
v48051,v48055,side,true
v48055,v48051,par,true
v48063,v48064,seq,true
v48064,v48063,preq,true
v48065,v42069,ser,true
v48065,v48050,ser,true
v48066,v48050,char,true
v48067,v48050,preq,true
v48068,v42069,set,true
v48068,v48050,set,true
v48070,v48050,orig,true
v48086,v48101,ser,true
v48088,v42068,char,true
v48089,v42068,ser,true
v48090,v42068,par,true
v48096,v39597,preq,true
v48101,v48086,ser,true
v48104,v11827,char,false
v48104,v55505,char,false
v48114,v52187,side,true
v48120,v67,char,false
v48120,v11182,char,false
v48121,v7337,preq,true
v48124,v44524,alt,true
v48134,v32416,alt,true
v48136,v32416,seq,true
v48139,v37473,preq,true
v48157,v46508,preq,true
v48159,v48161,seq,true
v48161,v39587,ser,true
v48161,v48159,preq,true
v48182,v48232,ser,true
v48182,v48234,ser,true
v48184,v47187,ser,true
v48186,v48187,seq,true
v48187,v48186,preq,true
v48198,v33574,par,true
v48213,v39021,par,true
v48227,v18429,preq,true
v48227,v41816,seq,true
v48232,v48182,ser,true
v48234,v48182,ser,true
v48237,v44255,char,true
v48237,v52737,char,true
v48237,v53461,char,true
v48237,v54674,seq,true
v48241,v39039,ser,true
v48241,v40431,ser,true
v48241,v40432,ser,true
v48241,v40434,ser,true
v48241,v40441,ser,true
v48241,v40445,ser,true
v48254,v51478,ser,true
v48254,v53201,ser,true
v48255,v17262,char,true
v48258,v46061,preq,true
v48262,v61011,alt,true
v48266,v487,alt,false
v48269,v28943,seq,true
v48269,v48513,side,true
v48279,v46894,ser,true
v48279,v48280,ser,true
v48280,v48279,ser,true
v48281,v36229,preq,true
v48281,v52440,seq,true
v48291,v16320,char,true
v48291,v16395,char,true
v48291,v16479,char,true
v48291,v18757,char,true
v48291,v19470,char,true
v48291,v20909,char,true
v48291,v21353,char,true
v48291,v22190,char,true
v48291,v22205,char,true
v48291,v46150,char,true
v48291,v46155,char,true
v48291,v50423,char,true
v48292,v35680,char,true
v48304,v28157,preq,false
v48312,v47708,set,true
v48315,v28103,char,true
v48316,v21905,alt,false
v48317,v21905,preq,false
v48320,v1171,par,false
v48322,v38,par,false
v48323,v1171,par,false
v48324,v1170,par,false
v48325,v1153,par,false
v48326,v1152,par,false
v48327,v1170,par,false
v48331,v1152,par,false
v48332,v1153,par,false
v48333,v1153,par,false
v48336,v1325,par,false
v48337,v1153,par,false
v48338,v1171,par,false
v48339,v1949,preq,false
v48350,v46682,ser,true
v48350,v48352,ser,true
v48352,v48350,ser,true
v48352,v48354,ser,true
v48354,v48352,ser,true
v48354,v48355,ser,true
v48355,v48354,ser,true
v48358,v46682,ser,true
v48366,v27320,ser,true
v48373,v57078,seq,true
v48380,v48381,preq,true
v48381,v48380,seq,true
v48385,v9119,preq,true
v48387,v21469,ser,true
v48388,v48389,ser,true
v48389,v48388,ser,true
v48389,v48390,ser,true
v48390,v48389,ser,true
v48390,v48391,ser,true
v48391,v48390,ser,true
v48392,v28868,preq,true
v48393,v27022,preq,true
v48393,v48394,seq,true
v48394,v48393,preq,true
v48404,v48405,ser,true
v48405,v48404,ser,true
v48407,v49337,ser,true
v48409,v11821,set,true
v48410,v11821,set,true
v48412,v17748,seq,true
v48414,v32979,set,true
v48414,v53795,set,true
v48419,v54776,set,true
v48419,v55899,char,true
v48419,v60462,char,true
v48420,v53208,fan,true
v48424,v18379,char,false
v48444,v43053,preq,true
v48444,v52214,seq,true
v48448,v44432,preq,true
v48448,v51968,seq,true
v48457,v33520,alt,true
v48459,v33051,ser,true
v48460,v25615,ser,true
v48462,v43748,orig,true
v48463,v49440,seq,true
v48475,v48478,char,true
v48478,v48475,char,true
v48485,v16617,alt,true
v48491,v48500,seq,true
v48493,v6105,side,true
v48500,v48491,preq,true
v48508,v38695,preq,true
v48511,v16525,alt,true
v48513,v48269,par,true
v48523,v46851,char,true
v48534,v1325,par,false
v48535,v1171,par,false
v48536,v48537,set,true
v48537,v48536,set,true
v48551,v49395,seq,true
v48552,v28261,orig,true
v48567,v37519,preq,true
v48569,v1014,alt,false
v48570,v41791,preq,true
v48573,v34778,seq,true
v48575,v36696,preq,true
v48575,v54492,seq,true
v48588,v54046,preq,true
v48594,v52822,ser,true
v48612,v12759,ser,true
v48612,v13324,seq,true
v48619,v11383,preq,true
v48622,v35134,preq,true
v48623,v8462,char,false
v48623,v10126,char,false
v48628,v14222,ser,true
v48629,v40371,seq,true
v48630,v26339,ser,true
v48642,v56748,char,true
v48659,v24686,char,true
v48659,v25060,char,true
v48662,v25060,char,true
v48670,v1356,char,false
v48670,v48759,ser,true
v48670,v51772,char,false
v48708,v43173,ser,true
v48710,v33551,alt,true
v48716,v61320,fan,true
v48722,v33680,side,true
v48722,v50466,set,true
v48726,v52590,seq,true
v48734,v39021,par,true
v48737,v2153,char,false
v48738,v2153,preq,false
v48739,v44465,preq,true
v48740,v33368,char,true
v48743,v27551,seq,true
v48749,v29791,set,false
v48751,v44568,preq,true
v48753,v48760,seq,true
v48755,v45849,preq,true
v48758,v48777,ser,true
v48759,v48670,ser,true
v48760,v48753,preq,true
v48761,v2205,set,true
v48762,v3052,set,true
v48763,v2205,char,true
v48763,v3052,char,true
v48764,v61648,side,true
v48767,v46095,preq,true
v48767,v51280,seq,true
v48769,v1564,char,false
v48772,v48773,seq,true
v48773,v48772,preq,true
v48774,v48777,seq,true
v48777,v48758,ser,true
v48777,v48774,preq,true
v48785,v20,par,false
v48789,v387,char,false
v48801,v47131,preq,true
v48805,v50198,set,true
v48828,v38055,par,true
v48834,v48836,alt,true
v48836,v48834,alt,true
v48848,v55581,alt,true
v48852,v33839,preq,true
v48855,v51393,preq,true
v48861,v35710,set,true
v48861,v37218,set,true
v48861,v37742,set,true
v48861,v45811,char,true
v48861,v45955,set,true
v48861,v46837,set,true
v48861,v50535,set,true
v48861,v52848,set,true
v48872,v48874,ser,true
v48874,v48872,ser,true
v48891,v39357,ser,true
v48901,v39283,ser,true
v48901,v48902,ser,true
v48902,v39283,ser,true
v48902,v48901,ser,true
v48903,v31283,seq,true
v48904,v29800,preq,true
v48914,v973,par,true
v48916,v1153,seq,true
v48932,v48933,set,true
v48933,v48932,set,true
v48951,v17852,orig,true
v48955,v53104,seq,true
v48961,v48962,seq,true
v48962,v48961,preq,true
v48962,v48963,seq,true
v48963,v48962,preq,true
v48964,v44087,seq,true
v48964,v45575,char,true
v48972,v9747,alt,true
v48976,v33138,char,true
v48976,v41057,char,true
v48976,v49678,char,true
v48976,v50166,char,true
v48979,v41548,seq,true
v49005,v50248,set,true
v49005,v51777,set,true
v49005,v53418,preq,true
v49005,v54229,preq,true
v49006,v2002,set,false
v49006,v5883,set,false
v49006,v14018,set,false
v49006,v17100,set,false
v49006,v17101,set,false
v49006,v22505,set,false
v49008,v54201,ser,true
v49008,v56172,seq,false
v49018,v45503,set,true
v49031,v49032,alt,true
v49032,v49031,alt,true
v49037,v49038,ser,true
v49038,v49037,ser,true
v49041,v21803,seq,true
v49041,v28650,char,true
v49057,v33335,preq,true
v49117,v25438,preq,true
v49121,v30588,alt,false
v49121,v35324,set,true
v49124,v31820,par,true
v49137,v49138,seq,true
v49138,v49137,preq,true
v49142,v62279,preq,true
v49143,v28731,alt,true
v49148,v37549,ser,true
v49148,v49230,ser,true
v49159,v42048,set,true
v49162,v10726,alt,true
v49177,v58267,seq,true
v49180,v32148,char,true
v49180,v60179,char,true
v49190,v42906,set,true
v49190,v50983,set,true
v49195,v49197,seq,true
v49197,v49195,preq,true
v49207,v46318,ser,true
v49207,v54829,ser,true
v49211,v36301,set,true
v49218,v25528,ser,true
v49218,v56483,side,false
v49218,v58490,side,false
v49221,v19470,orig,true
v49221,v22190,char,true
v49221,v29067,preq,true
v49223,v54616,preq,true
v49224,v10972,orig,true
v49225,v35904,preq,true
v49225,v53150,seq,true
v49227,v44195,orig,true
v49230,v49148,ser,true
v49230,v49295,ser,true
v49234,v49238,set,true
v49238,v49234,set,true
v49251,v169,char,false
v49255,v47896,par,true
v49261,v57718,seq,true
v49272,v49273,side,true
v49273,v49272,par,true
v49274,v19233,seq,true
v49295,v49230,ser,true
v49295,v49556,ser,true
v49299,v43513,ser,true
v49300,v50199,seq,true
v49300,v54993,char,true
v49300,v57238,seq,true
v49307,v56553,preq,true
v49314,v49889,ser,true
v49316,v26838,ser,true
v49326,v49327,seq,true
v49327,v49326,preq,true
v49337,v48407,ser,true
v49338,v51959,ser,true
v49351,v55341,ser,true
v49362,v13325,set,true
v49383,v20355,char,false
v49383,v51597,seq,true
v49384,v50827,side,true
v49385,v51691,side,true
v49388,v49389,alt,true
v49389,v49388,alt,true
v49392,v46102,ser,true
v49392,v50132,ser,true
v49392,v51719,ser,true
v49392,v52321,ser,true
v49392,v57976,ser,true
v49392,v58586,ser,true
v49395,v48551,preq,true
v49400,v49401,seq,true
v49401,v49400,preq,true
v49414,v21905,alt,false
v49417,v31999,preq,true
v49429,v26796,preq,true
v49434,v49447,ser,true
v49434,v49654,ser,true
v49440,v48463,preq,true
v49441,v3360,par,true
v49447,v40677,ser,true
v49447,v49434,ser,true
v49456,v37039,ser,true
v49460,v36751,alt,true
v49461,v51763,set,true
v49462,v44733,ser,true
v49462,v50694,seq,true
v49478,v39649,orig,true
v49493,v1162,set,true
v49493,v23330,preq,true
v49498,v26811,preq,true
v49503,v55245,char,true
v49503,v59806,preq,true
v49504,v52529,seq,true
v49505,v50712,preq,true
v49505,v58456,preq,true
v49507,v28157,set,false
v49509,v11292,char,true
v49513,v9244,preq,true
v49516,v29663,preq,true
v49516,v30382,char,true
v49517,v49726,ser,true
v49517,v49826,ser,true
v49521,v49530,char,true
v49524,v58314,fan,true
v49525,v1967,orig,true
v49526,v1967,orig,true
v49527,v1967,orig,true
v49528,v56870,alt,true
v49530,v49521,char,true
v49536,v20053,seq,true
v49542,v49543,seq,true
v49543,v49542,preq,true
v49543,v49544,seq,true
v49544,v49543,preq,true
v49548,v61059,ser,true
v49550,v43971,seq,true
v49555,v41551,preq,true
v49556,v49295,ser,true
v49556,v49726,ser,true
v49557,v25310,preq,true
v49557,v28801,seq,true
v49558,v25303,ser,true
v49558,v27860,ser,true
v49559,v32982,preq,true
v49561,v49562,seq,true
v49562,v49561,preq,true
v49562,v49564,seq,true
v49563,v56901,alt,true
v49564,v49562,preq,true
v49567,v5652,seq,true
v49568,v47179,preq,true
v49568,v52168,seq,true
v49570,v59045,ser,true
v49575,v54101,side,true
v49580,v37326,set,true
v49584,v7,char,false
v49584,v49585,fan,true
v49585,v7,char,false
v49585,v49584,orig,true
v49588,v24301,orig,true
v49594,v53555,seq,true
v49599,v19397,orig,true
v49608,v58116,side,true
v49614,v2153,preq,false
v49614,v15119,preq,false
v49629,v11029,par,false
v49644,v499,set,false
v49654,v49434,ser,true
v49654,v52314,ser,true
v49655,v29010,alt,true
v49659,v58230,seq,true
v49678,v33138,char,true
v49678,v48976,char,true
v49687,v31104,ser,true
v49688,v28768,seq,true
v49688,v49689,preq,true
v49689,v49688,seq,true
v49691,v47568,ser,true
v49707,v50899,seq,true
v49707,v57314,preq,true
v49724,v57489,set,true
v49726,v49517,ser,true
v49726,v49556,ser,true
v49729,v25616,preq,true
v49795,v44249,par,true
v49796,v372,orig,true
v49796,v451,orig,true
v49801,v33,char,false
v49802,v1798,orig,true
v49821,v45597,seq,true
v49825,v51678,preq,true
v49826,v49517,ser,true
v49826,v50134,ser,true
v49828,v33539,char,true
v49828,v49829,char,true
v49829,v33539,char,true
v49829,v49828,char,true
v49832,v37109,char,true
v49833,v6163,ser,true
v49835,v61788,alt,true
v49837,v60,ser,true
v49837,v49839,ser,true
v49839,v60,ser,true
v49839,v49837,ser,true
v49842,v42448,preq,true
v49848,v49913,alt,true
v49851,v41998,char,true
v49851,v46174,char,true
v49851,v53151,char,true
v49851,v56747,seq,true
v49859,v56598,seq,true
v49862,v55625,seq,true
v49886,v36713,ser,true
v49889,v49314,ser,true
v49895,v28741,char,true
v49913,v49848,alt,true
v49932,v46061,seq,true
v49936,v26154,preq,true
v49952,v36192,par,true
v49954,v29761,ser,true
v49954,v49956,ser,true
v49956,v49954,ser,true
v49956,v49957,ser,true
v49957,v49956,ser,true
v49959,v51120,alt,true
v49960,v19,char,false
v49968,v49969,preq,true
v49969,v49968,seq,true
v49978,v47294,preq,true
v49982,v33865,par,true
v49984,v45886,set,true
v49984,v55305,set,true
v49985,v27583,ser,true
v49985,v52424,preq,true
v49985,v52425,ser,true
v50008,v27685,ser,true
v50014,v7,alt,false
v50017,v51,char,false
v50033,v51457,fan,true
v50041,v499,char,false
v50041,v55371,ser,true
v50041,v55373,ser,true
v50058,v46311,set,true
v50073,v25124,orig,true
v50073,v29865,orig,true
v50074,v40001,char,true
v50074,v40057,orig,true
v50075,v38271,preq,true
v50076,v240,alt,true
v50084,v50085,seq,true
v50085,v50084,preq,true
v50085,v50086,seq,true
v50086,v50085,preq,true
v50093,v36169,preq,true
v50130,v46123,char,true
v50132,v46102,preq,true
v50132,v49392,ser,true
v50132,v51719,ser,true
v50132,v52620,seq,true
v50132,v55280,preq,true
v50134,v49826,ser,true
v50134,v50336,ser,true
v50135,v35984,preq,true
v50136,v29682,set,true
v50136,v32150,set,true
v50140,v34544,ser,true
v50140,v56239,ser,true
v50141,v31770,preq,true
v50142,v39979,set,true
v50151,v38125,preq,true
v50152,v39971,ser,true
v50152,v60305,ser,true
v50153,v54849,fan,true
v50155,v50156,seq,true
v50156,v50155,preq,true
v50158,v34804,orig,true
v50166,v41057,char,true
v50166,v48976,char,true
v50166,v50226,char,true
v50197,v43660,set,true
v50198,v48805,set,true
v50199,v49300,preq,true
v50199,v53174,seq,true
v50199,v57238,par,true
v50200,v39952,set,true
v50205,v50253,preq,true
v50215,v26307,ser,true
v50216,v34761,preq,true
v50223,v30197,par,true
v50226,v41057,char,true
v50226,v50166,char,true
v50226,v50231,char,true
v50226,v54273,char,true
v50231,v50226,char,true
v50231,v54273,char,true
v50231,v60694,char,true
v50241,v45021,alt,true
v50242,v60395,alt,true
v50248,v49005,set,true
v50248,v53418,set,true
v50253,v31021,preq,true
v50253,v50205,seq,true
v50259,v50324,char,true
v50276,v8462,char,false
v50276,v9923,char,false
v50276,v11087,char,false
v50279,v51228,side,true
v50279,v52053,side,true
v50279,v53755,set,true
v50279,v56970,set,true
v50282,v25438,orig,true
v50283,v56862,char,true
v50283,v60213,char,true
v50303,v51726,alt,true
v50315,v42084,preq,true
v50324,v50259,char,true
v50326,v33587,seq,true
v50330,v31462,set,false
v50335,v55635,preq,true
v50336,v50134,ser,true
v50336,v53620,ser,true
v50341,v27596,seq,true
v50345,v7014,set,false
v50347,v50348,side,true
v50348,v50347,par,true
v50354,v30193,char,false
v50354,v31598,char,false
v50354,v33496,char,false
v50354,v34717,char,true
v50354,v34801,char,false
v50354,v34842,char,false
v50355,v30032,alt,true
v50364,v10933,char,false
v50365,v58237,ser,true
v50371,v50375,seq,true
v50375,v50371,preq,true
v50377,v44323,char,true
v50377,v55497,char,true
v50392,v18160,par,false
v50395,v62113,seq,true
v50397,v50410,set,true
v50399,v56336,seq,true
v50410,v50397,set,true
v50411,v58500,char,false
v50416,v33175,preq,true
v50423,v46155,set,true
v50423,v48291,char,true
v50434,v50435,seq,true
v50435,v50434,preq,true
v50437,v54301,char,true
v50438,v55558,side,true
v50439,v54507,seq,true
v50439,v59256,side,true
v50456,v7809,char,false
v50456,v26532,char,false
v50457,v45997,ser,true
v50458,v397,orig,true
v50458,v1103,orig,true
v50460,v18757,char,true
v50460,v22190,char,true
v50460,v37168,char,true
v50460,v46113,char,true
v50460,v52201,set,true
v50464,v36256,par,true
v50466,v33680,set,true
v50466,v43170,set,true
v50466,v48722,set,true
v50475,v32192,alt,true
v50476,v50477,fan,true
v50477,v50476,orig,true
v50483,v50484,set,true
v50484,v50483,set,true
v50484,v51448,char,true
v50484,v53741,char,true
v50484,v54811,set,true
v50484,v55027,preq,true
v50484,v55363,preq,true
v50484,v56236,side,true
v50485,v17716,char,true
v50486,v61483,seq,true
v50488,v58568,fan,true
v50496,v36301,set,true
v50508,v50509,char,true
v50508,v52657,seq,true
v50509,v50508,char,true
v50509,v54212,set,true
v50510,v50511,preq,true
v50511,v50510,seq,true
v50515,v20909,char,true
v50520,v31820,preq,true
v50520,v55449,seq,true
v50522,v36301,set,true
v50532,v50750,ser,true
v50532,v54220,ser,true
v50535,v35710,char,true
v50535,v37218,set,true
v50535,v37742,set,true
v50535,v45811,char,true
v50535,v45955,set,true
v50535,v46837,char,true
v50535,v48861,set,true
v50535,v52848,set,true
v50539,v23327,ser,true
v50539,v50540,ser,true
v50540,v50539,ser,true
v50551,v26007,par,true
v50560,v44058,preq,true
v50561,v32701,char,false
v50566,v26773,preq,true
v50580,v62216,preq,true
v50596,v33201,ser,true
v50598,v33201,seq,true
v50603,v36963,ser,true
v50612,v31996,seq,true
v50614,v42382,preq,true
v50616,v50617,char,true
v50617,v50616,char,true
v50626,v18157,side,false
v50637,v56588,preq,true
v50648,v30346,ser,true
v50648,v45879,ser,true
v50648,v61420,seq,true
v50651,v52236,side,true
v50663,v34037,alt,true
v50669,v28922,preq,true
v50673,v5299,char,false
v50673,v6035,char,false
v50673,v10399,char,false
v50673,v10586,set,false
v50673,v11409,char,false
v50673,v12183,char,false
v50673,v13091,char,false
v50673,v13687,set,false
v50673,v23511,char,false
v50678,v46550,preq,true
v50678,v56032,seq,true
v50680,v29006,char,true
v50680,v30209,char,true
v50680,v39138,ser,true
v50680,v52859,ser,true
v50692,v50697,set,true
v50694,v49462,preq,true
v50694,v55059,seq,true
v50695,v51643,set,true
v50696,v44554,orig,true
v50697,v50692,set,true
v50699,v44554,preq,true
v50706,v53091,set,true
v50706,v58229,seq,true
v50712,v49505,seq,true
v50718,v50719,side,true
v50719,v50718,par,true
v50726,v50727,preq,true
v50727,v50726,seq,true
v50727,v54913,ser,true
v50729,v45049,orig,true
v50735,v50736,side,true
v50735,v57061,seq,true
v50736,v50735,par,true
v50750,v50532,ser,true
v50750,v54220,ser,true
v50756,v52837,seq,true
v50757,v46039,char,true
v50758,v37016,set,true
v50763,v13124,preq,true
v50768,v56201,side,true
v50768,v57941,alt,true
v50783,v324,char,true
v50783,v998,char,true
v50786,v29920,orig,true
v50789,v29443,preq,false
v50796,v52318,set,true
v50807,v104,set,false
v50807,v216,set,false
v50807,v1275,set,false
v50807,v10402,set,false
v50807,v10403,set,false
v50807,v18530,set,false
v50811,v50812,seq,true
v50812,v50811,preq,true
v50813,v58384,char,true
v50820,v50822,seq,true
v50822,v50820,preq,true
v50824,v35476,preq,true
v50825,v47072,preq,true
v50827,v49384,par,true
v50829,v28760,preq,true
v50842,v39001,preq,true
v50844,v28301,seq,true
v50848,v42577,char,true
v50859,v43,char,false
v50859,v128,char,false
v50859,v129,char,false
v50859,v50860,ser,true
v50860,v43,char,false
v50860,v128,char,false
v50860,v129,char,false
v50860,v50859,ser,true
v50868,v36246,ser,true
v50871,v50872,seq,true
v50872,v50871,preq,true
v50879,v21426,set,true
v50879,v52764,char,true
v50879,v60747,char,true
v50880,v61027,side,true
v50888,v26391,preq,false
v50899,v49707,preq,true
v50946,v36072,char,true
v50957,v20424,par,false
v50959,v47056,par,true
v50983,v34168,set,true
v50983,v34169,set,true
v50983,v42906,set,true
v50983,v49190,set,true
v51009,v19570,char,false
v51010,v58020,seq,true
v51020,v28855,preq,true
v51022,v21905,alt,false
v51022,v29655,alt,true
v51025,v20772,ser,true
v51025,v51029,ser,true
v51029,v20772,ser,true
v51029,v51025,ser,true
v51034,v34737,char,false
v51041,v61271,seq,true
v51042,v52110,alt,true
v51049,v1224,orig,true
v51051,v1224,orig,true
v51057,v22499,alt,true
v51083,v34991,ser,true
v51090,v33162,seq,true
v51099,v52630,char,true
v51120,v49959,alt,true
v51121,v21178,orig,true
v51121,v26594,char,true
v51132,v46240,preq,true
v51141,v21905,preq,false
v51145,v15573,set,true
v51154,v25197,par,true
v51167,v1194,char,false
v51172,v42884,par,true
v51172,v51173,seq,true
v51173,v51172,preq,true
v51178,v59152,preq,true
v51189,v56163,fan,true
v51209,v54453,par,true
v51220,v60678,seq,true
v51228,v50279,par,true
v51230,v51936,par,true
v51259,v53775,preq,true
v51276,v27170,preq,true
v51279,v46794,preq,true
v51279,v51288,seq,true
v51280,v48767,preq,true
v51288,v51279,preq,true
v51288,v58511,seq,true
v51292,v32951,preq,true
v51294,v28253,preq,true
v51295,v18334,char,false
v51295,v51296,ser,true
v51296,v7014,char,false
v51296,v7679,char,false
v51296,v18334,char,false
v51296,v51295,ser,true
v51296,v52861,ser,true
v51297,v52862,seq,true
v51298,v57560,fan,true
v51304,v1296,orig,true
v51342,v22667,set,true
v51363,v47880,orig,true
v51364,v47880,orig,true
v51368,v42336,preq,true
v51376,v43130,preq,true
v51382,v46650,preq,true
v51386,v30189,set,true
v51386,v51609,seq,true
v51393,v48855,seq,true
v51403,v52384,seq,true
v51404,v4527,char,false
v51414,v7725,ser,true
v51414,v23858,ser,true
v51414,v53444,char,false
v51415,v3126,par,false
v51416,v3126,alt,false
v51419,v45048,char,true
v51421,v31622,set,true
v51429,v3727,char,false
v51435,v21905,alt,false
v51442,v36185,preq,true
v51448,v50484,char,true
v51457,v50033,orig,true
v51459,v55359,ser,true
v51463,v25432,char,false
v51465,v28875,preq,true
v51478,v48254,ser,true
v51478,v53201,ser,true
v51500,v51501,seq,true
v51501,v51500,preq,true
v51507,v52441,ser,true
v51532,v44063,seq,true
v51537,v56182,alt,true
v51538,v32451,set,true
v51542,v18,char,false
v51542,v51,set,false
v51554,v33208,preq,true
v51562,v45582,ser,true
v51562,v47040,ser,true
v51562,v59637,ser,true
v51589,v57328,preq,true
v51597,v49383,preq,true
v51598,v55430,preq,true
v51600,v53793,seq,true
v51601,v55430,seq,true
v51606,v33925,alt,true
v51607,v45822,par,true
v51609,v29087,preq,true
v51609,v30189,preq,true
v51609,v51386,preq,true
v51615,v51616,side,true
v51616,v51615,par,true
v51629,v1241,preq,false
v51635,v47263,char,true
v51643,v32934,set,true
v51643,v50695,set,true
v51644,v57948,char,true
v51658,v51660,seq,true
v51658,v51662,set,true
v51658,v61229,ser,true
v51660,v51658,preq,true
v51662,v51658,set,true
v51663,v53472,set,true
v51665,v30556,char,true
v51670,v24604,alt,true
v51671,v44129,set,true
v51671,v45454,set,true
v51671,v46035,set,true
v51678,v49825,seq,true
v51680,v14816,set,true
v51680,v19044,set,true
v51680,v41449,set,true
v51680,v44230,set,true
v51680,v47184,set,true
v51680,v52963,set,true
v51691,v49385,par,true
v51702,v3126,preq,false
v51702,v55927,char,false
v51702,v58176,char,false
v51707,v30354,seq,true
v51713,v46981,set,true
v51719,v46102,ser,true
v51719,v49392,ser,true
v51719,v50132,ser,true
v51726,v50303,alt,true
v51729,v3126,alt,false
v51737,v45582,ser,true
v51737,v47040,ser,true
v51739,v35935,char,true
v51740,v37936,set,true
v51741,v46082,set,true
v51747,v33112,set,true
v51757,v717,char,false
v51758,v7014,set,false
v51759,v42395,set,true
v51761,v54012,preq,true
v51763,v49461,set,true
v51763,v52216,seq,true
v51767,v34196,set,true
v51768,v46500,preq,true
v51770,v22602,char,true
v51770,v40675,char,true
v51772,v8891,char,false
v51772,v9781,char,false
v51772,v10366,char,false
v51772,v11681,char,false
v51772,v13658,char,false
v51772,v14968,char,false
v51772,v14971,char,false
v51772,v14974,char,false
v51772,v14975,char,false
v51772,v14978,char,false
v51772,v14979,char,false
v51772,v23370,char,false
v51772,v39484,char,false
v51772,v39499,char,false
v51772,v39532,char,false
v51772,v48670,char,false
v51774,v33368,char,true
v51777,v49005,set,true
v51777,v53418,set,true
v51779,v52982,set,true
v51784,v58090,char,true
v51788,v24475,char,true
v51788,v29526,char,true
v51788,v29774,set,true
v51788,v30674,set,true
v51795,v54847,seq,true
v51797,v46191,set,true
v51804,v3126,alt,false
v51805,v25706,alt,true
v51806,v32801,preq,true
v51808,v38724,set,true
v51834,v29276,preq,true
v51838,v3433,preq,true
v51845,v42908,ser,false
v51846,v29807,set,true
v51846,v55385,char,true
v51894,v24501,char,true
v51899,v55163,seq,true
v51903,v1920,char,false
v51903,v27583,ser,true
v51903,v52422,seq,true
v51903,v52425,ser,true
v51905,v4203,char,false
v51905,v18027,char,false
v51905,v38339,char,false
v51909,v15641,orig,true
v51910,v15641,orig,true
v51911,v15641,orig,true
v51915,v29345,preq,true
v51931,v34737,char,true
v51932,v59918,side,true
v51936,v51230,side,true
v51936,v55085,side,true
v51937,v46669,alt,true
v51940,v48045,par,true
v51949,v28951,preq,true
v51950,v46563,ser,true
v51953,v51954,ser,true
v51954,v51953,ser,true
v51955,v44107,ser,true
v51955,v56537,ser,true
v51959,v49338,ser,true
v51959,v59418,ser,true
v51968,v48448,preq,true
v51970,v58338,alt,true
v51972,v59710,ser,false
v51999,v39685,preq,true
v52008,v777,par,false
v52015,v32699,orig,true
v52016,v32699,orig,true
v52030,v57451,ser,true
v52036,v53183,ser,true
v52037,v18157,set,false
v52045,v52189,ser,true
v52045,v52419,preq,true
v52053,v50279,par,true
v52054,v53974,ser,true
v52059,v32597,seq,true
v52059,v57861,set,true
v52069,v16890,char,false
v52069,v18531,char,false
v52069,v34028,char,false
v52069,v53105,char,false
v52073,v36301,set,true
v52079,v54597,seq,true
v52079,v55511,preq,true
v52080,v52314,ser,true
v52080,v52844,ser,true
v52081,v36301,set,true
v52085,v42529,ser,true
v52086,v57002,set,true
v52103,v28983,char,false
v52108,v52109,seq,true
v52109,v52108,preq,true
v52110,v51042,alt,true
v52116,v52118,preq,true
v52118,v52116,seq,true
v52143,v57083,preq,true
v52145,v7804,ser,true
v52146,v35499,preq,true
v52149,v57566,alt,true
v52155,v2396,char,false
v52158,v11238,set,true
v52158,v18001,char,false
v52168,v49568,preq,true
v52187,v48114,par,true
v52189,v52045,ser,true
v52189,v53495,ser,true
v52196,v3126,char,false
v52196,v53401,char,false
v52201,v50460,set,true
v52214,v48444,preq,true
v52214,v62097,seq,true
v52216,v51763,preq,true
v52225,v37349,set,true
v52225,v41933,set,true
v52225,v46833,par,true
v52225,v52226,set,true
v52226,v37349,alt,true
v52226,v41933,set,true
v52226,v46833,set,true
v52226,v52225,set,true
v52236,v50651,par,true
v52240,v36301,set,true
v52265,v24241,preq,true
v52276,v38068,preq,true
v52279,v47009,orig,true
v52286,v466,orig,true
v52293,v52303,char,true
v52303,v43564,char,true
v52303,v52293,char,true
v52312,v20,alt,false
v52314,v49654,ser,true
v52314,v52080,ser,true
v52318,v50796,set,true
v52321,v49392,ser,true
v52321,v52620,preq,true
v52335,v52336,ser,true
v52336,v52335,ser,true
v52345,v58231,seq,true
v52351,v38891,preq,true
v52351,v44881,char,true
v52359,v47645,ser,true
v52362,v25787,char,true
v52364,v33864,char,true
v52381,v56582,preq,true
v52381,v56583,preq,true
v52384,v51403,preq,true
v52387,v46802,preq,true
v52388,v54369,ser,true
v52402,v23634,ser,true
v52407,v19829,par,true
v52419,v52045,seq,true
v52420,v29398,preq,true
v52422,v51903,preq,true
v52422,v52424,seq,true
v52422,v52425,ser,true
v52424,v49985,seq,true
v52424,v52422,preq,true
v52424,v52425,ser,true
v52425,v4628,char,false
v52425,v27583,ser,true
v52425,v49985,ser,true
v52425,v51903,ser,true
v52425,v52422,ser,true
v52425,v52424,ser,true
v52429,v52431,seq,true
v52429,v52433,preq,true
v52431,v52429,preq,true
v52433,v52429,seq,true
v52437,v36121,ser,true
v52440,v48281,preq,true
v52441,v51507,ser,true
v52441,v53322,ser,true
v52457,v38894,ser,true
v52457,v60851,ser,true
v52480,v61881,par,true
v52496,v21905,alt,false
v52498,v60223,fan,true
v52502,v1241,alt,true
v52515,v1502,char,false
v52515,v5434,char,false
v52515,v9185,char,false
v52527,v43540,ser,true
v52529,v49504,preq,true
v52529,v54260,seq,true
v52530,v46688,par,true
v52536,v17010,preq,true
v52538,v17491,char,true
v52538,v27072,char,true
v52538,v42887,preq,true
v52545,v46189,set,true
v52548,v18157,alt,false
v52548,v26553,seq,false
v52548,v28983,seq,false
v52554,v43923,char,false
v52586,v60347,preq,true
v52590,v48726,preq,true
v52595,v30898,ser,true
v52595,v30899,ser,true
v52596,v58930,char,true
v52612,v52613,seq,true
v52612,v52614,seq,true
v52613,v52612,preq,true
v52614,v52612,preq,true
v52616,v33508,par,true
v52619,v42942,set,true
v52620,v50132,preq,true
v52620,v52321,seq,true
v52620,v54095,seq,true
v52630,v51099,char,true
v52631,v52632,char,true
v52632,v52631,char,true
v52648,v57966,char,true
v52653,v37552,seq,true
v52656,v53601,par,true
v52657,v50508,preq,true
v52657,v53600,ser,true
v52658,v37852,seq,true
v52668,v3661,fan,false
v52668,v37611,seq,true
v52670,v54102,seq,true
v52670,v55245,char,true
v52674,v61881,set,true
v52674,v61882,seq,true
v52697,v52698,char,true
v52698,v52697,char,true
v52701,v24701,set,true
v52701,v53757,set,true
v52702,v44195,set,true
v52702,v57107,fan,true
v52704,v16006,ser,true
v52715,v47056,preq,true
v52715,v55885,side,true
v52715,v59519,seq,true
v52718,v38108,preq,true
v52737,v48237,char,true
v52737,v58419,char,true
v52741,v36674,preq,true
v52745,v26573,ser,true
v52748,v57552,alt,true
v52764,v33896,set,true
v52764,v50879,char,true
v52768,v44159,ser,true
v52773,v17972,orig,true
v52794,v46606,ser,true
v52812,v61269,seq,true
v52814,v52815,seq,true
v52815,v52814,preq,true
v52820,v3550,char,true
v52822,v48594,ser,true
v52829,v61839,seq,true
v52830,v56814,ser,true
v52836,v21289,ser,true
v52837,v50756,preq,true
v52844,v52080,ser,true
v52848,v35710,set,true
v52848,v37218,char,true
v52848,v37742,set,true
v52848,v45811,set,true
v52848,v45955,char,true
v52848,v46837,set,true
v52848,v48861,set,true
v52848,v50535,set,true
v52859,v33917,char,true
v52859,v42269,char,true
v52859,v50680,ser,true
v52859,v57458,ser,true
v52860,v25719,par,true
v52861,v7014,char,false
v52861,v7679,char,false
v52861,v18334,char,false
v52861,v51296,ser,true
v52862,v51297,preq,true
v52862,v52863,seq,true
v52863,v52862,preq,true
v52863,v52864,seq,true
v52864,v52863,preq,true
v52867,v60393,seq,true
v52875,v36791,char,false
v52876,v60864,seq,true
v52879,v3554,set,true
v52881,v729,par,true
v52882,v52883,seq,true
v52883,v52882,preq,true
v52883,v52884,seq,true
v52884,v52883,preq,true
v52899,v55193,fan,true
v52908,v28716,char,true
v52908,v52909,ser,true
v52909,v52908,ser,true
v52909,v52910,ser,true
v52910,v52909,ser,true
v52910,v52911,ser,true
v52911,v52910,ser,true
v52916,v18440,alt,true
v52918,v47324,seq,true
v52930,v17799,seq,true
v52931,v17799,par,true
v52932,v17799,par,true
v52951,v45408,char,true
v52963,v14816,char,true
v52963,v19044,char,true
v52963,v41449,set,true
v52963,v44230,set,true
v52963,v51680,set,true
v52972,v34222,preq,true
v52975,v12704,char,true
v52975,v24681,char,true
v52975,v60642,set,true
v52982,v51779,set,true
v52985,v3856,alt,false
v52995,v53796,char,true
v52995,v54199,fan,true
v53002,v3126,alt,false
v53002,v53401,seq,true
v53002,v60742,char,true
v53003,v3126,par,false
v53027,v54264,char,false
v53028,v37058,preq,true
v53028,v53030,seq,true
v53030,v53028,preq,true
v53032,v47869,preq,true
v53035,v22181,set,true
v53040,v40390,par,false
v53041,v43780,char,true
v53048,v43900,alt,true
v53049,v2021,char,true
v53049,v2022,char,true
v53049,v2023,char,true
v53049,v2024,char,true
v53049,v10475,char,true
v53052,v6593,set,true
v53053,v3635,par,true
v53059,v31283,preq,true
v53066,v36,par,false
v53068,v45656,par,true
v53070,v44672,ser,true
v53071,v59685,set,true
v53077,v61105,seq,true
v53084,v11,char,false
v53087,v38604,preq,true
v53091,v50706,set,true
v53095,v777,char,false
v53101,v8462,char,false
v53102,v20746,char,false
v53102,v30335,char,false
v53103,v16259,ser,true
v53104,v48955,preq,true
v53105,v368,char,false
v53105,v7835,char,false
v53105,v52069,char,false
v53119,v60616,char,true
v53121,v56740,set,false
v53129,v17113,char,true
v53129,v28810,alt,true
v53133,v711,char,false
v53133,v715,char,false
v53145,v36172,preq,true
v53145,v54855,seq,true
v53150,v49225,preq,true
v53150,v59807,seq,true
v53151,v32608,char,true
v53151,v39403,char,true
v53151,v46174,char,true
v53151,v49851,char,true
v53151,v55854,char,true
v53151,v56744,char,true
v53154,v45027,preq,true
v53164,v7014,ser,false
v53165,v53168,preq,true
v53165,v53171,preq,true
v53166,v14785,seq,true
v53168,v14785,preq,true
v53168,v53165,seq,true
v53171,v14785,preq,true
v53171,v53165,seq,true
v53174,v50199,preq,true
v53183,v52036,ser,true
v53189,v53190,seq,true
v53190,v53189,preq,true
v53201,v48254,ser,true
v53201,v51478,ser,true
v53208,v48420,orig,true
v53209,v11,char,false
v53209,v53216,ser,true
v53209,v53262,ser,true
v53209,v53264,ser,true
v53209,v53265,ser,true
v53209,v53266,ser,true
v53210,v3126,preq,false
v53211,v6770,char,false
v53211,v10783,char,false
v53211,v10784,char,false
v53211,v11459,char,false
v53211,v30272,char,false
v53211,v30273,char,false
v53214,v5299,char,false
v53214,v6035,char,false
v53214,v10399,char,false
v53214,v10586,char,false
v53214,v12183,char,false
v53215,v21905,par,false
v53216,v177,char,false
v53216,v4628,char,false
v53216,v53209,ser,true
v53216,v53262,ser,true
v53216,v53264,ser,true
v53216,v53265,ser,true
v53216,v53266,ser,true
v53218,v20,char,false
v53219,v57538,alt,true
v53227,v46805,ser,true
v53237,v14910,preq,true
v53239,v8462,char,false
v53240,v31880,preq,true
v53241,v2099,char,false
v53241,v4006,char,false
v53244,v700,char,false
v53244,v2133,char,false
v53244,v15062,char,false
v53246,v16026,alt,true
v53249,v53250,seq,true
v53249,v53252,set,true
v53250,v53249,preq,true
v53252,v53249,set,true
v53257,v60441,alt,true
v53260,v43330,char,true
v53260,v46538,char,true
v53262,v4681,char,false
v53262,v53209,ser,true
v53262,v53216,ser,true
v53262,v53264,ser,true
v53262,v53265,ser,true
v53262,v53266,ser,true
v53264,v53209,ser,true
v53264,v53216,ser,true
v53264,v53262,ser,true
v53264,v53265,ser,true
v53264,v53266,ser,true
v53265,v192,char,false
v53265,v53209,ser,true
v53265,v53216,ser,true
v53265,v53262,ser,true
v53265,v53264,ser,true
v53265,v53266,ser,true
v53266,v53209,ser,true
v53266,v53216,ser,true
v53266,v53262,ser,true
v53266,v53264,ser,true
v53266,v53265,ser,true
v53267,v2348,char,false
v53268,v23944,char,false
v53281,v27354,ser,true
v53286,v45909,set,true
v53289,v53290,seq,true
v53290,v53289,preq,true
v53290,v54821,seq,true
v53291,v36375,ser,true
v53291,v59520,seq,true
v53298,v25583,ser,true
v53306,v17994,char,false
v53306,v22992,char,false
v53306,v24646,char,false
v53306,v42615,char,false
v53307,v36614,ser,true
v53308,v54063,ser,true
v53322,v52441,ser,true
v53324,v53325,ser,true
v53324,v53326,ser,true
v53325,v53324,ser,true
v53326,v53324,ser,true
v53328,v35919,set,true
v53332,v55245,char,true
v53336,v3126,alt,false
v53336,v21905,char,false
v53338,v3126,alt,false
v53338,v53339,seq,true
v53338,v53346,fan,true
v53338,v53426,fan,true
v53339,v53338,preq,true
v53339,v53340,seq,true
v53340,v53339,preq,true
v53346,v53338,orig,true
v53348,v3126,alt,false
v53353,v30674,preq,true
v53356,v3126,alt,false
v53356,v53357,seq,true
v53357,v53356,preq,true
v53358,v54086,side,true
v53360,v3126,alt,false
v53360,v53366,seq,true
v53366,v53360,preq,true
v53367,v26644,set,true
v53382,v43438,alt,false
v53383,v3126,alt,false
v53383,v53384,seq,true
v53384,v53383,preq,true
v53385,v45381,orig,true
v53387,v42912,preq,true
v53388,v30927,set,true
v53398,v43367,orig,true
v53401,v52196,char,false
v53401,v53002,preq,true
v53401,v53403,seq,true
v53403,v53401,preq,true
v53403,v53405,seq,true
v53405,v53403,preq,true
v53405,v53423,seq,true
v53405,v60746,seq,true
v53406,v19027,char,true
v53414,v31739,ser,true
v53414,v46998,ser,true
v53416,v46910,preq,true
v53418,v49005,seq,true
v53418,v50248,set,true
v53418,v51777,set,true
v53422,v46853,preq,true
v53422,v61391,seq,true
v53423,v53405,preq,true
v53426,v53338,orig,true
v53427,v18809,preq,true
v53434,v273,fan,true
v53441,v10486,char,false
v53441,v26150,char,true
v53441,v27321,set,false
v53441,v27322,char,false
v53441,v27323,set,false
v53441,v46612,char,true
v53442,v33,char,false
v53443,v33,char,false
v53444,v7725,char,false
v53444,v11260,char,false
v53444,v11261,char,false
v53444,v23858,char,false
v53444,v51414,char,false
v53445,v33966,alt,false
v53446,v67,par,false
v53456,v56462,seq,true
v53456,v58719,side,true
v53456,v60621,set,true
v53456,v60654,side,true
v53461,v48237,char,true
v53461,v58419,char,true
v53472,v51663,set,true
v53475,v30242,set,true
v53482,v53483,char,true
v53483,v53482,char,true
v53484,v21267,char,true
v53485,v38037,orig,true
v53486,v38037,set,true
v53495,v52189,ser,true
v53495,v55400,ser,true
v53497,v29607,preq,true
v53501,v58104,char,true
v53501,v61574,ser,true
v53506,v60174,set,true
v53509,v4404,ser,true
v53510,v61518,fan,true
v53528,v12363,alt,true
v53538,v61688,seq,true
v53542,v46882,char,true
v53543,v38191,char,true
v53549,v35750,ser,true
v53550,v11,char,false
v53551,v27453,preq,true
v53554,v53567,ser,true
v53555,v49594,preq,true
v53567,v53554,ser,true
v53567,v53570,ser,true
v53568,v3909,alt,true
v53570,v53567,ser,true
v53570,v53573,ser,true
v53573,v53570,ser,true
v53575,v10713,alt,true
v53578,v3126,alt,false
v53578,v53579,seq,true
v53579,v53578,preq,true
v53579,v53580,seq,true
v53580,v53579,preq,true
v53590,v27449,orig,true
v53591,v945,par,false
v53592,v18,char,false
v53592,v177,char,false
v53592,v184,char,false
v53592,v25243,ser,true
v53592,v27592,ser,true
v53593,v32639,set,true
v53600,v52657,ser,true
v53600,v55023,ser,true
v53601,v52656,side,true
v53601,v55023,char,true
v53607,v55153,side,true
v53612,v45468,par,true
v53620,v50336,ser,true
v53620,v53720,ser,true
v53628,v53817,alt,true
v53630,v30229,preq,true
v53630,v53631,seq,true
v53631,v53630,preq,true
v53632,v30229,par,true
v53633,v45408,char,true
v53636,v26604,preq,true
v53642,v61044,seq,true
v53653,v40404,par,true
v53657,v18370,preq,true
v53657,v18779,seq,true
v53665,v54734,seq,true
v53665,v55457,char,true
v53665,v57354,side,true
v53670,v45866,char,true
v53671,v53672,char,true
v53672,v53671,char,true
v53680,v31070,preq,true
v53691,v61336,set,true
v53694,v29319,alt,true
v53698,v8462,char,false
v53717,v55395,seq,true
v53720,v53620,ser,true
v53720,v54853,ser,true
v53726,v24208,preq,true
v53733,v44465,preq,true
v53733,v60179,seq,true
v53741,v50484,char,true
v53742,v38513,ser,true
v53742,v56633,set,true
v53742,v61731,seq,true
v53755,v50279,set,true
v53757,v52701,set,true
v53758,v38323,char,true
v53761,v3126,alt,false
v53761,v53762,seq,true
v53761,v53763,alt,true
v53762,v53761,preq,true
v53763,v53761,alt,true
v53775,v51259,seq,true
v53787,v61142,seq,true
v53793,v51600,preq,true
v53795,v48414,set,true
v53795,v61222,set,true
v53796,v52995,char,true
v53816,v36606,preq,true
v53817,v53628,alt,true
v53817,v53819,side,true
v53817,v53837,side,true
v53817,v53893,side,true
v53817,v54308,side,true
v53817,v54311,fan,true
v53817,v54344,fan,true
v53817,v54345,seq,true
v53819,v53817,par,true
v53823,v47955,ser,true
v53830,v42778,preq,true
v53830,v43991,set,true
v53837,v53817,par,true
v53842,v54910,seq,true
v53843,v53844,side,true
v53843,v56988,seq,true
v53844,v53843,par,true
v53861,v12705,char,false
v53868,v28848,ser,true
v53868,v54405,ser,true
v53877,v40519,orig,true
v53882,v58335,seq,true
v53887,v42279,preq,true
v53893,v53817,par,true
v53894,v47689,char,true
v53915,v36013,alt,true
v53921,v7836,char,false
v53923,v61129,char,true
v53936,v28617,preq,true
v53936,v55463,side,true
v53938,v41052,seq,true
v53940,v54176,seq,true
v53956,v45765,preq,true
v53957,v35423,orig,true
v53962,v11910,ser,true
v53972,v11910,ser,true
v53974,v52054,ser,true
v53983,v57814,seq,true
v53983,v58998,char,true
v54004,v54005,seq,true
v54005,v54004,preq,true
v54012,v51761,seq,true
v54013,v58001,seq,true
v54019,v4729,char,false
v54019,v4730,char,false
v54019,v11811,ser,true
v54019,v11826,ser,true
v54019,v54020,ser,true
v54020,v11811,alt,true
v54020,v11826,ser,true
v54020,v54019,ser,true
v54046,v48588,seq,true
v54050,v38511,set,true
v54051,v37936,preq,true
v54052,v54053,seq,true
v54053,v54052,preq,true
v54063,v53308,ser,true
v54063,v56250,ser,true
v54086,v53358,par,true
v54092,v22292,ser,true
v54095,v52620,preq,true
v54096,v54370,ser,true
v54096,v54371,ser,true
v54100,v40404,orig,true
v54101,v49575,par,true
v54102,v52670,preq,true
v54112,v3747,par,true
v54113,v3747,par,true
v54113,v54115,seq,true
v54114,v3747,par,true
v54115,v3747,par,true
v54115,v54113,preq,true
v54126,v40576,ser,true
v54137,v22008,set,true
v54145,v54146,set,true
v54146,v54145,set,true
v54159,v55507,preq,true
v54165,v21862,preq,true
v54175,v44808,ser,true
v54175,v44809,ser,true
v54175,v44810,ser,true
v54175,v44811,ser,true
v54175,v44812,ser,true
v54175,v44813,ser,true
v54175,v44814,ser,true
v54175,v44815,ser,true
v54176,v53940,preq,true
v54180,v24330,preq,true
v54181,v55825,preq,true
v54198,v61811,seq,true
v54199,v52995,orig,true
v54200,v54201,ser,true
v54201,v49008,ser,true
v54201,v54200,ser,true
v54203,v46319,preq,true
v54203,v58564,preq,true
v54203,v61344,seq,true
v54205,v43501,orig,true
v54212,v50509,set,true
v54212,v62011,ser,true
v54215,v30825,orig,true
v54217,v61380,set,true
v54220,v50532,ser,true
v54220,v50750,ser,true
v54229,v49005,seq,true
v54238,v58015,alt,false
v54242,v30588,alt,false
v54243,v3126,par,false
v54244,v3126,alt,false
v54248,v31794,orig,true
v54249,v3126,par,false
v54250,v3126,par,false
v54251,v3126,alt,false
v54252,v3126,alt,false
v54260,v52529,preq,true
v54261,v38119,preq,true
v54262,v3126,alt,false
v54264,v53027,char,false
v54268,v46779,preq,true
v54273,v41057,char,true
v54273,v50226,char,true
v54273,v50231,char,true
v54276,v60712,set,true
v54293,v34044,ser,true
v54295,v26266,set,true
v54298,v4,preq,false
v54301,v50437,char,true
v54307,v14913,char,false
v54307,v20336,char,false
v54308,v53817,par,true
v54311,v53817,orig,true
v54312,v1281,char,false
v54312,v10131,char,false
v54312,v11269,char,false
v54321,v21426,preq,true
v54324,v36741,char,true
v54328,v47778,preq,true
v54328,v59808,seq,true
v54337,v54338,par,true
v54338,v54337,side,true
v54338,v54339,side,true
v54338,v54340,seq,true
v54339,v54338,par,true
v54339,v54341,par,true
v54340,v54338,preq,true
v54341,v54339,side,true
v54344,v53817,orig,true
v54345,v53817,preq,true
v54345,v54442,fan,true
v54349,v47172,preq,true
v54354,v54377,preq,true
v54357,v54376,seq,true
v54360,v26762,char,true
v54365,v3126,preq,false
v54367,v38015,ser,true
v54369,v52388,ser,true
v54370,v54096,ser,true
v54370,v54371,ser,true
v54371,v54096,ser,true
v54371,v54370,ser,true
v54371,v54576,ser,true
v54376,v54357,preq,true
v54377,v54354,seq,true
v54405,v53868,ser,true
v54405,v55285,ser,true
v54435,v36527,par,true
v54436,v41627,ser,true
v54436,v41629,ser,true
v54440,v54441,char,true
v54441,v54440,char,true
v54442,v54345,orig,true
v54447,v60223,fan,true
v54452,v43175,ser,true
v54453,v51209,side,true
v54458,v54462,ser,true
v54459,v60293,ser,true
v54462,v54458,ser,true
v54463,v54464,seq,true
v54464,v54463,preq,true
v54464,v54465,seq,true
v54465,v54464,preq,true
v54471,v45467,seq,true
v54473,v15469,alt,true
v54475,v27893,par,true
v54487,v23081,seq,true
v54492,v48575,preq,true
v54494,v54495,ser,true
v54495,v54494,ser,true
v54503,v19053,ser,true
v54507,v50439,preq,true
v54509,v36175,ser,true
v54510,v20644,alt,true
v54513,v21905,alt,false
v54530,v54531,seq,true
v54531,v54530,preq,true
v54531,v54532,seq,true
v54532,v54531,preq,true
v54548,v20,char,false
v54550,v20,char,false
v54565,v46239,preq,true
v54576,v54371,ser,true
v54580,v23804,par,true
v54586,v36751,char,true
v54597,v52079,preq,true
v54607,v61037,fan,true
v54612,v6487,char,false
v54616,v49223,seq,true
v54649,v29030,set,true
v54650,v55785,ser,true
v54655,v45582,ser,true
v54655,v47040,ser,true
v54670,v60724,preq,true
v54674,v48237,preq,true
v54674,v60286,seq,true
v54682,v59252,char,true
v54686,v37098,preq,true
v54695,v18157,alt,false
v54700,v857,char,false
v54700,v858,char,false
v54723,v61964,ser,true
v54724,v3126,alt,false
v54734,v53665,preq,true
v54734,v55100,seq,true
v54737,v9889,seq,false
v54745,v54815,seq,true
v54746,v47099,preq,true
v54753,v55598,set,true
v54754,v54755,preq,true
v54755,v54754,seq,true
v54759,v54760,ser,true
v54759,v54770,ser,true
v54759,v55022,ser,true
v54760,v45707,char,true
v54760,v54759,ser,true
v54760,v54770,ser,true
v54760,v54773,seq,true
v54760,v55022,ser,true
v54770,v45688,char,true
v54770,v45707,char,true
v54770,v54759,ser,true
v54770,v54760,ser,true
v54770,v54951,char,true
v54770,v55022,char,true
v54773,v54760,preq,true
v54776,v48419,set,true
v54776,v55899,set,true
v54778,v54779,seq,true
v54779,v54778,preq,true
v54801,v60950,seq,true
v54804,v56264,set,true
v54811,v50484,set,true
v54815,v54745,preq,true
v54821,v53290,preq,true
v54821,v56242,seq,true
v54829,v49207,ser,true
v54829,v56556,ser,true
v54836,v11767,char,true
v54836,v54865,char,true
v54840,v15724,preq,true
v54841,v30813,orig,true
v54847,v51795,preq,true
v54849,v50153,orig,true
v54853,v53720,ser,true
v54853,v54919,ser,true
v54854,v36172,char,true
v54855,v53145,preq,true
v54861,v945,preq,false
v54862,v13066,char,true
v54865,v11767,preq,true
v54865,v54836,char,true
v54874,v54875,alt,false
v54874,v54948,ser,true
v54874,v54949,ser,true
v54874,v54950,ser,true
v54874,v54956,ser,true
v54874,v54957,ser,true
v54874,v54958,ser,true
v54874,v54959,ser,true
v54875,v54874,alt,false
v54886,v30078,ser,true
v54891,v34248,preq,true
v54897,v61697,char,false
v54909,v29941,par,true
v54910,v53842,preq,true
v54913,v50727,ser,true
v54914,v17716,char,true
v54919,v54853,ser,true
v54919,v55168,ser,true
v54924,v62344,char,true
v54937,v3390,seq,true
v54938,v27035,preq,true
v54948,v54874,ser,true
v54948,v54949,ser,true
v54948,v54950,ser,true
v54948,v54956,ser,true
v54948,v54957,ser,true
v54948,v54958,ser,true
v54948,v54959,ser,true
v54949,v54874,ser,true
v54949,v54948,ser,true
v54949,v54950,seq,true
v54949,v54957,ser,true
v54949,v54958,ser,true
v54949,v54959,ser,true
v54950,v54874,ser,true
v54950,v54948,ser,true
v54950,v54949,preq,true
v54950,v54956,seq,true
v54950,v54957,ser,true
v54950,v54958,ser,true
v54950,v54959,ser,true
v54951,v54770,char,true
v54951,v55003,alt,true
v54951,v55111,set,true
v54953,v46004,char,true
v54954,v47787,preq,true
v54956,v54874,ser,true
v54956,v54948,ser,true
v54956,v54950,preq,true
v54956,v54957,ser,true
v54956,v54958,ser,true
v54956,v54959,ser,true
v54957,v54874,ser,true
v54957,v54948,ser,true
v54957,v54949,ser,true
v54957,v54950,ser,true
v54957,v54956,ser,true
v54957,v54958,seq,true
v54958,v54874,ser,true
v54958,v54948,ser,true
v54958,v54949,ser,true
v54958,v54950,ser,true
v54958,v54956,ser,true
v54958,v54957,preq,true
v54958,v54959,seq,true
v54959,v54874,ser,true
v54959,v54948,ser,true
v54959,v54949,ser,true
v54959,v54950,ser,true
v54959,v54956,ser,true
v54959,v54958,preq,true
v54960,v54961,seq,true
v54960,v54965,ser,true
v54960,v54966,ser,true
v54960,v54967,ser,true
v54960,v54968,fan,true
v54960,v54970,alt,true
v54961,v54960,preq,true
v54961,v54962,seq,true
v54961,v54965,ser,true
v54961,v54966,ser,true
v54961,v54967,ser,true
v54961,v54968,fan,true
v54961,v54969,alt,true
v54962,v54961,preq,true
v54962,v54963,side,true
v54962,v54964,seq,true
v54962,v54965,ser,true
v54962,v54966,ser,true
v54962,v54967,ser,true
v54962,v54968,fan,true
v54963,v54962,par,true
v54963,v54965,ser,true
v54963,v54966,ser,true
v54963,v54967,ser,true
v54963,v54968,fan,true
v54964,v54962,preq,true
v54964,v54965,ser,true
v54964,v54966,ser,true
v54964,v54967,ser,true
v54964,v54968,fan,true
v54965,v54960,ser,true
v54965,v54961,ser,true
v54965,v54962,ser,true
v54965,v54963,ser,true
v54965,v54964,ser,true
v54965,v54966,seq,true
v54966,v54960,ser,true
v54966,v54961,ser,true
v54966,v54962,ser,true
v54966,v54963,ser,true
v54966,v54964,ser,true
v54966,v54965,preq,true
v54966,v54967,seq,true
v54967,v54960,ser,true
v54967,v54961,ser,true
v54967,v54962,ser,true
v54967,v54963,ser,true
v54967,v54964,ser,true
v54967,v54966,preq,true
v54968,v54960,orig,true
v54968,v54961,orig,true
v54968,v54962,orig,true
v54968,v54963,orig,true
v54968,v54964,orig,true
v54969,v54961,alt,true
v54970,v54960,alt,true
v54974,v54975,seq,true
v54975,v54974,preq,true
v54987,v36884,preq,true
v54988,v18457,ser,false
v54993,v49300,char,true
v54999,v55283,side,true
v55001,v24916,alt,true
v55003,v54951,alt,true
v55003,v55110,char,true
v55003,v55111,set,true
v55004,v33852,ser,true
v55008,v55037,set,true
v55011,v19904,preq,true
v55011,v27304,seq,true
v55012,v3126,char,false
v55012,v7014,set,false
v55014,v36750,alt,true
v55015,v36750,set,true
v55018,v10004,preq,true
v55018,v10426,preq,true
v55022,v54759,ser,true
v55022,v54760,ser,true
v55022,v54770,char,true
v55022,v55110,seq,true
v55023,v47147,char,true
v55023,v53600,ser,true
v55023,v53601,char,true
v55027,v50484,seq,true
v55031,v4275,par,true
v55031,v13764,par,true
v55031,v46785,par,true
v55031,v61326,ser,true
v55032,v55034,ser,true
v55033,v61674,fan,true
v55034,v55032,ser,true
v55035,v55036,fan,true
v55036,v55035,orig,true
v55037,v55008,set,true
v55040,v55107,ser,true
v55040,v55108,ser,true
v55040,v55109,ser,true
v55059,v50694,preq,true
v55060,v31994,preq,true
v55066,v34975,char,true
v55071,v30867,alt,true
v55085,v51936,par,true
v55100,v54734,preq,true
v55101,v19725,ser,true
v55102,v55104,seq,true
v55104,v55102,preq,true
v55104,v55110,char,true
v55105,v34703,par,true
v55107,v55040,ser,true
v55107,v55108,ser,true
v55107,v55109,ser,true
v55108,v55040,ser,true
v55108,v55107,ser,true
v55108,v55109,ser,true
v55109,v45688,char,true
v55109,v55040,ser,true
v55109,v55107,ser,true
v55109,v55108,ser,true
v55109,v55111,char,true
v55110,v55003,char,true
v55110,v55022,preq,true
v55110,v55104,char,true
v55111,v45707,set,true
v55111,v54951,set,true
v55111,v55003,set,true
v55111,v55109,char,true
v55128,v60819,par,true
v55130,v60315,seq,true
v55153,v53607,par,true
v55163,v51899,preq,true
v55168,v54919,ser,true
v55168,v55616,ser,true
v55169,v47102,preq,true
v55172,v35088,char,true
v55175,v39936,preq,true
v55177,v3126,alt,false
v55178,v55292,seq,true
v55178,v55765,par,true
v55187,v55188,set,true
v55188,v55187,set,true
v55191,v11910,preq,true
v55193,v52899,orig,true
v55195,v38762,set,true
v55197,v29905,preq,true
v55208,v3126,alt,false
v55208,v55209,side,true
v55209,v55208,par,true
v55233,v32558,ser,true
v55233,v55235,ser,true
v55235,v55233,ser,true
v55239,v43402,preq,true
v55243,v6333,char,true
v55245,v49503,char,true
v55245,v52670,char,true
v55245,v53332,char,true
v55247,v55248,set,true
v55248,v55247,set,true
v55248,v55249,preq,true
v55248,v55801,seq,true
v55249,v55248,seq,true
v55273,v47547,preq,true
v55279,v46102,ser,true
v55280,v50132,seq,true
v55281,v43312,ser,true
v55281,v60917,side,true
v55283,v54999,par,true
v55285,v54405,ser,true
v55285,v57704,ser,true
v55292,v55178,preq,true
v55293,v21465,orig,true
v55293,v28712,orig,true
v55293,v47880,orig,true
v55301,v21524,alt,true
v55302,v21664,alt,true
v55305,v49984,set,true
v55317,v55350,char,true
v55318,v55320,seq,true
v55320,v3126,alt,false
v55320,v55318,preq,true
v55320,v55931,side,true
v55320,v55933,side,true
v55320,v55935,alt,true
v55324,v24,alt,false
v55327,v3126,preq,false
v55328,v3126,alt,false
v55329,v3126,char,false
v55330,v3126,orig,false
v55334,v3126,preq,false
v55336,v3704,char,true
v55336,v55350,char,true
v55337,v3126,par,false
v55339,v55349,seq,true
v55341,v49351,ser,true
v55344,v3126,alt,false
v55345,v3126,char,false
v55346,v55347,seq,true
v55347,v55346,preq,true
v55347,v61446,seq,true
v55348,v3126,preq,false
v55349,v55339,preq,true
v55350,v3704,char,true
v55350,v3705,ser,true
v55350,v3729,char,true
v55350,v23331,char,true
v55350,v24146,ser,true
v55350,v24397,char,true
v55350,v46442,ser,true
v55350,v55317,char,true
v55350,v55336,char,true
v55351,v55352,seq,true
v55352,v55351,preq,true
v55353,v3126,alt,false
v55354,v3126,preq,false
v55355,v3126,orig,false
v55356,v3126,preq,false
v55357,v26532,preq,true
v55357,v31469,seq,true
v55359,v51459,ser,true
v55360,v22500,preq,true
v55363,v50484,seq,true
v55365,v3126,alt,false
v55371,v7,char,false
v55371,v50041,ser,true
v55371,v55373,ser,true
v55373,v33,char,false
v55373,v50041,ser,true
v55373,v55371,ser,true
v55374,v3126,char,false
v55375,v3126,alt,false
v55379,v3126,set,false
v55380,v3126,par,false
v55381,v22865,par,false
v55384,v3126,par,false
v55385,v29807,set,true
v55385,v51846,char,true
v55395,v53717,preq,true
v55395,v60648,seq,true
v55400,v53495,ser,true
v55400,v56733,ser,true
v55406,v55407,seq,true
v55407,v55406,preq,true
v55407,v55408,seq,true
v55408,v55407,preq,true
v55417,v28659,set,true
v55417,v43692,set,true
v55422,v60822,set,true
v55426,v42941,preq,true
v55430,v51598,seq,true
v55430,v51601,preq,true
v55433,v43660,set,true
v55449,v50520,preq,true
v55455,v55456,char,true
v55456,v55455,char,true
v55457,v53665,char,true
v55463,v23052,par,true
v55463,v28617,par,true
v55463,v53936,par,true
v55465,v27309,char,false
v55467,v24484,preq,true
v55472,v44669,char,true
v55474,v55475,side,true
v55475,v55474,par,true
v55497,v44323,char,true
v55497,v50377,char,true
v55505,v13664,char,false
v55505,v48104,char,false
v55506,v74,char,false
v55506,v77,char,false
v55506,v806,set,false
v55507,v45459,preq,true
v55507,v54159,seq,true
v55510,v29941,alt,true
v55511,v52079,seq,true
v55519,v5299,orig,true
v55520,v38473,preq,true
v55533,v3126,par,false
v55534,v3126,par,false
v55535,v24631,char,true
v55535,v32437,char,true
v55535,v43525,char,true
v55535,v45657,orig,true
v55537,v44255,char,true
v55538,v57096,seq,true
v55541,v22205,char,true
v55545,v16479,preq,true
v55546,v3126,alt,false
v55547,v3126,seq,false
v55549,v20959,par,true
v55554,v3126,alt,false
v55556,v3126,preq,false
v55558,v50438,par,true
v55571,v55572,char,false
v55572,v55571,char,false
v55574,v17272,seq,true
v55575,v42085,preq,true
v55581,v48848,alt,true
v55582,v42291,set,true
v55598,v54753,set,true
v55604,v8826,par,true
v55610,v3126,alt,false
v55612,v3126,alt,false
v55616,v55168,ser,true
v55625,v49862,preq,true
v55632,v3126,preq,false
v55635,v50335,seq,true
v55654,v36055,preq,true
v55661,v12105,ser,true
v55661,v13976,ser,true
v55664,v15573,char,false
v55664,v23923,char,false
v55664,v55665,char,true
v55665,v55664,char,true
v55665,v55666,char,true
v55666,v55665,char,true
v55713,v3126,alt,false
v55714,v3126,alt,false
v55717,v3126,alt,false
v55719,v3126,alt,false
v55720,v3126,par,false
v55720,v55721,seq,true
v55721,v55720,preq,true
v55722,v945,char,false
v55722,v3126,alt,false
v55723,v3126,preq,false
v55733,v47007,set,true
v55744,v729,preq,true
v55746,v4685,char,false
v55747,v17775,ser,true
v55765,v55178,side,true
v55770,v3126,alt,false
v55771,v3126,orig,false
v55771,v60637,alt,false
v55775,v3126,preq,false
v55776,v3126,preq,false
v55779,v3126,par,false
v55781,v3126,preq,false
v55782,v3126,alt,false
v55785,v54650,ser,true
v55786,v3126,par,false
v55791,v55792,seq,true
v55792,v55791,preq,true
v55799,v32069,char,true
v55801,v55248,preq,true
v55803,v7014,ser,false
v55819,v7014,set,false
v55819,v31661,set,false
v55819,v55820,seq,true
v55820,v55819,preq,true
v55825,v25146,preq,true
v55825,v54181,seq,true
v55831,v60179,char,true
v55832,v60179,set,true
v55833,v2062,char,false
v55833,v23593,ser,true
v55834,v55835,alt,true
v55835,v55834,alt,true
v55836,v55838,set,true
v55838,v55836,set,true
v55847,v37814,char,true
v55854,v35114,preq,true
v55854,v46174,char,true
v55854,v53151,char,true
v55861,v30385,seq,true
v55865,v39788,char,true
v55872,v61363,seq,true
v55877,v27368,preq,true
v55885,v52715,par,true
v55887,v41117,preq,true
v55893,v55895,side,true
v55895,v55893,par,true
v55896,v11872,seq,true
v55896,v55897,ser,true
v55896,v55898,preq,true
v55897,v11872,ser,true
v55897,v55896,ser,true
v55897,v55898,ser,true
v55898,v55896,seq,true
v55898,v55897,ser,true
v55899,v48419,char,true
v55899,v54776,set,true
v55899,v59027,set,true
v55914,v56225,seq,true
v55927,v3126,alt,false
v55927,v51702,char,false
v55928,v3126,alt,false
v55929,v3126,alt,false
v55931,v55320,par,true
v55933,v55320,par,true
v55934,v55936,side,true
v55935,v55320,alt,true
v55936,v55934,par,true
v55940,v55941,alt,true
v55941,v55940,alt,true
v55953,v45419,par,true
v55957,v3126,char,false
v55959,v3126,alt,false
v55979,v3126,alt,false
v55984,v55985,set,true
v55985,v55984,set,true
v56009,v56010,side,true
v56010,v56009,par,true
v56028,v3126,alt,false
v56029,v3126,alt,false
v56032,v50678,preq,true
v56043,v56088,seq,true
v56049,v47650,char,true
v56072,v6962,alt,true
v56075,v3126,alt,false
v56079,v40406,ser,true
v56083,v3126,set,false
v56088,v56043,preq,true
v56096,v24963,preq,true
v56110,v58244,seq,true
v56114,v5299,char,false
v56115,v104,char,false
v56117,v56119,seq,true
v56119,v56117,preq,true
v56121,v56126,seq,true
v56126,v56121,preq,true
v56127,v44878,preq,true
v56132,v57186,seq,true
v56138,v12849,orig,false
v56140,v32715,par,true
v56142,v3126,alt,false
v56143,v3126,alt,false
v56147,v47203,orig,true
v56148,v772,orig,false
v56149,v56150,preq,true
v56150,v56149,seq,true
v56154,v56155,seq,true
v56155,v56154,preq,true
v56159,v3126,alt,false
v56160,v13865,char,false
v56163,v51189,orig,true
v56168,v3126,alt,false
v56171,v32701,set,false
v56172,v49008,preq,false
v56173,v1502,char,false
v56174,v32701,set,false
v56176,v32701,alt,false
v56182,v51537,alt,true
v56184,v32701,char,false
v56194,v387,char,false
v56201,v50768,par,true
v56208,v20336,char,false
v56225,v55914,preq,true
v56226,v80,par,true
v56236,v50484,par,true
v56239,v50140,ser,true
v56241,v32701,alt,false
v56242,v54821,preq,true
v56245,v56246,preq,true
v56245,v56871,char,true
v56245,v60628,seq,true
v56245,v62212,set,true
v56246,v56245,seq,true
v56250,v54063,ser,true
v56264,v54804,set,true
v56265,v3126,set,false
v56270,v45986,preq,true
v56272,v21905,alt,false
v56273,v61273,preq,true
v56280,v61338,seq,true
v56281,v62044,char,true
v56290,v27960,preq,true
v56313,v27810,par,true
v56318,v26800,ser,true
v56320,v26800,ser,true
v56324,v32701,preq,false
v56329,v18236,char,false
v56336,v50399,preq,true
v56369,v20741,preq,true
v56379,v44733,preq,true
v56397,v32701,set,false
v56397,v46861,char,false
v56401,v32701,alt,false
v56401,v46861,char,false
v56401,v57820,char,false
v56409,v3126,alt,false
v56409,v56410,seq,true
v56410,v56409,preq,true
v56416,v59480,ser,true
v56426,v37841,seq,true
v56438,v3126,orig,false
v56440,v3126,par,false
v56443,v3126,par,false
v56445,v3126,par,false
v56447,v14314,ser,true
v56448,v3126,par,false
v56451,v3126,alt,false
v56456,v56459,char,true
v56459,v56456,char,true
v56460,v56587,seq,true
v56462,v53456,preq,true
v56462,v58719,side,true
v56462,v60621,char,true
v56482,v1126,char,false
v56483,v49218,par,false
v56488,v3126,alt,false
v56488,v56493,seq,true
v56492,v43410,preq,true
v56493,v56488,preq,true
v56494,v45705,preq,true
v56496,v777,par,false
v56511,v13202,set,true
v56515,v23409,alt,true
v56519,v58838,seq,true
v56530,v9609,seq,true
v56537,v51955,ser,true
v56543,v32701,preq,false
v56544,v45725,ser,true
v56546,v56547,preq,true
v56547,v56546,seq,true
v56548,v56549,seq,true
v56549,v56548,preq,true
v56551,v56581,preq,true
v56553,v49307,seq,true
v56556,v54829,ser,true
v56561,v3126,alt,false
v56564,v24168,alt,true
v56566,v41610,preq,true
v56575,v56577,seq,true
v56575,v56579,seq,true
v56577,v56575,preq,true
v56578,v21208,par,true
v56579,v56575,preq,true
v56581,v56551,seq,true
v56582,v52381,seq,true
v56582,v56583,seq,true
v56583,v52381,seq,true
v56583,v56582,preq,true
v56587,v56460,preq,true
v56587,v61207,seq,true
v56588,v50637,seq,true
v56593,v44659,orig,true
v56594,v44659,orig,true
v56598,v49859,preq,true
v56618,v24842,preq,true
v56619,v56620,seq,true
v56620,v56619,preq,true
v56621,v32701,set,false
v56631,v59500,seq,true
v56632,v56673,ser,true
v56633,v53742,set,true
v56634,v39341,side,true
v56636,v56637,fan,true
v56636,v56647,char,true
v56636,v56736,char,true
v56636,v59501,side,true
v56637,v56636,orig,true
v56637,v59501,side,true
v56643,v56647,char,true
v56643,v56661,set,true
v56643,v59160,side,true
v56644,v56645,seq,true
v56645,v56644,preq,true
v56647,v24416,char,true
v56647,v24432,char,true
v56647,v24437,char,true
v56647,v24561,char,true
v56647,v26611,char,true
v56647,v26665,char,true
v56647,v26668,char,true
v56647,v27918,char,true
v56647,v27927,char,true
v56647,v56636,char,true
v56647,v56643,char,true
v56652,v56653,side,true
v56653,v56652,par,true
v56658,v60601,side,true
v56661,v56643,set,true
v56663,v56893,seq,true
v56664,v56665,set,true
v56665,v56664,set,true
v56669,v56670,side,true
v56670,v56669,par,true
v56672,v24416,side,true
v56672,v27922,side,true
v56673,v27927,set,true
v56673,v56632,ser,true
v56673,v56736,char,true
v56684,v59199,alt,true
v56692,v26611,char,true
v56692,v56694,side,true
v56694,v26611,par,true
v56694,v56692,par,true
v56695,v3126,alt,false
v56697,v26615,side,true
v56698,v56699,seq,true
v56699,v56698,preq,true
v56707,v26613,char,true
v56707,v26668,char,true
v56707,v27927,char,true
v56707,v56739,char,true
v56714,v56715,seq,true
v56715,v56714,preq,true
v56722,v56723,side,true
v56723,v56722,par,true
v56733,v55400,ser,true
v56733,v59784,ser,true
v56736,v26613,char,true
v56736,v26665,char,true
v56736,v26666,char,true
v56736,v27927,char,true
v56736,v56636,char,true
v56736,v56673,char,true
v56736,v56737,char,true
v56737,v56736,char,true
v56737,v56738,side,true
v56738,v56737,par,true
v56739,v56707,char,true
v56740,v53121,set,false
v56742,v32905,preq,true
v56744,v39403,char,true
v56744,v41998,char,true
v56744,v53151,char,true
v56745,v41998,char,true
v56745,v46174,char,true
v56746,v32608,char,true
v56747,v49851,preq,true
v56748,v48642,char,true
v56756,v22801,ser,true
v56760,v23592,char,true
v56767,v1715,par,true
v56771,v56772,ser,true
v56772,v56771,ser,true
v56776,v22667,set,true
v56776,v23592,set,true
v56789,v37148,set,true
v56791,v24427,ser,true
v56791,v37140,ser,true
v56796,v3126,alt,false
v56798,v3126,alt,false
v56801,v3126,alt,false
v56801,v21905,char,false
v56802,v56803,seq,true
v56803,v56802,preq,true
v56807,v32701,set,false
v56814,v52830,ser,true
v56818,v42608,alt,true
v56824,v3126,alt,false
v56825,v56826,alt,true
v56826,v56825,alt,true
v56829,v19519,alt,true
v56851,v3126,orig,false
v56853,v3126,alt,false
v56862,v50283,char,true
v56864,v3126,alt,false
v56867,v40585,preq,true
v56869,v3126,alt,false
v56869,v21418,char,false
v56870,v49528,alt,true
v56871,v56245,char,true
v56879,v32342,preq,true
v56880,v56881,seq,true
v56881,v56880,preq,true
v56888,v32701,par,false
v56889,v18157,preq,false
v56893,v56663,preq,true
v56898,v45681,preq,true
v56901,v49563,alt,true
v56929,v22837,set,false
v56947,v42561,char,false
v56952,v34988,seq,true
v56970,v50279,set,true
v56976,v21138,orig,true
v56981,v56982,alt,true
v56982,v56981,alt,true
v56982,v61676,char,false
v56988,v53843,preq,true
v56993,v57036,ser,true
v57002,v52086,set,true
v57009,v36298,preq,true
v57020,v39665,alt,true
v57035,v21976,alt,true
v57036,v56993,ser,true
v57036,v57037,set,true
v57036,v57038,seq,true
v57037,v57036,set,true
v57038,v57036,preq,true
v57038,v57039,seq,true
v57039,v57038,preq,true
v57044,v23008,alt,false
v57061,v50735,preq,true
v57077,v3126,alt,false
v57078,v48373,preq,true
v57083,v30352,preq,true
v57083,v52143,seq,true
v57096,v55538,preq,true
v57107,v52702,orig,true
v57111,v3126,char,false
v57114,v59789,par,true
v57136,v29598,ser,true
v57137,v33034,set,true
v57143,v57147,par,true
v57144,v3126,alt,false
v57147,v57143,side,true
v57160,v45236,preq,true
v57186,v56132,preq,true
v57196,v32701,alt,false
v57205,v25423,alt,false
v57238,v49300,preq,true
v57238,v50199,side,true
v57240,v59711,set,true
v57247,v57248,alt,true
v57248,v57247,alt,true
v57259,v59024,seq,true
v57298,v29682,alt,true
v57311,v36845,alt,false
v57314,v49707,seq,true
v57315,v59948,seq,true
v57328,v51589,seq,true
v57354,v53665,par,true
v57365,v45582,ser,true
v57365,v47040,ser,true
v57368,v23804,char,true
v57372,v61968,set,true
v57388,v3126,alt,false
v57394,v43089,seq,true
v57441,v29568,preq,true
v57451,v52030,ser,true
v57458,v25402,char,true
v57458,v25403,char,true
v57458,v52859,ser,true
v57464,v1717,ser,true
v57489,v49724,set,true
v57518,v58644,char,true
v57522,v18,char,false
v57522,v33,char,false
v57529,v31099,par,true
v57538,v53219,alt,true
v57547,v45866,char,true
v57552,v52748,alt,true
v57560,v51298,orig,true
v57566,v52149,alt,true
v57568,v25931,preq,false
v57580,v58859,char,true
v57587,v25015,set,true
v57602,v3126,preq,false
v57605,v57609,seq,true
v57605,v57610,seq,true
v57609,v57605,preq,true
v57610,v57605,preq,true
v57611,v3126,alt,false
v57611,v57612,seq,true
v57612,v57611,preq,true
v57614,v3126,par,false
v57621,v18281,par,true
v57627,v12640,ser,true
v57628,v39904,ser,true
v57635,v11103,preq,true
v57639,v57695,set,true
v57646,v57648,seq,true
v57648,v57646,preq,true
v57665,v3126,alt,false
v57695,v57639,set,true
v57697,v57698,seq,true
v57698,v57697,preq,true
v57704,v55285,ser,true
v57709,v18205,side,false
v57711,v59433,ser,true
v57713,v3126,alt,false
v57713,v57714,seq,true
v57714,v57713,preq,true
v57714,v57715,seq,true
v57715,v57714,preq,true
v57716,v3126,alt,false
v57717,v3126,preq,false
v57718,v49261,preq,true
v57721,v57817,alt,true
v57721,v60263,char,true
v57722,v60263,char,true
v57723,v57825,ser,true
v57723,v60263,char,true
v57724,v57816,ser,true
v57724,v58058,char,true
v57725,v58078,ser,true
v57727,v21349,char,true
v57727,v57735,char,true
v57727,v57737,char,true
v57727,v57741,char,true
v57727,v57742,char,true
v57727,v57744,char,true
v57727,v57745,char,true
v57727,v57746,char,true
v57727,v57747,char,true
v57727,v57748,char,true
v57727,v57749,char,true
v57727,v57750,char,true
v57727,v57751,char,true
v57727,v57752,char,true
v57727,v57753,char,true
v57727,v58018,char,true
v57728,v58588,ser,true
v57729,v60146,seq,true
v57735,v21349,char,true
v57735,v57727,char,true
v57735,v57737,char,true
v57735,v57741,char,true
v57735,v57742,char,true
v57735,v57744,char,true
v57735,v57745,char,true
v57735,v57746,char,true
v57735,v57747,char,true
v57735,v57748,char,true
v57735,v57749,char,true
v57735,v57750,char,true
v57735,v57751,char,true
v57735,v57752,char,true
v57735,v57753,char,true
v57737,v21349,char,true
v57737,v57727,char,true
v57737,v57735,char,true
v57737,v57741,char,true
v57737,v57742,char,true
v57737,v57744,char,true
v57737,v57745,char,true
v57737,v57746,char,true
v57737,v57747,char,true
v57737,v57748,char,true
v57737,v57749,char,true
v57737,v57750,char,true
v57737,v57751,char,true
v57737,v57752,char,true
v57737,v57753,char,true
v57741,v21349,char,true
v57741,v57727,char,true
v57741,v57735,char,true
v57741,v57737,char,true
v57741,v57742,char,true
v57741,v57744,char,true
v57741,v57745,char,true
v57741,v57746,char,true
v57741,v57747,char,true
v57741,v57748,char,true
v57741,v57749,char,true
v57741,v57750,char,true
v57741,v57751,char,true
v57741,v57752,char,true
v57741,v57753,char,true
v57742,v21349,char,true
v57742,v57727,char,true
v57742,v57735,char,true
v57742,v57737,char,true
v57742,v57741,char,true
v57742,v57744,char,true
v57742,v57745,char,true
v57742,v57746,char,true
v57742,v57747,char,true
v57742,v57748,char,true
v57742,v57749,char,true
v57742,v57750,char,true
v57742,v57751,char,true
v57742,v57752,char,true
v57742,v57753,char,true
v57744,v21349,char,true
v57744,v57727,char,true
v57744,v57735,char,true
v57744,v57737,char,true
v57744,v57741,char,true
v57744,v57742,char,true
v57744,v57745,char,true
v57744,v57746,char,true
v57744,v57747,char,true
v57744,v57748,char,true
v57744,v57749,char,true
v57744,v57750,char,true
v57744,v57751,char,true
v57744,v57752,char,true
v57744,v57753,char,true
v57745,v21349,char,true
v57745,v57727,char,true
v57745,v57735,char,true
v57745,v57737,char,true
v57745,v57741,char,true
v57745,v57742,char,true
v57745,v57744,char,true
v57745,v57746,char,true
v57745,v57747,char,true
v57745,v57748,char,true
v57745,v57749,char,true
v57745,v57750,char,true
v57745,v57751,char,true
v57745,v57752,char,true
v57745,v57753,char,true
v57746,v21349,char,true
v57746,v57727,char,true
v57746,v57735,char,true
v57746,v57737,char,true
v57746,v57741,char,true
v57746,v57742,char,true
v57746,v57744,char,true
v57746,v57745,char,true
v57746,v57747,char,true
v57746,v57748,char,true
v57746,v57749,char,true
v57746,v57750,char,true
v57746,v57751,char,true
v57746,v57752,char,true
v57746,v57753,char,true
v57747,v21349,char,true
v57747,v57727,char,true
v57747,v57735,char,true
v57747,v57737,char,true
v57747,v57741,char,true
v57747,v57742,char,true
v57747,v57744,char,true
v57747,v57745,char,true
v57747,v57746,char,true
v57747,v57748,char,true
v57747,v57749,char,true
v57747,v57750,char,true
v57747,v57751,char,true
v57747,v57752,char,true
v57747,v57753,char,true
v57748,v21349,char,true
v57748,v57727,char,true
v57748,v57735,char,true
v57748,v57737,char,true
v57748,v57741,char,true
v57748,v57742,char,true
v57748,v57744,char,true
v57748,v57745,char,true
v57748,v57746,char,true
v57748,v57747,char,true
v57748,v57749,char,true
v57748,v57750,char,true
v57748,v57751,char,true
v57748,v57752,char,true
v57748,v57753,char,true
v57749,v21349,char,true
v57749,v57727,char,true
v57749,v57735,char,true
v57749,v57737,char,true
v57749,v57741,char,true
v57749,v57742,char,true
v57749,v57744,char,true
v57749,v57745,char,true
v57749,v57746,char,true
v57749,v57747,char,true
v57749,v57748,char,true
v57749,v57750,char,true
v57749,v57751,char,true
v57749,v57752,char,true
v57749,v57753,char,true
v57750,v21349,char,true
v57750,v57727,char,true
v57750,v57735,char,true
v57750,v57737,char,true
v57750,v57741,char,true
v57750,v57742,char,true
v57750,v57744,char,true
v57750,v57745,char,true
v57750,v57746,char,true
v57750,v57747,char,true
v57750,v57748,char,true
v57750,v57749,char,true
v57750,v57751,char,true
v57750,v57752,char,true
v57750,v57753,char,true
v57751,v21349,char,true
v57751,v57727,char,true
v57751,v57735,char,true
v57751,v57737,char,true
v57751,v57741,char,true
v57751,v57742,char,true
v57751,v57744,char,true
v57751,v57745,char,true
v57751,v57746,char,true
v57751,v57747,char,true
v57751,v57748,char,true
v57751,v57749,char,true
v57751,v57750,char,true
v57751,v57752,char,true
v57751,v57753,char,true
v57752,v21349,char,true
v57752,v57727,char,true
v57752,v57735,char,true
v57752,v57737,char,true
v57752,v57741,char,true
v57752,v57742,char,true
v57752,v57744,char,true
v57752,v57745,char,true
v57752,v57746,char,true
v57752,v57747,char,true
v57752,v57748,char,true
v57752,v57749,char,true
v57752,v57750,char,true
v57752,v57751,char,true
v57752,v57753,char,true
v57753,v21349,char,true
v57753,v57727,char,true
v57753,v57735,char,true
v57753,v57737,char,true
v57753,v57741,char,true
v57753,v57742,char,true
v57753,v57744,char,true
v57753,v57745,char,true
v57753,v57746,char,true
v57753,v57747,char,true
v57753,v57748,char,true
v57753,v57749,char,true
v57753,v57750,char,true
v57753,v57751,char,true
v57753,v57752,char,true
v57775,v11,set,false
v57775,v2002,set,false
v57776,v57777,preq,true
v57776,v57778,char,true
v57776,v57779,char,true
v57776,v57780,char,true
v57776,v57781,char,true
v57776,v57782,char,true
v57777,v57776,seq,true
v57777,v57778,char,true
v57777,v57779,char,true
v57777,v57780,char,true
v57777,v57781,char,true
v57777,v57782,char,true
v57778,v57776,char,true
v57778,v57777,char,true
v57778,v57779,char,true
v57778,v57780,char,true
v57778,v57781,char,true
v57778,v57782,char,true
v57779,v57776,char,true
v57779,v57777,char,true
v57779,v57778,char,true
v57779,v57780,char,true
v57779,v57781,char,true
v57779,v57782,char,true
v57780,v57776,char,true
v57780,v57777,char,true
v57780,v57778,char,true
v57780,v57779,char,true
v57780,v57781,char,true
v57780,v57782,char,true
v57781,v57776,char,true
v57781,v57777,char,true
v57781,v57778,char,true
v57781,v57779,char,true
v57781,v57780,char,true
v57781,v57782,char,true
v57782,v57776,char,true
v57782,v57777,char,true
v57782,v57778,char,true
v57782,v57779,char,true
v57782,v57780,char,true
v57782,v57781,char,true
v57784,v45973,char,true
v57789,v57790,char,true
v57789,v57791,char,true
v57789,v57792,char,true
v57789,v57793,alt,true
v57789,v60260,side,true
v57790,v57789,char,true
v57790,v57791,char,true
v57790,v57792,char,true
v57790,v57793,char,true
v57791,v57789,char,true
v57791,v57790,char,true
v57791,v57792,char,true
v57791,v57793,char,true
v57792,v57789,char,true
v57792,v57790,char,true
v57792,v57791,char,true
v57792,v57793,char,true
v57793,v57789,alt,true
v57793,v57790,char,true
v57793,v57791,char,true
v57793,v57792,char,true
v57793,v60260,side,true
v57796,v61673,seq,true
v57798,v57800,side,true
v57800,v57798,par,true
v57807,v57972,ser,true
v57807,v58017,ser,true
v57814,v53983,preq,true
v57815,v58506,ser,true
v57816,v57724,ser,true
v57816,v58058,char,true
v57817,v57721,alt,true
v57817,v60263,char,true
v57820,v32701,alt,false
v57820,v46861,preq,false
v57820,v56401,char,false
v57825,v57723,ser,true
v57825,v60263,char,true
v57827,v57970,side,true
v57852,v57910,char,true
v57852,v57969,char,true
v57852,v60238,ser,true
v57860,v59627,set,true
v57861,v32597,seq,true
v57861,v52059,set,true
v57900,v57901,side,true
v57901,v57900,par,true
v57909,v57911,char,true
v57909,v58052,char,true
v57909,v58053,char,true
v57909,v58054,char,true
v57909,v58068,char,true
v57909,v58069,char,true
v57910,v57852,char,true
v57910,v57969,char,true
v57910,v60238,ser,true
v57911,v57909,char,true
v57911,v58052,char,true
v57911,v58053,char,true
v57911,v58054,char,true
v57911,v58068,char,true
v57911,v58069,char,true
v57941,v50768,alt,true
v57944,v19570,alt,true
v57948,v51644,char,true
v57958,v45787,preq,true
v57959,v45787,par,true
v57960,v45787,par,true
v57966,v52648,char,true
v57969,v57852,char,true
v57969,v57910,char,true
v57969,v60238,ser,true
v57970,v57827,par,true
v57972,v57807,ser,true
v57972,v58017,ser,true
v57976,v46102,ser,true
v57976,v49392,ser,true
v58001,v54013,preq,true
v58009,v45381,preq,true
v58013,v1008,alt,true
v58015,v54238,alt,false
v58017,v57807,ser,true
v58017,v57972,ser,true
v58018,v21349,char,true
v58018,v57727,char,true
v58020,v51010,preq,true
v58024,v58263,ser,true
v58036,v23804,par,true
v58040,v14816,set,true
v58040,v19044,char,true
v58040,v47184,set,true
v58052,v57909,char,true
v58052,v57911,char,true
v58052,v58053,char,true
v58052,v58054,char,true
v58052,v58068,char,true
v58052,v58069,char,true
v58053,v57909,char,true
v58053,v57911,char,true
v58053,v58052,char,true
v58053,v58054,char,true
v58053,v58068,char,true
v58053,v58069,char,true
v58054,v57909,char,true
v58054,v57911,char,true
v58054,v58052,char,true
v58054,v58053,char,true
v58054,v58068,char,true
v58054,v58069,char,true
v58055,v18,char,false
v58055,v33,char,false
v58058,v57724,char,true
v58058,v57816,char,true
v58068,v57909,char,true
v58068,v57911,char,true
v58068,v58052,char,true
v58068,v58053,char,true
v58068,v58054,char,true
v58068,v58069,char,true
v58069,v57909,char,true
v58069,v57911,char,true
v58069,v58052,char,true
v58069,v58053,char,true
v58069,v58054,char,true
v58069,v58068,char,true
v58070,v58073,ser,true
v58072,v21349,char,true
v58073,v58070,ser,true
v58073,v58264,ser,true
v58074,v21349,char,true
v58078,v57725,ser,true
v58081,v21349,char,true
v58089,v44088,ser,true
v58089,v45669,ser,true
v58089,v59144,ser,true
v58090,v51784,char,true
v58104,v53501,char,true
v58109,v42991,ser,true
v58109,v42993,ser,true
v58113,v43456,par,true
v58116,v49608,par,true
v58118,v31505,set,true
v58118,v46590,set,true
v58149,v26478,par,true
v58150,v26478,par,true
v58151,v26478,par,true
v58153,v26478,par,true
v58154,v26478,par,true
v58156,v26478,par,true
v58157,v26478,alt,true
v58158,v26478,preq,true
v58159,v26478,char,true
v58176,v3126,alt,false
v58176,v51702,char,false
v58192,v59683,alt,true
v58201,v9965,set,true
v58211,v61556,fan,true
v58212,v47826,ser,true
v58219,v21349,char,true
v58229,v50706,preq,true
v58230,v49659,preq,true
v58231,v52345,preq,true
v58237,v50365,ser,true
v58244,v56110,preq,true
v58245,v58246,ser,true
v58246,v58245,ser,true
v58249,v22470,ser,true
v58251,v10519,preq,true
v58254,v58260,char,true
v58254,v60148,char,true
v58255,v10519,par,true
v58255,v40180,seq,true
v58259,v58503,ser,true
v58260,v58254,char,true
v58260,v58487,ser,true
v58260,v60148,ser,true
v58261,v58506,ser,true
v58263,v58024,ser,true
v58264,v58073,ser,true
v58267,v49177,preq,true
v58269,v21349,char,true
v58271,v21349,char,true
v58272,v21349,char,true
v58277,v58505,seq,true
v58287,v60161,preq,true
v58290,v38440,par,true
v58292,v44084,seq,true
v58298,v58321,ser,true
v58299,v58300,side,true
v58300,v58299,par,true
v58314,v49524,orig,true
v58321,v58298,ser,true
v58323,v58324,ser,true
v58324,v58323,ser,true
v58335,v53882,preq,true
v58338,v51970,alt,true
v58342,v46578,preq,true
v58354,v21349,char,true
v58361,v39805,ser,true
v58362,v33213,ser,true
v58373,v34829,alt,false
v58382,v32701,par,false
v58384,v38448,preq,true
v58384,v50813,char,true
v58386,v3126,alt,false
v58389,v3126,alt,false
v58406,v14259,par,true
v58407,v58408,alt,true
v58408,v58407,alt,true
v58411,v14112,alt,true
v58411,v16221,alt,true
v58419,v44255,char,true
v58419,v52737,char,true
v58419,v53461,char,true
v58421,v21349,char,true
v58425,v19700,seq,true
v58428,v21349,char,true
v58440,v46826,preq,true
v58442,v58477,char,true
v58444,v42848,preq,true
v58447,v59763,ser,true
v58449,v18157,alt,false
v58456,v49505,seq,true
v58457,v37810,par,true
v58467,v11,ser,false
v58476,v41642,par,true
v58477,v58442,char,true
v58479,v5588,orig,true
v58482,v20704,preq,true
v58483,v5588,par,true
v58487,v58260,ser,true
v58487,v60148,ser,true
v58490,v49218,par,false
v58498,v16144,seq,true
v58500,v50411,char,false
v58503,v58259,ser,true
v58505,v58277,preq,true
v58506,v57815,ser,true
v58506,v58261,ser,true
v58511,v51288,preq,true
v58514,v59509,ser,true
v58514,v60190,seq,false
v58514,v60440,alt,false
v58523,v21905,alt,false
v58544,v14110,par,true
v58556,v3126,char,false
v58557,v3126,alt,false
v58558,v3126,alt,false
v58559,v40390,par,false
v58564,v54203,seq,true
v58565,v3126,preq,false
v58568,v50488,orig,true
v58572,v42849,orig,true
v58573,v44753,alt,true
v58573,v59178,side,true
v58575,v3126,par,false
v58582,v47616,ser,true
v58582,v61265,ser,true
v58584,v3126,alt,false
v58585,v3126,alt,false
v58586,v46102,ser,true
v58586,v49392,ser,true
v58588,v57728,ser,true
v58605,v29317,par,true
v58606,v3126,alt,false
v58616,v24820,preq,true
v58616,v43838,preq,true
v58627,v3126,alt,false
v58629,v3126,alt,false
v58637,v3126,alt,false
v58644,v57518,char,true
v58646,v58647,ser,true
v58646,v58648,ser,true
v58647,v58646,ser,true
v58648,v58646,ser,true
v58652,v35101,alt,false
v58653,v46057,ser,true
v58676,v7014,char,false
v58676,v7679,char,false
v58676,v18334,char,false
v58688,v33567,preq,true
v58693,v4628,char,true
v58694,v3126,alt,false
v58696,v58698,preq,true
v58698,v58696,seq,true
v58699,v32701,alt,false
v58699,v61321,ser,true
v58714,v25989,orig,true
v58719,v53456,par,true
v58719,v56462,par,true
v58719,v60621,set,true
v58727,v58787,preq,true
v58737,v21951,char,true
v58746,v58747,ser,true
v58747,v58746,ser,true
v58754,v21336,seq,true
v58760,v58761,ser,true
v58761,v58760,ser,true
v58772,v42608,preq,true
v58783,v58784,seq,true
v58784,v58783,preq,true
v58786,v41876,ser,true
v58787,v58727,seq,true
v58794,v27534,char,true
v58798,v39904,ser,true
v58800,v58801,char,true
v58801,v58800,char,true
v58807,v67,par,false
v58807,v24770,char,false
v58810,v45419,par,true
v58815,v58844,char,true
v58830,v58867,char,true
v58831,v58833,preq,true
v58833,v58831,seq,true
v58838,v56519,preq,true
v58844,v58815,char,true
v58848,v21905,alt,false
v58859,v57580,char,true
v58867,v58830,char,true
v58874,v21905,par,false
v58875,v21905,par,false
v58896,v33958,alt,true
v58918,v16297,alt,true
v58919,v16297,alt,true
v58930,v52596,char,true
v58938,v44689,ser,true
v58948,v44694,ser,true
v58953,v44692,ser,true
v58970,v27083,par,true
v58970,v58973,ser,true
v58973,v58970,ser,true
v58998,v53983,char,true
v58998,v59799,char,true
v59023,v30235,ser,true
v59024,v57259,preq,true
v59024,v60215,seq,true
v59027,v55899,set,true
v59027,v60462,set,true
v59028,v24559,preq,true
v59028,v29528,preq,true
v59033,v59069,seq,true
v59034,v62292,preq,true
v59037,v3126,alt,false
v59045,v6793,char,true
v59045,v49570,ser,true
v59069,v59033,preq,true
v59087,v29857,preq,true
v59092,v34170,set,true
v59093,v25639,preq,true
v59096,v16448,ser,false
v59099,v15455,ser,true
v59099,v59100,ser,true
v59099,v59101,ser,true
v59099,v59102,ser,true
v59099,v59103,ser,true
v59099,v59104,ser,true
v59100,v15455,ser,true
v59100,v59099,ser,true
v59100,v59101,ser,true
v59100,v59102,ser,true
v59100,v59103,ser,true
v59100,v59104,ser,true
v59101,v15455,ser,true
v59101,v59099,ser,true
v59101,v59100,ser,true
v59101,v59102,ser,true
v59101,v59103,ser,true
v59101,v59104,ser,true
v59102,v15455,ser,true
v59102,v59099,ser,true
v59102,v59100,ser,true
v59102,v59101,ser,true
v59102,v59103,ser,true
v59102,v59104,ser,true
v59103,v15455,ser,true
v59103,v59099,ser,true
v59103,v59100,ser,true
v59103,v59101,ser,true
v59103,v59102,ser,true
v59103,v59104,ser,true
v59104,v15455,ser,true
v59104,v59099,ser,true
v59104,v59100,ser,true
v59104,v59101,ser,true
v59104,v59102,ser,true
v59104,v59103,ser,true
v59127,v21905,alt,false
v59128,v21905,orig,false
v59133,v59134,seq,true
v59134,v59133,preq,true
v59144,v44088,ser,true
v59144,v45669,ser,true
v59144,v58089,ser,true
v59149,v59150,seq,true
v59150,v59149,preq,true
v59152,v51178,seq,true
v59154,v21905,alt,false
v59160,v56643,par,true
v59161,v32062,char,true
v59161,v37279,ser,true
v59163,v62305,par,true
v59165,v21905,alt,false
v59169,v19654,preq,true
v59172,v60824,set,true
v59178,v58573,par,true
v59179,v37257,char,true
v59197,v7679,char,false
v59198,v7014,char,false
v59198,v7679,char,false
v59198,v18334,char,false
v59199,v56684,alt,true
v59200,v31526,orig,true
v59202,v21905,alt,false
v59202,v59203,seq,true
v59203,v21905,alt,false
v59203,v59202,preq,true
v59203,v59204,seq,true
v59204,v711,char,false
v59204,v21905,alt,false
v59204,v59203,preq,true
v59205,v21905,alt,false
v59208,v21905,orig,false
v59214,v59593,char,true
v59216,v50,preq,false
v59224,v21195,preq,true
v59241,v3131,ser,true
v59246,v59253,seq,true
v59248,v21905,alt,false
v59249,v21905,orig,false
v59252,v54682,char,true
v59253,v59246,preq,true
v59256,v50439,par,true
v59265,v43476,preq,true
v59265,v59277,char,true
v59267,v7679,alt,true
v59269,v21905,alt,false
v59269,v59270,seq,true
v59270,v21905,alt,false
v59270,v59269,preq,true
v59272,v35278,par,true
v59274,v21905,alt,false
v59274,v59276,seq,true
v59276,v21905,alt,false
v59276,v59274,preq,true
v59277,v59265,char,true
v59278,v19198,char,true
v59304,v59305,seq,true
v59305,v59304,preq,true
v59314,v59315,seq,true
v59315,v59314,preq,true
v59324,v60234,seq,true
v59340,v45408,char,true
v59347,v35005,preq,true
v59347,v59348,side,true
v59347,v59349,seq,true
v59348,v35005,par,true
v59348,v59347,par,true
v59348,v59349,par,true
v59349,v59347,preq,true
v59349,v59348,side,true
v59361,v59362,seq,true
v59362,v59361,preq,true
v59367,v9189,alt,false
v59372,v33,side,false
v59377,v32409,set,true
v59379,v1281,orig,true
v59379,v10131,char,true
v59379,v11269,char,true
v59384,v59385,ser,true
v59385,v59384,ser,true
v59389,v36,side,false
v59400,v36,par,false
v59406,v828,seq,true
v59409,v38037,par,true
v59414,v14576,alt,true
v59418,v10285,char,true
v59418,v51959,ser,true
v59418,v61431,ser,true
v59419,v20002,char,true
v59420,v61515,side,true
v59433,v57711,ser,true
v59449,v32701,alt,false
v59462,v60049,set,true
v59463,v60049,set,true
v59480,v56416,ser,true
v59481,v20,set,false
v59486,v26558,ser,true
v59498,v16604,char,true
v59500,v56631,preq,true
v59501,v56636,par,true
v59501,v56637,par,true
v59502,v59508,ser,true
v59508,v59502,ser,true
v59509,v58514,ser,true
v59511,v45489,preq,true
v59515,v17799,set,true
v59519,v52715,preq,true
v59520,v53291,preq,true
v59533,v59535,seq,true
v59535,v59533,preq,true
v59535,v59536,seq,true
v59536,v59535,preq,true
v59543,v60781,char,true
v59567,v46087,preq,true
v59591,v31174,alt,true
v59593,v59214,char,true
v59597,v19014,alt,true
v59627,v57860,set,true
v59637,v45582,ser,true
v59637,v47040,ser,true
v59637,v51562,ser,true
v59641,v31711,preq,true
v59641,v59642,seq,true
v59642,v59641,preq,true
v59642,v59644,seq,true
v59643,v31711,par,true
v59644,v59642,preq,true
v59644,v59645,seq,true
v59645,v25098,seq,true
v59645,v59644,preq,true
v59646,v25098,preq,true
v59646,v59649,seq,true
v59647,v889,char,false
v59648,v31711,par,true
v59649,v59646,preq,true
v59649,v59650,seq,true
v59650,v59649,preq,true
v59683,v58192,alt,true
v59685,v53071,set,true
v59710,v51972,ser,false
v59711,v9701,set,true
v59711,v57240,set,true
v59711,v59746,seq,true
v59734,v1560,char,false
v59734,v21905,char,false
v59735,v3126,char,false
v59746,v59711,preq,true
v59763,v58447,ser,true
v59763,v61235,ser,true
v59779,v59789,seq,true
v59784,v56733,ser,true
v59789,v57114,side,true
v59789,v59779,preq,true
v59799,v58998,char,true
v59802,v59804,preq,true
v59804,v59802,seq,true
v59806,v49503,seq,true
v59807,v53150,preq,true
v59808,v54328,preq,true
v59809,v33,alt,false
v59810,v36052,preq,true
v59826,v28408,preq,true
v59827,v35233,preq,true
v59827,v59850,seq,true
v59834,v3131,char,false
v59834,v5312,char,false
v59834,v59835,ser,true
v59834,v59836,ser,true
v59835,v3131,char,false
v59835,v5312,char,false
v59835,v59834,ser,true
v59835,v59836,ser,true
v59836,v3131,char,false
v59836,v5312,char,false
v59836,v59834,ser,true
v59836,v59835,ser,true
v59837,v4033,set,true
v59850,v59827,preq,true
v59850,v59851,seq,true
v59851,v59850,preq,true
v59851,v59853,seq,true
v59853,v59851,preq,true
v59853,v59855,seq,true
v59854,v30221,ser,true
v59855,v59853,preq,true
v59855,v59856,seq,true
v59856,v59855,preq,true
v59862,v36751,char,true
v59875,v3126,alt,false
v59881,v3126,alt,false
v59881,v59882,alt,true
v59882,v59881,alt,true
v59894,v21136,set,true
v59894,v45387,char,true
v59911,v26368,ser,true
v59918,v51932,par,true
v59919,v14556,alt,true
v59948,v57315,preq,true
v59948,v61558,seq,true
v59950,v25785,preq,true
v59953,v18157,preq,false
v59960,v59961,seq,true
v59960,v59962,side,true
v59960,v59963,alt,true
v59961,v19107,seq,true
v59961,v59960,preq,true
v59962,v59960,par,true
v59963,v59960,alt,true
v59967,v22124,par,false
v60010,v60011,char,true
v60011,v60010,char,true
v60024,v38940,alt,true
v60031,v42265,orig,true
v60032,v42265,preq,true
v60033,v7014,ser,false
v60037,v1241,alt,true
v60047,v61470,char,true
v60049,v59462,set,true
v60049,v59463,set,true
v60051,v60052,seq,true
v60052,v60051,preq,true
v60080,v21905,alt,false
v60080,v60081,seq,true
v60081,v60080,preq,true
v60097,v60655,ser,true
v60146,v57729,preq,true
v60148,v58254,char,true
v60148,v58260,ser,true
v60148,v58487,ser,true
v60154,v45851,preq,true
v60161,v58287,seq,true
v60174,v53506,set,true
v60179,v32148,char,true
v60179,v44465,char,true
v60179,v49180,char,true
v60179,v53733,preq,true
v60179,v55831,char,true
v60179,v55832,set,true
v60189,v20981,preq,false
v60190,v58514,preq,false
v60192,v60193,seq,true
v60193,v60192,preq,true
v60196,v30726,preq,true
v60207,v41700,preq,true
v60210,v61920,char,true
v60210,v61921,char,true
v60210,v61922,char,true
v60211,v60371,alt,true
v60211,v60372,alt,true
v60213,v50283,char,true
v60214,v15713,orig,true
v60215,v59024,preq,true
v60217,v30168,par,true
v60223,v27428,orig,true
v60223,v52498,orig,true
v60223,v54447,orig,true
v60231,v716,preq,false
v60234,v59324,preq,true
v60238,v57852,ser,true
v60238,v57910,ser,true
v60238,v57969,ser,true
v60252,v60254,seq,true
v60254,v60252,preq,true
v60255,v21856,preq,true
v60258,v33923,ser,true
v60260,v57789,par,true
v60260,v57793,par,true
v60261,v60263,char,true
v60263,v57721,char,true
v60263,v57722,char,true
v60263,v57723,char,true
v60263,v57817,char,true
v60263,v57825,char,true
v60263,v60261,char,true
v60268,v15469,char,true
v60273,v34413,preq,true
v60275,v46828,preq,true
v60286,v54674,preq,true
v60293,v54459,ser,true
v60294,v23312,preq,true
v60305,v50152,ser,true
v60315,v55130,preq,true
v60328,v46082,set,true
v60332,v40086,ser,true
v60347,v52586,seq,true
v60371,v60211,alt,true
v60371,v60372,seq,true
v60372,v60211,alt,true
v60372,v60371,preq,true
v60393,v52867,preq,true
v60395,v50242,alt,true
v60418,v18614,alt,true
v60428,v20595,orig,true
v60432,v38367,par,true
v60439,v3126,char,false
v60440,v58514,alt,false
v60441,v53257,alt,true
v60444,v36751,char,true
v60446,v24627,char,true
v60462,v48419,char,true
v60462,v59027,set,true
v60464,v61619,preq,true
v60468,v36904,set,true
v60505,v61539,side,true
v60525,v7880,alt,true
v60527,v61840,set,true
v60531,v47837,set,true
v60535,v38307,set,true
v60545,v24,side,false
v60545,v67,ser,false
v60550,v18567,char,true
v60550,v19243,char,true
v60562,v562,orig,true
v60565,v7014,ser,false
v60577,v45597,preq,true
v60583,v60642,char,true
v60588,v62318,preq,true
v60598,v20074,par,true
v60601,v56658,par,true
v60604,v20464,par,true
v60607,v62295,alt,true
v60616,v53119,char,true
v60621,v53456,set,true
v60621,v56462,char,true
v60621,v58719,set,true
v60623,v21905,alt,false
v60626,v3126,alt,false
v60628,v56245,preq,true
v60635,v22865,par,false
v60636,v22865,preq,false
v60637,v22865,orig,false
v60637,v55771,alt,false
v60638,v22865,preq,false
v60640,v22865,preq,false
v60641,v31805,preq,true
v60642,v52975,set,true
v60642,v60583,char,true
v60643,v45764,set,true
v60648,v55395,preq,true
v60649,v3126,alt,false
v60654,v53456,par,true
v60655,v60097,ser,true
v60655,v60656,ser,true
v60656,v60655,ser,true
v60661,v10051,par,true
v60666,v47642,preq,true
v60675,v60676,alt,true
v60676,v60675,alt,true
v60678,v51220,preq,true
v60680,v60681,side,true
v60681,v60680,par,true
v60684,v21905,char,false
v60684,v60718,seq,true
v60685,v43470,alt,false
v60690,v30127,preq,true
v60694,v41057,char,true
v60694,v50231,char,true
v60696,v30815,char,true
v60700,v27916,alt,true
v60701,v43438,alt,false
v60702,v60703,preq,true
v60703,v43161,set,true
v60703,v60702,seq,true
v60707,v30758,char,true
v60712,v54276,set,true
v60718,v28358,alt,false
v60718,v60684,preq,true
v60719,v21787,orig,true
v60721,v21905,char,false
v60722,v3625,alt,false
v60722,v21905,char,false
v60724,v54670,seq,true
v60730,v28358,preq,false
v60733,v21905,char,false
v60739,v3126,set,false
v60739,v60740,char,true
v60740,v3126,alt,false
v60740,v60739,char,true
v60740,v60741,char,true
v60741,v3126,char,false
v60741,v60740,char,true
v60741,v60743,char,true
v60742,v3126,char,false
v60742,v53002,char,true
v60743,v3126,char,false
v60743,v60741,char,true
v60743,v60744,char,true
v60744,v3126,alt,false
v60744,v21905,char,false
v60744,v60743,char,true
v60746,v53405,preq,true
v60747,v50879,char,true
v60748,v36751,char,true
v60749,v3126,set,false
v60751,v61824,side,true
v60753,v21905,alt,false
v60760,v21905,alt,false
v60761,v21905,alt,false
v60769,v3126,char,false
v60769,v18809,alt,false
v60769,v60770,seq,true
v60770,v60769,preq,true
v60773,v45062,preq,true
v60779,v3126,preq,false
v60779,v60782,seq,true
v60780,v21905,alt,false
v60780,v61051,seq,true
v60781,v33368,char,true
v60781,v59543,char,true
v60782,v60779,preq,true
v60785,v60786,ser,true
v60786,v60785,ser,true
v60786,v60790,ser,true
v60790,v60786,ser,true
v60797,v22826,ser,true
v60807,v60818,seq,true
v60813,v36831,preq,true
v60818,v60807,preq,true
v60819,v55128,side,true
v60822,v55422,set,true
v60824,v59172,set,true
v60830,v60831,preq,true
v60831,v60830,seq,true
v60845,v34778,preq,true
v60849,v42936,preq,true
v60851,v38894,ser,true
v60851,v52457,ser,true
v60864,v52876,preq,true
v60903,v45706,preq,true
v60907,v23338,par,true
v60907,v26790,seq,true
v60907,v60908,preq,true
v60908,v18635,par,true
v60908,v60907,seq,true
v60908,v60910,preq,true
v60909,v7014,alt,false
v60910,v15653,par,true
v60910,v60908,seq,true
v60910,v60911,preq,true
v60911,v12856,par,true
v60911,v60910,seq,true
v60912,v18635,par,true
v60913,v26790,preq,true
v60913,v31700,par,true
v60913,v60914,seq,true
v60914,v36011,par,true
v60914,v60913,preq,true
v60914,v60915,seq,true
v60915,v43312,par,true
v60915,v60914,preq,true
v60915,v60917,seq,true
v60917,v55281,par,true
v60917,v60915,preq,true
v60929,v60930,ser,true
v60929,v60984,ser,true
v60930,v60929,ser,true
v60930,v60984,ser,true
v60933,v18149,char,true
v60933,v19770,par,true
v60950,v54801,preq,true
v60954,v60956,seq,true
v60956,v60954,preq,true
v60964,v27170,orig,true
v60968,v47350,seq,true
v60983,v61261,fan,true
v60984,v60929,ser,true
v60984,v60930,ser,true
v60995,v21418,alt,false
v60998,v21418,alt,false
v60999,v21418,alt,false
v61000,v21418,alt,false
v61001,v21418,alt,false
v61002,v21418,alt,false
v61003,v21418,alt,false
v61005,v21418,alt,false
v61006,v21418,par,false
v61007,v21418,alt,false
v61010,v24754,char,false
v61011,v48262,alt,true
v61012,v21418,par,false
v61013,v21418,alt,false
v61014,v21418,alt,false
v61015,v21418,alt,false
v61017,v21418,alt,false
v61021,v21905,char,false
v61027,v50880,par,true
v61037,v54607,orig,true
v61040,v32398,preq,true
v61044,v53642,preq,true
v61051,v60780,preq,true
v61054,v43438,par,false
v61055,v43438,alt,false
v61059,v49548,ser,true
v61062,v7014,ser,false
v61063,v32309,char,false
v61063,v43438,alt,false
v61064,v7014,ser,false
v61066,v7014,set,false
v61068,v7014,ser,false
v61069,v12099,alt,true
v61069,v61070,seq,true
v61070,v12842,alt,true
v61070,v61069,preq,true
v61073,v62177,seq,true
v61098,v97,set,false
v61099,v61101,preq,true
v61099,v61102,char,true
v61101,v61099,seq,true
v61101,v61104,preq,true
v61102,v61099,char,true
v61104,v61101,seq,true
v61105,v53077,preq,true
v61125,v45641,set,true
v61125,v61126,side,true
v61126,v61125,par,true
v61129,v53923,char,true
v61140,v32701,set,false
v61142,v53787,preq,true
v61195,v32928,ser,true
v61200,v29052,ser,true
v61203,v28966,preq,true
v61207,v56587,preq,true
v61216,v47553,ser,true
v61222,v53795,set,true
v61229,v51658,ser,true
v61230,v33161,ser,true
v61235,v59763,ser,true
v61237,v46102,char,true
v61261,v60983,orig,true
v61265,v37936,set,true
v61265,v43643,ser,true
v61265,v47616,ser,true
v61265,v58582,ser,true
v61267,v33486,char,false
v61269,v52812,preq,true
v61270,v46592,preq,true
v61271,v51041,preq,true
v61273,v56273,seq,true
v61275,v3319,alt,true
v61285,v45863,preq,true
v61288,v61289,seq,true
v61289,v61288,preq,true
v61309,v5233,par,false
v61317,v61318,side,true
v61318,v61317,par,true
v61320,v48716,orig,true
v61321,v32701,char,false
v61321,v58699,ser,true
v61326,v55031,ser,true
v61327,v62210,char,true
v61327,v62211,alt,true
v61332,v18882,orig,true
v61336,v53691,set,true
v61338,v56280,preq,true
v61344,v54203,preq,true
v61363,v55872,preq,true
v61365,v42551,par,true
v61366,v42551,par,true
v61368,v42551,par,true
v61369,v42551,par,true
v61378,v21418,alt,false
v61380,v54217,set,true
v61391,v53422,preq,true
v61396,v41422,char,false
v61396,v43438,alt,false
v61406,v7014,set,false
v61420,v50648,preq,true
v61429,v62300,seq,true
v61431,v642,char,true
v61431,v59418,ser,true
v61431,v61432,ser,true
v61432,v24295,char,true
v61432,v61431,ser,true
v61446,v55347,preq,true
v61450,v21223,seq,true
v61468,v18211,alt,false
v61468,v23874,alt,false
v61470,v60047,char,true
v61483,v50486,preq,true
v61484,v41439,ser,true
v61497,v61503,set,true
v61499,v61501,seq,true
v61501,v61499,preq,true
v61501,v61505,seq,true
v61503,v61497,set,true
v61505,v61501,preq,true
v61507,v32701,alt,false
v61509,v61511,seq,true
v61511,v61509,preq,true
v61515,v59420,par,true
v61518,v53510,orig,true
v61519,v61520,seq,true
v61519,v61521,char,true
v61520,v61519,preq,true
v61520,v61521,char,true
v61520,v61523,seq,true
v61521,v61519,char,true
v61521,v61520,char,true
v61521,v61522,seq,true
v61522,v61521,preq,true
v61523,v61520,preq,true
v61530,v61531,seq,true
v61531,v61530,preq,true
v61539,v60505,par,true
v61554,v24631,par,true
v61556,v58211,orig,true
v61557,v44554,par,true
v61558,v59948,preq,true
v61558,v62236,seq,true
v61574,v53501,ser,true
v61577,v61578,seq,true
v61578,v61577,preq,true
v61597,v37528,preq,true
v61609,v30302,par,true
v61609,v42851,seq,true
v61610,v61649,alt,false
v61611,v31216,alt,false
v61616,v3126,preq,true
v61619,v60464,seq,true
v61624,v33388,alt,true
v61625,v26568,preq,true
v61644,v42019,preq,true
v61648,v48764,par,true
v61649,v61610,alt,false
v61671,v61672,preq,true
v61672,v61671,seq,true
v61673,v57796,preq,true
v61674,v55033,orig,true
v61676,v13299,char,false
v61676,v14293,char,false
v61676,v17375,char,false
v61676,v17384,char,false
v61676,v56982,char,false
v61677,v1704,set,true
v61677,v5798,orig,true
v61682,v61683,set,true
v61683,v61682,set,true
v61683,v61684,set,true
v61684,v61683,set,true
v61688,v53538,preq,true
v61695,v61698,seq,true
v61697,v7679,alt,false
v61697,v54897,char,false
v61698,v61695,preq,true
v61698,v61699,seq,true
v61699,v61698,preq,true
v61699,v61813,seq,true
v61700,v61732,seq,true
v61708,v18872,char,false
v61716,v32083,preq,true
v61724,v717,alt,false
v61731,v53742,preq,true
v61732,v61700,preq,true
v61736,v61737,ser,true
v61737,v61736,ser,true
v61737,v61738,ser,true
v61737,v61739,ser,true
v61738,v61737,ser,true
v61738,v61739,ser,true
v61739,v61737,ser,true
v61739,v61738,ser,true
v61757,v61759,ser,true
v61759,v61757,ser,true
v61783,v61784,seq,true
v61784,v61783,preq,true
v61788,v49835,alt,true
v61795,v711,char,false
v61798,v29207,side,true
v61798,v61799,ser,true
v61798,v61800,side,true
v61799,v61798,ser,true
v61800,v61798,par,true
v61811,v54198,preq,true
v61813,v61699,preq,true
v61815,v29268,ser,true
v61819,v16479,alt,false
v61824,v32370,char,true
v61824,v60751,par,true
v61827,v711,seq,false
v61839,v52829,preq,true
v61840,v60527,set,true
v61875,v30308,par,true
v61878,v61879,preq,true
v61879,v61878,seq,true
v61881,v52480,side,true
v61881,v52674,set,true
v61882,v52674,preq,true
v61885,v61888,ser,true
v61888,v61885,ser,true
v61898,v43928,alt,true
v61904,v41782,preq,true
v61920,v60210,char,true
v61920,v61921,set,true
v61921,v60210,char,true
v61921,v61920,set,true
v61922,v60210,char,true
v61964,v54723,ser,true
v61968,v57372,set,true
v61972,v44047,char,true
v61982,v61983,seq,true
v61983,v61982,preq,true
v61991,v23804,char,true
v61996,v7679,char,false
v61996,v18334,char,false
v61999,v45582,ser,true
v62006,v62007,seq,true
v62007,v62006,preq,true
v62011,v54212,ser,true
v62044,v56281,char,true
v62056,v62057,char,true
v62057,v62056,char,true
v62088,v2061,char,false
v62088,v2062,char,false
v62089,v46880,ser,true
v62092,v14172,alt,true
v62097,v52214,preq,true
v62101,v22808,par,true
v62112,v39597,preq,true
v62113,v50395,preq,true
v62115,v21418,seq,false
v62116,v47097,seq,true
v62117,v11,char,false
v62120,v11,char,false
v62123,v11,char,false
v62124,v11,char,false
v62131,v29400,preq,true
v62131,v62172,seq,true
v62152,v42561,ser,true
v62154,v29370,preq,true
v62159,v4681,char,false
v62159,v62160,ser,true
v62160,v62159,ser,true
v62172,v62131,preq,true
v62177,v61073,preq,true
v62187,v40730,par,true
v62190,v6487,par,false
v62199,v43416,alt,true
v62206,v62207,side,true
v62207,v62206,par,true
v62210,v61327,char,true
v62210,v62211,char,true
v62211,v61327,alt,true
v62211,v62210,char,true
v62212,v56245,set,true
v62216,v22956,alt,true
v62216,v50580,seq,true
v62222,v62224,ser,true
v62224,v62222,ser,true
v62232,v26591,preq,true
v62232,v39638,preq,true
v62236,v61558,preq,true
v62240,v16225,par,false
v62253,v62254,alt,true
v62254,v62253,alt,true
v62261,v21905,set,false
v62267,v40627,ser,true
v62279,v49142,seq,true
v62279,v62282,alt,true
v62280,v18413,set,true
v62282,v62279,alt,true
v62286,v769,alt,true
v62292,v59034,seq,true
v62294,v62295,alt,true
v62295,v60607,alt,true
v62295,v62294,alt,true
v62300,v61429,preq,true
v62305,v37752,side,true
v62305,v59163,side,true
v62315,v31659,char,false
v62316,v38021,ser,true
v62318,v60588,seq,true
v62331,v30459,preq,true
v62336,v33876,set,true
v62344,v54924,char,true
v62374,v33617,ser,true
v62374,v62377,ser,true
v62377,v33617,ser,true
v62377,v62374,ser,true
