"vid","votecount","votecount_rank"
v97,21771,1
v11,18166,2
v945,17717,3
v21905,17185,4
v2002,15715,5
v7014,14635,6
v24,12809,7
v5154,12493,8
v7679,12113,9
v211,11855,10
v93,10923,11
v4,10800,12
v92,10753,13
v7,10746,14
v3144,10537,15
v67,10216,16
v2153,10163,17
v1143,9028,18
v711,8859,19
v5,8847,20
v3112,8585,21
v17,8428,22
v34,8254,23
v751,8116,24
v18334,8085,25
v15538,7811,26
v810,7335,27
v68,7282,28
v17102,7134,29
v7738,7106,30
v12402,6832,31
v57,6736,32
v715,6642,33
v10,6594,34
v382,6328,35
v12849,6183,36
v716,6156,37
v9093,6115,38
v44,6038,39
v3,5803,40
v487,5705,41
v7809,5690,42
v1474,5619,43
v6540,5573,44
v16044,5499,45
v50,5472,46
v2016,5117,47
v5652,5116,48
v19073,4949,49
v6245,4868,50
v18872,4764,51
v14018,4718,52
v18713,4669,53
v66,4653,54
v7723,4616,55
v19829,4603,56
v777,4467,57
v14,4456,58
v20424,4381,59
v17763,4351,60
v22230,4173,61
v33,4118,62
v5657,4096,63
v21668,4013,64
v7771,3990,65
v28,3988,66
v717,3975,67
v8213,3826,68
v26532,3821,69
v21552,3813,70
v7724,3720,71
v3126,3672,72
v812,3605,73
v21852,3573,74
v548,3552,75
v1286,3550,76
v6710,3530,77
v2622,3515,78
v914,3476,79
v4806,3473,80
v22505,3437,81
v23740,3404,82
v5922,3391,83
v7853,3374,84
v19385,3350,85
v2632,3342,86
v47,3329,87
v21289,3322,88
v16640,3303,89
v26523,3299,90
v27448,3264,91
v16208,3221,92
v13,3100,93
v33493,3083,94
v26414,3080,95
v414,3065,96
v4028,3048,97
v11856,3042,98
v515,3038,99
v1306,2970,100
v7721,2952,101
v14022,2868,102
v29049,2850,103
v12,2817,104
v3770,2809,105
v88,2769,106
v18717,2768,107
v11849,2765,108
v17823,2722,109
v1719,2711,110
v14265,2645,111
v70,2629,112
v36,2619,113
v183,2614,114
v18636,2591,115
v10304,2590,116
v22899,2582,117
v9889,2579,118
v5916,2575,119
v1913,2555,120
v4037,2522,121
v264,2506,122
v17909,2465,123
v19444,2437,124
v7803,2407,125
v7602,2387,126
v20598,2384,127
v18397,2375,128
v369,2353,129
v8038,2310,130
v38,2304,131
v2368,2291,132
v49,2279,133
v27519,2279,133
v25366,2255,135
v562,2226,136
v903,2224,137
v5295,2204,138
v13046,2197,139
v5000,2181,140
v156,2181,140
v430,2165,142
v1194,2161,143
v8158,2158,144
v1896,2144,145
v1377,2141,146
v917,2130,147
v20599,2125,148
v6458,2121,149
v9,2073,150
v84,2058,151
v18498,2043,152
v18970,2020,153
v26987,2011,154
v10526,1995,155
v231,1989,156
v15473,1982,157
v9879,1974,158
v2,1969,159
v2047,1959,160
v31160,1952,161
v20228,1906,162
v266,1892,163
v15125,1857,164
v9124,1856,165
v10016,1847,166
v3947,1835,167
v17515,1829,168
v103,1814,169
v6639,1796,170
v165,1791,171
v7836,1784,172
v71,1783,173
v29724,1779,174
v417,1772,175
v10957,1770,176
v24717,1768,177
v18267,1767,178
v18852,1758,179
v2762,1757,180
v29,1752,181
v3161,1748,182
v10608,1741,183
v18131,1732,184
v26052,1701,185
v436,1695,186
v5883,1678,187
v24320,1678,187
v5240,1677,189
v21438,1662,190
v24110,1661,191
v155,1659,192
v13631,1618,193
v16743,1612,194
v14267,1609,195
v7576,1597,196
v7316,1591,197
v1299,1585,198
v238,1578,199
v31469,1573,200
v9680,1567,201
v8900,1564,202
v16560,1564,202
v46,1563,204
v434,1555,205
v1660,1537,206
v20330,1529,207
v29443,1526,208
v2375,1526,208
v69,1523,210
v16802,1519,211
v7302,1519,211
v12694,1511,213
v19987,1510,214
v248,1509,215
v1399,1506,216
v933,1485,217
v8508,1473,218
v7849,1470,219
v31055,1465,220
v17642,1437,221
v6985,1435,222
v18077,1430,223
v21956,1424,224
v40520,1418,225
v1894,1404,226
v28806,1397,227
v74,1395,228
v299,1393,229
v18160,1382,230
v22020,1377,231
v2046,1373,232
v13774,1372,233
v18149,1366,234
v17376,1363,235
v114,1348,236
v729,1339,237
v18974,1336,238
v16510,1330,239
v1715,1325,240
v14887,1318,241
v28633,1318,241
v20600,1315,243
v2093,1312,244
v23741,1312,244
v210,1277,246
v5834,1274,247
v17012,1273,248
v10619,1273,248
v6618,1268,250
v25931,1266,251
v29445,1264,252
v898,1264,252
v9986,1257,254
v13802,1250,255
v925,1247,256
v51,1246,257
v1552,1244,258
v37179,1239,259
v17742,1238,260
v24770,1236,261
v16221,1228,262
v18261,1226,263
v415,1221,264
v1155,1219,265
v17915,1213,266
v29345,1205,267
v13325,1193,268
v31,1192,269
v18830,1190,270
v629,1190,270
v922,1187,272
v18694,1186,273
v15251,1182,274
v26902,1180,275
v18148,1174,276
v14908,1168,277
v1303,1161,278
v8832,1160,279
v241,1150,280
v1200,1144,281
v18778,1133,282
v18381,1132,283
v2040,1131,284
v17827,1126,285
v19035,1119,286
v1414,1111,287
v646,1110,288
v12033,1105,289
v4857,1102,290
v6438,1102,290
v697,1095,292
v20,1076,293
v82,1076,293
v1027,1070,295
v9678,1070,295
v11093,1063,297
v174,1056,298
v22774,1044,299
v21529,1039,300
v21667,1035,301
v15395,1033,302
v3720,1032,303
v12559,1026,304
v11920,1025,305
v5316,1022,306
v11660,1022,306
v15252,1017,308
v8192,1017,308
v20433,1015,310
v17863,1014,311
v20622,1014,311
v3053,1012,313
v731,1008,314
v18760,1001,315
v10680,998,316
v7751,996,317
v20802,993,318
v10895,991,319
v1427,976,320
v13666,971,321
v17018,971,321
v20601,968,323
v18344,965,324
v35,956,325
v14112,954,326
v5381,945,327
v2045,943,328
v8606,942,329
v119,934,330
v617,932,331
v26721,929,332
v16337,928,333
v16493,920,334
v15119,915,335
v16212,914,336
v6849,914,336
v7184,913,338
v22483,911,339
v96,909,340
v24689,906,341
v26000,906,341
v26765,906,341
v195,905,344
v30726,895,345
v42561,894,346
v961,894,346
v19273,892,348
v3896,887,349
v18698,883,350
v20431,883,350
v7747,881,352
v34136,880,353
v496,879,354
v4981,875,355
v19769,872,356
v1541,871,357
v10804,871,357
v8424,869,359
v19843,864,360
v2123,864,360
v6355,863,362
v17287,863,362
v19912,863,362
v16266,861,365
v1343,852,366
v938,851,367
v19072,850,368
v17038,850,368
v158,849,370
v19119,847,371
v1829,846,372
v25197,843,373
v16717,843,373
v154,842,375
v14062,842,375
v20032,840,377
v87,839,378
v43,838,379
v18831,837,380
v28205,834,381
v9205,834,381
v22783,834,381
v130,827,384
v8527,819,385
v405,819,385
v45,815,387
v22775,814,388
v23742,812,389
v21523,811,390
v23281,810,391
v31807,810,391
v21782,806,393
v21903,805,394
v11033,805,394
v54897,804,396
v18685,804,396
v105,804,396
v7833,799,399
v309,792,400
v20418,791,401
v20194,791,401
v22,788,403
v22594,787,404
v136,786,405
v15771,783,406
v22603,782,407
v432,780,408
v19192,780,408
v3319,776,410
v2959,775,411
v10979,775,411
v18719,766,413
v22313,763,414
v870,760,415
v38430,759,416
v12167,756,417
v236,755,418
v700,755,418
v157,753,420
v926,751,421
v18152,751,421
v21458,751,421
v23067,749,424
v6357,748,425
v117,747,426
v6346,746,427
v20488,745,428
v2043,745,428
v31002,743,430
v14973,742,431
v13948,741,432
v26837,739,433
v2021,738,434
v284,737,435
v4111,736,436
v17516,735,437
v14365,735,437
v11071,735,437
v116,734,440
v20602,731,441
v16032,730,442
v599,729,443
v4880,727,444
v6688,724,445
v15940,718,446
v669,718,446
v16341,718,446
v1560,715,449
v2044,714,450
v20027,713,451
v10326,713,451
v6572,712,453
v15077,711,454
v21281,710,455
v30294,710,455
v12369,709,457
v29383,709,457
v30118,708,459
v29300,706,460
v53,703,461
v2511,702,462
v17101,701,463
v4041,701,463
v9047,697,465
v24241,697,465
v16150,696,467
v15064,695,468
v8928,692,469
v979,690,470
v19182,689,471
v21676,688,472
v1,685,473
v11179,683,474
v13871,682,475
v1281,681,476
v18644,681,476
v18690,681,476
v44358,680,479
v575,678,480
v470,678,480
v18791,678,480
v16535,675,483
v28286,675,483
v8322,672,485
v2748,668,486
v20148,668,486
v1435,667,488
v15892,667,488
v21976,667,488
v25912,665,491
v133,664,492
v12260,662,493
v1467,662,493
v37651,656,495
v710,655,496
v26581,654,497
v4060,654,497
v10792,653,499
v16695,653,499
v5549,651,501
v3031,651,501
v17008,650,503
v167,648,504
v43438,648,504
v4137,648,504
v118,647,507
v153,646,508
v26391,645,509
v101,645,509
v25288,642,511
v5299,642,511
v1179,642,511
v32811,641,514
v4463,641,514
v5691,640,516
v2133,639,517
v13661,637,518
v49859,637,518
v28634,636,520
v21766,636,520
v12794,636,520
v15602,635,523
v8020,634,524
v21178,633,525
v15523,632,526
v21957,631,527
v19644,631,527
v25690,631,527
v8701,630,530
v15,630,530
v573,629,532
v31994,629,532
v138,627,534
v3413,626,535
v3271,625,536
v12396,625,536
v25774,625,536
v6758,624,539
v21499,624,539
v25413,623,541
v16858,618,542
v27449,617,543
v25964,617,543
v3246,616,545
v232,614,546
v18162,613,547
v13083,612,548
v27236,612,548
v9409,612,548
v26,609,551
v1322,608,552
v17825,606,553
v15708,605,554
v15871,602,555
v31136,601,556
v12475,598,557
v26307,598,557
v201,598,557
v19516,598,557
v25039,596,561
v31929,596,561
v988,595,563
v9846,595,563
v19841,595,563
v134,593,566
v19322,593,566
v860,592,568
v481,592,568
v16263,590,570
v26530,590,570
v16156,589,572
v895,589,572
v128,589,572
v19125,588,575
v19513,588,575
v29482,587,577
v5244,585,578
v10569,584,579
v18486,584,579
v29661,582,581
v30,576,582
v8489,575,583
v99,574,584
v4107,574,584
v3706,574,584
v19545,574,584
v22790,573,588
v16320,572,589
v17694,571,590
v25170,568,591
v2191,567,592
v15167,567,592
v10028,566,594
v20763,565,595
v603,565,595
v10000,564,597
v50283,562,598
v14240,562,598
v52,561,600
v19397,560,601
v94,559,602
v22948,559,602
v13107,558,604
v768,558,604
v17210,558,604
v18643,558,604
v132,556,608
v16006,555,609
v32021,555,609
v1307,555,609
v3030,554,612
v16610,553,613
v20980,552,614
v7052,551,615
v1030,550,616
v1141,549,617
v12246,549,617
v473,549,617
v9708,547,620
v8731,547,620
v2099,546,622
v30235,546,622
v7499,544,624
v19658,543,625
v5286,543,625
v6359,541,627
v3973,541,627
v30812,539,629
v2596,538,630
v6682,537,631
v31448,537,631
v32555,537,631
v23407,536,634
v13839,535,635
v16070,534,636
v10119,532,637
v18809,530,638
v64,528,639
v18550,528,639
v106,527,641
v20144,526,642
v22282,524,643
v10899,524,643
v28264,523,645
v11620,522,646
v23448,521,647
v11999,521,647
v1899,520,649
v32946,520,649
v29779,519,651
v135,518,652
v1483,518,652
v28345,517,654
v899,517,654
v1296,517,654
v18907,516,657
v25007,516,657
v22791,515,659
v17046,515,659
v718,513,661
v2736,510,662
v21465,510,662
v16190,510,662
v34848,509,665
v18806,508,666
v22181,508,666
v4852,508,666
v19964,508,666
v3066,508,666
v43470,506,671
v20232,504,672
v16800,504,672
v27057,504,672
v27746,504,672
v20378,503,676
v24240,499,677
v26344,498,678
v129,495,679
v29909,495,679
v808,495,679
v19587,495,679
v54,494,683
v12702,493,684
v18279,493,684
v22105,492,686
v23501,491,687
v22106,490,688
v10557,490,688
v14520,488,690
v17335,488,690
v9887,487,692
v20860,486,693
v19989,486,693
v16700,486,693
v11096,485,696
v1525,485,696
v23634,484,698
v111,484,698
v900,483,700
v206,481,701
v45634,481,701
v28731,480,703
v145,480,703
v29404,479,705
v26664,479,705
v20464,479,705
v19654,478,708
v37,478,708
v22619,478,708
v12992,477,711
v19634,477,711
v26310,476,713
v25384,474,714
v404,474,714
v221,473,716
v1241,472,717
v21789,471,718
v12984,471,718
v22345,471,718
v12949,467,721
v22792,467,721
v58641,465,723
v22728,465,723
v7707,464,725
v47172,462,726
v21384,461,727
v26999,461,727
v725,461,727
v1311,461,727
v10115,459,731
v991,459,731
v971,459,731
v15080,459,731
v22826,458,735
v527,458,735
v10570,457,737
v27747,455,738
v148,454,739
v1497,453,740
v30458,452,741
v22304,452,741
v11944,451,743
v4406,450,744
v14759,450,744
v21739,449,746
v10078,449,746
v142,449,746
v4617,449,746
v19234,448,750
v24803,448,750
v15679,448,750
v10700,446,753
v21,446,753
v4017,445,755
v20527,445,755
v14711,445,755
v123,444,758
v10288,444,758
v147,443,760
v19988,443,760
v26154,443,760
v32514,442,763
v9709,441,764
v22776,440,765
v202,439,766
v765,438,767
v16845,437,768
v27751,435,769
v6498,435,769
v112,435,769
v33036,435,769
v7402,434,773
v6589,434,773
v26814,433,775
v10732,433,775
v5155,433,775
v47175,432,778
v857,431,779
v17427,431,779
v23190,431,779
v3537,430,782
v22045,429,783
v22702,429,783
v30999,428,785
v5127,428,785
v739,427,787
v19233,426,788
v13267,426,788
v26500,426,788
v29144,424,791
v18314,423,792
v2626,422,793
v19755,422,793
v32753,421,795
v27227,421,795
v22725,421,795
v2857,421,795
v14269,421,795
v12589,419,800
v683,419,800
v2315,419,800
v556,418,803
v23060,417,804
v23393,417,804
v20501,416,806
v3249,416,806
v31262,416,806
v18736,415,809
v141,415,809
v56650,414,811
v702,413,812
v32754,413,812
v20161,412,814
v3938,412,814
v4905,411,816
v13912,411,816
v15274,410,818
v8310,410,818
v15972,410,818
v18419,410,818
v18315,408,822
v22987,407,823
v19178,406,824
v27457,406,824
v5744,406,824
v3684,405,827
v311,405,827
v124,404,829
v32785,403,830
v21875,403,830
v16166,401,832
v370,401,832
v28283,399,834
v22713,399,834
v113,398,836
v32795,397,837
v21528,396,838
v14895,395,839
v2306,395,839
v31090,395,839
v1439,394,842
v8095,393,843
v22542,392,844
v1056,391,845
v1292,391,845
v19014,391,845
v127,391,845
v16658,391,845
v8,391,845
v28297,390,851
v19830,390,851
v11719,390,851
v5942,389,854
v737,388,855
v19850,387,856
v19238,386,857
v45706,385,858
v24151,385,858
v24865,385,858
v14646,385,858
v28834,385,858
v37116,384,863
v21620,384,863
v2956,383,865
v30771,383,865
v30998,383,865
v14934,383,865
v20760,383,865
v23199,382,870
v4936,382,870
v9198,381,872
v12273,381,872
v13943,381,872
v20196,380,875
v139,378,876
v12882,377,877
v6700,376,878
v4134,375,879
v26594,375,879
v295,375,879
v1195,374,882
v3921,374,882
v21436,373,884
v25385,373,884
v2968,371,886
v35407,371,886
v26415,371,886
v26376,370,889
v25838,370,889
v102,370,889
v32787,370,889
v17131,369,893
v22880,369,893
v861,369,893
v31157,368,896
v16842,368,896
v20016,367,898
v13015,367,898
v24853,367,898
v3746,367,898
v1708,366,902
v1390,366,902
v48724,366,902
v21321,366,902
v3128,365,906
v23388,365,906
v235,364,908
v12158,364,908
v38511,364,908
v21267,363,911
v12072,363,911
v5844,361,913
v22636,361,913
v29057,361,913
v8434,361,913
v15641,360,917
v7773,360,917
v18842,359,919
v39,359,919
v19345,358,921
v21426,358,921
v15166,358,921
v2477,358,921
v2836,357,925
v21269,357,925
v858,357,925
v24938,356,928
v26356,356,928
v22503,356,928
v12480,356,928
v4408,355,932
v19773,353,933
v38429,353,933
v1305,352,935
v25280,350,936
v26238,350,936
v15293,349,938
v20471,349,938
v17147,349,938
v24417,348,941
v1494,348,941
v22445,346,943
v42912,346,943
v13249,346,943
v20524,346,943
v29444,345,947
v16377,345,947
v1001,344,949
v17959,344,949
v30647,343,951
v7689,342,952
v1967,342,952
v4767,340,954
v5936,340,954
v18154,340,954
v45510,340,954
v12283,340,954
v12972,340,954
v24883,340,954
v18453,339,961
v18728,339,961
v33175,339,961
v3079,338,964
v151,338,964
v19765,338,964
v6472,337,967
v126,336,968
v12854,336,968
v10249,335,970
v10362,335,970
v776,335,970
v12476,334,973
v38068,333,974
v22299,333,974
v91,333,974
v16511,333,974
v31091,333,974
v44101,332,979
v15070,332,979
v110,332,979
v7506,330,982
v17344,330,982
v26444,330,982
v22658,330,982
v51915,329,986
v22739,329,986
v31813,329,986
v17655,329,986
v6475,329,986
v23157,328,991
v9428,328,991
v7943,327,993
v182,327,993
v38037,326,995
v12600,326,995
v16471,326,995
v888,325,998
v21301,325,998
v3269,325,998
v24872,324,1001
v18495,324,1001
v1388,323,1003
v13999,323,1003
v18460,323,1003
v7536,323,1003
v738,322,1007
v23863,322,1007
v8311,322,1007
v14878,322,1007
v18705,322,1007
v952,322,1007
v5895,321,1013
v30228,321,1013
v22648,321,1013
v604,320,1016
v1452,320,1016
v21690,320,1016
v4962,319,1019
v19570,319,1019
v16262,319,1019
v12392,318,1022
v32788,318,1022
v3388,317,1024
v19347,317,1024
v14706,317,1024
v24702,317,1024
v16549,316,1028
v1189,314,1029
v21174,314,1029
v22439,313,1031
v3433,313,1031
v31212,312,1033
v6915,312,1033
v13260,311,1035
v17588,311,1035
v3789,310,1037
v31217,310,1037
v21745,309,1039
v18712,309,1039
v11086,308,1041
v4234,308,1041
v1012,308,1041
v109,308,1041
v12942,308,1041
v121,307,1046
v3660,307,1046
v11687,307,1046
v18568,307,1046
v3971,306,1050
v15372,306,1050
v30649,306,1050
v24935,306,1050
v12455,306,1050
v7260,306,1050
v10665,305,1056
v19302,304,1057
v21266,304,1057
v1290,303,1059
v24610,303,1059
v14886,303,1059
v17640,302,1062
v137,302,1062
v9935,302,1062
v3632,301,1065
v25635,301,1065
v28576,300,1067
v10597,300,1067
v33272,300,1067
v19951,300,1067
v19470,300,1067
v22760,300,1067
v115,299,1073
v2790,298,1074
v3457,298,1074
v37016,298,1074
v22310,297,1077
v21418,297,1077
v24564,297,1077
v24202,296,1080
v26639,296,1080
v24987,296,1080
v6714,296,1080
v14922,296,1080
v6341,294,1085
v24315,294,1085
v7794,294,1085
v3346,294,1085
v25784,293,1089
v893,293,1089
v12505,293,1089
v17843,293,1089
v22012,293,1089
v1953,292,1094
v19427,292,1094
v1898,292,1094
v7595,292,1094
v20689,292,1094
v16479,292,1094
v26206,291,1100
v828,291,1100
v1564,291,1100
v4707,290,1103
v13108,290,1103
v889,289,1105
v19,289,1105
v278,289,1105
v25673,289,1105
v7238,288,1109
v51437,288,1109
v18360,288,1109
v19037,287,1112
v21116,285,1113
v32789,285,1113
v7766,285,1113
v1542,285,1113
v2528,285,1113
v120,283,1118
v13188,283,1118
v10076,282,1120
v1451,281,1121
v2505,281,1121
v12414,280,1123
v28118,280,1123
v862,279,1125
v1484,278,1126
v26989,278,1126
v28619,278,1126
v20795,278,1126
v24380,278,1126
v18837,278,1126
v30029,278,1126
v25924,278,1126
v9189,277,1134
v24208,277,1134
v10231,277,1134
v21355,276,1137
v8591,276,1137
v30925,276,1137
v22008,276,1137
v22448,276,1137
v286,276,1137
v149,275,1143
v7361,275,1143
v28151,275,1143
v28666,274,1146
v20337,273,1147
v14826,273,1147
v1491,273,1147
v18738,273,1147
v20491,273,1147
v12328,273,1147
v18795,273,1147
v10983,273,1147
v8461,272,1155
v28644,272,1155
v98,272,1155
v23288,271,1158
v15458,271,1158
v7594,271,1158
v143,270,1161
v14005,269,1162
v21072,269,1162
v10972,269,1162
v22847,269,1162
v140,268,1166
v14576,268,1166
v15496,268,1166
v31567,267,1169
v843,267,1169
v547,266,1171
v8435,266,1171
v23744,266,1171
v9643,266,1171
v24626,266,1171
v7816,265,1176
v23464,265,1176
v8455,265,1176
v32745,265,1176
v17897,265,1176
v21787,265,1176
v4942,264,1182
v26316,264,1182
v20367,264,1182
v397,264,1182
v16104,264,1182
v12546,264,1182
v16915,263,1188
v38191,263,1188
v28643,263,1188
v13901,263,1188
v14910,263,1188
v10793,262,1193
v3458,262,1193
v18721,262,1193
v18783,262,1193
v1740,262,1193
v10097,261,1198
v22292,261,1198
v34839,261,1198
v24703,261,1198
v32157,260,1202
v15573,260,1202
v19914,260,1202
v19616,260,1202
v26232,260,1202
v21854,259,1207
v28400,259,1207
v21521,258,1209
v22726,258,1209
v17790,258,1209
v15231,258,1209
v26418,257,1213
v14825,257,1213
v23154,257,1213
v25914,257,1213
v19319,256,1217
v24620,256,1217
v18323,256,1217
v2635,255,1220
v33205,255,1220
v21644,255,1220
v18567,255,1220
v12034,255,1220
v22380,255,1220
v11472,254,1226
v701,254,1226
v16637,254,1226
v17716,254,1226
v9721,254,1226
v12561,253,1231
v26900,253,1231
v26448,253,1231
v22219,253,1231
v25596,253,1231
v17099,252,1236
v38013,252,1236
v14799,252,1236
v26563,251,1239
v3549,251,1239
v24399,251,1239
v125,251,1239
v1600,250,1243
v29667,250,1243
v28218,250,1243
v11301,250,1243
v24716,250,1243
v27736,249,1248
v11916,249,1248
v18990,249,1248
v7301,249,1248
v21261,248,1252
v5506,248,1252
v21405,248,1252
v20164,248,1252
v21439,248,1252
v131,247,1257
v17407,247,1257
v28712,247,1257
v734,247,1257
v24328,247,1257
v48420,246,1262
v27938,246,1262
v18130,246,1262
v315,246,1262
v15143,246,1262
v3994,245,1267
v6,245,1267
v230,245,1267
v740,245,1267
v21803,245,1267
v25236,245,1267
v14069,244,1273
v33911,244,1273
v13059,244,1273
v28126,244,1273
v29170,243,1277
v1442,243,1277
v18060,243,1277
v12407,242,1280
v33150,242,1280
v11855,242,1280
v22061,242,1280
v1371,242,1280
v26397,241,1285
v17153,240,1286
v20847,240,1286
v3371,239,1288
v32177,239,1288
v15870,238,1290
v32706,238,1290
v24779,238,1290
v25816,238,1290
v11906,237,1294
v47936,237,1294
v20406,237,1294
v12150,237,1294
v30920,237,1294
v30553,237,1294
v8524,237,1294
v50215,236,1301
v25050,236,1301
v20583,236,1301
v30793,236,1301
v17997,236,1301
v18770,236,1301
v11194,236,1301
v10041,235,1308
v16193,235,1308
v14924,235,1308
v22986,235,1308
v1755,235,1308
v8469,235,1308
v24211,235,1308
v25566,234,1315
v18814,234,1315
v222,234,1315
v46543,234,1315
v8243,234,1315
v19420,234,1315
v19042,234,1315
v26728,233,1322
v16817,233,1322
v18387,233,1322
v7625,232,1325
v20170,231,1326
v21188,231,1326
v801,231,1326
v1278,230,1329
v17564,230,1329
v602,230,1329
v15637,230,1329
v428,230,1329
v28875,229,1334
v11300,229,1334
v3091,229,1334
v9303,229,1334
v5519,229,1334
v16339,229,1334
v22186,229,1334
v14264,228,1341
v21474,228,1341
v13890,228,1341
v24555,228,1341
v41944,228,1341
v1013,228,1341
v6662,227,1347
v3892,227,1347
v36614,226,1349
v10238,226,1349
v19373,225,1351
v18739,225,1351
v30406,225,1351
v19463,225,1351
v27092,225,1351
v4118,224,1356
v696,224,1356
v18734,224,1356
v11948,224,1356
v287,224,1356
v44195,224,1356
v561,223,1362
v566,223,1362
v21232,223,1362
v887,223,1362
v9858,222,1366
v28200,222,1366
v26338,222,1366
v1434,222,1366
v12796,222,1366
v23,222,1366
v20981,221,1372
v16874,221,1372
v190,221,1372
v1085,220,1375
v793,220,1375
v18353,220,1375
v45731,220,1375
v73,220,1375
v3970,220,1375
v1438,220,1375
v13086,219,1382
v15393,219,1382
v17284,219,1382
v31083,219,1382
v20604,219,1382
v25713,219,1382
v16340,218,1388
v581,218,1388
v12214,218,1388
v17337,218,1388
v25942,217,1392
v5734,217,1392
v26796,217,1392
v16037,216,1395
v20515,216,1395
v17982,216,1395
v11986,216,1395
v27032,216,1395
v14954,216,1395
v30012,216,1395
v47547,215,1402
v122,215,1402
v20539,214,1404
v22697,214,1404
v22075,214,1404
v15417,214,1404
v7096,213,1408
v24286,213,1408
v49934,213,1408
v25368,213,1408
v648,213,1408
v12097,212,1413
v6593,212,1413
v1604,212,1413
v26419,212,1413
v1987,212,1413
v1951,212,1413
v396,211,1419
v37716,211,1419
v27152,211,1419
v1616,210,1422
v32919,210,1422
v24002,210,1422
v1063,210,1422
v34151,209,1426
v24586,209,1426
v40,209,1426
v14888,209,1426
v12914,209,1426
v16953,209,1426
v30185,209,1426
v4597,208,1433
v23985,208,1433
v25999,208,1433
v15310,208,1433
v21824,208,1433
v44184,208,1433
v12431,207,1439
v324,207,1439
v24276,207,1439
v18540,207,1439
v1648,207,1439
v25796,207,1439
v15874,207,1439
v25515,207,1439
v26010,206,1447
v30599,206,1447
v16484,206,1447
v9711,206,1447
v37172,206,1447
v10613,206,1447
v11009,205,1453
v645,205,1453
v30461,205,1453
v44200,205,1453
v33204,204,1457
v19031,204,1457
v36175,204,1457
v666,204,1457
v34041,203,1461
v28420,203,1461
v21177,203,1461
v25144,203,1461
v14556,203,1461
v14610,203,1461
v1545,203,1461
v10659,203,1461
v16069,203,1461
v25124,203,1461
v18057,202,1471
v22303,202,1471
v21769,202,1471
v31138,202,1471
v5258,202,1471
v26531,202,1471
v10839,202,1471
v4271,202,1471
v18709,202,1471
v35280,201,1480
v49261,201,1480
v8438,201,1480
v1060,201,1480
v842,201,1480
v3129,201,1480
v20909,201,1480
v5530,200,1487
v17972,200,1487
v19294,200,1487
v12927,200,1487
v20062,200,1487
v13711,200,1487
v6533,200,1487
v23070,199,1494
v28755,199,1494
v24916,199,1494
v31363,199,1494
v27913,199,1494
v2715,199,1494
v25911,199,1494
v31126,198,1501
v20357,198,1501
v2088,197,1503
v42944,197,1503
v11327,197,1503
v11857,197,1503
v12791,197,1503
v1153,197,1503
v30079,197,1503
v21978,197,1503
v20727,197,1503
v10587,196,1512
v51838,196,1512
v13962,196,1512
v10051,196,1512
v902,196,1512
v22553,196,1512
v20900,196,1512
v11186,196,1512
v11575,195,1520
v10237,195,1520
v1413,195,1520
v21493,195,1520
v7557,194,1524
v12367,194,1524
v37055,194,1524
v18915,194,1524
v20574,194,1524
v30456,194,1524
v1152,194,1524
v18047,193,1531
v1099,193,1531
v30807,193,1531
v26486,193,1531
v5628,193,1531
v10588,193,1531
v24381,192,1537
v18753,192,1537
v2022,192,1537
v34018,192,1537
v1298,192,1537
v14359,192,1537
v20862,192,1537
v15562,192,1537
v28929,192,1537
v28187,192,1537
v31659,192,1537
v18836,192,1537
v916,191,1549
v1495,191,1549
v27685,191,1549
v10047,191,1549
v19391,191,1549
v12186,190,1554
v1758,190,1554
v27791,190,1554
v1160,190,1554
v25684,190,1554
v15639,190,1554
v4851,190,1554
v23290,190,1554
v152,189,1562
v17991,189,1562
v26537,189,1562
v16598,189,1562
v2023,189,1562
v28362,189,1562
v1512,189,1562
v19903,188,1569
v10726,188,1569
v19831,188,1569
v17632,188,1569
v37308,188,1569
v61,188,1569
v9125,187,1575
v13566,187,1575
v18905,187,1575
v12363,187,1575
v21346,186,1579
v20497,186,1579
v17329,186,1579
v5137,186,1579
v19810,186,1579
v36663,186,1579
v13066,186,1579
v16134,185,1586
v18683,185,1586
v1675,185,1586
v22784,185,1586
v31669,185,1586
v60,185,1586
v18850,185,1586
v6256,185,1586
v3941,185,1586
v17708,185,1586
v55357,185,1586
v20006,184,1597
v18959,184,1597
v11224,184,1597
v3194,184,1597
v20444,184,1597
v23441,184,1597
v10803,183,1603
v10801,183,1603
v25132,183,1603
v31125,183,1603
v18113,183,1603
v18678,183,1603
v28915,183,1603
v31272,183,1603
v15288,183,1603
v29329,183,1603
v3333,183,1603
v25832,183,1603
v28800,183,1603
v16580,182,1616
v13321,182,1616
v15493,182,1616
v20003,182,1616
v11133,182,1616
v8491,182,1616
v18766,182,1616
v29872,182,1616
v24917,182,1616
v47054,182,1616
v6291,182,1616
v29814,181,1627
v50880,181,1627
v24215,181,1627
v27151,181,1627
v7805,181,1627
v6747,181,1627
v7633,181,1627
v83,181,1627
v12995,180,1635
v52778,180,1635
v11118,180,1635
v26435,180,1635
v7304,180,1635
v11717,180,1635
v17271,180,1635
v22242,180,1635
v16218,180,1635
v8534,180,1635
v29842,180,1635
v32183,179,1646
v7442,179,1646
v16082,179,1646
v6723,179,1646
v5349,179,1646
v22062,179,1646
v4040,179,1646
v18890,179,1646
v14839,179,1646
v20793,178,1655
v34004,178,1655
v20534,178,1655
v29061,178,1655
v23079,178,1655
v32461,177,1660
v19751,177,1660
v9196,177,1660
v50081,177,1660
v39971,177,1660
v41753,177,1660
v18649,177,1660
v22013,176,1667
v27389,176,1667
v18199,176,1667
v21366,176,1667
v22191,176,1667
v48125,176,1667
v11881,176,1667
v19611,176,1667
v4876,176,1667
v32988,176,1667
v18433,176,1667
v25492,175,1678
v23772,175,1678
v13074,175,1678
v15506,174,1681
v19474,174,1681
v21142,174,1681
v35899,174,1681
v1701,174,1681
v27492,174,1681
v28545,174,1681
v901,174,1681
v14087,174,1681
v13652,174,1681
v19686,174,1681
v12689,174,1681
v19133,174,1681
v33348,173,1694
v24351,173,1694
v32269,173,1694
v9857,173,1694
v17159,173,1694
v16106,173,1694
v24825,173,1694
v5909,173,1694
v21901,173,1694
v56,173,1694
v27276,172,1704
v16851,172,1704
v19982,172,1704
v1357,172,1704
v14846,172,1704
v23019,172,1704
v21836,172,1704
v2999,172,1704
v34778,171,1712
v1166,171,1712
v14812,171,1712
v11487,171,1712
v22873,171,1712
v21353,171,1712
v15062,171,1712
v36366,171,1712
v13908,171,1712
v16563,171,1712
v18157,171,1712
v24618,170,1723
v23403,170,1723
v36131,170,1723
v37114,170,1723
v16131,170,1723
v22195,170,1723
v32,170,1723
v23208,170,1723
v22037,170,1723
v53835,170,1723
v30227,170,1723
v34246,170,1723
v783,170,1723
v26382,170,1723
v20002,170,1723
v6411,170,1723
v26122,170,1723
v5743,169,1740
v27385,169,1740
v18259,169,1740
v420,169,1740
v17835,169,1740
v3987,169,1740
v3602,169,1740
v17849,169,1740
v17978,169,1740
v48,168,1749
v20264,168,1749
v12986,168,1749
v39649,168,1749
v21300,168,1749
v184,168,1749
v22371,168,1749
v21185,168,1749
v32887,168,1749
v17711,168,1749
v45247,168,1749
v20416,168,1749
v32758,167,1761
v26054,167,1761
v21527,167,1761
v193,167,1761
v22436,167,1761
v3334,167,1761
v17836,167,1761
v25583,167,1761
v1193,167,1761
v10325,167,1761
v7719,167,1761
v27436,167,1761
v26262,166,1773
v10396,166,1773
v29189,166,1773
v1860,166,1773
v7636,166,1773
v15869,166,1773
v4120,166,1773
v5243,166,1773
v29906,166,1773
v18757,165,1782
v24648,165,1782
v1145,165,1782
v5481,165,1782
v44096,165,1782
v20011,165,1782
v26757,165,1782
v22895,165,1782
v19372,165,1782
v11072,165,1782
v16066,165,1782
v20996,165,1782
v7507,164,1794
v14161,164,1794
v16395,164,1794
v16788,164,1794
v9768,164,1794
v26416,164,1794
v20292,164,1794
v27456,164,1794
v13036,164,1794
v14522,164,1794
v21349,164,1794
v13987,164,1794
v4429,164,1794
v29930,164,1794
v22570,164,1794
v8045,164,1794
v19661,163,1810
v19687,163,1810
v32805,163,1810
v12598,163,1810
v27829,163,1810
v8203,163,1810
v20277,163,1810
v10498,163,1810
v22582,162,1818
v18454,162,1818
v57252,162,1818
v12830,162,1818
v28716,162,1818
v1398,162,1818
v31301,162,1818
v58,161,1825
v12429,161,1825
v2125,161,1825
v19151,161,1825
v16516,161,1825
v5608,161,1825
v18708,161,1825
v20484,161,1825
v31436,161,1825
v20729,161,1825
v19974,161,1825
v20088,160,1836
v11726,160,1836
v8309,160,1836
v49147,160,1836
v12604,160,1836
v24870,160,1836
v29439,160,1836
v29154,160,1836
v28093,160,1836
v13223,159,1845
v18641,159,1845
v39685,159,1845
v28079,159,1845
v19824,159,1845
v26603,159,1845
v24634,159,1845
v1994,159,1845
v20487,159,1845
v23242,159,1845
v18810,159,1845
v18869,159,1845
v532,159,1845
v247,158,1858
v2737,158,1858
v54050,158,1858
v9435,158,1858
v24467,158,1858
v12852,158,1858
v22741,158,1858
v24725,158,1858
v21069,158,1858
v400,157,1867
v18337,157,1867
v44312,157,1867
v22205,157,1867
v41339,157,1867
v26001,157,1867
v1444,157,1867
v18141,157,1867
v21234,157,1867
v12797,156,1876
v723,156,1876
v13630,156,1876
v20315,156,1876
v15426,156,1876
v4622,156,1876
v1130,156,1876
v12146,156,1876
v36837,156,1876
v27557,155,1885
v24209,155,1885
v15446,155,1885
v11637,155,1885
v21295,155,1885
v45553,155,1885
v7060,155,1885
v11014,155,1885
v25805,155,1885
v18825,154,1894
v14650,154,1894
v16342,154,1894
v12184,154,1894
v15344,154,1894
v234,154,1894
v3184,154,1894
v875,154,1894
v21931,154,1894
v15653,154,1894
v30662,154,1894
v20966,153,1905
v24435,153,1905
v20089,153,1905
v21675,153,1905
v19378,153,1905
v21080,153,1905
v19737,153,1905
v22561,152,1912
v15944,152,1912
v22027,152,1912
v11624,152,1912
v12192,152,1912
v915,152,1912
v19726,152,1912
v13632,152,1912
v16441,152,1912
v32699,152,1912
v28556,151,1922
v25127,151,1922
v2024,151,1922
v17388,151,1922
v15497,151,1922
v9092,151,1922
v28871,151,1922
v15076,151,1922
v31447,151,1922
v15137,151,1922
v19684,151,1922
v34467,151,1922
v5871,151,1922
v15569,151,1922
v31740,150,1936
v17048,150,1936
v31662,150,1936
v11122,150,1936
v4602,150,1936
v22001,150,1936
v18147,150,1936
v5575,150,1936
v10611,150,1936
v29884,150,1936
v931,150,1936
v7967,150,1936
v28481,150,1936
v7650,150,1936
v19612,149,1950
v32855,149,1950
v6267,149,1950
v18427,149,1950
v27484,149,1950
v19283,149,1950
v100,149,1950
v17969,148,1957
v20637,148,1957
v31673,148,1957
v159,148,1957
v13228,148,1957
v964,148,1957
v476,148,1957
v12645,148,1957
v4038,148,1957
v39836,148,1957
v20744,148,1957
v22190,148,1957
v16651,148,1957
v10341,148,1957
v7360,147,1971
v24619,147,1971
v19039,147,1971
v10617,147,1971
v27450,147,1971
v12562,147,1971
v15605,147,1971
v18163,147,1971
v28793,147,1971
v21480,147,1971
v7044,147,1971
v17872,147,1971
v22480,147,1971
v29067,147,1971
v28304,147,1971
v20972,147,1971
v30628,147,1971
v24275,147,1971
v10641,146,1989
v18803,146,1989
v24721,146,1989
v16626,146,1989
v14089,146,1989
v21170,146,1989
v28285,146,1989
v30835,146,1989
v40519,146,1989
v33668,146,1989
v15744,146,1989
v36375,146,1989
v19497,146,1989
v30856,145,2002
v4540,145,2002
v21809,145,2002
v19908,145,2002
v16450,145,2002
v21455,145,2002
v2585,145,2002
v20808,145,2002
v26180,145,2002
v29503,145,2002
v25342,145,2002
v29666,145,2002
v26147,145,2002
v19465,144,2015
v9878,144,2015
v4021,144,2015
v18,144,2015
v18707,144,2015
v25720,144,2015
v23732,144,2015
v18781,144,2015
v16448,144,2015
v12271,143,2024
v18834,143,2024
v12607,143,2024
v21681,143,2024
v20591,143,2024
v16013,143,2024
v12481,143,2024
v22584,143,2024
v2971,143,2024
v4511,143,2024
v32624,143,2024
v27368,143,2024
v15718,143,2024
v16338,143,2024
v34022,143,2024
v23714,142,2039
v29581,142,2039
v3767,142,2039
v661,142,2039
v29897,142,2039
v34993,142,2039
v28587,142,2039
v1443,142,2039
v22914,142,2039
v38496,142,2039
v31661,142,2039
v29188,142,2039
v22589,142,2039
v32661,142,2039
v34078,141,2053
v1358,141,2053
v28513,141,2053
v21919,141,2053
v7660,141,2053
v8284,141,2053
v14705,141,2053
v21932,141,2053
v32612,141,2053
v21429,141,2053
v31430,141,2053
v334,141,2053
v10415,141,2053
v23652,141,2053
v13224,141,2053
v48318,141,2053
v12550,141,2053
v20202,140,2070
v37843,140,2070
v10992,140,2070
v32826,140,2070
v32484,140,2070
v12037,140,2070
v20172,140,2070
v8054,140,2070
v12575,140,2070
v7786,140,2070
v6719,140,2070
v29806,140,2070
v2390,140,2070
v2516,140,2070
v28063,140,2070
v12658,139,2085
v11343,139,2085
v44098,139,2085
v10165,139,2085
v35201,139,2085
v1639,139,2085
v33448,139,2085
v14680,139,2085
v29168,139,2085
v19627,139,2085
v17865,139,2085
v5841,139,2085
v2361,139,2085
v38067,138,2098
v10099,138,2098
v28146,138,2098
v239,138,2098
v21734,138,2098
v21714,138,2098
v27792,138,2098
v15833,138,2098
v26305,138,2098
v28188,138,2098
v163,138,2098
v49512,138,2098
v52702,138,2098
v21496,137,2111
v16748,137,2111
v32714,137,2111
v32655,137,2111
v23443,137,2111
v31675,137,2111
v36017,137,2111
v17391,137,2111
v9427,136,2119
v7445,136,2119
v12145,136,2119
v146,136,2119
v18723,136,2119
v32701,136,2119
v3883,136,2119
v10833,136,2119
v3861,136,2119
v28546,136,2119
v12447,136,2119
v30616,136,2119
v13444,136,2119
v27453,136,2119
v47458,135,2133
v21087,135,2133
v15105,135,2133
v28462,135,2133
v12661,135,2133
v4503,135,2133
v25418,135,2133
v4153,135,2133
v16862,135,2133
v16463,135,2133
v1863,135,2133
v49143,135,2133
v31504,135,2133
v37868,135,2133
v45409,135,2133
v19735,135,2133
v20538,135,2133
v3683,135,2133
v11928,135,2133
v25489,135,2133
v21183,135,2133
v14779,135,2133
v20167,134,2155
v19399,134,2155
v19905,134,2155
v20043,134,2155
v26351,134,2155
v29214,134,2155
v2124,134,2155
v1803,134,2155
v18670,134,2155
v16951,134,2155
v11869,134,2155
v16925,133,2166
v18874,133,2166
v8436,133,2166
v8290,133,2166
v49218,133,2166
v1601,133,2166
v19944,133,2166
v11067,133,2166
v28673,133,2166
v9897,133,2166
v21161,132,2176
v5082,132,2176
v15699,132,2176
v12856,132,2176
v49274,132,2176
v1594,132,2176
v20191,132,2176
v10974,132,2176
v1289,132,2176
v283,132,2176
v26819,132,2176
v13994,132,2176
v31044,132,2176
v426,132,2176
v19608,132,2176
v19287,132,2176
v6656,132,2176
v3235,132,2176
v39827,131,2194
v310,131,2194
v6487,131,2194
v24472,131,2194
v31805,131,2194
v20106,131,2194
v19662,131,2194
v38574,131,2194
v8280,131,2194
v27772,131,2194
v7916,131,2194
v3356,131,2194
v12518,131,2194
v19878,131,2194
v1115,130,2208
v1171,130,2208
v23077,130,2208
v33157,130,2208
v15019,130,2208
v5160,130,2208
v10933,130,2208
v19560,130,2208
v21239,130,2208
v3113,130,2208
v24214,130,2208
v584,130,2208
v3615,130,2208
v26678,130,2208
v14232,130,2208
v1543,129,2223
v38812,129,2223
v19904,129,2223
v20117,129,2223
v31434,129,2223
v51590,129,2223
v23285,129,2223
v30238,129,2223
v5073,129,2223
v4389,129,2223
v12419,129,2223
v4738,129,2223
v16103,129,2223
v25934,129,2223
v3415,129,2223
v2970,129,2223
v13730,128,2239
v209,128,2239
v7095,128,2239
v8082,128,2239
v20256,128,2239
v682,128,2239
v18335,128,2239
v42712,128,2239
v5289,128,2239
v9338,128,2239
v18591,128,2239
v13997,128,2239
v3111,128,2239
v10808,128,2239
v29251,127,2253
v16372,127,2253
v12599,127,2253
v6854,127,2253
v15134,127,2253
v3456,127,2253
v11069,127,2253
v24239,127,2253
v16243,127,2253
v46876,127,2253
v38882,127,2253
v23276,127,2253
v49056,127,2253
v12775,127,2253
v1873,127,2253
v47546,127,2253
v18651,127,2253
v21401,127,2253
v19173,126,2271
v21432,126,2271
v4414,126,2271
v1269,126,2271
v6035,126,2271
v23736,126,2271
v4334,126,2271
v2220,126,2271
v33130,126,2271
v10773,126,2271
v2107,126,2271
v14761,126,2271
v21717,126,2271
v20429,126,2271
v11955,126,2271
v19102,126,2271
v26485,126,2271
v4094,126,2271
v18873,126,2271
v8456,126,2271
v50153,125,2291
v23221,125,2291
v2325,125,2291
v45658,125,2291
v2412,125,2291
v13956,125,2291
v13101,125,2291
v10615,125,2291
v35246,125,2291
v36246,125,2291
v10805,125,2291
v21233,125,2291
v1493,125,2291
v18797,125,2291
v12172,125,2291
v31336,125,2291
v2655,124,2307
v11110,124,2307
v28667,124,2307
v5055,124,2307
v50504,124,2307
v21120,124,2307
v9175,124,2307
v12677,124,2307
v24294,124,2307
v42019,124,2307
v42448,124,2307
v7748,124,2307
v90,124,2307
v1333,124,2307
v19955,124,2307
v10980,124,2307
v45489,124,2307
v2697,124,2307
v19713,124,2307
v17828,123,2326
v20204,123,2326
v10392,123,2326
v1055,123,2326
v29958,123,2326
v54048,123,2326
v22798,123,2326
v13100,123,2326
v13062,123,2326
v20443,123,2326
v14425,123,2326
v18924,123,2326
v431,123,2326
v1282,123,2326
v21645,123,2326
v19953,123,2326
v16376,123,2326
v1375,123,2326
v14805,123,2326
v5033,123,2326
v10001,122,2346
v1874,122,2346
v23908,122,2346
v4106,122,2346
v4909,122,2346
v29662,122,2346
v9644,122,2346
v7272,122,2346
v27014,122,2346
v1590,122,2346
v26763,122,2346
v4883,121,2357
v28103,121,2357
v3939,121,2357
v23026,121,2357
v12526,121,2357
v24278,121,2357
v19595,121,2357
v4703,121,2357
v11292,121,2357
v5230,121,2357
v30438,121,2357
v31123,121,2357
v19455,121,2357
v20623,121,2357
v7848,121,2357
v36728,121,2357
v27367,121,2357
v20470,121,2357
v22317,121,2357
v31095,121,2357
v7138,120,2377
v36748,120,2377
v23313,120,2377
v27462,120,2377
v18888,120,2377
v44186,120,2377
v28832,120,2377
v31334,120,2377
v23543,120,2377
v32802,120,2377
v22149,120,2377
v26368,120,2377
v29405,120,2377
v24140,119,2390
v38325,119,2390
v7840,119,2390
v1917,119,2390
v16720,119,2390
v16269,119,2390
v28622,119,2390
v1067,119,2390
v38604,119,2390
v31037,119,2390
v2337,119,2390
v28799,119,2390
v3496,119,2390
v26469,118,2403
v30239,118,2403
v19583,118,2403
v8301,118,2403
v28884,118,2403
v23224,118,2403
v37252,118,2403
v45954,118,2403
v22039,118,2403
v22245,118,2403
v10926,118,2403
v28157,118,2403
v36209,118,2403
v17745,118,2403
v7529,118,2403
v17633,118,2403
v50416,118,2403
v564,118,2403
v38872,118,2403
v14739,118,2403
v18953,118,2403
v41948,118,2403
v36749,118,2403
v11634,117,2426
v41351,117,2426
v10273,117,2426
v13110,117,2426
v17540,117,2426
v185,117,2426
v3095,117,2426
v28921,117,2426
v29314,117,2426
v169,117,2426
v1337,117,2426
v20958,117,2426
v20624,117,2426
v7382,117,2426
v18002,117,2426
v23333,117,2426
v22801,117,2426
v29005,117,2426
v9890,116,2444
v7001,116,2444
v17554,116,2444
v25130,116,2444
v11180,116,2444
v28398,116,2444
v28792,116,2444
v10303,116,2444
v24536,116,2444
v54800,116,2444
v3343,116,2444
v46795,116,2444
v19604,116,2444
v10251,116,2444
v31006,116,2444
v1963,116,2444
v288,116,2444
v20136,116,2444
v22849,116,2444
v551,116,2444
v20319,115,2464
v12289,115,2464
v8520,115,2464
v4940,115,2464
v14793,115,2464
v18146,115,2464
v20369,115,2464
v26242,115,2464
v21279,115,2464
v30317,115,2464
v24722,115,2464
v21857,115,2464
v17035,115,2464
v4802,115,2464
v2076,114,2478
v10294,114,2478
v16906,114,2478
v1125,114,2478
v13060,114,2478
v53307,114,2478
v28697,114,2478
v24728,114,2478
v19365,114,2478
v13896,114,2478
v3226,114,2478
v8497,114,2478
v53590,114,2478
v4624,114,2478
v19011,114,2478
v30695,114,2478
v20854,114,2478
v37083,114,2478
v9208,114,2478
v1023,114,2478
v15277,114,2478
v40472,114,2478
v26210,114,2478
v22715,113,2501
v35777,113,2501
v12418,113,2501
v16483,113,2501
v22500,113,2501
v28460,113,2501
v36687,113,2501
v18635,113,2501
v28803,113,2501
v16854,113,2501
v44189,113,2501
v11769,113,2501
v34056,113,2501
v20672,113,2501
v14692,113,2501
v12130,113,2501
v15250,113,2501
v433,113,2501
v12975,113,2501
v1547,113,2501
v31427,112,2521
v951,112,2521
v5711,112,2521
v26592,112,2521
v18761,112,2521
v849,112,2521
v7423,112,2521
v46137,112,2521
v1086,112,2521
v28537,112,2521
v29927,112,2521
v17651,112,2521
v4372,112,2521
v26098,112,2521
v5412,112,2521
v47880,112,2521
v30788,112,2521
v7881,112,2521
v1605,111,2539
v10427,111,2539
v32174,111,2539
v20692,111,2539
v20519,111,2539
v20684,111,2539
v39919,111,2539
v10005,111,2539
v28598,111,2539
v29902,111,2539
v3625,111,2539
v29186,111,2539
v21894,111,2539
v24675,111,2539
v25414,111,2539
v20067,111,2539
v31685,111,2539
v507,111,2539
v10838,111,2539
v8282,111,2539
v53545,110,2559
v17429,110,2559
v47010,110,2559
v1172,110,2559
v24583,110,2559
v30544,110,2559
v10876,110,2559
v20189,110,2559
v21535,110,2559
v15492,110,2559
v29267,110,2559
v22043,110,2559
v2758,110,2559
v25198,110,2559
v14920,110,2559
v29074,110,2559
v21148,110,2559
v19818,109,2576
v17988,109,2576
v16129,109,2576
v21647,109,2576
v22033,109,2576
v20667,109,2576
v14262,109,2576
v18656,109,2576
v5136,109,2576
v13716,109,2576
v32793,109,2576
v10013,109,2576
v5562,109,2576
v3171,109,2576
v24470,109,2576
v2591,109,2576
v21501,109,2576
v12601,109,2576
v20251,108,2594
v29834,108,2594
v10527,108,2594
v43312,108,2594
v12394,108,2594
v10614,108,2594
v36177,108,2594
v10419,108,2594
v3160,108,2594
v2300,108,2594
v1308,108,2594
v42045,108,2594
v24507,108,2594
v19245,108,2594
v25513,108,2594
v7065,108,2594
v1320,108,2594
v31489,107,2611
v17094,107,2611
v17853,107,2611
v827,107,2611
v12711,107,2611
v23000,107,2611
v25548,107,2611
v3671,107,2611
v35279,107,2611
v3307,107,2611
v22789,107,2611
v10622,107,2611
v192,107,2611
v30301,107,2611
v43468,107,2611
v1230,107,2611
v18927,107,2611
v22881,107,2611
v298,107,2611
v33587,107,2611
v495,107,2611
v6751,107,2611
v21268,107,2611
v27691,107,2611
v21265,107,2611
v17062,107,2611
v18049,107,2611
v12038,107,2611
v24665,107,2611
v18282,106,2640
v22819,106,2640
v25813,106,2640
v4185,106,2640
v20517,106,2640
v14321,106,2640
v7261,106,2640
v4356,106,2640
v19223,106,2640
v30825,106,2640
v86,106,2640
v15802,106,2640
v27085,106,2640
v8300,106,2640
v19494,106,2640
v36615,106,2640
v14523,106,2640
v15662,106,2640
v160,106,2640
v22137,106,2640
v2713,106,2640
v23230,106,2640
v289,106,2640
v4023,106,2640
v840,106,2640
v17993,106,2640
v2366,105,2666
v7772,105,2666
v22901,105,2666
v27379,105,2666
v8486,105,2666
v28562,105,2666
v27212,105,2666
v31045,105,2666
v9905,105,2666
v25275,105,2666
v56364,105,2666
v6173,105,2666
v19493,105,2666
v19600,105,2666
v20975,105,2666
v13124,105,2666
v1111,105,2666
v8306,105,2666
v38324,105,2666
v9734,105,2666
v18875,105,2666
v19673,104,2687
v14071,104,2687
v2340,104,2687
v21137,104,2687
v20592,104,2687
v18283,104,2687
v1610,104,2687
v423,104,2687
v22156,104,2687
v4076,104,2687
v18703,104,2687
v28877,104,2687
v37021,104,2687
v49324,104,2687
v16733,104,2687
v12611,104,2687
v21830,104,2687
v13842,104,2687
v4189,103,2705
v7208,103,2705
v10289,103,2705
v9754,103,2705
v19199,103,2705
v17369,103,2705
v9642,103,2705
v19535,103,2705
v528,103,2705
v37875,103,2705
v29254,103,2705
v23167,103,2705
v11039,103,2705
v18807,103,2705
v19857,103,2705
v2710,103,2705
v29025,103,2705
v20498,103,2705
v12482,103,2705
v12443,103,2705
v5937,103,2705
v32026,103,2705
v25422,103,2705
v5843,103,2705
v2996,103,2705
v12159,103,2705
v32173,103,2705
v32757,103,2705
v32516,103,2705
v24879,102,2734
v9847,102,2734
v44707,102,2734
v19096,102,2734
v30140,102,2734
v14879,102,2734
v32165,102,2734
v3032,102,2734
v15797,102,2734
v18790,102,2734
v30994,102,2734
v21171,102,2734
v20681,102,2734
v19558,102,2734
v51106,102,2734
v20449,102,2734
v6018,102,2734
v10417,102,2734
v19441,102,2734
v54749,102,2734
v19009,102,2734
v17750,102,2734
v18007,102,2734
v14401,102,2734
v689,102,2734
v49572,102,2734
v9874,102,2734
v28268,102,2734
v10932,102,2734
v25348,101,2763
v5259,101,2763
v178,101,2763
v229,101,2763
v13905,101,2763
v25708,101,2763
v15826,101,2763
v24019,101,2763
v7648,101,2763
v22891,101,2763
v17980,101,2763
v21495,101,2763
v22026,101,2763
v20227,101,2763
v28309,101,2763
v13342,101,2763
v27912,101,2763
v10080,101,2763
v22154,101,2763
v3988,101,2763
v1621,101,2763
v3110,101,2763
v5932,101,2763
v18755,101,2763
v15287,101,2763
v14367,100,2788
v27940,100,2788
v30567,100,2788
v31700,100,2788
v22727,100,2788
v49427,100,2788
v30755,100,2788
v196,100,2788
v15697,100,2788
v24823,100,2788
v21136,100,2788
v11134,100,2788
v1842,100,2788
v27331,100,2788
v19620,100,2788
v36279,100,2788
v19220,100,2788
v32987,100,2788
v17951,100,2788
v15456,100,2788
v1181,100,2788
v10432,100,2788
v6426,100,2788
v24103,100,2788
v18005,99,2812
v30214,99,2812
v10948,99,2812
v28516,99,2812
v13833,99,2812
v12603,99,2812
v8252,99,2812
v19024,99,2812
v20837,99,2812
v22583,99,2812
v727,99,2812
v11963,99,2812
v29726,99,2812
v769,99,2812
v15414,99,2812
v17626,99,2812
v10026,99,2812
v3943,99,2812
v14082,99,2812
v5635,99,2812
v16881,99,2812
v18704,99,2812
v5433,98,2834
v15879,98,2834
v11493,98,2834
v4637,98,2834
v9500,98,2834
v1445,98,2834
v31534,98,2834
v22469,98,2834
v21472,98,2834
v1993,98,2834
v52995,98,2834
v7774,98,2834
v4103,98,2834
v11751,98,2834
v22758,98,2834
v15020,98,2834
v29421,98,2834
v22768,98,2834
v19320,98,2834
v29398,98,2834
v32175,98,2834
v22581,98,2834
v1646,98,2834
v17630,98,2834
v9330,98,2834
v32101,98,2834
v14415,98,2834
v34737,98,2834
v28131,98,2834
v26551,98,2834
v25951,98,2834
v21935,98,2834
v31210,98,2834
v23466,97,2867
v16458,97,2867
v23169,97,2867
v24422,97,2867
v17728,97,2867
v19216,97,2867
v5445,97,2867
v17088,97,2867
v27704,97,2867
v26773,97,2867
v10889,97,2867
v1401,97,2867
v17810,97,2867
v23179,97,2867
v10271,97,2867
v30041,97,2867
v2609,97,2867
v972,97,2867
v36616,97,2867
v17263,97,2867
v19471,97,2867
v16043,97,2867
v11868,97,2867
v2916,97,2867
v21201,97,2867
v31003,97,2867
v11900,97,2867
v18458,97,2867
v24115,97,2867
v300,97,2867
v13904,96,2897
v27505,96,2897
v6282,96,2897
v22865,96,2897
v19300,96,2897
v27959,96,2897
v10815,96,2897
v25616,96,2897
v398,96,2897
v24984,96,2897
v18812,96,2897
v26424,96,2897
v24559,96,2897
v835,96,2897
v17769,96,2897
v15891,96,2897
v3272,96,2897
v36845,96,2897
v24966,96,2897
v14282,96,2897
v22528,96,2897
v12028,96,2897
v1052,96,2897
v13834,96,2897
v14640,95,2921
v453,95,2921
v12648,95,2921
v47866,95,2921
v33601,95,2921
v20556,95,2921
v7795,95,2921
v33417,95,2921
v17731,95,2921
v17941,95,2921
v15581,95,2921
v18863,95,2921
v24752,95,2921
v55370,95,2921
v20990,95,2921
v15127,95,2921
v9647,95,2921
v24684,95,2921
v29871,95,2921
v49227,95,2921
v108,95,2921
v29921,95,2921
v12232,95,2921
v18276,95,2921
v13353,95,2921
v21964,95,2921
v11712,95,2921
v28258,95,2921
v3294,95,2921
v2137,95,2921
v5690,95,2921
v36442,95,2921
v22025,95,2921
v20305,95,2921
v28430,95,2921
v49420,95,2921
v24426,95,2921
v22009,95,2921
v21530,95,2921
v42433,94,2960
v22637,94,2960
v32646,94,2960
v9919,94,2960
v22211,94,2960
v15281,94,2960
v22152,94,2960
v14896,94,2960
v37219,94,2960
v13332,94,2960
v11559,94,2960
v25555,94,2960
v20510,94,2960
v18207,94,2960
v39985,94,2960
v9514,94,2960
v10575,94,2960
v17392,94,2960
v21200,94,2960
v32598,94,2960
v6414,94,2960
v8407,94,2960
v25429,94,2960
v12387,94,2960
v29865,94,2960
v1076,94,2960
v8386,94,2960
v10471,94,2960
v16796,94,2960
v1510,94,2960
v3448,94,2960
v18290,94,2960
v29399,94,2960
v15974,94,2960
v10928,94,2960
v9984,94,2960
v12795,94,2960
v5746,94,2960
v16935,94,2960
v27916,94,2960
v4600,94,2960
v22866,94,2960
v33494,93,3002
v15584,93,3002
v1506,93,3002
v1178,93,3002
v17606,93,3002
v16085,93,3002
v13105,93,3002
v19792,93,3002
v5502,93,3002
v20920,93,3002
v27641,93,3002
v20047,93,3002
v12404,93,3002
v5077,93,3002
v429,93,3002
v15065,93,3002
v16459,93,3002
v18956,93,3002
v49682,93,3002
v19229,93,3002
v48594,93,3002
v27117,92,3023
v29378,92,3023
v17974,92,3023
v10637,92,3023
v8074,92,3023
v25135,92,3023
v18796,92,3023
v16405,92,3023
v22850,92,3023
v2567,92,3023
v19926,92,3023
v2465,92,3023
v19120,92,3023
v55002,92,3023
v7716,92,3023
v50072,92,3023
v12293,92,3023
v6668,92,3023
v31821,92,3023
v19453,92,3023
v12288,92,3023
v1069,92,3023
v12379,92,3023
v30974,92,3023
v5609,91,3047
v1131,91,3047
v1981,91,3047
v33605,91,3047
v12713,91,3047
v1002,91,3047
v12994,91,3047
v40685,91,3047
v360,91,3047
v34090,91,3047
v15873,91,3047
v3452,91,3047
v27387,91,3047
v6473,91,3047
v16895,91,3047
v38203,91,3047
v7708,91,3047
v181,91,3047
v7711,91,3047
v3420,91,3047
v14593,91,3047
v15311,91,3047
v4651,91,3047
v26390,91,3047
v5498,91,3047
v15485,91,3047
v19771,91,3047
v29243,91,3047
v16407,91,3047
v29494,90,3076
v31078,90,3076
v14081,90,3076
v17851,90,3076
v32274,90,3076
v15495,90,3076
v47009,90,3076
v1516,90,3076
v2406,90,3076
v26723,90,3076
v21563,90,3076
v21414,90,3076
v1841,90,3076
v15946,90,3076
v33842,90,3076
v12751,90,3076
v20580,90,3076
v14677,90,3076
v12931,90,3076
v30155,90,3076
v21356,90,3076
v1079,90,3076
v18819,90,3076
v16515,90,3076
v17129,90,3076
v16397,89,3101
v21913,89,3101
v14366,89,3101
v10211,89,3101
v3989,89,3101
v17461,89,3101
v24210,89,3101
v7585,89,3101
v37921,89,3101
v22788,89,3101
v32868,89,3101
v24880,89,3101
v3833,89,3101
v46789,89,3101
v1865,89,3101
v18145,89,3101
v34968,89,3101
v14814,89,3101
v10447,89,3101
v2214,89,3101
v20364,89,3101
v18882,89,3101
v39689,89,3101
v15437,89,3101
v2183,89,3101
v30919,89,3101
v10082,89,3101
v30221,89,3101
v16079,89,3101
v28985,89,3101
v1345,89,3101
v7804,89,3101
v25151,89,3101
v22064,89,3101
v25643,89,3101
v12297,89,3101
v20734,89,3101
v44106,88,3138
v7023,88,3138
v26051,88,3138
v24649,88,3138
v11149,88,3138
v53485,88,3138
v12704,88,3138
v1319,88,3138
v18172,88,3138
v12254,88,3138
v1046,88,3138
v24866,88,3138
v2840,88,3138
v12933,88,3138
v20915,88,3138
v10479,88,3138
v31681,88,3138
v212,88,3138
v14305,88,3138
v39872,88,3138
v19554,88,3138
v13190,88,3138
v17117,88,3138
v7870,88,3138
v12606,88,3138
v36650,87,3163
v19289,87,3163
v7068,87,3163
v19189,87,3163
v24540,87,3163
v31007,87,3163
v14000,87,3163
v13308,87,3163
v2422,87,3163
v72,87,3163
v6500,87,3163
v29371,87,3163
v1520,87,3163
v14760,87,3163
v29052,87,3163
v14953,87,3163
v12408,87,3163
v15223,87,3163
v18490,87,3163
v12181,87,3163
v35882,87,3163
v22041,87,3163
v5554,87,3163
v5209,87,3163
v27932,87,3163
v33504,87,3163
v16201,87,3163
v21524,87,3163
v3860,87,3163
v20728,87,3163
v37558,87,3163
v3230,87,3163
v20892,87,3163
v10148,87,3163
v28596,86,3197
v11567,86,3197
v20139,86,3197
v18889,86,3197
v1199,86,3197
v22357,86,3197
v19090,86,3197
v6334,86,3197
v28999,86,3197
v29054,86,3197
v41943,86,3197
v225,86,3197
v660,86,3197
v22199,86,3197
v14648,86,3197
v18058,86,3197
v7655,86,3197
v12225,86,3197
v10968,86,3197
v19863,86,3197
v943,86,3197
v26802,85,3218
v31035,85,3218
v9977,85,3218
v48959,85,3218
v12435,85,3218
v32456,85,3218
v22703,85,3218
v23048,85,3218
v7983,85,3218
v15147,85,3218
v23125,85,3218
v7070,85,3218
v10216,85,3218
v2896,85,3218
v16343,85,3218
v5539,85,3218
v19271,85,3218
v34103,85,3218
v19609,85,3218
v24660,85,3218
v20650,85,3218
v28080,85,3218
v26513,85,3218
v29881,85,3218
v21186,85,3218
v13233,85,3218
v11568,85,3218
v27722,85,3218
v25047,85,3218
v14806,85,3218
v14919,85,3218
v25371,85,3218
v45457,85,3218
v30554,85,3218
v5408,85,3218
v15734,84,3253
v585,84,3253
v2965,84,3253
v46849,84,3253
v16434,84,3253
v23465,84,3253
v31394,84,3253
v21771,84,3253
v26508,84,3253
v5050,84,3253
v16413,84,3253
v22599,84,3253
v13892,84,3253
v3306,84,3253
v21663,84,3253
v44706,84,3253
v31408,84,3253
v17557,84,3253
v9096,84,3253
v9892,84,3253
v17560,84,3253
v32984,84,3253
v12303,84,3253
v31770,84,3253
v13148,84,3253
v21970,84,3253
v20347,84,3253
v33844,84,3253
v52899,84,3253
v1361,84,3253
v11203,84,3253
v26776,83,3284
v18696,83,3284
v18241,83,3284
v1487,83,3284
v17331,83,3284
v18885,83,3284
v807,83,3284
v26812,83,3284
v9959,83,3284
v45381,83,3284
v20169,83,3284
v19165,83,3284
v24560,83,3284
v9981,83,3284
v14001,83,3284
v9621,83,3284
v1551,83,3284
v5075,83,3284
v51298,83,3284
v10261,83,3284
v31177,83,3284
v26056,83,3284
v22995,83,3284
v1460,83,3284
v31926,83,3284
v5272,83,3284
v34501,83,3284
v11123,83,3284
v18608,83,3284
v2888,83,3284
v47155,83,3284
v20486,83,3284
v33206,83,3284
v20669,83,3284
v22704,83,3284
v12487,83,3284
v16314,82,3320
v13045,82,3320
v29012,82,3320
v9168,82,3320
v36067,82,3320
v53347,82,3320
v22187,82,3320
v19304,82,3320
v14575,82,3320
v24714,82,3320
v8503,82,3320
v3002,82,3320
v16431,82,3320
v22471,82,3320
v21007,82,3320
v15439,82,3320
v1107,82,3320
v52858,82,3320
v49686,82,3320
v16433,82,3320
v760,82,3320
v4006,82,3320
v44239,82,3320
v19236,82,3320
v18942,82,3320
v17949,82,3320
v20668,82,3320
v29066,82,3320
v59268,82,3320
v28160,82,3320
v16778,82,3320
v384,82,3320
v22019,82,3320
v20490,81,3353
v25765,81,3353
v3884,81,3353
v7077,81,3353
v31103,81,3353
v13628,81,3353
v34407,81,3353
v20314,81,3353
v14443,81,3353
v4513,81,3353
v10279,81,3353
v28739,81,3353
v491,81,3353
v19214,81,3353
v12736,81,3353
v24506,81,3353
v48315,81,3353
v8037,81,3353
v12805,81,3353
v684,81,3353
v25721,81,3353
v12863,81,3353
v19388,81,3353
v3992,81,3353
v32985,81,3353
v12774,81,3353
v1325,81,3353
v19104,81,3353
v19990,81,3353
v14068,81,3353
v9736,81,3353
v22252,81,3353
v19712,81,3353
v53486,81,3353
v2433,81,3353
v38510,81,3353
v12987,81,3353
v13685,81,3353
v30423,81,3353
v7886,80,3392
v32155,80,3392
v18786,80,3392
v20938,80,3392
v28358,80,3392
v18393,80,3392
v28331,80,3392
v31471,80,3392
v728,80,3392
v29889,80,3392
v34149,80,3392
v12275,80,3392
v30342,80,3392
v57740,80,3392
v16143,80,3392
v2351,80,3392
v4599,80,3392
v10660,80,3392
v23249,80,3392
v27071,80,3392
v16261,80,3392
v34121,80,3392
v48419,80,3392
v17984,80,3392
v2835,80,3392
v12983,80,3392
v1612,80,3392
v25528,80,3392
v28016,80,3392
v4680,80,3392
v2507,80,3392
v22861,80,3392
v25936,80,3392
v31881,80,3392
v15061,80,3392
v50008,80,3392
v6350,80,3392
v26440,80,3392
v7777,80,3392
v21825,80,3392
v5390,79,3432
v24790,79,3432
v2084,79,3432
v30787,79,3432
v32239,79,3432
v11031,79,3432
v27327,79,3432
v39788,79,3432
v19925,79,3432
v19191,79,3432
v20075,79,3432
v25367,79,3432
v362,79,3432
v22499,79,3432
v47013,79,3432
v18570,79,3432
v35762,79,3432
v18564,79,3432
v41195,79,3432
v18182,79,3432
v30777,79,3432
v25809,79,3432
v8188,79,3432
v28354,79,3432
v17712,79,3432
v26205,79,3432
v30904,79,3432
v2717,79,3432
v2472,79,3432
v32940,79,3432
v19293,79,3432
v13140,79,3432
v22814,79,3432
v27069,78,3465
v19725,78,3465
v7067,78,3465
v18285,78,3465
v21122,78,3465
v1417,78,3465
v39197,78,3465
v4906,78,3465
v25560,78,3465
v1365,78,3465
v14881,78,3465
v36773,78,3465
v25719,78,3465
v22228,78,3465
v3856,78,3465
v2480,78,3465
v23205,78,3465
v28332,78,3465
v2186,78,3465
v13786,78,3465
v12212,78,3465
v10463,78,3465
v21258,78,3465
v30131,78,3465
v19355,78,3465
v18338,78,3465
v23047,78,3465
v49162,78,3465
v19592,78,3465
v21575,77,3494
v31566,77,3494
v13599,77,3494
v10293,77,3494
v3115,77,3494
v13849,77,3494
v13882,77,3494
v17264,77,3494
v11956,77,3494
v4439,77,3494
v6762,77,3494
v54776,77,3494
v1110,77,3494
v20940,77,3494
v177,77,3494
v34544,77,3494
v5931,77,3494
v3908,77,3494
v15617,77,3494
v17601,77,3494
v13651,77,3494
v1671,77,3494
v25884,77,3494
v10970,77,3494
v11029,77,3494
v12630,77,3494
v258,77,3494
v26548,77,3494
v7818,77,3494
v17729,76,3523
v28327,76,3523
v8093,76,3523
v40507,76,3523
v30568,76,3523
v19676,76,3523
v30183,76,3523
v10695,76,3523
v45879,76,3523
v28538,76,3523
v21435,76,3523
v16657,76,3523
v29936,76,3523
v31129,76,3523
v32076,76,3523
v32266,76,3523
v11603,76,3523
v17914,76,3523
v4355,76,3523
v10127,76,3523
v7561,76,3523
v8494,76,3523
v21411,76,3523
v17037,76,3523
v36011,76,3523
v2432,76,3523
v3954,76,3523
v22513,76,3523
v22580,76,3523
v24242,76,3523
v1629,76,3523
v18144,75,3554
v37081,75,3554
v36999,75,3554
v3335,75,3554
v13981,75,3554
v2189,75,3554
v11710,75,3554
v22241,75,3554
v4090,75,3554
v227,75,3554
v29098,75,3554
v18198,75,3554
v14772,75,3554
v3096,75,3554
v18673,75,3554
v20861,75,3554
v12930,75,3554
v28950,75,3554
v17939,75,3554
v18681,75,3554
v7230,75,3554
v11993,75,3554
v24854,75,3554
v14427,75,3554
v3851,75,3554
v10834,75,3554
v33498,75,3554
v13000,75,3554
v4826,75,3554
v18008,75,3554
v11819,75,3554
v44518,75,3554
v27823,75,3554
v18969,75,3554
v21583,75,3554
v14547,75,3554
v15897,75,3554
v2346,75,3554
v17703,75,3554
v31973,75,3554
v19584,75,3554
v23312,75,3554
v19053,75,3554
v445,75,3554
v8507,75,3554
v22540,75,3554
v24425,75,3554
v20833,75,3554
v3000,75,3554
v18477,75,3554
v23338,75,3554
v2897,74,3605
v41754,74,3605
v28260,74,3605
v28540,74,3605
v22270,74,3605
v11569,74,3605
v25055,74,3605
v48598,74,3605
v240,74,3605
v50148,74,3605
v8170,74,3605
v28825,74,3605
v12473,74,3605
v12479,74,3605
v12483,74,3605
v12572,74,3605
v12627,74,3605
v23775,74,3605
v47771,74,3605
v18742,74,3605
v29062,74,3605
v29169,74,3605
v14710,74,3605
v29239,74,3605
v281,74,3605
v16451,74,3605
v20658,74,3605
v1602,74,3605
v76,74,3605
v17638,74,3605
v21343,74,3605
v18588,74,3605
v22598,74,3605
v16630,74,3605
v20731,74,3605
v16714,74,3605
v975,74,3605
v19559,74,3605
v477,74,3605
v24218,74,3605
v10534,74,3605
v30154,74,3605
v306,74,3605
v1910,74,3605
v30230,74,3605
v17002,74,3605
v17004,74,3605
v7264,74,3605
v10324,74,3605
v26417,74,3605
v24748,73,3655
v6706,73,3655
v22897,73,3655
v16793,73,3655
v12982,73,3655
v36364,73,3655
v21773,73,3655
v1356,73,3655
v1747,73,3655
v10694,73,3655
v15658,73,3655
v1170,73,3655
v4009,73,3655
v15498,73,3655
v12362,73,3655
v20013,73,3655
v20218,73,3655
v18589,73,3655
v22175,73,3655
v21147,73,3655
v17492,73,3655
v12355,73,3655
v750,73,3655
v11995,73,3655
v15284,73,3655
v14392,73,3655
v20521,73,3655
v18115,73,3655
v19193,73,3655
v10462,73,3655
v14917,73,3655
v15440,73,3655
v16089,73,3655
v2341,73,3655
v12424,73,3655
v21328,73,3655
v16051,73,3655
v180,73,3655
v17987,73,3655
v12819,73,3655
v31631,73,3655
v6242,73,3655
v19230,73,3655
v27225,72,3698
v24983,72,3698
v22590,72,3698
v23038,72,3698
v17985,72,3698
v28209,72,3698
v53594,72,3698
v32755,72,3698
v23726,72,3698
v1793,72,3698
v450,72,3698
v53089,72,3698
v9501,72,3698
v31955,72,3698
v25,72,3698
v29187,72,3698
v24143,72,3698
v26008,72,3698
v28461,72,3698
v7022,72,3698
v14628,72,3698
v1739,72,3698
v17884,72,3698
v30132,72,3698
v51922,72,3698
v10314,72,3698
v23069,72,3698
v24590,72,3698
v11865,72,3698
v28261,72,3698
v14019,72,3698
v28130,72,3698
v4650,72,3698
v38886,72,3698
v54509,72,3698
v15600,72,3698
v28015,72,3698
v27609,72,3698
v28255,72,3698
v19693,72,3698
v16001,72,3698
v1424,72,3698
v32510,71,3740
v30074,71,3740
v40605,71,3740
v14926,71,3740
v37866,71,3740
v1187,71,3740
v19426,71,3740
v7259,71,3740
v800,71,3740
v6904,71,3740
v19652,71,3740
v17156,71,3740
v21727,71,3740
v14014,71,3740
v34788,71,3740
v28719,71,3740
v1704,71,3740
v28564,71,3740
v17743,71,3740
v20522,71,3740
v17691,71,3740
v51138,71,3740
v10347,71,3740
v34006,71,3740
v4955,71,3740
v15727,71,3740
v939,71,3740
v8298,71,3740
v26960,71,3740
v24696,71,3740
v49542,71,3740
v2886,71,3740
v22811,71,3740
v10448,71,3740
v12565,71,3740
v1366,71,3740
v22614,71,3740
v29190,71,3740
v1458,71,3740
v22066,71,3740
v20361,71,3740
v18584,71,3740
v8659,71,3740
v19446,71,3740
v20339,71,3740
v3033,71,3740
v39075,71,3740
v10605,71,3740
v49842,71,3740
v21934,71,3740
v28253,71,3740
v664,71,3740
v7769,71,3740
v22734,71,3740
v29631,71,3740
v25432,70,3795
v16794,70,3795
v40511,70,3795
v45052,70,3795
v10543,70,3795
v6717,70,3795
v9095,70,3795
v19269,70,3795
v7950,70,3795
v29246,70,3795
v3643,70,3795
v33966,70,3795
v50643,70,3795
v15646,70,3795
v28501,70,3795
v6427,70,3795
v440,70,3795
v13691,70,3795
v25820,70,3795
v25376,70,3795
v2495,70,3795
v18304,70,3795
v14649,70,3795
v12490,70,3795
v17981,70,3795
v9888,70,3795
v21669,70,3795
v20168,70,3795
v59,70,3795
v11068,70,3795
v25993,70,3795
v19002,70,3795
v20432,70,3795
v31303,70,3795
v12335,70,3795
v40937,70,3795
v3424,70,3795
v12309,70,3795
v24971,70,3795
v21190,70,3795
v44890,70,3795
v33996,69,3836
v24802,69,3836
v721,69,3836
v18432,69,3836
v16521,69,3836
v29638,69,3836
v1465,69,3836
v23923,69,3836
v13035,69,3836
v11373,69,3836
v47187,69,3836
v10461,69,3836
v46647,69,3836
v23298,69,3836
v1781,69,3836
v18699,69,3836
v33099,69,3836
v51465,69,3836
v15652,69,3836
v18793,69,3836
v443,69,3836
v22848,69,3836
v32308,69,3836
v22546,69,3836
v33905,69,3836
v14270,69,3836
v28278,69,3836
v18351,69,3836
v817,69,3836
v33849,69,3836
v21157,69,3836
v18780,69,3836
v1561,69,3836
v22894,69,3836
v19350,69,3836
v14056,69,3836
v48848,69,3836
v6763,69,3836
v14122,69,3836
v10598,69,3836
v11052,69,3836
v15360,69,3836
v20908,69,3836
v27653,69,3836
v21464,69,3836
v12800,69,3836
v6713,69,3836
v10286,68,3883
v32148,68,3883
v2330,68,3883
v20105,68,3883
v7093,68,3883
v31818,68,3883
v23853,68,3883
v26702,68,3883
v5194,68,3883
v32387,68,3883
v22475,68,3883
v273,68,3883
v1378,68,3883
v22498,68,3883
v46960,68,3883
v16257,68,3883
v16616,68,3883
v1073,68,3883
v1201,68,3883
v24127,68,3883
v25725,68,3883
v747,68,3883
v3200,68,3883
v25750,68,3883
v12831,68,3883
v14303,68,3883
v20250,68,3883
v18881,68,3883
v22527,68,3883
v8145,68,3883
v3320,68,3883
v25707,68,3883
v32431,68,3883
v18202,68,3883
v449,68,3883
v15862,68,3883
v4985,68,3883
v2669,68,3883
v5210,68,3883
v33902,68,3883
v11204,68,3883
v20928,68,3883
v2932,68,3883
v23234,68,3883
v19495,68,3883
v22610,68,3883
v13033,67,3929
v29048,67,3929
v11066,67,3929
v5540,67,3929
v16418,67,3929
v27458,67,3929
v20545,67,3929
v29353,67,3929
v10958,67,3929
v29402,67,3929
v21614,67,3929
v28943,67,3929
v20968,67,3929
v16525,67,3929
v7634,67,3929
v16526,67,3929
v26536,67,3929
v28881,67,3929
v18655,67,3929
v12437,67,3929
v37715,67,3929
v27170,67,3929
v29730,67,3929
v21255,67,3929
v26002,67,3929
v12338,67,3929
v4259,67,3929
v18109,67,3929
v19548,67,3929
v5854,67,3929
v22291,67,3929
v1072,67,3929
v172,67,3929
v36121,67,3929
v13365,67,3929
v12101,67,3929
v15563,67,3929
v30203,67,3929
v1042,67,3929
v24336,67,3929
v1025,67,3929
v28259,67,3929
v10129,67,3929
v14838,67,3929
v23097,66,3973
v22656,66,3973
v9862,66,3973
v15808,66,3973
v15368,66,3973
v568,66,3973
v26622,66,3973
v19012,66,3973
v21726,66,3973
v33005,66,3973
v17779,66,3973
v37475,66,3973
v19128,66,3973
v8182,66,3973
v21277,66,3973
v37713,66,3973
v28402,66,3973
v23063,66,3973
v17595,66,3973
v7890,66,3973
v5435,66,3973
v20935,66,3973
v12428,66,3973
v2205,66,3973
v16599,66,3973
v20348,66,3973
v21649,66,3973
v11344,66,3973
v13945,66,3973
v5451,66,3973
v1287,66,3973
v31428,66,3973
v45411,66,3973
v30877,66,3973
v9732,66,3973
v31432,66,3973
v744,66,3973
v1335,66,3973
v6109,66,3973
v23258,66,3973
v7979,66,3973
v18722,66,3973
v2753,66,3973
v7845,66,3973
v18727,66,3973
v19383,66,3973
v38404,66,3973
v32647,66,3973
v16435,66,3973
v18730,66,3973
v51932,66,3973
v45894,66,3973
v21895,66,3973
v5633,66,3973
v3139,66,3973
v22014,66,3973
v21517,66,3973
v24782,66,3973
v7815,66,3973
v25758,66,3973
v27623,66,3973
v26952,66,3973
v21768,66,3973
v51186,66,3973
v28097,66,3973
v28649,66,3973
v21108,66,3973
v735,65,4040
v19681,65,4040
v11145,65,4040
v14651,65,4040
v21073,65,4040
v19714,65,4040
v35347,65,4040
v5145,65,4040
v11837,65,4040
v25437,65,4040
v19346,65,4040
v4986,65,4040
v25040,65,4040
v13242,65,4040
v3659,65,4040
v32672,65,4040
v20630,65,4040
v549,65,4040
v25190,65,4040
v1756,65,4040
v1859,65,4040
v14231,65,4040
v2677,65,4040
v3276,65,4040
v25790,65,4040
v15925,65,4040
v40001,65,4040
v1409,65,4040
v47052,65,4040
v12385,65,4040
v32168,65,4040
v2232,65,4040
v38993,65,4040
v9414,65,4040
v11164,65,4040
v13801,65,4040
v26850,65,4040
v20063,65,4040
v15282,65,4040
v3234,65,4040
v47551,65,4040
v22600,65,4040
v26838,65,4040
v26724,65,4040
v30198,65,4040
v21533,65,4040
v17244,65,4040
v32229,65,4040
v6058,65,4040
v5478,65,4040
v14763,65,4040
v19071,65,4040
v13794,65,4040
v23458,65,4040
v557,65,4040
v23201,64,4095
v12096,64,4095
v14230,64,4095
v1503,64,4095
v24181,64,4095
v29015,64,4095
v224,64,4095
v1492,64,4095
v4510,64,4095
v47389,64,4095
v47110,64,4095
v19701,64,4095
v32562,64,4095
v11433,64,4095
v12353,64,4095
v26752,64,4095
v24623,64,4095
v12070,64,4095
v7847,64,4095
v19263,64,4095
v27781,64,4095
v8468,64,4095
v22145,64,4095
v28970,64,4095
v16180,64,4095
v18706,64,4095
v11143,64,4095
v7688,64,4095
v1697,64,4095
v7026,64,4095
v27001,64,4095
v23773,64,4095
v14864,64,4095
v32852,64,4095
v2698,64,4095
v24650,64,4095
v3890,64,4095
v763,64,4095
v52754,64,4095
v22053,64,4095
v19983,64,4095
v7735,64,4095
v19499,64,4095
v21466,64,4095
v12131,64,4095
v4868,63,4140
v35912,63,4140
v35937,63,4140
v22644,63,4140
v22591,63,4140
v21661,63,4140
v23291,63,4140
v21735,63,4140
v21780,63,4140
v23450,63,4140
v58547,63,4140
v1272,63,4140
v19937,63,4140
v1403,63,4140
v19826,63,4140
v1783,63,4140
v19536,63,4140
v24299,63,4140
v24333,63,4140
v19382,63,4140
v1977,63,4140
v2225,63,4140
v19107,63,4140
v876,63,4140
v2845,63,4140
v21013,63,4140
v18420,63,4140
v18170,63,4140
v25534,63,4140
v17999,63,4140
v17998,63,4140
v17983,63,4140
v17829,63,4140
v3663,63,4140
v12517,63,4140
v3859,63,4140
v26070,63,4140
v26438,63,4140
v26811,63,4140
v51477,63,4140
v16268,63,4140
v16169,63,4140
v15604,63,4140
v15388,63,4140
v5821,63,4140
v6019,63,4140
v290,63,4140
v6671,63,4140
v30162,63,4140
v21068,63,4140
v30213,63,4140
v13718,63,4140
v13633,63,4140
v30704,63,4140
v31479,63,4140
v11566,63,4140
v33545,63,4140
v38742,63,4140
v11000,63,4140
v10999,63,4140
v38287,63,4140
v471,63,4140
v28665,62,4202
v20799,62,4202
v9750,62,4202
v16273,62,4202
v12876,62,4202
v16855,62,4202
v26478,62,4202
v19544,62,4202
v16506,62,4202
v14295,62,4202
v4718,62,4202
v7496,62,4202
v37469,62,4202
v1416,62,4202
v22042,62,4202
v869,62,4202
v16432,62,4202
v11736,62,4202
v33845,62,4202
v30797,62,4202
v4418,62,4202
v7880,62,4202
v18175,62,4202
v29923,62,4202
v38152,62,4202
v27835,62,4202
v13094,62,4202
v30973,62,4202
v10841,62,4202
v27748,62,4202
v12416,62,4202
v18759,62,4202
v24878,62,4202
v29845,62,4202
v466,62,4202
v1369,62,4202
v18960,62,4202
v9127,62,4202
v5070,62,4202
v54791,62,4202
v28114,62,4202
v17077,62,4202
v12609,62,4202
v10244,62,4202
v15649,62,4202
v19285,62,4202
v3134,62,4202
v44199,62,4202
v24809,62,4202
v2939,62,4202
v574,62,4202
v19368,62,4202
v802,62,4202
v21979,62,4202
v427,62,4202
v1346,62,4202
v15448,62,4202
v21385,62,4202
v1838,62,4202
v53855,62,4202
v14595,62,4202
v913,62,4202
v19311,62,4202
v14885,62,4202
v20495,62,4202
v33021,62,4202
v22534,61,4268
v3830,61,4268
v24409,61,4268
v969,61,4268
v47149,61,4268
v25712,61,4268
v20472,61,4268
v11899,61,4268
v499,61,4268
v25702,61,4268
v48522,61,4268
v18368,61,4268
v26888,61,4268
v20375,61,4268
v14501,61,4268
v41,61,4268
v439,61,4268
v57358,61,4268
v1970,61,4268
v10562,61,4268
v21336,61,4268
v36674,61,4268
v32807,61,4268
v39679,61,4268
v10601,61,4268
v16486,61,4268
v1324,61,4268
v2192,61,4268
v21338,61,4268
v3327,61,4268
v6492,61,4268
v25046,61,4268
v9885,61,4268
v963,61,4268
v13843,61,4268
v18292,61,4268
v1185,61,4268
v21505,61,4268
v21202,61,4268
v5473,61,4268
v33721,61,4268
v40107,61,4268
v29882,61,4268
v19861,61,4268
v31316,61,4268
v2869,61,4268
v26742,61,4268
v15300,61,4268
v31608,61,4268
v7042,61,4268
v12078,61,4268
v30371,61,4268
v19564,61,4268
v36118,61,4268
v8089,61,4268
v28942,61,4268
v7556,61,4268
v13357,61,4268
v41815,61,4268
v30186,61,4268
v38544,61,4268
v18650,61,4268
v20177,61,4268
v13556,61,4268
v15444,61,4268
v22308,61,4268
v9190,61,4268
v16534,61,4268
v49438,61,4268
v16081,60,4337
v3019,60,4337
v21708,60,4337
v28640,60,4337
v792,60,4337
v11851,60,4337
v3192,60,4337
v21920,60,4337
v14889,60,4337
v25593,60,4337
v10809,60,4337
v33054,60,4337
v30715,60,4337
v10210,60,4337
v741,60,4337
v6663,60,4337
v2343,60,4337
v11390,60,4337
v29266,60,4337
v22867,60,4337
v29310,60,4337
v4893,60,4337
v21574,60,4337
v80,60,4337
v20411,60,4337
v31533,60,4337
v26243,60,4337
v7149,60,4337
v49909,60,4337
v15895,60,4337
v16974,60,4337
v22305,60,4337
v54930,60,4337
v36681,60,4337
v28683,60,4337
v256,60,4337
v11643,60,4337
v17138,60,4337
v20663,60,4337
v50152,60,4337
v19743,60,4337
v15276,60,4337
v1800,60,4337
v26891,60,4337
v5222,60,4337
v14824,60,4337
v16068,60,4337
v11996,60,4337
v14319,60,4337
v10530,59,4386
v1529,59,4386
v6748,59,4386
v19281,59,4386
v21459,59,4386
v23538,59,4386
v572,59,4386
v3930,59,4386
v16847,59,4386
v29960,59,4386
v9695,59,4386
v28730,59,4386
v13998,59,4386
v3553,59,4386
v28123,59,4386
v11183,59,4386
v25189,59,4386
v18006,59,4386
v32995,59,4386
v51048,59,4386
v11098,59,4386
v5764,59,4386
v7661,59,4386
v10100,59,4386
v25328,59,4386
v19856,59,4386
v15170,59,4386
v31801,59,4386
v1338,59,4386
v31927,59,4386
v15731,59,4386
v46875,59,4386
v8055,59,4386
v21520,59,4386
v20463,59,4386
v5785,59,4386
v784,59,4386
v16438,59,4386
v19628,59,4386
v34248,59,4386
v25185,59,4386
v3240,59,4386
v18908,59,4386
v4486,59,4386
v15109,59,4386
v778,59,4386
v27790,59,4386
v23392,59,4386
v45918,59,4386
v303,59,4386
v16460,59,4386
v28809,59,4386
v25143,59,4386
v20243,59,4386
v10532,59,4386
v5281,59,4386
v41054,59,4386
v21475,58,4443
v2539,58,4443
v28876,58,4443
v28823,58,4443
v987,58,4443
v28866,58,4443
v3284,58,4443
v47178,58,4443
v18289,58,4443
v43131,58,4443
v14614,58,4443
v8221,58,4443
v8224,58,4443
v850,58,4443
v2578,58,4443
v22158,58,4443
v1502,58,4443
v2613,58,4443
v31486,58,4443
v25154,58,4443
v12180,58,4443
v50099,58,4443
v22903,58,4443
v10576,58,4443
v28014,58,4443
v20214,58,4443
v1339,58,4443
v6429,58,4443
v37396,58,4443
v12602,58,4443
v403,58,4443
v22100,58,4443
v16090,58,4443
v16096,58,4443
v28600,58,4443
v20257,58,4443
v21287,58,4443
v16128,58,4443
v16784,58,4443
v28202,58,4443
v17896,58,4443
v11839,58,4443
v10856,58,4443
v2994,58,4443
v7006,58,4443
v882,58,4443
v22234,58,4443
v20353,58,4443
v2352,58,4443
v22293,58,4443
v2933,58,4443
v545,58,4443
v5432,58,4443
v17794,58,4443
v27565,58,4443
v647,58,4443
v424,58,4443
v15636,58,4443
v38520,58,4443
v16352,58,4443
v14263,58,4443
v56342,58,4443
v32928,58,4443
v11108,58,4443
v2806,58,4443
v21534,58,4443
v188,58,4443
v11181,58,4443
v7203,58,4443
v992,58,4443
v6145,57,4513
v31360,57,4513
v28275,57,4513
v33014,57,4513
v19881,57,4513
v10977,57,4513
v20660,57,4513
v8519,57,4513
v10658,57,4513
v16611,57,4513
v50141,57,4513
v2938,57,4513
v20104,57,4513
v11081,57,4513
v21550,57,4513
v18426,57,4513
v7726,57,4513
v49057,57,4513
v31501,57,4513
v19598,57,4513
v29412,57,4513
v690,57,4513
v24592,57,4513
v21293,57,4513
v47056,57,4513
v16632,57,4513
v22731,57,4513
v27558,57,4513
v1313,57,4513
v13482,57,4513
v39245,57,4513
v26014,57,4513
v12207,57,4513
v31124,57,4513
v19524,57,4513
v11957,57,4513
v13893,57,4513
v51928,57,4513
v19574,57,4513
v27294,57,4513
v19352,57,4513
v10636,57,4513
v22102,57,4513
v19623,57,4513
v48650,57,4513
v30215,57,4513
v24084,57,4513
v6590,57,4513
v3367,57,4513
v33839,57,4513
v18395,57,4513
v23223,57,4513
v18724,57,4513
v12020,57,4513
v21391,57,4513
v2563,57,4513
v21085,57,4513
v24553,57,4513
v1173,57,4513
v37808,56,4572
v20276,56,4572
v21067,56,4572
v5162,56,4572
v22221,56,4572
v22072,56,4572
v23008,56,4572
v13104,56,4572
v18428,56,4572
v17992,56,4572
v14549,56,4572
v3227,56,4572
v15981,56,4572
v24969,56,4572
v3644,56,4572
v16900,56,4572
v19721,56,4572
v10635,56,4572
v53087,56,4572
v18906,56,4572
v28009,56,4572
v18944,56,4572
v19740,56,4572
v20159,56,4572
v19744,56,4572
v12888,56,4572
v45754,56,4572
v20801,56,4572
v16427,56,4572
v39954,56,4572
v12133,56,4572
v200,56,4572
v85,56,4572
v28695,56,4572
v500,56,4572
v15078,56,4572
v29139,56,4572
v12200,56,4572
v49543,56,4572
v17343,56,4572
v21672,56,4572
v12210,56,4572
v20536,56,4572
v7283,56,4572
v29191,56,4572
v19846,56,4572
v8012,56,4572
v12272,56,4572
v12472,56,4572
v29355,56,4572
v54092,56,4572
v19342,56,4572
v7889,56,4572
v8223,56,4572
v18188,56,4572
v22822,56,4572
v16570,56,4572
v19198,56,4572
v13942,56,4572
v3979,56,4572
v7540,56,4572
v6924,56,4572
v13920,56,4572
v1284,56,4572
v10786,56,4572
v57944,56,4572
v24131,56,4572
v5409,56,4572
v47554,56,4572
v3866,55,4641
v39936,55,4641
v16561,55,4641
v28504,55,4641
v3274,55,4641
v20261,55,4641
v18384,55,4641
v22736,55,4641
v21145,55,4641
v20297,55,4641
v25168,55,4641
v19401,55,4641
v16846,55,4641
v21156,55,4641
v29771,55,4641
v33725,55,4641
v28604,55,4641
v47614,55,4641
v10106,55,4641
v12433,55,4641
v32544,55,4641
v21187,55,4641
v28279,55,4641
v28810,55,4641
v9894,55,4641
v2342,55,4641
v51653,55,4641
v34013,55,4641
v20365,55,4641
v12714,55,4641
v19452,55,4641
v19447,55,4641
v13076,55,4641
v3069,55,4641
v8195,55,4641
v10642,55,4641
v19387,55,4641
v2885,55,4641
v4822,55,4641
v21706,55,4641
v19646,55,4641
v492,55,4641
v14061,55,4641
v2258,55,4641
v13090,55,4641
v25957,55,4641
v14325,55,4641
v17631,55,4641
v8593,55,4641
v12596,55,4641
v15511,55,4641
v8820,55,4641
v18211,55,4641
v50981,55,4641
v25557,55,4641
v2058,55,4641
v30340,55,4641
v1814,55,4641
v28195,55,4641
v28272,55,4641
v30574,55,4641
v1203,55,4641
v13553,55,4641
v27149,55,4641
v18354,55,4641
v54031,55,4641
v7371,55,4641
v4095,55,4641
v17100,55,4641
v8016,55,4641
v12432,54,4711
v28274,54,4711
v23751,54,4711
v6501,54,4711
v26578,54,4711
v36832,54,4711
v10103,54,4711
v2323,54,4711
v29908,54,4711
v29928,54,4711
v21192,54,4711
v16880,54,4711
v26908,54,4711
v34660,54,4711
v36808,54,4711
v51441,54,4711
v34454,54,4711
v358,54,4711
v3964,54,4711
v14890,54,4711
v13855,54,4711
v9326,54,4711
v21374,54,4711
v16721,54,4711
v33995,54,4711
v16682,54,4711
v2069,54,4711
v21408,54,4711
v6096,54,4711
v33904,54,4711
v16647,54,4711
v38514,54,4711
v9913,54,4711
v23072,54,4711
v27248,54,4711
v20614,54,4711
v22477,54,4711
v11233,54,4711
v20540,54,4711
v16489,54,4711
v7240,54,4711
v19396,54,4711
v989,54,4711
v7332,54,4711
v28736,54,4711
v18580,54,4711
v4918,54,4711
v579,54,4711
v21783,54,4711
v1811,54,4711
v22298,54,4711
v242,54,4711
v7484,54,4711
v24148,54,4711
v42,54,4711
v31323,54,4711
v16153,54,4711
v12974,54,4711
v18441,54,4711
v19716,54,4711
v22124,54,4711
v32170,54,4711
v53815,54,4711
v1083,54,4711
v23516,54,4711
v1518,54,4711
v25461,54,4711
v31524,54,4711
v3389,54,4711
v3360,54,4711
v12382,54,4711
v3204,54,4711
v23645,54,4711
v15740,54,4711
v291,53,4785
v31178,53,4785
v33422,53,4785
v10322,53,4785
v11226,53,4785
v10699,53,4785
v42263,53,4785
v14965,53,4785
v348,53,4785
v16694,53,4785
v7426,53,4785
v5397,53,4785
v24538,53,4785
v6649,53,4785
v2879,53,4785
v19872,53,4785
v28172,53,4785
v18921,53,4785
v14553,53,4785
v19103,53,4785
v11342,53,4785
v20171,53,4785
v16083,53,4785
v26889,53,4785
v27333,53,4785
v34516,53,4785
v7706,53,4785
v32437,53,4785
v47552,53,4785
v14780,53,4785
v26777,53,4785
v19719,53,4785
v15950,53,4785
v7712,53,4785
v32305,53,4785
v7980,53,4785
v22746,53,4785
v24582,53,4785
v16092,53,4785
v11412,53,4785
v11381,53,4785
v21525,53,4785
v26631,53,4785
v30727,53,4785
v36012,53,4785
v22170,53,4785
v53342,53,4785
v15651,53,4785
v29403,53,4785
v19626,53,4785
v1949,53,4785
v19169,53,4785
v32025,53,4785
v11297,53,4785
v11484,53,4785
v19248,53,4785
v10867,53,4785
v36552,53,4785
v1457,53,4785
v20022,53,4785
v15724,53,4785
v10290,53,4785
v20950,53,4785
v19605,53,4785
v15909,53,4785
v23379,53,4785
v11375,53,4785
v5482,53,4785
v6797,53,4785
v17722,53,4785
v14936,53,4785
v11061,53,4785
v3370,53,4785
v13130,53,4785
v3442,53,4785
v25003,53,4785
v30709,53,4785
v13702,53,4785
v4232,53,4785
v15815,53,4785
v10537,53,4785
v483,53,4785
v50789,53,4785
v21433,53,4785
v46650,52,4869
v8437,52,4869
v24558,52,4869
v15761,52,4869
v1066,52,4869
v3081,52,4869
v5246,52,4869
v21737,52,4869
v21075,52,4869
v16623,52,4869
v12502,52,4869
v16,52,4869
v25948,52,4869
v1392,52,4869
v18666,52,4869
v18573,52,4869
v35626,52,4869
v21410,52,4869
v28173,52,4869
v27654,52,4869
v17809,52,4869
v9916,52,4869
v13735,52,4869
v7071,52,4869
v25656,52,4869
v21845,52,4869
v47279,52,4869
v25622,52,4869
v28408,52,4869
v12313,52,4869
v51121,52,4869
v32645,52,4869
v53234,52,4869
v22602,52,4869
v12286,52,4869
v2148,52,4869
v9994,52,4869
v21918,52,4869
v4099,52,4869
v46116,52,4869
v21291,52,4869
v19842,52,4869
v54029,52,4869
v282,52,4869
v22117,52,4869
v7568,52,4869
v21273,52,4869
v22466,52,4869
v908,52,4869
v3034,52,4869
v16984,52,4869
v6752,52,4869
v30700,52,4869
v20603,52,4869
v24609,52,4869
v14829,52,4869
v7639,52,4869
v7656,52,4869
v498,52,4869
v32320,52,4869
v21123,52,4869
v37279,52,4869
v30675,52,4869
v20931,52,4869
v5193,52,4869
v43448,52,4869
v657,51,4935
v1778,51,4935
v31699,51,4935
v79,51,4935
v3447,51,4935
v1870,51,4935
v35225,51,4935
v10538,51,4935
v45909,51,4935
v1009,51,4935
v26541,51,4935
v13828,51,4935
v3711,51,4935
v16476,51,4935
v2954,51,4935
v36039,51,4935
v23600,51,4935
v41700,51,4935
v16168,51,4935
v13075,51,4935
v28539,51,4935
v7534,51,4935
v16770,51,4935
v23033,51,4935
v9641,51,4935
v1359,51,4935
v29053,51,4935
v179,51,4935
v17659,51,4935
v16382,51,4935
v24430,51,4935
v3098,51,4935
v19845,51,4935
v7337,51,4935
v2684,51,4935
v761,51,4935
v33212,51,4935
v20428,51,4935
v53387,51,4935
v26961,51,4935
v20122,51,4935
v19790,51,4935
v31392,51,4935
v26318,51,4935
v3107,51,4935
v536,51,4935
v2231,51,4935
v11942,51,4935
v16839,51,4935
v12161,51,4935
v7703,51,4935
v28030,51,4935
v18800,51,4935
v12979,51,4935
v12792,51,4935
v10984,51,4935
v2784,51,4935
v23666,51,4935
v2206,51,4935
v1667,51,4935
v1331,51,4935
v52906,51,4935
v7092,51,4935
v27140,51,4935
v17265,51,4935
v36776,51,4935
v46745,51,4935
v33979,51,4935
v12691,51,4935
v28384,51,4935
v16715,51,4935
v6623,51,4935
v14951,51,4935
v38156,51,4935
v2089,51,4935
v28170,51,4935
v25963,51,4935
v32747,51,4935
v5501,51,4935
v32132,51,4935
v12386,51,4935
v3368,51,4935
v46861,51,4935
v8013,51,4935
v30946,51,4935
v24666,51,4935
v39998,51,4935
v2423,51,4935
v23377,51,4935
v13804,51,4935
v28952,50,5025
v54831,50,5025
v30166,50,5025
v2966,50,5025
v28326,50,5025
v42389,50,5025
v3067,50,5025
v28273,50,5025
v11080,50,5025
v50984,50,5025
v20340,50,5025
v18269,50,5025
v7487,50,5025
v10669,50,5025
v15144,50,5025
v27070,50,5025
v56983,50,5025
v22623,50,5025
v11361,50,5025
v33447,50,5025
v26472,50,5025
v55836,50,5025
v24698,50,5025
v18271,50,5025
v56590,50,5025
v29761,50,5025
v7876,50,5025
v6358,50,5025
v33383,50,5025
v12766,50,5025
v15898,50,5025
v19837,50,5025
v11030,50,5025
v144,50,5025
v17647,50,5025
v1340,50,5025
v4862,50,5025
v52031,50,5025
v4803,50,5025
v18700,50,5025
v19848,50,5025
v6508,50,5025
v16756,50,5025
v35645,50,5025
v24280,50,5025
v22470,50,5025
v20941,50,5025
v23187,50,5025
v1420,50,5025
v11415,50,5025
v1071,50,5025
v10012,50,5025
v26547,50,5025
v5403,50,5025
v19222,50,5025
v25514,50,5025
v19076,50,5025
v7066,50,5025
v26785,50,5025
v11604,50,5025
v2711,50,5025
v34738,50,5025
v4504,50,5025
v1074,50,5025
v32520,50,5025
v42858,50,5025
v20901,50,5025
v11469,50,5025
v35466,50,5025
v1797,50,5025
v37851,50,5025
v19950,50,5025
v16251,50,5025
v6583,50,5025
v33177,50,5025
v7675,50,5025
v17377,50,5025
v7659,50,5025
v26573,50,5025
v13771,49,5104
v24730,49,5104
v13390,49,5104
v12612,49,5104
v47979,49,5104
v15212,49,5104
v40217,49,5104
v31040,49,5104
v13327,49,5104
v30515,49,5104
v3696,49,5104
v18187,49,5104
v10214,49,5104
v16310,49,5104
v45742,49,5104
v3336,49,5104
v7101,49,5104
v9267,49,5104
v30392,49,5104
v27074,49,5104
v25670,49,5104
v41412,49,5104
v17846,49,5104
v18183,49,5104
v8146,49,5104
v13078,49,5104
v4542,49,5104
v16133,49,5104
v19649,49,5104
v8574,49,5104
v34514,49,5104
v176,49,5104
v12988,49,5104
v173,49,5104
v1229,49,5104
v22633,49,5104
v16067,49,5104
v26272,49,5104
v5761,49,5104
v5189,49,5104
v968,49,5104
v14010,49,5104
v14550,49,5104
v1068,49,5104
v54607,49,5104
v15935,49,5104
v12877,49,5104
v15757,49,5104
v30136,49,5104
v3445,49,5104
v18363,49,5104
v1347,49,5104
v5313,49,5104
v42904,49,5104
v29994,49,5104
v15853,49,5104
v36965,49,5104
v24627,49,5104
v12323,49,5104
v18321,49,5104
v6382,49,5104
v12708,49,5104
v25246,49,5104
v6393,49,5104
v9886,49,5104
v31809,49,5104
v15715,49,5104
v20070,49,5104
v21630,49,5104
v15743,49,5104
v26779,48,5174
v1080,48,5174
v25810,48,5174
v19167,48,5174
v20198,48,5174
v24013,48,5174
v7778,48,5174
v32133,48,5174
v30184,48,5174
v2668,48,5174
v4407,48,5174
v15900,48,5174
v30130,48,5174
v22065,48,5174
v19695,48,5174
v9830,48,5174
v5443,48,5174
v5783,48,5174
v26791,48,5174
v19814,48,5174
v10736,48,5174
v26553,48,5174
v47553,48,5174
v16099,48,5174
v46287,48,5174
v17093,48,5174
v12765,48,5174
v5333,48,5174
v6918,48,5174
v17136,48,5174
v4105,48,5174
v16490,48,5174
v12284,48,5174
v18749,48,5174
v610,48,5174
v34130,48,5174
v18325,48,5174
v1456,48,5174
v19261,48,5174
v55281,48,5174
v12314,48,5174
v38875,48,5174
v29528,48,5174
v14629,48,5174
v30721,48,5174
v19607,48,5174
v19274,48,5174
v10357,48,5174
v21557,48,5174
v494,48,5174
v14414,48,5174
v19019,48,5174
v16582,48,5174
v19549,48,5174
v31139,48,5174
v17797,48,5174
v13706,48,5174
v43798,48,5174
v12595,48,5174
v3697,48,5174
v17634,48,5174
v7939,48,5174
v1919,48,5174
v11198,48,5174
v12571,48,5174
v25319,48,5174
v17600,48,5174
v24356,48,5174
v2644,48,5174
v22944,48,5174
v5715,48,5174
v10609,48,5174
v736,48,5174
v4194,48,5174
v29607,48,5174
v21184,48,5174
v31464,48,5174
v2031,48,5174
v12084,48,5174
v15079,48,5174
v46553,48,5174
v52822,48,5174
v34760,48,5174
v17283,48,5174
v31115,47,5258
v21103,47,5258
v28868,47,5258
v50378,47,5258
v12897,47,5258
v20695,47,5258
v22705,47,5258
v5720,47,5258
v4679,47,5258
v5429,47,5258
v38518,47,5258
v976,47,5258
v26022,47,5258
v29885,47,5258
v24150,47,5258
v31259,47,5258
v26749,47,5258
v19272,47,5258
v15438,47,5258
v1082,47,5258
v6591,47,5258
v19579,47,5258
v26894,47,5258
v16014,47,5258
v18009,47,5258
v1626,47,5258
v14548,47,5258
v11173,47,5258
v50832,47,5258
v8483,47,5258
v20561,47,5258
v35476,47,5258
v363,47,5258
v26498,47,5258
v5488,47,5258
v24852,47,5258
v19153,47,5258
v19981,47,5258
v2556,47,5258
v20363,47,5258
v23013,47,5258
v43492,47,5258
v40541,47,5258
v21537,47,5258
v18291,47,5258
v24855,47,5258
v18949,47,5258
v17421,47,5258
v5153,47,5258
v2280,47,5258
v21180,47,5258
v30992,47,5258
v12798,47,5258
v47549,47,5258
v175,47,5258
v25672,47,5258
v1078,47,5258
v18876,47,5258
v3787,47,5258
v19369,47,5258
v21393,47,5258
v5947,47,5258
v31149,47,5258
v20132,47,5258
v15253,47,5258
v21646,47,5258
v51923,47,5258
v1475,47,5258
v6903,47,5258
v1120,47,5258
v20934,47,5258
v10567,47,5258
v11901,47,5258
v22869,47,5258
v29055,47,5258
v25779,47,5258
v4373,47,5258
v19067,47,5258
v48119,47,5258
v597,47,5258
v13485,47,5258
v17894,47,5258
v5918,47,5258
v11024,47,5258
v30250,47,5258
v28714,47,5258
v25980,47,5258
v4567,47,5258
v3239,47,5258
v2652,47,5258
v1062,47,5258
v13837,47,5258
v27365,47,5258
v26394,47,5258
v16893,47,5258
v19959,47,5258
v19963,47,5258
v10896,47,5258
v34408,46,5356
v14314,46,5356
v14323,46,5356
v6484,46,5356
v9763,46,5356
v26402,46,5356
v4110,46,5356
v26783,46,5356
v22639,46,5356
v51383,46,5356
v29709,46,5356
v10794,46,5356
v34148,46,5356
v52345,46,5356
v52359,46,5356
v9235,46,5356
v4202,46,5356
v22526,46,5356
v50847,46,5356
v27361,46,5356
v949,46,5356
v11225,46,5356
v17652,46,5356
v32949,46,5356
v20370,46,5356
v20368,46,5356
v11725,46,5356
v32690,46,5356
v770,46,5356
v21953,46,5356
v12000,46,5356
v8465,46,5356
v18003,46,5356
v20173,46,5356
v25533,46,5356
v32180,46,5356
v1065,46,5356
v12124,46,5356
v5301,46,5356
v609,46,5356
v31975,46,5356
v1165,46,5356
v5392,46,5356
v43222,46,5356
v1192,46,5356
v31882,46,5356
v1285,46,5356
v31850,46,5356
v1326,46,5356
v3216,46,5356
v12625,46,5356
v54472,46,5356
v54502,46,5356
v31670,46,5356
v15585,46,5356
v18307,46,5356
v44173,46,5356
v7783,46,5356
v22771,46,5356
v19656,46,5356
v31396,46,5356
v24132,46,5356
v732,46,5356
v1743,46,5356
v26655,46,5356
v5884,46,5356
v15254,46,5356
v505,46,5356
v19456,46,5356
v24414,46,5356
v30724,46,5356
v19290,46,5356
v19286,46,5356
v30336,46,5356
v6174,46,5356
v13913,46,5356
v55892,46,5356
v6212,46,5356
v30190,46,5356
v6250,46,5356
v14003,46,5356
v15648,46,5356
v46765,46,5356
v6757,46,5356
v30011,46,5356
v2297,46,5356
v46844,46,5356
v14611,46,5356
v29870,46,5356
v29773,46,5356
v9896,45,5446
v10073,45,5446
v50113,45,5446
v12862,45,5446
v296,45,5446
v3132,45,5446
v28065,45,5446
v47053,45,5446
v33851,45,5446
v43123,45,5446
v20878,45,5446
v49544,45,5446
v17058,45,5446
v35291,45,5446
v1084,45,5446
v6638,45,5446
v18367,45,5446
v32085,45,5446
v12211,45,5446
v28087,45,5446
v2560,45,5446
v21564,45,5446
v7314,45,5446
v22532,45,5446
v10780,45,5446
v6471,45,5446
v13952,45,5446
v17428,45,5446
v970,45,5446
v11012,45,5446
v1858,45,5446
v15032,45,5446
v31614,45,5446
v10709,45,5446
v10644,45,5446
v14817,45,5446
v34254,45,5446
v23244,45,5446
v32831,45,5446
v8777,45,5446
v50985,45,5446
v7417,45,5446
v4562,45,5446
v7002,45,5446
v16883,45,5446
v32825,45,5446
v23251,45,5446
v33335,45,5446
v35499,45,5446
v28361,45,5446
v19938,45,5446
v31286,45,5446
v11715,45,5446
v10835,45,5446
v28289,45,5446
v46112,45,5446
v25633,45,5446
v19318,45,5446
v11763,45,5446
v21166,45,5446
v44588,45,5446
v25084,45,5446
v9323,45,5446
v13761,45,5446
v16137,45,5446
v10585,45,5446
v4598,45,5446
v2498,45,5446
v5108,45,5446
v14762,45,5446
v10035,45,5446
v55838,45,5446
v12426,45,5446
v15396,45,5446
v205,45,5446
v5624,45,5446
v9635,45,5446
v11305,45,5446
v18401,45,5446
v15717,45,5446
v25920,45,5446
v15698,45,5446
v24055,45,5446
v852,45,5446
v28530,45,5446
v9908,45,5446
v12525,45,5446
v25516,45,5446
v1202,45,5446
v43311,45,5446
v18909,44,5536
v19243,44,5536
v11085,44,5536
v18898,44,5536
v26433,44,5536
v11070,44,5536
v50868,44,5536
v21407,44,5536
v7000,44,5536
v30307,44,5536
v14964,44,5536
v3917,44,5536
v13817,44,5536
v9280,44,5536
v16736,44,5536
v1336,44,5536
v20095,44,5536
v2353,44,5536
v12229,44,5536
v35480,44,5536
v24774,44,5536
v26492,44,5536
v29368,44,5536
v28482,44,5536
v911,44,5536
v18046,44,5536
v1574,44,5536
v21062,44,5536
v10399,44,5536
v42538,44,5536
v10072,44,5536
v4104,44,5536
v15464,44,5536
v9637,44,5536
v18394,44,5536
v31452,44,5536
v18016,44,5536
v6716,44,5536
v2586,44,5536
v18414,44,5536
v14162,44,5536
v31433,44,5536
v34981,44,5536
v2277,44,5536
v32409,44,5536
v30081,44,5536
v62,44,5536
v41946,44,5536
v10546,44,5536
v48752,44,5536
v16117,44,5536
v47189,44,5536
v1197,44,5536
v5071,44,5536
v32662,44,5536
v32678,44,5536
v10272,44,5536
v23725,44,5536
v28663,44,5536
v11686,44,5536
v12587,44,5536
v18581,44,5536
v34690,44,5536
v10640,44,5536
v22288,44,5536
v272,44,5536
v346,44,5536
v5910,44,5536
v11622,44,5536
v341,44,5536
v22302,44,5536
v12586,44,5536
v17774,44,5536
v20012,44,5536
v4491,44,5536
v34515,44,5536
v26183,44,5536
v4231,44,5536
v22328,44,5536
v34418,44,5536
v1905,44,5536
v17714,44,5536
v15145,44,5536
v22812,44,5536
v3372,44,5536
v23280,44,5536
v17675,44,5536
v39400,44,5536
v56439,44,5536
v22607,44,5536
v33719,44,5536
v18674,44,5536
v6991,43,5628
v1878,43,5628
v25568,43,5628
v31880,43,5628
v14771,43,5628
v13858,43,5628
v33896,43,5628
v13947,43,5628
v3850,43,5628
v21715,43,5628
v18316,43,5628
v55321,43,5628
v16768,43,5628
v10877,43,5628
v1916,43,5628
v22344,43,5628
v877,43,5628
v1923,43,5628
v24314,43,5628
v22057,43,5628
v12349,43,5628
v20461,43,5628
v48184,43,5628
v33377,43,5628
v16446,43,5628
v20720,43,5628
v32515,43,5628
v19817,43,5628
v7861,43,5628
v53662,43,5628
v55886,43,5628
v18920,43,5628
v22369,43,5628
v28198,43,5628
v21020,43,5628
v7971,43,5628
v20717,43,5628
v54601,43,5628
v21904,43,5628
v14787,43,5628
v1562,43,5628
v1104,43,5628
v1733,43,5628
v10083,43,5628
v20124,43,5628
v254,43,5628
v21462,43,5628
v7744,43,5628
v24868,43,5628
v21876,43,5628
v21214,43,5628
v32178,43,5628
v3305,43,5628
v16461,43,5628
v24512,43,5628
v1051,43,5628
v17135,43,5628
v14551,43,5628
v28518,43,5628
v978,43,5628
v25638,43,5628
v46660,43,5628
v2273,43,5628
v1196,43,5628
v51122,43,5628
v19682,43,5628
v16919,43,5628
v20069,43,5628
v6157,43,5628
v7885,43,5628
v21176,43,5628
v21395,43,5628
v17559,43,5628
v8462,43,5628
v22251,43,5628
v18682,43,5628
v22085,43,5628
v11961,43,5628
v48511,43,5628
v27027,43,5628
v1802,43,5628
v7617,43,5628
v28671,43,5628
v42085,43,5628
v31145,43,5628
v2255,43,5628
v18657,43,5628
v3380,43,5628
v19389,43,5628
v4652,43,5628
v22592,43,5628
v17798,43,5628
v36551,43,5628
v1024,43,5628
v13971,43,5628
v1851,43,5628
v24915,43,5628
v16673,43,5628
v16735,43,5628
v44012,43,5628
v25921,43,5628
v2307,42,5729
v5792,42,5729
v43567,42,5729
v23034,42,5729
v14797,42,5729
v16596,42,5729
v4991,42,5729
v22167,42,5729
v19122,42,5729
v4379,42,5729
v6718,42,5729
v28594,42,5729
v6007,42,5729
v34444,42,5729
v21561,42,5729
v26299,42,5729
v7422,42,5729
v26912,42,5729
v29940,42,5729
v31580,42,5729
v32309,42,5729
v12099,42,5729
v36152,42,5729
v16041,42,5729
v27487,42,5729
v25888,42,5729
v7553,42,5729
v18750,42,5729
v16430,42,5729
v18423,42,5729
v2367,42,5729
v19889,42,5729
v26045,42,5729
v30170,42,5729
v14798,42,5729
v16308,42,5729
v34370,42,5729
v16217,42,5729
v28414,42,5729
v45427,42,5729
v6545,42,5729
v2904,42,5729
v18153,42,5729
v39828,42,5729
v26792,42,5729
v27571,42,5729
v29428,42,5729
v12042,42,5729
v20855,42,5729
v16568,42,5729
v13922,42,5729
v11193,42,5729
v12174,42,5729
v620,42,5729
v8356,42,5729
v19106,42,5729
v5943,42,5729
v11858,42,5729
v41422,42,5729
v23942,42,5729
v12643,42,5729
v19651,42,5729
v33283,42,5729
v28560,42,5729
v57134,42,5729
v11842,42,5729
v18288,42,5729
v32853,42,5729
v1283,42,5729
v28401,42,5729
v12332,42,5729
v44340,42,5729
v24685,42,5729
v22657,42,5729
v30220,42,5729
v3071,42,5729
v29727,42,5729
v51999,42,5729
v20386,42,5729
v5270,42,5729
v25935,42,5729
v5170,42,5729
v39816,42,5729
v2654,42,5729
v24197,42,5729
v32644,42,5729
v12239,42,5729
v12123,42,5729
v11237,42,5729
v22284,42,5729
v29196,42,5729
v18489,42,5729
v36782,42,5729
v20769,42,5729
v24379,42,5729
v38326,42,5729
v207,42,5729
v25521,42,5729
v21335,42,5729
v18032,42,5729
v6764,42,5729
v26298,42,5729
v20379,41,5831
v26053,41,5831
v8439,41,5831
v53637,41,5831
v7685,41,5831
v1014,41,5831
v14861,41,5831
v5755,41,5831
v43461,41,5831
v30827,41,5831
v16983,41,5831
v14891,41,5831
v22519,41,5831
v16060,41,5831
v20220,41,5831
v1198,41,5831
v20064,41,5831
v12005,41,5831
v12003,41,5831
v1402,41,5831
v43465,41,5831
v618,41,5831
v21963,41,5831
v5128,41,5831
v51155,41,5831
v1709,41,5831
v9881,41,5831
v13793,41,5831
v19929,41,5831
v304,41,5831
v27068,41,5831
v18754,41,5831
v41878,41,5831
v36630,41,5831
v28635,41,5831
v15656,41,5831
v5585,41,5831
v30804,41,5831
v7018,41,5831
v20680,41,5831
v14790,41,5831
v20079,41,5831
v4633,41,5831
v21862,41,5831
v5034,41,5831
v22415,41,5831
v29432,41,5831
v14959,41,5831
v11695,41,5831
v16244,41,5831
v30231,41,5831
v1982,41,5831
v2841,41,5831
v27441,41,5831
v27433,41,5831
v4645,41,5831
v27655,41,5831
v18396,41,5831
v892,41,5831
v16882,41,5831
v3906,41,5831
v1190,41,5831
v30450,41,5831
v23184,41,5831
v2773,41,5831
v1360,41,5831
v4948,41,5831
v24213,41,5831
v27580,41,5831
v13888,41,5831
v21757,41,5831
v250,41,5831
v17158,41,5831
v31042,41,5831
v16370,41,5831
v16533,41,5831
v47555,41,5831
v1428,41,5831
v20066,41,5831
v22838,41,5831
v22622,41,5831
v20072,41,5831
v3738,41,5831
v19445,41,5831
v19996,41,5831
v33100,41,5831
v25786,41,5831
v3218,41,5831
v28891,41,5831
v20469,41,5831
v15896,41,5831
v1524,41,5831
v29270,41,5831
v6678,41,5831
v13483,41,5831
v17125,41,5831
v28483,41,5831
v17057,41,5831
v20071,41,5831
v19770,41,5831
v12767,41,5831
v28194,41,5831
v26057,41,5831
v18043,41,5831
v35283,41,5831
v22793,41,5831
v6360,41,5831
v7742,41,5831
v1126,41,5831
v20846,41,5831
v7722,41,5831
v15949,41,5831
v19070,41,5831
v53713,41,5831
v12102,41,5831
v12563,41,5831
v1041,41,5831
v12417,41,5831
v14851,40,5949
v1362,40,5949
v49567,40,5949
v29473,40,5949
v7951,40,5949
v15603,40,5949
v15795,40,5949
v3358,40,5949
v23901,40,5949
v18138,40,5949
v1455,40,5949
v43047,40,5949
v1157,40,5949
v18347,40,5949
v20115,40,5949
v1501,40,5949
v20140,40,5949
v15886,40,5949
v18059,40,5949
v1087,40,5949
v7785,40,5949
v32115,40,5949
v15912,40,5949
v44192,40,5949
v12885,40,5949
v15474,40,5949
v7691,40,5949
v25545,40,5949
v12936,40,5949
v838,40,5949
v42100,40,5949
v19665,40,5949
v19632,40,5949
v15343,40,5949
v11879,40,5949
v17903,40,5949
v31333,40,5949
v21921,40,5949
v53208,40,5949
v5047,40,5949
v17845,40,5949
v17844,40,5949
v11711,40,5949
v11696,40,5949
v25646,40,5949
v32749,40,5949
v36747,40,5949
v7411,40,5949
v40627,40,5949
v28711,40,5949
v4907,40,5949
v1895,40,5949
v21731,40,5949
v22324,40,5949
v1904,40,5949
v13418,40,5949
v20453,40,5949
v13486,40,5949
v2861,40,5949
v22381,40,5949
v45481,40,5949
v18645,40,5949
v15074,40,5949
v27386,40,5949
v21511,40,5949
v19309,40,5949
v30459,40,5949
v13717,40,5949
v2749,40,5949
v34020,40,5949
v29013,40,5949
v24471,40,5949
v47003,40,5949
v18741,40,5949
v13835,40,5949
v9346,40,5949
v18752,40,5949
v60641,40,5949
v4556,40,5949
v6950,40,5949
v34291,40,5949
v10220,40,5949
v13949,40,5949
v26949,40,5949
v16841,40,5949
v47548,40,5949
v2675,40,5949
v21247,40,5949
v21225,40,5949
v479,40,5949
v14275,40,5949
v14065,40,5949
v10043,40,5949
v2611,40,5949
v6766,40,5949
v6749,40,5949
v4091,40,5949
v10465,40,5949
v2513,40,5949
v18976,40,5949
v6712,40,5949
v9683,40,5949
v2322,40,5949
v10102,40,5949
v884,40,5949
v36041,40,5949
v10338,40,5949
v51926,40,5949
v5497,40,5949
v28257,40,5949
v31819,40,5949
v31830,40,5949
v25380,40,5949
v28294,40,5949
v7982,40,5949
v10383,39,6064
v50735,39,6064
v17628,39,6064
v30717,39,6064
v7204,39,6064
v3391,39,6064
v23031,39,6064
v3325,39,6064
v13906,39,6064
v24511,39,6064
v2842,39,6064
v33368,39,6064
v23676,39,6064
v13921,39,6064
v22389,39,6064
v19406,39,6064
v1940,39,6064
v12292,39,6064
v39838,39,6064
v16402,39,6064
v21719,39,6064
v14837,39,6064
v31032,39,6064
v23308,39,6064
v11504,39,6064
v22312,39,6064
v31621,39,6064
v2903,39,6064
v18777,39,6064
v2671,39,6064
v20389,39,6064
v49655,39,6064
v15259,39,6064
v16290,39,6064
v775,39,6064
v18865,39,6064
v2226,39,6064
v44980,39,6064
v4244,39,6064
v26862,39,6064
v32711,39,6064
v41466,39,6064
v32675,39,6064
v22214,39,6064
v11883,39,6064
v22176,39,6064
v18798,39,6064
v26843,39,6064
v47142,39,6064
v35646,39,6064
v6306,39,6064
v51576,39,6064
v20907,39,6064
v30077,39,6064
v4154,39,6064
v2515,39,6064
v10040,39,6064
v24128,39,6064
v8222,39,6064
v4392,39,6064
v21017,39,6064
v12981,39,6064
v20226,39,6064
v9998,39,6064
v8505,39,6064
v30027,39,6064
v1007,39,6064
v9996,39,6064
v2296,39,6064
v18415,39,6064
v1191,39,6064
v3229,39,6064
v20179,39,6064
v15975,39,6064
v1049,39,6064
v32181,39,6064
v12376,39,6064
v1059,39,6064
v18286,39,6064
v1061,39,6064
v28511,39,6064
v12887,39,6064
v2397,39,6064
v10416,39,6064
v15483,39,6064
v18382,39,6064
v36229,39,6064
v44193,39,6064
v17028,39,6064
v29475,39,6064
v22876,39,6064
v1239,39,6064
v47676,39,6064
v44190,39,6064
v5285,39,6064
v1535,39,6064
v5293,39,6064
v4131,39,6064
v32083,39,6064
v12668,39,6064
v12228,39,6064
v17061,39,6064
v34032,39,6064
v21347,39,6064
v51023,39,6064
v29019,39,6064
v47871,39,6064
v5567,39,6064
v51017,39,6064
v464,39,6064
v3130,39,6064
v14341,39,6064
v16681,39,6064
v2068,39,6064
v23150,39,6064
v4578,39,6064
v22541,39,6064
v27185,39,6064
v3875,39,6064
v1136,39,6064
v13636,39,6064
v11089,39,6064
v1464,39,6064
v6690,38,6187
v12997,38,6187
v20956,38,6187
v14627,38,6187
v8387,38,6187
v56148,38,6187
v89,38,6187
v18142,38,6187
v15575,38,6187
v16612,38,6187
v12989,38,6187
v6322,38,6187
v2000,38,6187
v22476,38,6187
v25913,38,6187
v20702,38,6187
v14229,38,6187
v6154,38,6187
v21584,38,6187
v16495,38,6187
v19902,38,6187
v2166,38,6187
v8499,38,6187
v3531,38,6187
v759,38,6187
v6021,38,6187
v6020,38,6187
v12701,38,6187
v6331,38,6187
v16783,38,6187
v10817,38,6187
v33304,38,6187
v6611,38,6187
v32318,38,6187
v31595,38,6187
v11316,38,6187
v1186,38,6187
v2866,38,6187
v2868,38,6187
v10807,38,6187
v9394,38,6187
v17702,38,6187
v25788,38,6187
v161,38,6187
v13742,38,6187
v3984,38,6187
v6509,38,6187
v26634,38,6187
v20440,38,6187
v35616,38,6187
v12436,38,6187
v21278,38,6187
v7662,38,6187
v29533,38,6187
v4885,38,6187
v43330,38,6187
v4894,38,6187
v9431,38,6187
v43582,38,6187
v21494,38,6187
v32295,38,6187
v7682,38,6187
v5949,38,6187
v32933,38,6187
v7865,38,6187
v14159,38,6187
v1151,38,6187
v19075,38,6187
v10730,38,6187
v2402,38,6187
v33969,38,6187
v27523,38,6187
v47011,38,6187
v23316,38,6187
v218,38,6187
v40686,38,6187
v10112,38,6187
v46867,38,6187
v1526,38,6187
v49841,38,6187
v19546,38,6187
v18557,38,6187
v29539,38,6187
v10866,38,6187
v16297,38,6187
v27660,38,6187
v12217,38,6187
v4458,38,6187
v12226,38,6187
v17826,38,6187
v22984,38,6187
v41172,38,6187
v14702,38,6187
v29741,38,6187
v45656,38,6187
v11690,38,6187
v31211,38,6187
v4441,38,6187
v19593,38,6187
v15524,38,6187
v15299,38,6187
v24577,38,6187
v22578,38,6187
v22597,38,6187
v31761,38,6187
v32677,38,6187
v7025,38,6187
v26346,38,6187
v14021,38,6187
v7054,38,6187
v8661,38,6187
v752,38,6187
v50140,38,6187
v28503,38,6187
v21373,38,6187
v16132,38,6187
v37168,38,6187
v7562,38,6187
v7564,38,6187
v20831,38,6187
v18159,38,6187
v21118,38,6187
v29327,38,6187
v50292,38,6187
v65,38,6187
v7021,38,6187
v14241,38,6187
v885,38,6187
v23438,38,6187
v19324,38,6187
v29129,38,6187
v4215,37,6318
v4324,37,6318
v4129,37,6318
v17000,37,6318
v26782,37,6318
v26370,37,6318
v26869,37,6318
v51459,37,6318
v799,37,6318
v16852,37,6318
v51382,37,6318
v26937,37,6318
v52436,37,6318
v16648,37,6318
v50864,37,6318
v3871,37,6318
v27381,37,6318
v4781,37,6318
v17674,37,6318
v4827,37,6318
v4870,37,6318
v3672,37,6318
v16277,37,6318
v16171,37,6318
v15960,37,6318
v18023,37,6318
v28171,37,6318
v15800,37,6318
v5418,37,6318
v18174,37,6318
v5471,37,6318
v5472,37,6318
v28267,37,6318
v15627,37,6318
v18400,37,6318
v228,37,6318
v3059,37,6318
v18425,37,6318
v28642,37,6318
v2962,37,6318
v48429,37,6318
v48417,37,6318
v2908,37,6318
v47956,37,6318
v14961,37,6318
v14897,37,6318
v18756,37,6318
v24816,37,6318
v2681,37,6318
v268,37,6318
v269,37,6318
v20870,37,6318
v2506,37,6318
v18945,37,6318
v2428,37,6318
v47007,37,6318
v10225,37,6318
v29749,37,6318
v19092,37,6318
v14063,37,6318
v19142,37,6318
v2219,37,6318
v13907,37,6318
v30232,37,6318
v19260,37,6318
v13807,37,6318
v2083,37,6318
v24446,37,6318
v13625,37,6318
v328,37,6318
v30895,37,6318
v1891,37,6318
v1836,37,6318
v31299,37,6318
v7537,37,6318
v1726,37,6318
v12990,37,6318
v1637,37,6318
v31441,37,6318
v1613,37,6318
v628,37,6318
v22706,37,6318
v12809,37,6318
v44007,37,6318
v1395,37,6318
v8033,37,6318
v12499,37,6318
v12493,37,6318
v31866,37,6318
v43467,37,6318
v20053,37,6318
v12406,37,6318
v43292,37,6318
v31976,37,6318
v8279,37,6318
v21213,37,6318
v8326,37,6318
v42855,37,6318
v12208,37,6318
v1081,37,6318
v12125,37,6318
v12111,37,6318
v42390,37,6318
v22038,37,6318
v399,37,6318
v11863,37,6318
v11854,37,6318
v20273,37,6318
v1000,37,6318
v41556,37,6318
v8767,37,6318
v11639,37,6318
v421,37,6318
v32939,37,6318
v8892,37,6318
v11421,37,6318
v21711,37,6318
v22338,37,6318
v20496,37,6318
v20967,37,6318
v21502,37,6318
v11111,37,6318
v11073,37,6318
v21434,37,6318
v38053,37,6318
v22596,37,6318
v10586,37,6318
v9677,37,6318
v9684,37,6318
v36119,37,6318
v35114,37,6318
v10092,37,6318
v35455,37,6318
v17521,36,6451
v10886,36,6451
v48573,36,6451
v9337,36,6451
v10846,36,6451
v30171,36,6451
v418,36,6451
v31221,36,6451
v21199,36,6451
v31788,36,6451
v29733,36,6451
v30798,36,6451
v6819,36,6451
v8175,36,6451
v15469,36,6451
v30127,36,6451
v530,36,6451
v1591,36,6451
v53153,36,6451
v17345,36,6451
v301,36,6451
v24695,36,6451
v5782,36,6451
v37240,36,6451
v276,36,6451
v19715,36,6451
v29964,36,6451
v4217,36,6451
v12421,36,6451
v5632,36,6451
v10513,36,6451
v327,36,6451
v4387,36,6451
v11992,36,6451
v12370,36,6451
v28519,36,6451
v25694,36,6451
v996,36,6451
v15226,36,6451
v26515,36,6451
v20029,36,6451
v2029,36,6451
v27607,36,6451
v24773,36,6451
v40585,36,6451
v7134,36,6451
v21938,36,6451
v11506,36,6451
v3538,36,6451
v8209,36,6451
v32942,36,6451
v7560,36,6451
v36834,36,6451
v15730,36,6451
v40195,36,6451
v19297,36,6451
v22031,36,6451
v16399,36,6451
v4080,36,6451
v17332,36,6451
v49478,36,6451
v4989,36,6451
v28650,36,6451
v17741,36,6451
v1924,36,6451
v33061,36,6451
v2767,36,6451
v11378,36,6451
v5477,36,6451
v25792,36,6451
v21666,36,6451
v5143,36,6451
v24636,36,6451
v4831,36,6451
v30364,36,6451
v54849,36,6451
v18140,36,6451
v2914,36,6451
v25814,36,6451
v13787,36,6451
v33265,36,6451
v42025,36,6451
v435,36,6451
v36909,36,6451
v48805,36,6451
v39527,36,6451
v13487,36,6451
v13488,36,6451
v18918,36,6451
v7036,36,6451
v5147,36,6451
v28684,36,6451
v4258,36,6451
v871,36,6451
v18926,36,6451
v22097,36,6451
v21962,36,6451
v45887,36,6451
v16494,36,6451
v50076,36,6451
v22424,36,6451
v20286,36,6451
v10093,36,6451
v2377,36,6451
v12136,36,6451
v7657,36,6451
v3816,36,6451
v22479,36,6451
v33715,36,6451
v21538,36,6451
v27271,36,6451
v7770,36,6451
v12398,36,6451
v853,36,6451
v18751,36,6451
v3862,36,6451
v7339,36,6451
v23181,36,6451
v1380,36,6451
v24956,36,6451
v13215,36,6451
v2161,36,6451
v22533,36,6451
v10548,36,6451
v9220,36,6451
v18287,36,6451
v3907,36,6451
v5317,36,6451
v26640,36,6451
v16204,36,6451
v16709,36,6451
v18762,36,6451
v19663,36,6451
v7612,36,6451
v34118,36,6451
v51102,36,6451
v14813,35,6587
v2891,35,6587
v53427,35,6587
v28651,35,6587
v9588,35,6587
v36392,35,6587
v3052,35,6587
v12025,35,6587
v12352,35,6587
v4413,35,6587
v20201,35,6587
v12051,35,6587
v3494,35,6587
v29781,35,6587
v1036,35,6587
v28653,35,6587
v25536,35,6587
v18027,35,6587
v19454,35,6587
v637,35,6587
v1070,35,6587
v37145,35,6587
v1094,35,6587
v1103,35,6587
v13165,35,6587
v1140,35,6587
v31269,35,6587
v7474,35,6587
v639,35,6587
v22918,35,6587
v14141,35,6587
v18948,35,6587
v18348,35,6587
v15460,35,6587
v6750,35,6587
v18274,35,6587
v16896,35,6587
v22655,35,6587
v10209,35,6587
v14059,35,6587
v1496,35,6587
v4495,35,6587
v14770,35,6587
v21036,35,6587
v18446,35,6587
v6523,35,6587
v17478,35,6587
v10788,35,6587
v4128,35,6587
v6820,35,6587
v10797,35,6587
v14279,35,6587
v21305,35,6587
v14304,35,6587
v23029,35,6587
v28553,35,6587
v467,35,6587
v34160,35,6587
v31789,35,6587
v7613,35,6587
v270,35,6587
v14859,35,6587
v14860,35,6587
v35794,35,6587
v16663,35,6587
v21441,35,6587
v28271,35,6587
v25096,35,6587
v6415,35,6587
v19763,35,6587
v19221,35,6587
v55,35,6587
v8048,35,6587
v11092,35,6587
v52445,35,6587
v14906,35,6587
v33731,35,6587
v20838,35,6587
v7579,35,6587
v8068,35,6587
v18740,35,6587
v33380,35,6587
v18590,35,6587
v33314,35,6587
v47838,35,6587
v18413,35,6587
v16462,35,6587
v25791,35,6587
v16449,35,6587
v6131,35,6587
v7573,35,6587
v33133,35,6587
v13755,35,6587
v18408,35,6587
v39974,35,6587
v4223,35,6587
v22699,35,6587
v31879,35,6587
v30539,35,6587
v29603,35,6587
v9976,35,6587
v20430,35,6587
v13705,35,6587
v23307,35,6587
v40402,35,6587
v29760,35,6587
v15006,35,6587
v321,35,6587
v2344,35,6587
v3312,35,6587
v25740,35,6587
v3699,35,6587
v11641,35,6587
v23356,35,6587
v48736,35,6587
v53137,35,6587
v24418,35,6587
v16239,35,6587
v41417,35,6587
v21853,35,6587
v17124,35,6587
v11724,35,6587
v1968,35,6587
v5045,35,6587
v18429,35,6587
v5061,35,6587
v43344,35,6587
v9610,35,6587
v41610,35,6587
v24376,35,6587
v18634,35,6587
v4136,35,6587
v7958,35,6587
v24343,35,6587
v13470,35,6587
v834,35,6587
v37079,35,6587
v21922,35,6587
v19443,35,6587
v836,35,6587
v6573,35,6587
v29021,34,6728
v20222,34,6728
v22875,34,6728
v23753,34,6728
v27516,34,6728
v25887,34,6728
v3193,34,6728
v8174,34,6728
v29287,34,6728
v9281,34,6728
v21577,34,6728
v7009,34,6728
v22645,34,6728
v17639,34,6728
v7525,34,6728
v3815,34,6728
v17556,34,6728
v46350,34,6728
v4886,34,6728
v6634,34,6728
v539,34,6728
v3812,34,6728
v23130,34,6728
v33539,34,6728
v36646,34,6728
v985,34,6728
v2934,34,6728
v19839,34,6728
v12613,34,6728
v5261,34,6728
v33020,34,6728
v2385,34,6728
v55877,34,6728
v8171,34,6728
v25565,34,6728
v18930,34,6728
v13119,34,6728
v32194,34,6728
v11841,34,6728
v2350,34,6728
v17852,34,6728
v11414,34,6728
v19986,34,6728
v25597,34,6728
v33063,34,6728
v15073,34,6728
v3084,34,6728
v16039,34,6728
v5757,34,6728
v1280,34,6728
v19543,34,6728
v28533,34,6728
v28646,34,6728
v10763,34,6728
v45479,34,6728
v22378,34,6728
v8473,34,6728
v7733,34,6728
v19585,34,6728
v22246,34,6728
v22668,34,6728
v16440,34,6728
v4119,34,6728
v19280,34,6728
v5188,34,6728
v2605,34,6728
v5928,34,6728
v12641,34,6728
v10816,34,6728
v3208,34,6728
v20325,34,6728
v26898,34,6728
v47342,34,6728
v46967,34,6728
v49133,34,6728
v10475,34,6728
v2293,34,6728
v19659,34,6728
v23771,34,6728
v10126,34,6728
v14833,34,6728
v3887,34,6728
v10050,34,6728
v18376,34,6728
v20341,34,6728
v20354,34,6728
v1527,34,6728
v8730,34,6728
v1466,34,6728
v166,34,6728
v11059,34,6728
v22661,34,6728
v17491,34,6728
v30556,34,6728
v46067,34,6728
v24788,34,6728
v26254,34,6728
v22174,34,6728
v16250,34,6728
v32523,34,6728
v1316,34,6728
v2973,34,6728
v28901,34,6728
v45561,34,6728
v2001,34,6728
v24420,34,6728
v24427,34,6728
v52312,34,6728
v12850,34,6728
v7549,34,6728
v19707,34,6728
v44895,34,6728
v12177,34,6728
v34824,34,6728
v26246,34,6728
v19349,34,6728
v50803,34,6728
v27842,34,6728
v52341,34,6728
v12528,34,6728
v1159,34,6728
v6900,34,6728
v13013,34,6728
v28645,34,6728
v4614,34,6728
v23329,34,6728
v24931,34,6728
v18654,34,6728
v2310,34,6728
v7583,34,6728
v30138,34,6728
v24811,34,6728
v19614,34,6728
v44014,34,6728
v2989,34,6728
v14707,34,6728
v4096,34,6728
v24557,33,6865
v25250,33,6865
v18941,33,6865
v15860,33,6865
v2661,33,6865
v18774,33,6865
v25423,33,6865
v15286,33,6865
v24121,33,6865
v13957,33,6865
v12241,33,6865
v24888,33,6865
v28144,33,6865
v23788,33,6865
v12227,33,6865
v9295,33,6865
v20679,33,6865
v3919,33,6865
v868,33,6865
v47641,33,6865
v9258,33,6865
v24016,33,6865
v18078,33,6865
v3217,33,6865
v1729,33,6865
v29651,33,6865
v20285,33,6865
v10355,33,6865
v17143,33,6865
v11051,33,6865
v24196,33,6865
v14880,33,6865
v19219,33,6865
v1329,33,6865
v28855,33,6865
v31814,33,6865
v29474,33,6865
v28849,33,6865
v25505,33,6865
v6979,33,6865
v19768,33,6865
v32670,33,6865
v13840,33,6865
v21532,33,6865
v11902,33,6865
v27366,33,6865
v6992,33,6865
v13495,33,6865
v16539,33,6865
v3825,33,6865
v5400,33,6865
v9071,33,6865
v39198,33,6865
v14927,33,6865
v18601,33,6865
v6538,33,6865
v39343,33,6865
v3810,33,6865
v13806,33,6865
v28150,33,6865
v27984,33,6865
v22396,33,6865
v4351,33,6865
v2354,33,6865
v24212,33,6865
v28565,33,6865
v49599,33,6865
v14944,33,6865
v33190,33,6865
v13489,33,6865
v53385,33,6865
v33142,33,6865
v24230,33,6865
v57107,33,6865
v1915,33,6865
v21094,33,6865
v1262,33,6865
v22044,33,6865
v11419,33,6865
v27919,33,6865
v567,33,6865
v16059,33,6865
v8111,33,6865
v40390,33,6865
v20077,33,6865
v7559,33,6865
v4257,33,6865
v714,33,6865
v17063,33,6865
v22314,33,6865
v52892,33,6865
v26393,33,6865
v323,33,6865
v1248,33,6865
v28754,33,6865
v8510,33,6865
v47957,33,6865
v19483,33,6865
v50503,33,6865
v9668,33,6865
v6079,33,6865
v6581,33,6865
v30694,33,6865
v15431,33,6865
v41858,33,6865
v8202,33,6865
v13056,33,6865
v24647,33,6865
v19851,33,6865
v5394,33,6865
v16256,33,6865
v30725,33,6865
v665,33,6865
v804,33,6865
v47341,33,6865
v2603,33,6865
v4135,33,6865
v4443,33,6865
v15461,33,6865
v12610,33,6865
v1405,33,6865
v1156,33,6865
v204,33,6865
v2608,33,6865
v22653,33,6865
v37275,33,6865
v872,33,6865
v37415,33,6865
v6680,33,6865
v46784,33,6865
v15844,33,6865
v46769,33,6865
v34532,33,6865
v335,33,6865
v23017,33,6865
v22627,33,6865
v15390,33,6865
v34455,33,6865
v12787,33,6865
v20724,33,6865
v5654,33,6865
v21037,33,6865
v24411,33,6865
v19812,33,6865
v1973,33,6865
v18164,33,6865
v10550,33,6865
v13996,33,6865
v16782,33,6865
v22159,33,6865
v8063,32,7015
v35803,32,7015
v22609,32,7015
v22682,32,7015
v1446,32,7015
v2384,32,7015
v2892,32,7015
v18459,32,7015
v12425,32,7015
v6081,32,7015
v55459,32,7015
v8798,32,7015
v52202,32,7015
v34509,32,7015
v19326,32,7015
v32875,32,7015
v32407,32,7015
v14913,32,7015
v29911,32,7015
v31820,32,7015
v50486,32,7015
v15021,32,7015
v27610,32,7015
v16121,32,7015
v17609,32,7015
v10221,32,7015
v17003,32,7015
v31817,32,7015
v25561,32,7015
v27055,32,7015
v26529,32,7015
v16155,32,7015
v263,32,7015
v28583,32,7015
v31626,32,7015
v10934,32,7015
v18911,32,7015
v22283,32,7015
v42870,32,7015
v2457,32,7015
v53051,32,7015
v28176,32,7015
v2574,32,7015
v32107,32,7015
v4401,32,7015
v1092,32,7015
v21826,32,7015
v11988,32,7015
v7760,32,7015
v55873,32,7015
v49291,32,7015
v25671,32,7015
v35286,32,7015
v12814,32,7015
v13454,32,7015
v4696,32,7015
v1095,32,7015
v24856,32,7015
v29942,32,7015
v18478,32,7015
v20812,32,7015
v22913,32,7015
v10256,32,7015
v11062,32,7015
v6435,32,7015
v21276,32,7015
v2537,32,7015
v18860,32,7015
v22964,32,7015
v11055,32,7015
v33891,32,7015
v4054,32,7015
v11034,32,7015
v7616,32,7015
v15499,32,7015
v2895,32,7015
v11755,32,7015
v25494,32,7015
v15684,32,7015
v18392,32,7015
v14536,32,7015
v52042,32,7015
v55797,32,7015
v29563,32,7015
v25984,32,7015
v18377,32,7015
v14498,32,7015
v5583,32,7015
v27053,32,7015
v10814,32,7015
v12377,32,7015
v352,32,7015
v29514,32,7015
v30374,32,7015
v12488,32,7015
v23110,32,7015
v31632,32,7015
v8648,32,7015
v13265,32,7015
v5962,32,7015
v33290,32,7015
v56519,32,7015
v28307,32,7015
v56756,32,7015
v16080,32,7015
v19705,32,7015
v7082,32,7015
v565,32,7015
v3745,32,7015
v13429,32,7015
v23037,32,7015
v9880,32,7015
v5080,32,7015
v34256,32,7015
v44171,32,7015
v14194,32,7015
v15306,32,7015
v5667,32,7015
v14574,32,7015
v16584,32,7015
v21716,32,7015
v22416,32,7015
v22035,32,7015
v11843,32,7015
v25126,32,7015
v5930,32,7015
v11269,32,7015
v11257,32,7015
v28136,32,7015
v28983,32,7015
v886,32,7015
v27416,32,7015
v4466,32,7015
v2584,32,7015
v9645,32,7015
v53538,32,7015
v7745,32,7015
v2847,32,7015
v11205,32,7015
v16750,32,7015
v4289,32,7015
v36900,32,7015
v18758,32,7015
v51452,32,7015
v28357,32,7015
v32472,32,7015
v51289,32,7015
v22067,32,7015
v12290,32,7015
v19796,32,7015
v8179,32,7015
v6631,32,7015
v20317,32,7015
v19111,32,7015
v12640,32,7015
v63,32,7015
v6570,32,7015
v897,32,7015
v36129,32,7015
v22709,32,7015
v22837,32,7015
v2302,32,7015
v10848,32,7015
v25744,32,7015
v22311,32,7015
v15214,32,7015
v22717,32,7015
v10802,32,7015
v6394,32,7015
v15606,31,7184
v18295,31,7184
v1436,31,7184
v31635,31,7184
v10384,31,7184
v12744,31,7184
v1478,31,7184
v19834,31,7184
v1504,31,7184
v17029,31,7184
v7806,31,7184
v50073,31,7184
v12840,31,7184
v3100,31,7184
v36942,31,7184
v36099,31,7184
v47240,31,7184
v14596,31,7184
v4371,31,7184
v26784,31,7184
v36134,31,7184
v6679,31,7184
v37073,31,7184
v20832,31,7184
v14700,31,7184
v9575,31,7184
v14142,31,7184
v2290,31,7184
v24622,31,7184
v22947,31,7184
v37236,31,7184
v19097,31,7184
v14093,31,7184
v37251,31,7184
v55823,31,7184
v22651,31,7184
v37296,31,7184
v26910,31,7184
v21254,31,7184
v55843,31,7184
v4004,31,7184
v26114,31,7184
v16803,31,7184
v21290,31,7184
v14015,31,7184
v26094,31,7184
v29536,31,7184
v14807,31,7184
v17305,31,7184
v22606,31,7184
v13992,31,7184
v34247,31,7184
v6247,31,7184
v51099,31,7184
v2187,31,7184
v26021,31,7184
v3924,31,7184
v10971,31,7184
v511,31,7184
v33944,31,7184
v47646,31,7184
v13918,31,7184
v11032,31,7184
v30557,31,7184
v21457,31,7184
v47012,31,7184
v4694,31,7184
v20629,31,7184
v27270,31,7184
v38552,31,7184
v13868,31,7184
v16605,31,7184
v17613,31,7184
v3823,31,7184
v11232,31,7184
v21592,31,7184
v39433,31,7184
v16487,31,7184
v39613,31,7184
v22390,31,7184
v39675,31,7184
v2740,31,7184
v19275,31,7184
v45820,31,7184
v21071,31,7184
v3749,31,7184
v7081,31,7184
v17166,31,7184
v52779,31,7184
v16400,31,7184
v40188,31,7184
v6095,31,7184
v255,31,7184
v4908,31,7184
v11513,31,7184
v569,31,7184
v4910,31,7184
v571,31,7184
v2052,31,7184
v16355,31,7184
v21774,31,7184
v198,31,7184
v13635,31,7184
v25699,31,7184
v30672,31,7184
v18676,31,7184
v25680,31,7184
v28903,31,7184
v773,31,7184
v45559,31,7184
v16241,31,7184
v249,31,7184
v5030,31,7184
v5036,31,7184
v25639,31,7184
v1975,31,7184
v16197,31,7184
v29689,31,7184
v2853,31,7184
v3599,31,7184
v28833,31,7184
v41664,31,7184
v48266,31,7184
v9833,31,7184
v22188,31,7184
v16154,31,7184
v5101,31,7184
v25594,31,7184
v43288,31,7184
v3555,31,7184
v2890,31,7184
v21982,31,7184
v47203,31,7184
v20868,31,7184
v401,31,7184
v19467,31,7184
v31047,31,7184
v23474,31,7184
v12002,31,7184
v19496,31,7184
v22030,31,7184
v243,31,7184
v18594,31,7184
v13288,31,7184
v20193,31,7184
v1021,31,7184
v2931,31,7184
v12135,31,7184
v12141,31,7184
v24168,31,7184
v8362,31,7184
v15902,31,7184
v1091,31,7184
v12203,31,7184
v10247,31,7184
v20147,31,7184
v15852,31,7184
v32005,31,7184
v54091,31,7184
v5862,31,7184
v43053,31,7184
v1169,31,7184
v880,31,7184
v214,31,7184
v8186,31,7184
v13091,31,7184
v51892,31,7184
v18482,31,7184
v7528,31,7184
v12399,31,7184
v54187,31,7184
v3009,31,7184
v5444,31,7184
v15749,31,7184
v379,31,7184
v12996,31,7184
v54238,31,7184
v5796,31,7184
v7615,31,7184
v12985,31,7184
v24120,31,7184
v7628,31,7184
v49413,31,7184
v10358,31,7184
v19688,31,7184
v1376,31,7184
v12926,31,7184
v3195,31,7184
v859,31,7184
v25564,30,7373
v34829,30,7373
v164,30,7373
v2478,30,7373
v50260,30,7373
v2880,30,7373
v519,30,7373
v42038,30,7373
v8575,30,7373
v11917,30,7373
v1914,30,7373
v21952,30,7373
v598,30,7373
v1433,30,7373
v53332,30,7373
v17883,30,7373
v26471,30,7373
v24719,30,7373
v4112,30,7373
v36904,30,7373
v3344,30,7373
v2864,30,7373
v22218,30,7373
v11791,30,7373
v19778,30,7373
v20320,30,7373
v3337,30,7373
v32700,30,7373
v16211,30,7373
v7782,30,7373
v6032,30,7373
v32721,30,7373
v17839,30,7373
v5012,30,7373
v28466,30,7373
v21823,30,7373
v31485,30,7373
v20372,30,7373
v27656,30,7373
v11605,30,7373
v578,30,7373
v26732,30,7373
v15548,30,7373
v4926,30,7373
v45680,30,7373
v11527,30,7373
v13682,30,7373
v13694,30,7373
v13697,30,7373
v11486,30,7373
v14988,30,7373
v52860,30,7373
v2768,30,7373
v4878,30,7373
v29006,30,7373
v3014,30,7373
v39928,30,7373
v7078,30,7373
v20448,30,7373
v21070,30,7373
v22356,30,7373
v3790,30,7373
v39593,30,7373
v27430,30,7373
v8076,30,7373
v47769,30,7373
v18747,30,7373
v20585,30,7373
v23227,30,7373
v45935,30,7373
v13017,30,7373
v25902,30,7373
v19250,30,7373
v12512,30,7373
v5495,30,7373
v9126,30,7373
v50749,30,7373
v47690,30,7373
v19246,30,7373
v19231,30,7373
v3293,30,7373
v3292,30,7373
v14892,30,7373
v2714,30,7373
v12999,30,7373
v38532,30,7373
v8032,30,7373
v19729,30,7373
v1391,30,7373
v1327,30,7373
v16629,30,7373
v2709,30,7373
v372,30,7373
v23172,30,7373
v25166,30,7373
v2704,30,7373
v788,30,7373
v10947,30,7373
v16731,30,7373
v19184,30,7373
v30202,30,7373
v3273,30,7373
v7909,30,7373
v18773,30,7373
v29460,30,7373
v7618,30,7373
v12662,30,7373
v27058,30,7373
v1461,30,7373
v46345,30,7373
v3977,30,7373
v21292,30,7373
v19675,30,7373
v14786,30,7373
v21272,30,7373
v3185,30,7373
v46791,30,7373
v3260,30,7373
v4483,30,7373
v1349,30,7373
v30533,30,7373
v1664,30,7373
v2606,30,7373
v12973,30,7373
v5616,30,7373
v26313,30,7373
v6437,30,7373
v5578,30,7373
v14160,30,7373
v18828,30,7373
v54526,30,7373
v29582,30,7373
v28323,30,7373
v14496,30,7373
v973,30,7373
v1364,30,7373
v12279,30,7373
v25421,30,7373
v12237,30,7373
v25435,30,7373
v6491,30,7373
v47105,30,7373
v5256,30,7373
v20165,30,7373
v7404,30,7373
v851,30,7373
v16965,30,7373
v15997,30,7373
v37063,30,7373
v1015,30,7373
v49651,30,7373
v32276,30,7373
v13310,30,7373
v5857,30,7373
v17986,30,7373
v25554,30,7373
v5855,30,7373
v13339,30,7373
v20223,30,7373
v11994,30,7373
v75,30,7373
v24892,30,7373
v7505,30,7373
v20973,30,7373
v34819,30,7373
v7336,30,7373
v213,29,7539
v2510,29,7539
v6579,29,7539
v2514,29,7539
v6434,29,7539
v18991,29,7539
v18992,29,7539
v162,29,7539
v29837,29,7539
v6363,29,7539
v6696,29,7539
v2314,29,7539
v9673,29,7539
v29934,29,7539
v19069,29,7539
v2581,29,7539
v29939,29,7539
v2294,29,7539
v55256,29,7539
v29197,29,7539
v47336,29,7539
v2261,29,7539
v29102,29,7539
v19129,29,7539
v47471,29,7539
v36626,29,7539
v2651,29,7539
v24574,29,7539
v47500,29,7539
v30195,29,7539
v2199,29,7539
v14869,29,7539
v36429,29,7539
v30242,29,7539
v2105,29,7539
v18711,29,7539
v47960,29,7539
v658,29,7539
v28854,29,7539
v30832,29,7539
v13491,29,7539
v28821,29,7539
v13386,29,7539
v7341,29,7539
v7343,29,7539
v20993,29,7539
v15241,29,7539
v13261,29,7539
v13248,29,7539
v7432,29,7539
v25023,29,7539
v1744,29,7539
v1742,29,7539
v2990,29,7539
v25078,29,7539
v7530,29,7539
v3242,29,7539
v1714,29,7539
v48764,29,7539
v46087,29,7539
v12998,29,7539
v3026,29,7539
v9877,29,7539
v7629,29,7539
v5780,29,7539
v1651,29,7539
v5763,29,7539
v57128,29,7539
v31462,29,7539
v31467,29,7539
v15465,29,7539
v5944,29,7539
v10184,29,7539
v49105,29,7539
v15516,29,7539
v28442,29,7539
v3155,29,7539
v5582,29,7539
v9903,29,7539
v28334,29,7539
v18238,29,7539
v23763,29,7539
v19943,29,7539
v18237,29,7539
v43705,29,7539
v1274,29,7539
v15733,29,7539
v22110,29,7539
v12427,29,7539
v43458,29,7539
v15762,29,7539
v5402,29,7539
v1188,29,7539
v1176,29,7539
v15817,29,7539
v4979,29,7539
v15822,29,7539
v8231,29,7539
v12324,29,7539
v12316,29,7539
v12253,29,7539
v8327,29,7539
v42652,29,7539
v12182,29,7539
v25506,29,7539
v387,29,7539
v5231,29,7539
v1037,29,7539
v12085,29,7539
v15977,29,7539
v20186,29,7539
v3500,29,7539
v764,29,7539
v5163,29,7539
v32441,29,7539
v8560,29,7539
v8584,29,7539
v25589,29,7539
v5100,29,7539
v28394,29,7539
v21916,29,7539
v596,29,7539
v50363,29,7539
v17874,29,7539
v5067,29,7539
v22225,29,7539
v592,29,7539
v17866,29,7539
v590,29,7539
v11694,29,7539
v11670,29,7539
v10233,29,7539
v20373,29,7539
v26477,29,7539
v11635,29,7539
v25697,29,7539
v20381,29,7539
v27521,29,7539
v20415,29,7539
v11432,29,7539
v23301,29,7539
v3750,29,7539
v11385,29,7539
v33134,29,7539
v16469,29,7539
v20509,29,7539
v20853,29,7539
v11230,29,7539
v20544,29,7539
v33548,29,7539
v4768,29,7539
v23211,29,7539
v11160,29,7539
v38825,29,7539
v11156,29,7539
v11150,29,7539
v452,29,7539
v22501,29,7539
v50765,29,7539
v25941,29,7539
v16635,29,7539
v11019,29,7539
v9259,29,7539
v3916,29,7539
v21381,29,7539
v38034,29,7539
v26558,29,7539
v37938,29,7539
v34290,29,7539
v16787,29,7539
v20723,29,7539
v51305,29,7539
v10753,29,7539
v22624,29,7539
v26948,29,7539
v21270,29,7539
v17395,29,7539
v21107,29,7539
v9522,29,7539
v21179,29,7539
v10472,29,7539
v9679,29,7539
v9980,29,7539
v26771,29,7539
v26762,29,7539
v10354,29,7539
v17050,29,7539
v18935,29,7539
v2441,29,7539
v2419,29,7539
v2418,29,7539
v29680,29,7539
v52494,28,7731
v11975,28,7731
v27889,28,7731
v2376,28,7731
v8492,28,7731
v1850,28,7731
v56696,28,7731
v22116,28,7731
v9728,28,7731
v51600,28,7731
v3057,28,7731
v53814,28,7731
v12134,28,7731
v1077,28,7731
v32143,28,7731
v15901,28,7731
v5298,28,7731
v5762,28,7731
v56838,28,7731
v19025,28,7731
v10075,28,7731
v10068,28,7731
v9979,28,7731
v31698,28,7731
v26494,28,7731
v36200,28,7731
v9995,28,7731
v47261,28,7731
v12642,28,7731
v18846,28,7731
v6684,28,7731
v14621,28,7731
v52017,28,7731
v52018,28,7731
v24633,28,7731
v6356,28,7731
v29242,28,7731
v16963,28,7731
v6353,28,7731
v21139,28,7731
v3153,28,7731
v7637,28,7731
v6744,28,7731
v22640,28,7731
v34638,28,7731
v25329,28,7731
v34637,28,7731
v37412,28,7731
v18445,28,7731
v10706,28,7731
v7622,28,7731
v34413,28,7731
v46657,28,7731
v23021,28,7731
v35980,28,7731
v10811,28,7731
v10836,28,7731
v30168,28,7731
v19655,28,7731
v3285,28,7731
v19168,28,7731
v18897,28,7731
v4572,28,7731
v2660,28,7731
v3951,28,7731
v55154,28,7731
v43680,28,7731
v44105,28,7731
v34101,28,7731
v8041,28,7731
v12896,28,7731
v23039,28,7731
v3946,28,7731
v1698,28,7731
v957,28,7731
v21367,28,7731
v12911,28,7731
v28536,28,7731
v10931,28,7731
v13941,28,7731
v22555,28,7731
v20656,28,7731
v20284,28,7731
v31836,28,7731
v25985,28,7731
v12913,28,7731
v16672,28,7731
v8077,28,7731
v22762,28,7731
v12491,28,7731
v46191,28,7731
v12893,28,7731
v38525,28,7731
v6958,28,7731
v14893,28,7731
v3857,28,7731
v5474,28,7731
v456,28,7731
v1712,28,7731
v3853,28,7731
v21491,28,7731
v4265,28,7731
v22497,28,7731
v3840,28,7731
v16522,28,7731
v39145,28,7731
v11235,28,7731
v17301,28,7731
v11266,28,7731
v813,28,7731
v44198,28,7731
v4798,28,7731
v17661,28,7731
v3124,28,7731
v7041,28,7731
v25815,28,7731
v3792,28,7731
v45863,28,7731
v7058,28,7731
v39820,28,7731
v13767,28,7731
v2742,28,7731
v2087,28,7731
v4848,28,7731
v3752,28,7731
v1204,28,7731
v257,28,7731
v13077,28,7731
v33000,28,7731
v25770,28,7731
v40212,28,7731
v28181,28,7731
v15312,28,7731
v21742,28,7731
v38129,28,7731
v18110,28,7731
v32930,28,7731
v21759,28,7731
v27577,28,7731
v15015,28,7731
v31488,28,7731
v4124,28,7731
v12357,28,7731
v12825,28,7731
v32797,28,7731
v49600,28,7731
v28155,28,7731
v45542,28,7731
v11689,28,7731
v41415,28,7731
v7796,28,7731
v24395,28,7731
v30824,28,7731
v1961,28,7731
v43062,28,7731
v1960,28,7731
v41550,28,7731
v44188,28,7731
v32659,28,7731
v13494,28,7731
v8666,28,7731
v12678,28,7731
v32639,28,7731
v18123,28,7731
v2964,28,7731
v8642,28,7731
v48177,28,7731
v13480,28,7731
v20270,28,7731
v13445,28,7731
v2466,28,7731
v15866,28,7731
v21967,28,7731
v28946,27,7904
v3353,27,7904
v21770,27,7904
v1703,27,7904
v38403,27,7904
v20398,27,7904
v2789,27,7904
v11903,27,7904
v8664,27,7904
v2708,27,7904
v57861,27,7904
v786,27,7904
v2407,27,7904
v2519,27,7904
v35490,27,7904
v9186,27,7904
v25698,27,7904
v22166,27,7904
v3863,27,7904
v8583,27,7904
v11084,27,7904
v16309,27,7904
v31375,27,7904
v13851,27,7904
v22507,27,7904
v45597,27,7904
v32808,27,7904
v21899,27,7904
v12474,27,7904
v9845,27,7904
v32804,27,7904
v41641,27,7904
v41947,27,7904
v11146,27,7904
v15586,27,7904
v11154,27,7904
v31069,27,7904
v11157,27,7904
v6489,27,7904
v47709,27,7904
v7363,27,7904
v18576,27,7904
v1779,27,7904
v2369,27,7904
v41063,27,7904
v4984,27,7904
v7672,27,7904
v1849,27,7904
v1848,27,7904
v12826,27,7904
v1006,27,7904
v17994,27,7904
v4133,27,7904
v2730,27,7904
v5224,27,7904
v32182,27,7904
v14925,27,7904
v2928,27,7904
v10245,27,7904
v5612,27,7904
v21047,27,7904
v15947,27,7904
v18675,27,7904
v45049,27,7904
v5907,27,7904
v28347,27,7904
v39223,27,7904
v47778,27,7904
v15905,27,7904
v49954,27,7904
v31678,27,7904
v5296,27,7904
v361,27,7904
v11243,27,7904
v48532,27,7904
v19555,27,7904
v49601,27,7904
v53846,27,7904
v29537,27,7904
v619,27,7904
v35348,27,7904
v11840,27,7904
v44092,27,7904
v19027,27,7904
v28154,27,7904
v24743,27,7904
v31689,27,7904
v28890,27,7904
v16492,27,7904
v24857,27,7904
v44551,27,7904
v9636,27,7904
v1379,27,7904
v7038,27,7904
v25817,27,7904
v13798,27,7904
v15405,27,7904
v19036,27,7904
v19718,27,7904
v55293,27,7904
v12346,27,7904
v25612,27,7904
v36157,27,7904
v50648,27,7904
v27831,27,7904
v29922,27,7904
v4814,27,7904
v18586,27,7904
v42999,27,7904
v7871,27,7904
v4823,27,7904
v16956,27,7904
v16954,27,7904
v33233,27,7904
v15654,27,7904
v3219,27,7904
v16931,27,7904
v2525,27,7904
v10606,27,7904
v29780,27,7904
v30778,27,7904
v967,27,7904
v31570,27,7904
v2267,27,7904
v2607,27,7904
v55837,27,7904
v17378,27,7904
v10653,27,7904
v14055,27,7904
v1912,27,7904
v2544,27,7904
v17701,27,7904
v3094,27,7904
v11764,27,7904
v24662,27,7904
v16856,27,7904
v19282,27,7904
v30538,27,7904
v23012,27,7904
v26223,27,7904
v37501,27,7904
v17432,27,7904
v5340,27,7904
v34465,27,7904
v30145,27,7904
v39899,27,7904
v24581,27,7904
v8008,27,7904
v1730,27,7904
v2081,27,7904
v10810,27,7904
v28196,27,7904
v14962,27,7904
v23025,27,7904
v14804,27,7904
v13995,27,7904
v31496,27,7904
v51144,27,7904
v52764,27,7904
v28190,27,7904
v6488,27,7904
v40006,27,7904
v12716,27,7904
v20871,27,7904
v13381,27,7904
v22179,27,7904
v12555,27,7904
v3345,27,7904
v13723,27,7904
v55883,27,7904
v30194,27,7904
v7524,27,7904
v49226,27,7904
v18710,27,7904
v7109,27,7904
v27066,27,7904
v3018,27,7904
v57489,27,7904
v7759,27,7904
v5724,27,7904
v41906,27,7904
v616,27,7904
v958,27,7904
v1921,27,7904
v28595,27,7904
v4890,27,7904
v19187,27,7904
v15304,27,7904
v8052,27,7904
v3719,27,7904
v14266,27,7904
v44107,27,7904
v44108,27,7904
v50304,27,7904
v17873,27,7904
v23409,27,7904
v18398,27,7904
v14850,27,7904
v36781,27,7904
v22559,27,7904
v2691,27,7904
v28445,27,7904
v3915,27,7904
v21009,27,7904
v21752,27,7904
v5656,27,7904
v16130,27,7904
v40457,26,8111
v54704,26,8111
v19720,26,8111
v1636,26,8111
v12620,26,8111
v28315,26,8111
v26730,26,8111
v1690,26,8111
v31815,26,8111
v57848,26,8111
v1314,26,8111
v8043,26,8111
v18456,26,8111
v15361,26,8111
v1310,26,8111
v5492,26,8111
v3016,26,8111
v10149,26,8111
v12494,26,8111
v12489,26,8111
v28244,26,8111
v378,26,8111
v18173,26,8111
v28224,26,8111
v19637,26,8111
v58014,26,8111
v25053,26,8111
v7501,26,8111
v18596,26,8111
v12354,26,8111
v4993,26,8111
v23642,26,8111
v3374,26,8111
v31302,26,8111
v28145,26,8111
v31298,26,8111
v13137,26,8111
v24152,26,8111
v1118,26,8111
v2951,26,8111
v42885,26,8111
v42883,26,8111
v31189,26,8111
v42804,26,8111
v18056,26,8111
v2942,26,8111
v48444,26,8111
v32116,26,8111
v12126,26,8111
v28031,26,8111
v28029,26,8111
v845,26,8111
v26425,26,8111
v22786,26,8111
v42414,26,8111
v20185,26,8111
v26624,26,8111
v50198,26,8111
v12052,26,8111
v3497,26,8111
v3499,26,8111
v1004,26,8111
v1852,26,8111
v5159,26,8111
v27886,26,8111
v25172,26,8111
v5951,26,8111
v18603,26,8111
v1888,26,8111
v17291,26,8111
v7330,26,8111
v1907,26,8111
v32476,26,8111
v32482,26,8111
v11880,26,8111
v21941,26,8111
v30882,26,8111
v11838,26,8111
v2855,26,8111
v16186,26,8111
v28835,26,8111
v5066,26,8111
v11774,26,8111
v11766,26,8111
v23387,26,8111
v16205,26,8111
v5043,26,8111
v13540,26,8111
v48121,26,8111
v32741,26,8111
v21054,26,8111
v25176,26,8111
v28888,26,8111
v53052,26,8111
v32796,26,8111
v30698,26,8111
v9915,26,8111
v8789,26,8111
v20402,26,8111
v30571,26,8111
v19314,26,8111
v2056,26,8111
v25756,26,8111
v30561,26,8111
v28953,26,8111
v52876,26,8111
v32983,26,8111
v11444,26,8111
v24729,26,8111
v95,26,8111
v13732,26,8111
v45764,26,8111
v47031,26,8111
v4845,26,8111
v20476,26,8111
v21664,26,8111
v21655,26,8111
v39756,26,8111
v6433,26,8111
v4811,26,8111
v438,26,8111
v22401,26,8111
v2113,26,8111
v11206,26,8111
v11201,26,8111
v18744,26,8111
v22478,26,8111
v25910,26,8111
v17083,26,8111
v35800,26,8111
v18951,26,8111
v33826,26,8111
v21479,26,8111
v22514,26,8111
v33852,26,8111
v22531,26,8111
v21442,26,8111
v4250,26,8111
v16652,26,8111
v22545,26,8111
v9257,26,8111
v38219,26,8111
v16708,26,8111
v30209,26,8111
v59027,26,8111
v20687,26,8111
v18763,26,8111
v977,26,8111
v23036,26,8111
v30175,26,8111
v10813,26,8111
v52275,26,8111
v18901,26,8111
v55359,26,8111
v47452,26,8111
v3990,26,8111
v23068,26,8111
v26105,26,8111
v52209,26,8111
v2630,26,8111
v24806,26,8111
v10708,26,8111
v10678,26,8111
v22835,26,8111
v29173,26,8111
v10632,26,8111
v21189,26,8111
v51507,26,8111
v2282,26,8111
v4055,26,8111
v4057,26,8111
v17356,26,8111
v10559,26,8111
v2590,26,8111
v9572,26,8111
v18833,26,8111
v9589,26,8111
v2568,26,8111
v6455,26,8111
v10060,26,8111
v36100,26,8111
v78,26,8111
v6648,26,8111
v2355,26,8111
v2365,26,8111
v49096,26,8111
v1530,26,8111
v7743,26,8111
v15513,26,8111
v5655,26,8111
v1603,26,8111
v7873,26,8111
v19849,26,8111
v34596,25,8304
v28700,25,8304
v36141,25,8304
v20739,25,8304
v18947,25,8304
v48103,25,8304
v33277,25,8304
v12585,25,8304
v12865,25,8304
v22256,25,8304
v14619,25,8304
v18622,25,8304
v3003,25,8304
v1713,25,8304
v28563,25,8304
v10121,25,8304
v5236,25,8304
v13297,25,8304
v21980,25,8304
v2122,25,8304
v28902,25,8304
v7494,25,8304
v11074,25,8304
v47803,25,8304
v4404,25,8304
v29518,25,8304
v15138,25,8304
v5144,25,8304
v6362,25,8304
v10239,25,8304
v14312,25,8304
v5431,25,8304
v21012,25,8304
v7500,25,8304
v16964,25,8304
v36520,25,8304
v4287,25,8304
v34445,25,8304
v29497,25,8304
v23064,25,8304
v32444,25,8304
v2409,25,8304
v37674,25,8304
v2884,25,8304
v15023,25,8304
v24710,25,8304
v26969,25,8304
v45609,25,8304
v517,25,8304
v28324,25,8304
v21282,25,8304
v26104,25,8304
v15867,25,8304
v14016,25,8304
v307,25,8304
v10789,25,8304
v49429,25,8304
v10081,25,8304
v308,25,8304
v18324,25,8304
v4789,25,8304
v39309,25,8304
v345,25,8304
v13199,25,8304
v19501,25,8304
v21140,25,8304
v23024,25,8304
v19256,25,8304
v33500,25,8304
v3279,25,8304
v20306,25,8304
v43183,25,8304
v5393,25,8304
v4071,25,8304
v14683,25,8304
v14808,25,8304
v20632,25,8304
v29699,25,8304
v5442,25,8304
v47824,25,8304
v9372,25,8304
v16781,25,8304
v44733,25,8304
v2716,25,8304
v7705,25,8304
v50879,25,8304
v59411,25,8304
v19321,25,8304
v5508,25,8304
v2876,25,8304
v26046,25,8304
v13125,25,8304
v18336,25,8304
v1837,25,8304
v6956,25,8304
v22165,25,8304
v1075,25,8304
v22951,25,8304
v21968,25,8304
v35115,25,8304
v30969,25,8304
v22972,25,8304
v13660,25,8304
v26473,25,8304
v1381,25,8304
v6755,25,8304
v54618,25,8304
v16760,25,8304
v6582,25,8304
v11140,25,8304
v3315,25,8304
v24552,25,8304
v29853,25,8304
v771,25,8304
v20701,25,8304
v24548,25,8304
v16443,25,8304
v26726,25,8304
v21195,25,8304
v25393,25,8304
v10285,25,8304
v36861,25,8304
v9324,25,8304
v28520,25,8304
v5219,25,8304
v19101,25,8304
v14558,25,8304
v12529,25,8304
v13816,25,8304
v825,25,8304
v23745,25,8304
v15932,25,8304
v10935,25,8304
v32337,25,8304
v15305,25,8304
v6526,25,8304
v9278,25,8304
v20326,25,8304
v2338,25,8304
v16713,25,8304
v292,25,8304
v20997,25,8304
v2116,25,8304
v2103,25,8304
v30297,25,8304
v30346,25,8304
v16707,25,8304
v14741,25,8304
v22237,25,8304
v16049,25,8304
v20665,25,8304
v19023,25,8304
v13093,25,8304
v16215,25,8304
v28034,25,8304
v10973,25,8304
v10654,25,8304
v5410,25,8304
v2427,25,8304
v19257,25,8304
v4144,25,8304
v57286,25,8304
v20478,25,8304
v29647,25,8304
v29759,25,8304
v10975,25,8304
v1702,25,8304
v23131,25,8304
v23138,25,8304
v18273,25,8304
v12728,25,8304
v26286,25,8304
v31361,25,8304
v955,25,8304
v26463,25,8304
v4092,25,8304
v5754,25,8304
v33037,25,8304
v13202,25,8304
v883,25,8304
v11416,25,8304
v19619,25,8304
v23533,25,8304
v28463,25,8304
v13838,25,8304
v19645,25,8304
v19553,25,8304
v31076,25,8304
v15631,25,8304
v4795,25,8304
v863,25,8304
v41436,25,8304
v622,25,8304
v16659,25,8304
v21428,25,8304
v5636,25,8304
v4671,25,8304
v19746,25,8304
v2108,25,8304
v5226,25,8304
v4860,25,8304
v27184,25,8304
v8084,25,8304
v8511,25,8304
v45797,25,8304
v26266,25,8304
v4719,25,8304
v55899,25,8304
v41763,25,8304
v23180,25,8304
v25607,25,8304
v24510,25,8304
v8587,25,8304
v8588,25,8304
v2163,25,8304
v24502,25,8304
v1808,24,8520
v11454,24,8520
v713,24,8520
v13419,24,8520
v38271,24,8520
v19890,24,8520
v40053,24,8520
v17565,24,8520
v47645,24,8520
v19573,24,8520
v23743,24,8520
v14966,24,8520
v27167,24,8520
v8509,24,8520
v546,24,8520
v29419,24,8520
v20646,24,8520
v44145,24,8520
v5484,24,8520
v6122,24,8520
v19640,24,8520
v7079,24,8520
v31660,24,8520
v2706,24,8520
v3888,24,8520
v29356,24,8520
v32189,24,8520
v7425,24,8520
v929,24,8520
v2744,24,8520
v50616,24,8520
v13040,24,8520
v3758,24,8520
v5292,24,8520
v14884,24,8520
v12883,24,8520
v25156,24,8520
v847,24,8520
v12413,24,8520
v15482,24,8520
v26554,24,8520
v35432,24,8520
v3779,24,8520
v1710,24,8520
v8094,24,8520
v25424,24,8520
v12183,24,8520
v22144,24,8520
v28664,24,8520
v25155,24,8520
v1728,24,8520
v7458,24,8520
v16475,24,8520
v5607,24,8520
v3392,24,8520
v23677,24,8520
v35012,24,8520
v7043,24,8520
v1257,24,8520
v29572,24,8520
v18462,24,8520
v28465,24,8520
v36706,24,8520
v13796,24,8520
v20030,24,8520
v21519,24,8520
v20535,24,8520
v6534,24,8520
v10455,24,8520
v16567,24,8520
v7563,24,8520
v11268,24,8520
v38841,24,8520
v19029,24,8520
v26399,24,8520
v37001,24,8520
v22428,24,8520
v27369,24,8520
v28235,24,8520
v52526,24,8520
v7697,24,8520
v19811,24,8520
v4211,24,8520
v9993,24,8520
v21558,24,8520
v59753,24,8520
v4762,24,8520
v7020,24,8520
v189,24,8520
v14928,24,8520
v29857,24,8520
v11231,24,8520
v1240,24,8520
v3829,24,8520
v20268,24,8520
v28613,24,8520
v18910,24,8520
v3821,24,8520
v45911,24,8520
v29271,24,8520
v30890,24,8520
v1875,24,8520
v26793,24,8520
v20097,24,8520
v8623,24,8520
v4399,24,8520
v524,24,8520
v10501,24,8520
v4400,24,8520
v16031,24,8520
v14573,24,8520
v29249,24,8520
v24644,24,8520
v21121,24,8520
v23467,24,8520
v9587,24,8520
v7400,24,8520
v4075,24,8520
v15647,24,8520
v18922,24,8520
v1150,24,8520
v25425,24,8520
v10583,24,8520
v10125,24,8520
v32227,24,8520
v478,24,8520
v26656,24,8520
v1657,24,8520
v2601,24,8520
v18565,24,8520
v10610,24,8520
v29655,24,8520
v11781,24,8520
v15225,24,8520
v19764,24,8520
v4997,24,8520
v22973,24,8520
v21995,24,8520
v46104,24,8520
v4451,24,8520
v29517,24,8520
v18087,24,8520
v1352,24,8520
v24793,24,8520
v42125,24,8520
v11738,24,8520
v2927,24,8520
v10656,24,8520
v29147,24,8520
v2621,24,8520
v2252,24,8520
v5328,24,8520
v3626,24,8520
v10701,24,8520
v48916,24,8520
v29807,24,8520
v1539,24,8520
v27749,24,8520
v19366,24,8520
v11692,24,8520
v30758,24,8520
v21988,24,8520
v1813,24,8520
v15680,24,8520
v34568,24,8520
v7493,24,8520
v19736,24,8520
v4506,24,8520
v18574,24,8520
v12026,24,8520
v4345,24,8520
v37581,24,8520
v18216,24,8520
v46744,24,8520
v2004,24,8520
v47074,24,8520
v14419,24,8520
v44902,24,8520
v1180,24,8520
v17821,24,8520
v9433,24,8520
v667,24,8520
v28781,24,8520
v26145,24,8520
v14273,24,8520
v388,24,8520
v12894,24,8520
v26090,24,8520
v8009,24,8520
v17272,24,8520
v2233,24,8520
v25704,24,8520
v5514,24,8520
v19657,24,8520
v11593,24,8520
v3557,24,8520
v40675,24,8520
v24810,24,8520
v537,24,8520
v25709,24,8520
v2034,24,8520
v15255,24,8520
v11576,24,8520
v29602,24,8520
v21014,24,8520
v25724,24,8520
v15013,24,8520
v31812,24,8520
v30172,24,8520
v10851,24,8520
v3133,24,8520
v19315,24,8520
v34200,24,8520
v34199,24,8520
v32158,24,8520
v36831,24,8520
v791,24,8520
v25747,24,8520
v993,24,8520
v2190,24,8520
v14834,24,8520
v2680,24,8520
v7132,24,8520
v42569,24,8520
v4594,24,8520
v13004,24,8520
v2984,24,8520
v26028,24,8520
v23059,24,8520
v27072,24,8520
v13099,24,8520
v6906,24,8520
v314,24,8520
v15522,24,8520
v8183,24,8520
v29410,24,8520
v18861,24,8520
v16378,24,8520
v30216,24,8520
v31905,24,8520
v1134,24,8520
v19307,24,8520
v23675,23,8762
v17971,23,8762
v31088,23,8762
v32361,23,8762
v3543,23,8762
v1122,23,8762
v31054,23,8762
v14652,23,8762
v11977,23,8762
v32054,23,8762
v13385,23,8762
v2474,23,8762
v15176,23,8762
v24881,23,8762
v31240,23,8762
v25578,23,8762
v13428,23,8762
v25579,23,8762
v13441,23,8762
v19589,23,8762
v10162,23,8762
v19766,23,8762
v29340,23,8762
v22185,23,8762
v36658,23,8762
v16167,23,8762
v21917,23,8762
v28124,23,8762
v2874,23,8762
v49089,23,8762
v24758,23,8762
v53291,23,8762
v21896,23,8762
v20091,23,8762
v18322,23,8762
v30837,23,8762
v11778,23,8762
v1544,23,8762
v20869,23,8762
v11762,23,8762
v19780,23,8762
v9837,23,8762
v12333,23,8762
v15075,23,8762
v30784,23,8762
v11705,23,8762
v10123,23,8762
v36839,23,8762
v16240,23,8762
v1751,23,8762
v20970,23,8762
v7198,23,8762
v22275,23,8762
v5013,23,8762
v48012,23,8762
v29472,23,8762
v1570,23,8762
v36312,23,8762
v52971,23,8762
v52948,23,8762
v15503,23,8762
v7177,23,8762
v11633,23,8762
v1183,23,8762
v3114,23,8762
v13629,23,8762
v24428,23,8762
v7503,23,8762
v32909,23,8762
v43223,23,8762
v50520,23,8762
v12842,23,8762
v11561,23,8762
v21025,23,8762
v20410,23,8762
v25748,23,8762
v32945,23,8762
v32956,23,8762
v1531,23,8762
v16387,23,8762
v40213,23,8762
v40202,23,8762
v24454,23,8762
v2778,23,8762
v33018,23,8762
v28995,23,8762
v8893,23,8762
v2071,23,8762
v4877,23,8762
v7801,23,8762
v6115,23,8762
v25771,23,8762
v10295,23,8762
v24674,23,8762
v3753,23,8762
v2483,23,8762
v5426,23,8762
v18161,23,8762
v1528,23,8762
v20058,23,8762
v259,23,8762
v17697,23,8762
v33211,23,8762
v20893,23,8762
v746,23,8762
v7051,23,8762
v13789,23,8762
v13790,23,8762
v18463,23,8762
v7810,23,8762
v19268,23,8762
v21622,23,8762
v18169,23,8762
v18587,23,8762
v26427,23,8762
v28234,23,8762
v19264,23,8762
v39311,23,8762
v947,23,8762
v11245,23,8762
v11244,23,8762
v43481,23,8762
v20542,23,8762
v3814,23,8762
v29430,23,8762
v55101,23,8762
v15732,23,8762
v19806,23,8762
v33647,23,8762
v27383,23,8762
v3013,23,8762
v12442,23,8762
v2121,23,8762
v47740,23,8762
v26253,23,8762
v451,23,8762
v20000,23,8762
v16566,23,8762
v19249,23,8762
v11147,23,8762
v48766,23,8762
v50759,23,8762
v33827,23,8762
v1279,23,8762
v22512,23,8762
v5476,23,8762
v6955,23,8762
v21463,23,8762
v3304,23,8762
v1288,23,8762
v11056,23,8762
v16644,23,8762
v22132,23,8762
v27154,23,8762
v6204,23,8762
v5485,23,8762
v5486,23,8762
v16678,23,8762
v2170,23,8762
v43635,23,8762
v22122,23,8762
v2693,23,8762
v33973,23,8762
v21390,23,8762
v3923,23,8762
v10950,23,8762
v52405,23,8762
v26007,23,8762
v16723,23,8762
v1312,23,8762
v24035,23,8762
v51024,23,8762
v8046,23,8762
v15371,23,8762
v10280,23,8762
v1318,23,8762
v49160,23,8762
v1321,23,8762
v24556,23,8762
v14809,23,8762
v24567,23,8762
v22611,23,8762
v4541,23,8762
v819,23,8762
v10779,23,8762
v55175,23,8762
v18213,23,8762
v34420,23,8762
v9434,23,8762
v14037,23,8762
v24807,23,8762
v44210,23,8762
v26235,23,8762
v1342,23,8762
v6311,23,8762
v37380,23,8762
v3255,23,8762
v28306,23,8762
v51476,23,8762
v17086,23,8762
v2266,23,8762
v19728,23,8762
v2604,23,8762
v26890,23,8762
v49025,23,8762
v19085,23,8762
v12608,23,8762
v6730,23,8762
v9561,23,8762
v9562,23,8762
v4074,23,8762
v12966,23,8762
v29232,23,8762
v4416,23,8762
v37120,23,8762
v15555,23,8762
v15640,23,8762
v21083,23,8762
v9999,23,8762
v15408,23,8762
v14327,23,8762
v3044,23,8762
v29277,23,8762
v32082,23,8762
v24939,23,8762
v23522,23,8762
v25502,23,8762
v7935,23,8762
v24964,23,8762
v58231,23,8762
v12155,23,8762
v28064,23,8762
v10246,23,8762
v24928,23,8762
v12129,23,8762
v8325,23,8762
v25518,23,8762
v15943,23,8762
v12220,23,8762
v44966,23,8762
v25464,23,8762
v14638,23,8762
v17084,23,8762
v58249,23,8762
v20188,23,8762
v13298,23,8762
v16019,23,8762
v29338,23,8762
v25441,23,8762
v394,23,8762
v32310,23,8762
v45237,23,8762
v14852,22,9014
v40058,22,9014
v19683,22,9014
v966,22,9014
v28741,22,9014
v30387,22,9014
v22954,22,9014
v10941,22,9014
v22335,22,9014
v22000,22,9014
v23480,22,9014
v11409,22,9014
v13492,22,9014
v14110,22,9014
v16401,22,9014
v7100,22,9014
v18914,22,9014
v5416,22,9014
v20807,22,9014
v23883,22,9014
v4069,22,9014
v593,22,9014
v26064,22,9014
v18689,22,9014
v26834,22,9014
v47303,22,9014
v7788,22,9014
v20983,22,9014
v13490,22,9014
v16952,22,9014
v27841,22,9014
v18090,22,9014
v1022,22,9014
v20634,22,9014
v21365,22,9014
v15246,22,9014
v19348,22,9014
v8405,22,9014
v12770,22,9014
v16177,22,9014
v12058,22,9014
v12857,22,9014
v16322,22,9014
v18789,22,9014
v10547,22,9014
v20382,22,9014
v15297,22,9014
v18258,22,9014
v1623,22,9014
v52910,22,9014
v25701,22,9014
v2011,22,9014
v20283,22,9014
v18430,22,9014
v15572,22,9014
v12513,22,9014
v2180,22,9014
v48165,22,9014
v12629,22,9014
v5641,22,9014
v13484,22,9014
v12941,22,9014
v36221,22,9014
v23774,22,9014
v5698,22,9014
v20840,22,9014
v19137,22,9014
v19844,22,9014
v19530,22,9014
v34800,22,9014
v23452,22,9014
v15845,22,9014
v55286,22,9014
v3077,22,9014
v26434,22,9014
v47894,22,9014
v16818,22,9014
v19003,22,9014
v50184,22,9014
v48254,22,9014
v31402,22,9014
v46917,22,9014
v47652,22,9014
v25392,22,9014
v9882,22,9014
v8067,22,9014
v3714,22,9014
v8765,22,9014
v16158,22,9014
v16287,22,9014
v46684,22,9014
v19500,22,9014
v12383,22,9014
v1113,22,9014
v26790,22,9014
v745,22,9014
v19762,22,9014
v46215,22,9014
v4302,22,9014
v6066,22,9014
v24322,22,9014
v32286,22,9014
v19030,22,9014
v29864,22,9014
v9325,22,9014
v19429,22,9014
v1926,22,9014
v1748,22,9014
v36133,22,9014
v15386,22,9014
v4125,22,9014
v9681,22,9014
v8190,22,9014
v14835,22,9014
v26577,22,9014
v502,22,9014
v14768,22,9014
v7944,22,9014
v32923,22,9014
v7704,22,9014
v25174,22,9014
v12928,22,9014
v12374,22,9014
v45332,22,9014
v4892,22,9014
v11897,22,9014
v35968,22,9014
v29851,22,9014
v58179,22,9014
v20423,22,9014
v2347,22,9014
v11984,22,9014
v25216,22,9014
v2552,22,9014
v5178,22,9014
v18971,22,9014
v21837,22,9014
v36053,22,9014
v1794,22,9014
v30547,22,9014
v13916,22,9014
v9704,22,9014
v2633,22,9014
v6419,22,9014
v20102,22,9014
v25657,22,9014
v9789,22,9014
v2878,22,9014
v12179,22,9014
v12001,22,9014
v13330,22,9014
v4494,22,9014
v25361,22,9014
v19572,22,9014
v22724,22,9014
v42048,22,9014
v25438,22,9014
v45917,22,9014
v10122,22,9014
v3822,22,9014
v23241,22,9014
v4861,22,9014
v44235,22,9014
v10711,22,9014
v25175,22,9014
v5858,22,9014
v632,22,9014
v17635,22,9014
v20157,22,9014
v29549,22,9014
v20543,22,9014
v23699,22,9014
v29126,22,9014
v16749,22,9014
v21560,22,9014
v32724,22,9014
v20876,22,9014
v5653,22,9014
v1237,22,9014
v17726,22,9014
v28948,22,9014
v17111,22,9014
v11431,22,9014
v3560,22,9014
v338,22,9014
v4031,22,9014
v16757,22,9014
v5345,22,9014
v8028,22,9014
v5500,22,9014
v7739,22,9014
v11040,22,9014
v35713,22,9014
v39395,22,9014
v4794,22,9014
v51010,22,9014
v21008,22,9014
v3317,22,9014
v3322,22,9014
v6166,22,9014
v10306,22,9014
v48918,22,9014
v19007,22,9014
v22413,22,9014
v11148,22,9014
v5688,22,9014
v51665,22,9014
v20750,22,9014
v4569,22,9014
v30298,22,9014
v26400,22,9014
v2104,22,9014
v1540,22,9014
v18896,22,9014
v29785,22,9014
v30794,22,9014
v7812,22,9014
v39612,22,9014
v27172,22,9014
v21510,22,9014
v15478,22,9014
v1419,22,9014
v31457,22,9014
v10124,22,9014
v294,22,9014
v26593,22,9014
v30970,22,9014
v7603,22,9014
v4724,22,9014
v19247,22,9014
v28252,22,9014
v2049,22,9014
v17940,22,9014
v18479,22,9014
v20859,22,9014
v18457,22,9014
v7237,22,9014
v3283,22,9014
v5271,22,9014
v22107,22,9014
v18203,22,9014
v794,22,9014
v24679,22,9014
v7736,22,9014
v1132,22,9014
v47689,22,9014
v13030,22,9014
v2851,22,9014
v29011,22,9014
v22083,22,9014
v10951,22,9014
v13891,22,9014
v4297,22,9014
v24924,22,9014
v21196,22,9014
v12484,22,9014
v17695,22,9014
v4277,22,9014
v6459,22,9014
v4693,22,9014
v15457,22,9014
v40625,22,9014
v38524,22,9014
v12132,22,9014
v5363,22,9014
v32895,22,9014
v15172,22,9014
v47191,22,9014
v21460,22,9014
v4688,22,9014
v23306,22,9014
v9893,22,9014
v11587,22,9014
v932,22,9014
v16445,22,9014
v6333,22,9014
v5133,22,9014
v18718,22,9014
v16437,22,9014
v833,22,9014
v12401,22,9014
v33871,22,9014
v2165,22,9014
v11299,21,9297
v5660,21,9297
v7421,21,9297
v27286,21,9297
v29029,21,9297
v10113,21,9297
v38616,21,9297
v16594,21,9297
v46976,21,9297
v32477,21,9297
v13852,21,9297
v6974,21,9297
v14939,21,9297
v2721,21,9297
v767,21,9297
v39815,21,9297
v28254,21,9297
v27214,21,9297
v21659,21,9297
v52439,21,9297
v32474,21,9297
v22523,21,9297
v2712,21,9297
v12486,21,9297
v16628,21,9297
v30233,21,9297
v13763,21,9297
v13895,21,9297
v14945,21,9297
v829,21,9297
v5425,21,9297
v2132,21,9297
v19822,21,9297
v50592,21,9297
v33872,21,9297
v1291,21,9297
v45301,21,9297
v33088,21,9297
v4209,21,9297
v676,21,9297
v39979,21,9297
v24531,21,9297
v12389,21,9297
v33907,21,9297
v2518,21,9297
v7091,21,9297
v13919,21,9297
v11010,21,9297
v17205,21,9297
v3459,21,9297
v3348,21,9297
v17568,21,9297
v28032,21,9297
v4116,21,9297
v28091,21,9297
v17558,21,9297
v44593,21,9297
v52798,21,9297
v30218,21,9297
v8176,21,9297
v25391,21,9297
v9266,21,9297
v2061,21,9297
v19968,21,9297
v20422,21,9297
v10166,21,9297
v1625,21,9297
v5257,21,9297
v28963,21,9297
v7117,21,9297
v59919,21,9297
v31671,21,9297
v49470,21,9297
v2425,21,9297
v6908,21,9297
v7912,21,9297
v53551,21,9297
v31306,21,9297
v7123,21,9297
v17546,21,9297
v30490,21,9297
v13686,21,9297
v19794,21,9297
v18031,21,9297
v4204,21,9297
v49061,21,9297
v4251,21,9297
v46264,21,9297
v31404,21,9297
v24130,21,9297
v2517,21,9297
v29531,21,9297
v2055,21,9297
v15507,21,9297
v2674,21,9297
v26041,21,9297
v13183,21,9297
v16753,21,9297
v12841,21,9297
v21322,21,9297
v7326,21,9297
v2479,21,9297
v13667,21,9297
v30589,21,9297
v45663,21,9297
v8194,21,9297
v20401,21,9297
v14816,21,9297
v22722,21,9297
v344,21,9297
v9365,21,9297
v26055,21,9297
v11571,21,9297
v3965,21,9297
v32893,21,9297
v20397,21,9297
v59414,21,9297
v5237,21,9297
v8799,21,9297
v28006,21,9297
v23319,21,9297
v52276,21,9297
v24838,21,9297
v15531,21,9297
v3275,21,9297
v21786,21,9297
v1047,21,9297
v18450,21,9297
v29087,21,9297
v51189,21,9297
v20384,21,9297
v5232,21,9297
v6817,21,9297
v10117,21,9297
v13106,21,9297
v10131,21,9297
v40788,21,9297
v12666,21,9297
v20726,21,9297
v40813,21,9297
v40847,21,9297
v12030,21,9297
v10754,21,9297
v47188,21,9297
v28435,21,9297
v16276,21,9297
v20073,21,9297
v23577,21,9297
v4000,21,9297
v32791,21,9297
v24808,21,9297
v30716,21,9297
v19784,21,9297
v6552,21,9297
v46092,21,9297
v14765,21,9297
v1674,21,9297
v4010,21,9297
v2249,21,9297
v814,21,9297
v35948,21,9297
v22249,21,9297
v25349,21,9297
v5225,21,9297
v2828,21,9297
v12079,21,9297
v13262,21,9297
v22635,21,9297
v17408,21,9297
v20741,21,9297
v6037,21,9297
v17398,21,9297
v45530,21,9297
v19370,21,9297
v856,21,9297
v24911,21,9297
v46794,21,9297
v22991,21,9297
v5044,21,9297
v42129,21,9297
v22649,21,9297
v24798,21,9297
v45507,21,9297
v7732,21,9297
v2844,21,9297
v18303,21,9297
v61037,21,9297
v23754,21,9297
v35185,21,9297
v275,21,9297
v27985,21,9297
v24667,21,9297
v5364,21,9297
v4447,21,9297
v31544,21,9297
v19847,21,9297
v28847,21,9297
v1162,21,9297
v14647,21,9297
v21999,21,9297
v44726,21,9297
v22063,21,9297
v43045,21,9297
v26870,21,9297
v12312,21,9297
v18369,21,9297
v32652,21,9297
v5068,21,9297
v19077,21,9297
v4063,21,9297
v26354,21,9297
v29195,21,9297
v37202,21,9297
v2969,21,9297
v34728,21,9297
v5685,21,9297
v1614,21,9297
v5627,21,9297
v32609,21,9297
v7640,21,9297
v18569,21,9297
v44053,21,9297
v2589,21,9297
v31573,21,9297
v45092,21,9297
v18572,21,9297
v1652,21,9297
v32558,21,9297
v4077,21,9297
v55727,21,9297
v10533,21,9297
v9670,21,9297
v4352,21,9297
v4409,21,9297
v1149,21,9297
v29913,21,9297
v37097,21,9297
v1644,21,9297
v20094,21,9297
v49745,21,9297
v49271,21,9297
v19001,21,9297
v18268,21,9297
v10505,21,9297
v1938,21,9297
v41747,21,9297
v1563,21,9297
v30884,21,9297
v47276,21,9297
v14618,21,9297
v32545,21,9297
v42190,21,9297
v34916,21,9297
v2561,21,9297
v37015,21,9297
v22121,21,9297
v15626,21,9297
v12282,21,9297
v32016,21,9297
v104,21,9297
v18372,21,9297
v36815,21,9297
v22180,21,9297
v34996,21,9297
v30924,21,9297
v9694,21,9297
v17014,21,9297
v19915,21,9297
v8596,21,9297
v15899,21,9297
v24693,21,9297
v53877,21,9297
v32333,21,9297
v19588,21,9297
v12231,21,9297
v2937,21,9297
v20103,21,9297
v48291,21,9297
v49951,21,9297
v36871,21,9297
v7011,21,9297
v23240,21,9297
v36730,21,9297
v55117,21,9297
v1804,21,9297
v1005,21,9297
v1767,21,9297
v10219,21,9297
v16536,21,9297
v2119,21,9297
v2735,21,9297
v45308,21,9297
v30302,21,9297
v14932,21,9297
v33497,21,9297
v13811,21,9297
v42611,21,9297
v13810,21,9297
v11265,21,9297
v3544,21,9297
v26410,21,9297
v5282,21,9297
v2396,21,9297
v42278,21,9297
v30957,21,9297
v29415,21,9297
v26756,21,9297
v26506,21,9297
v7533,21,9297
v15273,21,9297
v33375,21,9297
v31347,21,9297
v30359,21,9297
v31181,21,9297
v5158,20,9611
v22747,20,9611
v21061,20,9611
v22714,20,9611
v23076,20,9611
v21152,20,9611
v22641,20,9611
v22495,20,9611
v21616,20,9611
v21788,20,9611
v21835,20,9611
v22216,20,9611
v21993,20,9611
v22087,20,9611
v22074,20,9611
v1039,20,9611
v1121,20,9611
v1167,20,9611
v58009,20,9611
v1218,20,9611
v1246,20,9611
v1271,20,9611
v1309,20,9611
v1453,20,9611
v57391,20,9611
v57259,20,9611
v1608,20,9611
v1609,20,9611
v1655,20,9611
v1665,20,9611
v1826,20,9611
v9657,20,9611
v4994,20,9611
v1909,20,9611
v1946,20,9611
v2050,20,9611
v2074,20,9611
v2077,20,9611
v2176,20,9611
v2179,20,9611
v2208,20,9611
v2224,20,9611
v4996,20,9611
v61610,20,9611
v55361,20,9611
v2699,20,9611
v2702,20,9611
v2731,20,9611
v2739,20,9611
v55024,20,9611
v2796,20,9611
v2809,20,9611
v2858,20,9611
v2865,20,9611
v2923,20,9611
v2975,20,9611
v3172,20,9611
v54524,20,9611
v3265,20,9611
v54297,20,9611
v3427,20,9611
v53634,20,9611
v3490,20,9611
v53599,20,9611
v3558,20,9611
v53408,20,9611
v3707,20,9611
v52801,20,9611
v3765,20,9611
v3881,20,9611
v3898,20,9611
v3909,20,9611
v4042,20,9611
v4093,20,9611
v4101,20,9611
v4245,20,9611
v4365,20,9611
v51363,20,9611
v4529,20,9611
v4875,20,9611
v4896,20,9611
v194,20,9611
v5004,20,9611
v5035,20,9611
v50399,20,9611
v5121,20,9611
v50165,20,9611
v5269,20,9611
v5319,20,9611
v5322,20,9611
v49683,20,9611
v5507,20,9611
v5850,20,9611
v5917,20,9611
v48281,20,9611
v6044,20,9611
v47986,20,9611
v47642,20,9611
v271,20,9611
v47501,20,9611
v6265,20,9611
v6270,20,9611
v6335,20,9611
v47294,20,9611
v6416,20,9611
v47186,20,9611
v6613,20,9611
v6652,20,9611
v6793,20,9611
v46318,20,9611
v6905,20,9611
v6940,20,9611
v7069,20,9611
v45817,20,9611
v7131,20,9611
v326,20,9611
v45522,20,9611
v7247,20,9611
v46095,20,9611
v45377,20,9611
v7313,20,9611
v7350,20,9611
v349,20,9611
v44731,20,9611
v7565,20,9611
v44271,20,9611
v7686,20,9611
v7709,20,9611
v7814,20,9611
v44058,20,9611
v7908,20,9611
v7936,20,9611
v60276,20,9611
v8030,20,9611
v8134,20,9611
v42413,20,9611
v8586,20,9611
v41695,20,9611
v8813,20,9611
v40501,20,9611
v39997,20,9611
v39403,20,9611
v39325,20,9611
v9147,20,9611
v454,20,9611
v38108,20,9611
v9320,20,9611
v37768,20,9611
v37586,20,9611
v37584,20,9611
v9516,20,9611
v9517,20,9611
v9586,20,9611
v9689,20,9611
v36978,20,9611
v36899,20,9611
v9735,20,9611
v36879,20,9611
v36731,20,9611
v490,20,9611
v9866,20,9611
v10044,20,9611
v10077,20,9611
v512,20,9611
v514,20,9611
v35431,20,9611
v10528,20,9611
v10604,20,9611
v10626,20,9611
v10798,20,9611
v10812,20,9611
v10893,20,9611
v34044,20,9611
v11136,20,9611
v33637,20,9611
v11223,20,9611
v33369,20,9611
v33160,20,9611
v11377,20,9611
v11420,20,9611
v11422,20,9611
v32954,20,9611
v32920,20,9611
v32900,20,9611
v582,20,9611
v11700,20,9611
v32720,20,9611
v11765,20,9611
v11780,20,9611
v32629,20,9611
v32261,20,9611
v12193,20,9611
v12201,20,9611
v12209,20,9611
v12230,20,9611
v12244,20,9611
v12252,20,9611
v12400,20,9611
v12557,20,9611
v12577,20,9611
v12727,20,9611
v12808,20,9611
v12940,20,9611
v31410,20,9611
v13087,20,9611
v13268,20,9611
v31093,20,9611
v31059,20,9611
v31046,20,9611
v30789,20,9611
v30673,20,9611
v30253,20,9611
v13955,20,9611
v14013,20,9611
v14092,20,9611
v14278,20,9611
v29362,20,9611
v29301,20,9611
v704,20,9611
v14736,20,9611
v29103,20,9611
v14777,20,9611
v29072,20,9611
v14866,20,9611
v14900,20,9611
v29028,20,9611
v14909,20,9611
v14958,20,9611
v14990,20,9611
v14994,20,9611
v28861,20,9611
v28764,20,9611
v21208,20,9611
v21209,20,9611
v15369,20,9611
v15515,20,9611
v15565,20,9611
v28325,20,9611
v15745,20,9611
v15772,20,9611
v27969,20,9611
v762,20,9611
v16225,20,9611
v16235,20,9611
v16286,20,9611
v16388,20,9611
v16419,20,9611
v16442,20,9611
v16685,20,9611
v16785,20,9611
v16792,20,9611
v16957,20,9611
v16988,20,9611
v17095,20,9611
v17139,20,9611
v17141,20,9611
v26535,20,9611
v26488,20,9611
v17304,20,9611
v26367,20,9611
v17430,20,9611
v26099,20,9611
v26075,20,9611
v25928,20,9611
v25922,20,9611
v25916,20,9611
v25807,20,9611
v25787,20,9611
v25776,20,9611
v25621,20,9611
v17960,20,9611
v25549,20,9611
v17973,20,9611
v25542,20,9611
v18253,20,9611
v18317,20,9611
v25147,20,9611
v25112,20,9611
v18845,20,9611
v24731,20,9611
v24691,20,9611
v19028,20,9611
v19150,20,9611
v24561,20,9611
v19186,20,9611
v19195,20,9611
v24311,20,9611
v19525,20,9611
v19590,20,9611
v19617,20,9611
v19636,20,9611
v19887,20,9611
v19917,20,9611
v23657,20,9611
v20076,20,9611
v23637,20,9611
v20200,20,9611
v20313,20,9611
v23343,20,9611
v20387,20,9611
v20414,20,9611
v20626,20,9611
v20730,20,9611
v960,20,9611
v20790,20,9611
v22920,20,9611
v20864,20,9611
v20912,20,9611
v22796,20,9611
v18018,19,9920
v29794,19,9920
v21155,19,9920
v53507,19,9920
v28966,19,9920
v46971,19,9920
v47036,19,9920
v52311,19,9920
v23042,19,9920
v407,19,9920
v22753,19,9920
v53446,19,9920
v21394,19,9920
v27684,19,9920
v3556,19,9920
v10782,19,9920
v25569,19,9920
v29659,19,9920
v1277,19,9920
v26803,19,9920
v19147,19,9920
v14328,19,9920
v2238,19,9920
v23078,19,9920
v29020,19,9920
v14345,19,9920
v9415,19,9920
v12623,19,9920
v14914,19,9920
v29592,19,9920
v17572,19,9920
v26250,19,9920
v5391,19,9920
v31712,19,9920
v10577,19,9920
v14389,19,9920
v40197,19,9920
v53298,19,9920
v14405,19,9920
v25962,19,9920
v12644,19,9920
v25617,19,9920
v1447,19,9920
v3597,19,9920
v3619,19,9920
v22412,19,9920
v50652,19,9920
v15988,19,9920
v10037,19,9920
v10541,19,9920
v27637,19,9920
v27624,19,9920
v5266,19,9920
v7942,19,9920
v32827,19,9920
v14882,19,9920
v47185,19,9920
v25930,19,9920
v25929,19,9920
v11442,19,9920
v14528,19,9920
v4759,19,9920
v4837,19,9920
v25718,19,9920
v3848,19,9920
v9576,19,9920
v1677,19,9920
v25915,19,9920
v31663,19,9920
v3710,19,9920
v16439,19,9920
v4854,19,9920
v21376,19,9920
v36791,19,9920
v25773,19,9920
v1672,19,9920
v3743,19,9920
v10556,19,9920
v14832,19,9920
v7838,19,9920
v14630,19,9920
v15834,19,9920
v17641,19,9920
v4871,19,9920
v4982,19,9920
v4874,19,9920
v15978,19,9920
v4887,19,9920
v10568,19,9920
v1881,19,9920
v6312,19,9920
v14791,19,9920
v50857,19,9920
v25819,19,9920
v16379,19,9920
v3793,19,9920
v32109,19,9920
v24312,19,9920
v36155,19,9920
v1430,19,9920
v42395,19,9920
v1215,19,9920
v51599,19,9920
v32062,19,9920
v7808,19,9920
v1210,19,9920
v1423,19,9920
v21212,19,9920
v8498,19,9920
v33213,19,9920
v3245,19,9920
v7687,19,9920
v1642,19,9920
v12929,19,9920
v7645,19,9920
v51267,19,9920
v11804,19,9920
v32231,19,9920
v1127,19,9920
v33280,19,9920
v21168,19,9920
v18929,19,9920
v39597,19,9920
v57560,19,9920
v2476,19,9920
v33351,19,9920
v44359,19,9920
v2520,19,9920
v8266,19,9920
v9016,19,9920
v20137,19,9920
v13072,19,9920
v10639,19,9920
v8732,19,9920
v32015,19,9920
v2555,19,9920
v28452,19,9920
v57451,19,9920
v5650,19,9920
v10634,19,9920
v7527,19,9920
v16888,19,9920
v15687,19,9920
v28471,19,9920
v7491,19,9920
v41377,19,9920
v2617,19,9920
v1090,19,9920
v49055,19,9920
v17157,19,9920
v11234,19,9920
v1088,19,9920
v24231,19,9920
v22138,19,9920
v22928,19,9920
v49975,19,9920
v19506,19,9920
v10627,19,9920
v16102,19,9920
v16026,19,9920
v13250,19,9920
v2761,19,9920
v1999,19,9920
v55005,19,9920
v18688,19,9920
v33722,19,9920
v40668,19,9920
v2852,19,9920
v1008,19,9920
v13396,19,9920
v4568,19,9920
v45294,19,9920
v8251,19,9920
v333,19,9920
v43048,19,9920
v11138,19,9920
v20829,19,9920
v20216,19,9920
v23823,19,9920
v5760,19,9920
v18604,19,9920
v10623,19,9920
v32421,19,9920
v1759,19,9920
v766,19,9920
v1846,19,9920
v2924,19,9920
v4579,19,9920
v2930,19,9920
v7258,19,9920
v28577,19,9920
v2936,19,9920
v5297,19,9920
v21986,19,9920
v5300,19,9920
v35512,19,9920
v26970,19,9920
v21985,19,9920
v13510,19,9920
v24962,19,9920
v9692,19,9920
v659,19,9920
v19531,19,9920
v11083,19,9920
v4191,19,9920
v11082,19,9920
v1750,19,9920
v4521,19,9920
v51578,19,9920
v27800,19,9920
v18461,19,9920
v10464,19,9920
v26445,19,9920
v28628,19,9920
v20275,19,9920
v15618,19,9920
v3023,19,9920
v11636,19,9920
v5304,19,9920
v30591,19,9920
v30588,19,9920
v22486,19,9920
v19798,19,9920
v1746,19,9920
v20281,19,9920
v7103,19,9920
v19310,19,9920
v54651,19,9920
v18373,19,9920
v33922,19,9920
v26420,19,9920
v21440,19,9920
v19298,19,9920
v22240,19,9920
v576,19,9920
v7040,19,9920
v54567,19,9920
v8178,19,9920
v19618,19,9920
v4132,19,9920
v11550,19,9920
v1801,19,9920
v12390,19,9920
v7024,19,9920
v25217,19,9920
v2085,19,9920
v35328,19,9920
v7004,19,9920
v7003,19,9920
v6996,19,9920
v5905,19,9920
v19265,19,9920
v22250,19,9920
v1717,19,9920
v19934,19,9920
v36336,19,9920
v22281,19,9920
v6980,19,9920
v30276,19,9920
v4058,19,9920
v13859,19,9920
v30234,19,9920
v5963,19,9920
v28746,19,9920
v6949,19,9920
v30212,19,9920
v21294,19,9920
v19783,19,9920
v8110,19,9920
v22618,19,9920
v34050,19,9920
v19825,19,9920
v1707,19,9920
v3313,19,9920
v26185,19,9920
v19251,19,9920
v46593,19,9920
v4448,19,9920
v18168,19,9920
v3341,19,9920
v36430,19,9920
v34852,19,9920
v28003,19,9920
v26141,19,9920
v940,19,9920
v3369,19,9920
v18129,19,9920
v14077,19,9920
v26111,19,9920
v34176,19,9920
v12459,19,9920
v22718,19,9920
v6746,19,9920
v9353,19,9920
v22926,19,9920
v36794,19,9920
v5411,19,9920
v25466,19,9920
v941,19,9920
v6715,19,9920
v34280,19,9920
v16702,19,9920
v21400,19,9920
v48026,19,9920
v52214,19,9920
v19775,19,9920
v15053,19,9920
v12485,19,9920
v34718,19,9920
v6059,19,9920
v17494,19,9920
v20458,19,9920
v529,19,9920
v8090,19,9920
v2175,19,9920
v18039,19,9920
v34309,19,9920
v25535,19,9920
v12544,19,9920
v5384,18,10239
v1823,18,10239
v42405,18,10239
v19541,18,10239
v8472,18,10239
v587,18,10239
v35469,18,10239
v1791,18,10239
v8506,18,10239
v10171,18,10239
v24145,18,10239
v1752,18,10239
v9972,18,10239
v19624,18,10239
v8577,18,10239
v15927,18,10239
v1682,18,10239
v411,18,10239
v27893,18,10239
v19678,18,10239
v1662,18,10239
v19741,18,10239
v8643,18,10239
v32610,18,10239
v11818,18,10239
v1619,18,10239
v37349,18,10239
v34684,18,10239
v21461,18,10239
v16078,18,10239
v49163,18,10239
v51790,18,10239
v15914,18,10239
v4266,18,10239
v16105,18,10239
v51797,18,10239
v5290,18,10239
v150,18,10239
v27816,18,10239
v15429,18,10239
v17232,18,10239
v5112,18,10239
v5110,18,10239
v15365,18,10239
v51050,18,10239
v16149,18,10239
v5835,18,10239
v51914,18,10239
v48620,18,10239
v5848,18,10239
v15307,18,10239
v5079,18,10239
v20581,18,10239
v16179,18,10239
v22481,18,10239
v5877,18,10239
v15272,18,10239
v4102,18,10239
v26388,18,10239
v5901,18,10239
v15248,18,10239
v34703,18,10239
v4065,18,10239
v52135,18,10239
v3228,18,10239
v48188,18,10239
v5046,18,10239
v26177,18,10239
v16927,18,10239
v28865,18,10239
v6022,18,10239
v251,18,10239
v20577,18,10239
v10674,18,10239
v3960,18,10239
v28936,18,10239
v16693,18,10239
v5227,18,10239
v52409,18,10239
v14935,18,10239
v27661,18,10239
v22558,18,10239
v27658,18,10239
v21576,18,10239
v16307,18,10239
v52437,18,10239
v6190,18,10239
v199,18,10239
v21383,18,10239
v4672,18,10239
v14858,18,10239
v6217,18,10239
v3841,18,10239
v267,18,10239
v14828,18,10239
v3804,18,10239
v27512,18,10239
v20295,18,10239
v6313,18,10239
v17696,18,10239
v6339,18,10239
v6344,18,10239
v14631,18,10239
v47269,18,10239
v25768,18,10239
v25751,18,10239
v17773,18,10239
v6439,18,10239
v14521,18,10239
v6444,18,10239
v17802,18,10239
v17803,18,10239
v10544,18,10239
v25696,18,10239
v6456,18,10239
v14493,18,10239
v53124,18,10239
v29438,18,10239
v29470,18,10239
v53138,18,10239
v4773,18,10239
v698,18,10239
v4791,18,10239
v4774,18,10239
v4783,18,10239
v53297,18,10239
v47136,18,10239
v47120,18,10239
v25599,18,10239
v17898,18,10239
v29596,18,10239
v3581,18,10239
v27989,18,10239
v34773,18,10239
v17995,18,10239
v3493,18,10239
v29808,18,10239
v53742,18,10239
v29877,18,10239
v20705,18,10239
v23297,18,10239
v14163,18,10239
v9609,18,10239
v21713,18,10239
v14108,18,10239
v25430,18,10239
v688,18,10239
v59409,18,10239
v46797,18,10239
v34154,18,10239
v5215,18,10239
v3361,18,10239
v34140,18,10239
v6801,18,10239
v3352,18,10239
v20400,18,10239
v23314,18,10239
v21784,18,10239
v54128,18,10239
v3311,18,10239
v21303,18,10239
v38057,18,10239
v20964,18,10239
v34034,18,10239
v18212,18,10239
v20948,18,10239
v38100,18,10239
v3263,18,10239
v25360,18,10239
v542,18,10239
v13863,18,10239
v34667,18,10239
v54518,18,10239
v49518,18,10239
v10969,18,10239
v45925,18,10239
v25218,18,10239
v30334,18,10239
v7015,18,10239
v18339,18,10239
v3127,18,10239
v13768,18,10239
v13743,18,10239
v33915,18,10239
v25139,18,10239
v20321,18,10239
v3068,18,10239
v320,18,10239
v13670,18,10239
v13662,18,10239
v9676,18,10239
v18464,18,10239
v21940,18,10239
v18476,18,10239
v18494,18,10239
v7212,18,10239
v9176,18,10239
v329,18,10239
v45533,18,10239
v15710,18,10239
v4374,18,10239
v21969,18,10239
v24955,18,10239
v38621,18,10239
v10657,18,10239
v10182,18,10239
v35681,18,10239
v45376,18,10239
v26973,18,10239
v58514,18,10239
v38767,18,10239
v2871,18,10239
v7333,18,10239
v54895,18,10239
v43246,18,10239
v54920,18,10239
v38891,18,10239
v339,18,10239
v33697,18,10239
v2747,18,10239
v2745,18,10239
v60562,18,10239
v2722,18,10239
v13198,18,10239
v31601,18,10239
v13187,18,10239
v2670,18,10239
v16875,18,10239
v7456,18,10239
v23511,18,10239
v33577,18,10239
v2658,18,10239
v18792,18,10239
v5526,18,10239
v39224,18,10239
v22965,18,10239
v21002,18,10239
v24771,18,10239
v39341,18,10239
v7554,18,10239
v13039,18,10239
v21172,18,10239
v18877,18,10239
v2522,18,10239
v18895,18,10239
v1119,18,10239
v2485,18,10239
v10183,18,10239
v7610,18,10239
v20116,18,10239
v33287,18,10239
v5191,18,10239
v2455,18,10239
v364,18,10239
v35219,18,10239
v26772,18,10239
v12872,18,10239
v1163,18,10239
v11349,18,10239
v12833,18,10239
v626,18,10239
v21144,18,10239
v33151,18,10239
v506,18,10239
v7813,18,10239
v2345,18,10239
v55688,18,10239
v39861,18,10239
v24628,18,10239
v7867,18,10239
v7869,18,10239
v31585,18,10239
v19062,18,10239
v33062,18,10239
v20042,18,10239
v20839,18,10239
v1233,18,10239
v1234,18,10239
v9733,18,10239
v20001,18,10239
v31688,18,10239
v43967,18,10239
v30543,18,10239
v2246,18,10239
v19131,18,10239
v2237,18,10239
v2230,18,10239
v19154,18,10239
v7998,18,10239
v12588,18,10239
v2211,18,10239
v2207,18,10239
v8010,18,10239
v8014,18,10239
v25178,18,10239
v2182,18,10239
v24515,18,10239
v12495,18,10239
v24496,18,10239
v219,18,10239
v31854,18,10239
v26733,18,10239
v19262,18,10239
v1367,18,10239
v12430,18,10239
v24461,18,10239
v43410,18,10239
v40577,18,10239
v10356,18,10239
v8169,18,10239
v12384,18,10239
v12336,18,10239
v8228,18,10239
v2026,18,10239
v19893,18,10239
v580,18,10239
v12302,18,10239
v12301,18,10239
v23854,18,10239
v19875,18,10239
v14691,18,10239
v12175,18,10239
v1872,18,10239
v1450,18,10239
v8367,18,10239
v1454,18,10239
v1470,18,10239
v9978,18,10239
v23914,18,10239
v277,17,10568
v25444,17,10568
v35919,17,10568
v37032,17,10568
v6026,17,10568
v42923,17,10568
v49570,17,10568
v6745,17,10568
v3404,17,10568
v1843,17,10568
v3384,17,10568
v26110,17,10568
v26112,17,10568
v6771,17,10568
v37318,17,10568
v965,17,10568
v49897,17,10568
v10372,17,10568
v34850,17,10568
v6009,17,10568
v20404,17,10568
v54118,17,10568
v10042,17,10568
v32501,17,10568
v5436,17,10568
v11483,17,10568
v21781,17,10568
v51577,17,10568
v19433,17,10568
v1798,17,10568
v493,17,10568
v21406,17,10568
v16220,17,10568
v4008,17,10568
v12578,17,10568
v46374,17,10568
v508,17,10568
v30189,17,10568
v3282,17,10568
v10927,17,10568
v1700,17,10568
v22290,17,10568
v46234,17,10568
v1300,17,10568
v6928,17,10568
v59911,17,10568
v38166,17,10568
v13914,17,10568
v25286,17,10568
v3237,17,10568
v4051,17,10568
v5059,17,10568
v16904,17,10568
v3183,17,10568
v3182,17,10568
v8059,17,10568
v12168,17,10568
v22268,17,10568
v23358,17,10568
v2152,17,10568
v48401,17,10568
v4086,17,10568
v16191,17,10568
v40440,17,10568
v38331,17,10568
v32934,17,10568
v38341,17,10568
v9841,17,10568
v4156,17,10568
v57855,17,10568
v5074,17,10568
v406,17,10568
v7059,17,10568
v45827,17,10568
v22247,17,10568
v57854,17,10568
v30383,17,10568
v3106,17,10568
v30388,17,10568
v15301,17,10568
v3102,17,10568
v10118,17,10568
v23749,17,10568
v45746,17,10568
v3087,17,10568
v24501,17,10568
v26423,17,10568
v5853,17,10568
v35775,17,10568
v3073,17,10568
v864,17,10568
v3061,17,10568
v30513,17,10568
v5461,17,10568
v2146,17,10568
v30575,17,10568
v21003,17,10568
v25107,17,10568
v35307,17,10568
v21898,17,10568
v16729,17,10568
v16732,17,10568
v28638,17,10568
v21915,17,10568
v5094,17,10568
v670,17,10568
v10342,17,10568
v7166,17,10568
v11054,17,10568
v11910,17,10568
v28620,17,10568
v12465,17,10568
v325,17,10568
v16061,17,10568
v18485,17,10568
v2982,17,10568
v5302,17,10568
v22173,17,10568
v19952,17,10568
v1549,17,10568
v13555,17,10568
v2955,17,10568
v867,17,10568
v4190,17,10568
v2949,17,10568
v21050,17,10568
v10260,17,10568
v19782,17,10568
v2112,17,10568
v22504,17,10568
v13508,17,10568
v23080,17,10568
v28582,17,10568
v54834,17,10568
v17005,17,10568
v48830,17,10568
v28571,17,10568
v2919,17,10568
v7282,17,10568
v19855,17,10568
v30905,17,10568
v4218,17,10568
v46094,17,10568
v12032,17,10568
v21149,17,10568
v11137,17,10568
v655,17,10568
v15638,17,10568
v5742,17,10568
v26538,17,10568
v43411,17,10568
v7344,17,10568
v31038,17,10568
v31057,17,10568
v31077,17,10568
v11165,17,10568
v43373,17,10568
v19629,17,10568
v15633,17,10568
v5732,17,10568
v1489,17,10568
v26561,17,10568
v8757,17,10568
v13217,17,10568
v19491,17,10568
v55127,17,10568
v26774,17,10568
v1732,17,10568
v13185,17,10568
v1053,17,10568
v1057,17,10568
v7457,17,10568
v26615,17,10568
v2667,17,10568
v2063,17,10568
v11222,17,10568
v37371,17,10568
v2645,17,10568
v2062,17,10568
v2643,17,10568
v21536,17,10568
v2641,17,10568
v11229,17,10568
v19909,17,10568
v2636,17,10568
v10421,17,10568
v13109,17,10568
v442,17,10568
v13098,17,10568
v35894,17,10568
v2583,17,10568
v2575,17,10568
v7526,17,10568
v5152,17,10568
v2048,17,10568
v9499,17,10568
v51750,17,10568
v31357,17,10568
v612,17,10568
v20131,17,10568
v77,17,10568
v7581,17,10568
v12337,17,10568
v12147,17,10568
v1855,17,10568
v2521,17,10568
v35869,17,10568
v13008,17,10568
v24432,17,10568
v5619,17,10568
v34616,17,10568
v1853,17,10568
v39512,17,10568
v42101,17,10568
v17123,17,10568
v1777,17,10568
v23845,17,10568
v1633,17,10568
v55471,17,10568
v1124,17,10568
v36766,17,10568
v31993,17,10568
v11794,17,10568
v12954,17,10568
v1807,17,10568
v44226,17,10568
v20092,17,10568
v1593,17,10568
v12891,17,10568
v12884,17,10568
v42249,17,10568
v7752,17,10568
v12874,17,10568
v1468,17,10568
v2399,17,10568
v12855,17,10568
v22663,17,10568
v2379,17,10568
v24661,17,10568
v4353,17,10568
v33154,17,10568
v11693,17,10568
v11592,17,10568
v33147,17,10568
v32608,17,10568
v24073,17,10568
v12807,17,10568
v51602,17,10568
v36907,17,10568
v7821,17,10568
v15928,17,10568
v12014,17,10568
v9871,17,10568
v19886,17,10568
v9723,17,10568
v1415,17,10568
v58650,17,10568
v33083,17,10568
v19065,17,10568
v7879,17,10568
v51613,17,10568
v42565,17,10568
v12274,17,10568
v11411,17,10568
v4338,17,10568
v44084,17,10568
v42949,17,10568
v9727,17,10568
v40046,17,10568
v31636,17,10568
v7899,17,10568
v27509,17,10568
v27507,17,10568
v16958,17,10568
v25811,17,10568
v47417,17,10568
v47446,17,10568
v4889,17,10568
v47466,17,10568
v6319,17,10568
v21084,17,10568
v50824,17,10568
v3757,17,10568
v4873,17,10568
v26101,17,10568
v16595,17,10568
v50804,17,10568
v6266,17,10568
v6246,17,10568
v52509,17,10568
v29256,17,10568
v2285,17,10568
v37171,17,10568
v27465,17,10568
v948,17,10568
v14600,17,10568
v47247,17,10568
v22108,17,10568
v52812,17,10568
v17620,17,10568
v25767,17,10568
v4853,17,10568
v6403,17,10568
v805,17,10568
v25917,17,10568
v3865,17,10568
v1676,17,10568
v14525,17,10568
v43980,17,10568
v19542,17,10568
v17813,17,10568
v9909,17,10568
v6466,17,10568
v41816,17,10568
v11443,17,10568
v47180,17,10568
v29440,17,10568
v29448,17,10568
v29456,17,10568
v53126,17,10568
v29483,17,10568
v3631,17,10568
v10687,17,10568
v27642,17,10568
v16488,17,10568
v29484,17,10568
v49828,17,10568
v1689,17,10568
v3620,17,10568
v53162,17,10568
v19110,17,10568
v3889,17,10568
v6521,17,10568
v1692,17,10568
v3891,17,10568
v11882,17,10568
v21357,17,10568
v14393,17,10568
v24602,17,10568
v14905,17,10568
v17887,17,10568
v19118,17,10568
v14381,17,10568
v35964,17,10568
v20529,17,10568
v10212,17,10568
v53322,17,10568
v14911,17,10568
v3895,17,10568
v34410,17,10568
v12637,17,10568
v3900,17,10568
v33002,17,10568
v17900,17,10568
v4403,17,10568
v29600,17,10568
v47775,17,10568
v950,17,10568
v2251,17,10568
v3944,17,10568
v53425,17,10568
v29704,17,10568
v26034,17,10568
v6615,17,10568
v46979,17,10568
v16691,17,10568
v6094,17,10568
v17979,17,10568
v14233,17,10568
v42936,17,10568
v29847,17,10568
v23293,17,10568
v32509,17,10568
v8490,17,10568
v6693,17,10568
v252,17,10568
v6697,17,10568
v15040,17,10568
v4395,17,10568
v5015,17,10568
v16588,17,10568
v28879,17,10568
v42930,17,10568
v16703,17,10568
v53836,17,10568
v29952,17,10568
v59808,16,10954
v9707,16,10954
v33530,16,10954
v51364,16,10954
v16891,16,10954
v26033,16,10954
v17952,16,10954
v2057,16,10954
v22586,16,10954
v5262,16,10954
v4869,16,10954
v1105,16,10954
v6361,16,10954
v4421,16,10954
v41917,16,10954
v18091,16,10954
v2235,16,10954
v15951,16,10954
v10506,16,10954
v13067,16,10954
v4543,16,10954
v7541,16,10954
v30022,16,10954
v3818,16,10954
v32979,16,10954
v29550,16,10954
v24762,16,10954
v4639,16,10954
v3893,16,10954
v3398,16,10954
v28862,16,10954
v13043,16,10954
v9615,16,10954
v24441,16,10954
v6372,16,10954
v5324,16,10954
v22557,16,10954
v12592,16,10954
v1270,16,10954
v28106,16,10954
v21330,16,10954
v37204,16,10954
v14060,16,10954
v6599,16,10954
v51178,16,10954
v1695,16,10954
v3362,16,10954
v42857,16,10954
v5637,16,10954
v20408,16,10954
v4692,16,10954
v34446,16,10954
v47257,16,10954
v15933,16,10954
v15124,16,10954
v1928,16,10954
v13005,16,10954
v7593,16,10954
v34816,16,10954
v21653,16,10954
v6617,16,10954
v36431,16,10954
v9730,16,10954
v5362,16,10954
v8875,16,10954
v48163,16,10954
v18158,16,10954
v52479,16,10954
v30160,16,10954
v2250,16,10954
v28934,16,10954
v6626,16,10954
v46578,16,10954
v7614,16,10954
v4386,16,10954
v16633,16,10954
v43777,16,10954
v56633,16,10954
v4385,16,10954
v18177,16,10954
v8674,16,10954
v15149,16,10954
v11677,16,10954
v21302,16,10954
v40963,16,10954
v20842,16,10954
v40404,16,10954
v27778,16,10954
v781,16,10954
v8397,16,10954
v24537,16,10954
v46257,16,10954
v5981,16,10954
v20380,16,10954
v18214,16,10954
v17394,16,10954
v10646,16,10954
v19095,16,10954
v28343,16,10954
v6916,16,10954
v8051,16,10954
v47635,16,10954
v12692,16,10954
v8680,16,10954
v46222,16,10954
v16005,16,10954
v19710,16,10954
v13917,16,10954
v12958,16,10954
v6539,16,10954
v1640,16,10954
v20732,16,10954
v26300,16,10954
v5961,16,10954
v25293,16,10954
v11309,16,10954
v8595,16,10954
v55519,16,10954
v22795,16,10954
v12938,16,10954
v44284,16,10954
v21370,16,10954
v16199,16,10954
v19706,16,10954
v2434,16,10954
v23357,16,10954
v14373,16,10954
v11816,16,10954
v18952,16,10954
v5950,16,10954
v13841,16,10954
v45953,16,10954
v19556,16,10954
v12307,16,10954
v5457,16,10954
v15685,16,10954
v33260,16,10954
v22778,16,10954
v22946,16,10954
v18955,16,10954
v17342,16,10954
v26736,16,10954
v28672,16,10954
v2420,16,10954
v47650,16,10954
v25716,16,10954
v5190,16,10954
v26923,16,10954
v7740,16,10954
v780,16,10954
v7049,16,10954
v7746,16,10954
v41529,16,10954
v12878,16,10954
v35722,16,10954
v13772,16,10954
v16643,16,10954
v21586,16,10954
v21427,16,10954
v45822,16,10954
v14148,16,10954
v26853,16,10954
v48604,16,10954
v30386,16,10954
v1161,16,10954
v10400,16,10954
v22231,16,10954
v6630,16,10954
v15739,16,10954
v40483,16,10954
v3099,16,10954
v33208,16,10954
v5175,16,10954
v32487,16,10954
v12299,16,10954
v53793,16,10954
v16538,16,10954
v44183,16,10954
v425,16,10954
v40243,16,10954
v14519,16,10954
v607,16,10954
v25131,16,10954
v2003,16,10954
v20939,16,10954
v36187,16,10954
v33167,16,10954
v18439,16,10954
v18440,16,10954
v9767,16,10954
v1209,16,10954
v44163,16,10954
v16661,16,10954
v19098,16,10954
v28311,16,10954
v22208,16,10954
v20798,16,10954
v20302,16,10954
v10690,16,10954
v51925,16,10954
v11437,16,10954
v17289,16,10954
v865,16,10954
v7931,16,10954
v23943,16,10954
v3455,16,10954
v15570,16,10954
v36072,16,10954
v2349,16,10954
v54797,16,10954
v22670,16,10954
v20060,16,10954
v5830,16,10954
v24372,16,10954
v2263,16,10954
v13615,16,10954
v469,16,10954
v21481,16,10954
v10323,16,10954
v16474,16,10954
v2998,16,10954
v11853,16,10954
v34404,16,10954
v37850,16,10954
v33131,16,10954
v29793,16,10954
v30723,16,10954
v34252,16,10954
v12446,16,10954
v186,16,10954
v7835,16,10954
v24481,16,10954
v2957,16,10954
v1669,16,10954
v13545,16,10954
v11078,16,10954
v330,16,10954
v7854,16,10954
v4377,16,10954
v1517,16,10954
v4192,16,10954
v7859,16,10954
v27063,16,10954
v26464,16,10954
v25591,16,10954
v31576,16,10954
v19946,16,10954
v35281,16,10954
v30821,16,10954
v22385,16,10954
v33848,16,10954
v24958,16,10954
v10579,16,10954
v12440,16,10954
v23084,16,10954
v10620,16,10954
v50325,16,10954
v33843,16,10954
v12438,16,10954
v4201,16,10954
v1792,16,10954
v36742,16,10954
v7253,16,10954
v19384,16,10954
v4583,16,10954
v38652,16,10954
v36874,16,10954
v1950,16,10954
v34257,16,10954
v45419,16,10954
v15704,16,10954
v12738,16,10954
v8612,16,10954
v11119,16,10954
v2918,16,10954
v20225,16,10954
v13472,16,10954
v34721,16,10954
v51274,16,10954
v1876,16,10954
v13460,16,10954
v15985,16,10954
v35029,16,10954
v48899,16,10954
v14330,16,10954
v59022,16,10954
v30922,16,10954
v7887,16,10954
v28541,16,10954
v20613,16,10954
v2301,16,10954
v50476,16,10954
v48955,16,10954
v5747,16,10954
v7891,16,10954
v30956,16,10954
v5173,16,10954
v1003,16,10954
v30968,16,10954
v24134,16,10954
v1513,16,10954
v23482,16,10954
v5579,16,10954
v26100,16,10954
v47844,16,10954
v7328,16,10954
v2862,16,10954
v14957,16,10954
v2298,16,10954
v26542,16,10954
v52349,16,10954
v4246,16,10954
v187,16,10954
v36169,16,10954
v7362,16,10954
v1243,16,10954
v1805,16,10954
v14445,16,10954
v7373,16,10954
v4525,16,10954
v45174,16,10954
v28527,16,10954
v45112,16,10954
v19991,16,10954
v12624,16,10954
v550,16,10954
v18672,16,10954
v14776,16,10954
v4249,16,10954
v14788,16,10954
v2791,16,10954
v17013,16,10954
v52713,16,10954
v10781,16,10954
v2759,16,10954
v31146,16,10954
v974,16,10954
v26567,16,10954
v5725,16,10954
v5515,16,10954
v1948,16,10954
v19625,16,10954
v18745,16,10954
v19622,16,10954
v13221,16,10954
v8430,16,10954
v3784,16,10954
v2696,16,10954
v6303,16,10954
v10647,16,10954
v641,16,10954
v21019,16,10954
v2682,16,10954
v446,16,10954
v32436,16,10954
v10218,16,10954
v16311,16,10954
v39001,16,10954
v29107,16,10954
v22556,16,10954
v17055,16,10954
v6309,16,10954
v19288,16,10954
v2078,16,10954
v8187,16,10954
v28391,16,10954
v19083,16,10954
v1741,16,10954
v5357,16,10954
v13167,16,10954
v6314,16,10954
v1250,16,10954
v47171,16,10954
v6510,16,10954
v58245,16,10954
v17649,16,10954
v4983,16,10954
v3225,16,10954
v52715,16,10954
v14418,16,10954
v47344,16,10954
v2637,16,10954
v12519,16,10954
v16403,16,10954
v31291,16,10954
v28505,16,10954
v2627,16,10954
v50210,16,10954
v10631,16,10954
v34614,16,10954
v14810,16,10954
v7490,16,10954
v16088,16,10954
v3876,16,10954
v1749,16,10954
v29955,16,10954
v44006,16,10954
v10418,16,10954
v18827,16,10954
v32883,15,11353
v16865,15,11353
v5223,15,11353
v27962,15,11353
v27956,15,11353
v27015,15,11353
v5177,15,11353
v5176,15,11353
v27894,15,11353
v5171,15,11353
v16084,15,11353
v5146,15,11353
v51148,15,11353
v5131,15,11353
v50263,15,11353
v16759,15,11353
v50317,15,11353
v37414,15,11353
v23220,15,11353
v27797,15,11353
v27073,15,11353
v16200,15,11353
v5038,15,11353
v27774,15,11353
v5037,15,11353
v27753,15,11353
v16705,15,11353
v5014,15,11353
v27130,15,11353
v27687,15,11353
v21579,15,11353
v4670,15,11353
v34540,15,11353
v4699,15,11353
v4701,15,11353
v16368,15,11353
v10224,15,11353
v16415,15,11353
v50736,15,11353
v50706,15,11353
v4839,15,11353
v4807,15,11353
v16485,15,11353
v4805,15,11353
v16524,15,11353
v27442,15,11353
v37724,15,11353
v22386,15,11353
v10774,15,11353
v22379,15,11353
v21638,15,11353
v20492,15,11353
v20459,15,11353
v10826,15,11353
v21724,15,11353
v20427,15,11353
v36436,15,11353
v20412,15,11353
v35753,15,11353
v38026,15,11353
v34102,15,11353
v22773,15,11353
v21816,15,11353
v21820,15,11353
v10964,15,11353
v23371,15,11353
v10120,15,11353
v38436,15,11353
v38513,15,11353
v33865,15,11353
v10111,15,11353
v38522,15,11353
v23421,15,11353
v10109,15,11353
v21966,15,11353
v38602,15,11353
v11104,15,11353
v33837,15,11353
v22081,15,11353
v20221,15,11353
v11142,15,11353
v38883,15,11353
v1016,15,11353
v58305,15,11353
v23500,15,11353
v1048,15,11353
v444,15,11353
v9070,15,11353
v11228,15,11353
v553,15,11353
v33519,15,11353
v39656,15,11353
v8645,15,11353
v1148,15,11353
v20090,15,11353
v11340,15,11353
v1182,15,11353
v39824,15,11353
v39829,15,11353
v22665,15,11353
v1227,15,11353
v40018,15,11353
v20008,15,11353
v21141,15,11353
v40461,15,11353
v23750,15,11353
v1332,15,11353
v22666,15,11353
v36751,15,11353
v57810,15,11353
v1396,15,11353
v10090,15,11353
v8797,15,11353
v19858,15,11353
v32810,15,11353
v1477,15,11353
v32794,15,11353
v32759,15,11353
v8718,15,11353
v19789,15,11353
v32693,15,11353
v32688,15,11353
v1586,15,11353
v11789,15,11353
v19711,15,11353
v19704,15,11353
v19696,15,11353
v8619,15,11353
v1688,15,11353
v1699,15,11353
v41980,15,11353
v35485,15,11353
v1711,15,11353
v19638,15,11353
v19631,15,11353
v42037,15,11353
v57062,15,11353
v19621,15,11353
v11971,15,11353
v11976,15,11353
v32304,15,11353
v56750,15,11353
v1818,15,11353
v8427,15,11353
v8422,15,11353
v12103,15,11353
v8409,15,11353
v8408,15,11353
v12113,15,11353
v19519,15,11353
v19515,15,11353
v1844,15,11353
v32134,15,11353
v1906,15,11353
v1922,15,11353
v1930,15,11353
v8324,15,11353
v42884,15,11353
v42886,15,11353
v1943,15,11353
v1947,15,11353
v32043,15,11353
v24386,15,11353
v19392,15,11353
v56537,15,11353
v2010,15,11353
v12372,15,11353
v12405,15,11353
v56239,15,11353
v19276,15,11353
v2096,15,11353
v890,15,11353
v19240,15,11353
v12471,15,11353
v12556,15,11353
v2212,15,11353
v12584,15,11353
v24591,15,11353
v12631,15,11353
v501,15,11353
v7933,15,11353
v36159,15,11353
v7926,15,11353
v19088,15,11353
v621,15,11353
v7884,15,11353
v7872,15,11353
v9726,15,11353
v12820,15,11353
v55575,15,11353
v2381,15,11353
v31476,15,11353
v12886,15,11353
v23104,15,11353
v2424,15,11353
v2435,15,11353
v18932,15,11353
v7638,15,11353
v18904,15,11353
v31602,15,11353
v31381,15,11353
v2545,15,11353
v2547,15,11353
v13063,15,11353
v13064,15,11353
v2602,15,11353
v2612,15,11353
v31305,15,11353
v31300,15,11353
v2624,15,11353
v353,15,11353
v44758,15,11353
v2638,15,11353
v31268,15,11353
v44838,15,11353
v13186,15,11353
v35780,15,11353
v2694,15,11353
v2701,15,11353
v44996,15,11353
v18746,15,11353
v2743,15,11353
v7427,15,11353
v2752,15,11353
v18714,15,11353
v2775,15,11353
v31127,15,11353
v13296,15,11353
v45111,15,11353
v13333,15,11353
v873,15,11353
v13341,15,11353
v2850,15,11353
v31043,15,11353
v2867,15,11353
v7322,15,11353
v24882,15,11353
v24891,15,11353
v18607,15,11353
v24903,15,11353
v18538,15,11353
v14665,15,11353
v13516,15,11353
v22997,15,11353
v30752,15,11353
v54813,15,11353
v668,15,11353
v3004,15,11353
v3006,15,11353
v25105,15,11353
v30560,15,11353
v54739,15,11353
v30511,15,11353
v13696,15,11353
v3064,15,11353
v13722,15,11353
v3101,15,11353
v3108,15,11353
v13769,15,11353
v30380,15,11353
v7019,15,11353
v30337,15,11353
v3169,15,11353
v3173,15,11353
v45975,15,11353
v3196,15,11353
v13870,15,11353
v13889,15,11353
v3261,15,11353
v21283,15,11353
v25364,15,11353
v46307,15,11353
v9855,15,11353
v18171,15,11353
v18167,15,11353
v3342,15,11353
v25389,15,11353
v21309,15,11353
v18119,15,11353
v3403,15,11353
v25485,15,11353
v18030,15,11353
v18017,15,11353
v46912,15,11353
v3498,15,11353
v14236,15,11353
v6606,15,11353
v47055,15,11353
v10531,15,11353
v47103,15,11353
v17908,15,11353
v29562,15,11353
v20688,15,11353
v23052,15,11353
v29526,15,11353
v29521,15,11353
v53202,15,11353
v6505,15,11353
v25640,15,11353
v14444,15,11353
v14452,15,11353
v29476,15,11353
v6469,15,11353
v6468,15,11353
v29374,15,11353
v28376,15,11353
v52881,15,11353
v47242,15,11353
v29272,15,11353
v23062,15,11353
v14608,15,11353
v52773,15,11353
v6377,15,11353
v6373,15,11353
v52745,15,11353
v29244,15,11353
v52728,15,11353
v6349,15,11353
v6345,15,11353
v3769,15,11353
v6320,15,11353
v29140,15,11353
v6310,15,11353
v22707,15,11353
v47430,15,11353
v3820,15,11353
v52551,15,11353
v3836,15,11353
v14830,15,11353
v3849,15,11353
v52441,15,11353
v29038,15,11353
v21065,15,11353
v6158,15,11353
v3905,15,11353
v14933,15,11353
v14938,15,11353
v14952,15,11353
v26025,15,11353
v26030,15,11353
v17514,15,11353
v17513,15,11353
v3961,15,11353
v52266,15,11353
v3981,15,11353
v6025,15,11353
v26113,15,11353
v28839,15,11353
v3999,15,11353
v4005,15,11353
v17433,15,11353
v20652,15,11353
v48228,15,11353
v4026,15,11353
v26275,15,11353
v26279,15,11353
v26283,15,11353
v23071,15,11353
v5966,15,11353
v28774,15,11353
v4044,15,11353
v28742,15,11353
v48341,15,11353
v28704,15,11353
v26379,15,11353
v14645,15,11353
v15283,15,11353
v815,15,11353
v28601,15,11353
v48809,15,11353
v28580,15,11353
v30546,15,11353
v5773,15,11353
v28559,15,11353
v5766,15,11353
v51836,15,11353
v5714,15,11353
v5699,15,11353
v49098,15,11353
v17152,15,11353
v17150,15,11353
v17148,15,11353
v20895,15,11353
v10645,15,11353
v5613,15,11353
v223,15,11353
v49317,15,11353
v17078,15,11353
v28344,15,11353
v17067,15,11353
v21476,15,11353
v17056,15,11353
v15666,15,11353
v49462,15,11353
v15709,15,11353
v5494,15,11353
v4376,15,11353
v5469,15,11353
v20877,15,11353
v16986,15,11353
v26786,15,11353
v4394,15,11353
v16976,15,11353
v5379,15,11353
v4411,15,11353
v10670,15,11353
v5358,15,11353
v4450,15,11353
v21498,15,11353
v16887,15,11353
v28033,15,11353
v4464,15,11353
v5251,15,11353
v23515,14,11766
v16929,14,11766
v6255,14,11766
v19801,14,11766
v50242,14,11766
v891,14,11766
v37293,14,11766
v36606,14,11766
v14811,14,11766
v4393,14,11766
v32723,14,11766
v57872,14,11766
v27517,14,11766
v52689,14,11766
v17663,14,11766
v39161,14,11766
v27807,14,11766
v1565,14,11766
v34693,14,11766
v52711,14,11766
v7945,14,11766
v39000,14,11766
v50559,14,11766
v4198,14,11766
v20960,14,11766
v3785,14,11766
v2678,14,11766
v7150,14,11766
v13364,14,11766
v31048,14,11766
v5093,14,11766
v2837,14,11766
v17282,14,11766
v3778,14,11766
v55060,14,11766
v29152,14,11766
v1389,14,11766
v28280,14,11766
v29161,14,11766
v17286,14,11766
v12393,14,11766
v1566,14,11766
v2829,14,11766
v4888,14,11766
v43325,14,11766
v6321,14,11766
v47367,14,11766
v31066,14,11766
v7365,14,11766
v7366,14,11766
v22563,14,11766
v36613,14,11766
v22766,14,11766
v1384,14,11766
v7914,14,11766
v16600,14,11766
v8697,14,11766
v42651,14,11766
v8894,14,11766
v6354,14,11766
v47278,14,11766
v13337,14,11766
v52741,14,11766
v48609,14,11766
v16955,14,11766
v28348,14,11766
v29252,14,11766
v7370,14,11766
v22161,14,11766
v33846,14,11766
v866,14,11766
v19761,14,11766
v21375,14,11766
v31096,14,11766
v14597,14,11766
v32554,14,11766
v24463,14,11766
v1245,14,11766
v5083,14,11766
v591,14,11766
v7391,14,11766
v6389,14,11766
v20558,14,11766
v2295,14,11766
v4419,14,11766
v15278,14,11766
v12188,14,11766
v45503,14,11766
v17749,14,11766
v51953,14,11766
v32434,14,11766
v12100,14,11766
v40003,14,11766
v51955,14,11766
v30834,14,11766
v4753,14,11766
v6413,14,11766
v2814,14,11766
v4145,14,11766
v16447,14,11766
v14535,14,11766
v15540,14,11766
v19066,14,11766
v11945,14,11766
v7116,14,11766
v19266,14,11766
v12737,14,11766
v15980,14,11766
v12739,14,11766
v39926,14,11766
v16194,14,11766
v18686,14,11766
v12743,14,11766
v51460,14,11766
v1224,14,11766
v20989,14,11766
v48414,14,11766
v4068,14,11766
v21497,14,11766
v52911,14,11766
v7181,14,11766
v31101,14,11766
v14502,14,11766
v2111,14,11766
v25691,14,11766
v2312,14,11766
v244,14,11766
v19689,14,11766
v1437,14,11766
v14491,14,11766
v1654,14,11766
v52961,14,11766
v45500,14,11766
v55001,14,11766
v21490,14,11766
v21421,14,11766
v17368,14,11766
v53075,14,11766
v42246,14,11766
v7389,14,11766
v10091,14,11766
v4492,14,11766
v7443,14,11766
v18585,14,11766
v4815,14,11766
v31117,14,11766
v32197,14,11766
v5174,14,11766
v5184,14,11766
v9722,14,11766
v12779,14,11766
v9702,14,11766
v6485,14,11766
v50075,14,11766
v14446,14,11766
v2991,14,11766
v5428,14,11766
v5233,14,11766
v831,14,11766
v39839,14,11766
v12789,14,11766
v19788,14,11766
v36882,14,11766
v14423,14,11766
v4778,14,11766
v28469,14,11766
v53204,14,11766
v4782,14,11766
v8516,14,11766
v16505,14,11766
v1983,14,11766
v25056,14,11766
v6527,14,11766
v7820,14,11766
v53295,14,11766
v2141,14,11766
v2142,14,11766
v14402,14,11766
v4039,14,11766
v21113,14,11766
v2145,14,11766
v22405,14,11766
v37619,14,11766
v47133,14,11766
v9910,14,11766
v34704,14,11766
v7492,14,11766
v20507,14,11766
v52060,14,11766
v17396,14,11766
v24101,14,11766
v1645,14,11766
v4415,14,11766
v15915,14,11766
v21160,14,11766
v14362,14,11766
v4367,14,11766
v49132,14,11766
v34379,14,11766
v54747,14,11766
v4151,14,11766
v4482,14,11766
v5172,14,11766
v2616,14,11766
v13214,14,11766
v58087,14,11766
v12835,14,11766
v2378,14,11766
v30626,14,11766
v26189,14,11766
v9836,14,11766
v16776,14,11766
v30881,14,11766
v1175,14,11766
v29696,14,11766
v7157,14,11766
v37758,14,11766
v29701,14,11766
v15484,14,11766
v34363,14,11766
v2725,14,11766
v11509,14,11766
v26140,14,11766
v7285,14,11766
v15107,14,11766
v26129,14,11766
v47037,14,11766
v22701,14,11766
v19431,14,11766
v6598,14,11766
v3998,14,11766
v2398,14,11766
v19724,14,11766
v9084,14,11766
v4268,14,11766
v1929,14,11766
v12050,14,11766
v5192,14,11766
v22754,14,11766
v26119,14,11766
v422,14,11766
v36172,14,11766
v46978,14,11766
v6625,14,11766
v20657,14,11766
v15881,14,11766
v21674,14,11766
v20875,14,11766
v23609,14,11766
v32081,14,11766
v53546,14,11766
v30906,14,11766
v46948,14,11766
v13568,14,11766
v3481,14,11766
v36768,14,11766
v4255,14,11766
v6024,14,11766
v20272,14,11766
v990,14,11766
v24533,14,11766
v15645,14,11766
v25531,14,11766
v4254,14,11766
v2639,14,11766
v1880,14,11766
v19194,14,11766
v5119,14,11766
v5118,14,11766
v1933,14,11766
v29929,14,11766
v28405,14,11766
v13229,14,11766
v43673,14,11766
v27034,14,11766
v942,14,11766
v22595,14,11766
v20093,14,11766
v19190,14,11766
v25501,14,11766
v42566,14,11766
v18081,14,11766
v28236,14,11766
v24813,14,11766
v54840,14,11766
v14682,14,11766
v34222,14,11766
v19188,14,11766
v54799,14,11766
v16255,14,11766
v1622,14,11766
v1937,14,11766
v14125,14,11766
v4530,14,11766
v28543,14,11766
v18101,14,11766
v11314,14,11766
v8039,14,11766
v35992,14,11766
v1638,14,11766
v28242,14,11766
v14094,14,11766
v1481,14,11766
v5434,14,11766
v26734,14,11766
v14090,14,11766
v17499,14,11766
v15026,14,11766
v468,14,11766
v24173,14,11766
v25400,14,11766
v2640,14,11766
v3373,14,11766
v5007,14,11766
v1768,14,11766
v1941,14,11766
v533,14,11766
v3010,14,11766
v3363,14,11766
v33273,14,11766
v21756,14,11766
v8992,14,11766
v12959,14,11766
v302,14,11766
v8227,14,11766
v21785,14,11766
v20213,14,11766
v8017,14,11766
v19969,14,11766
v4653,14,11766
v995,14,11766
v21304,14,11766
v7635,14,11766
v6108,14,11766
v32322,14,11766
v5182,14,11766
v32713,14,11766
v38046,14,11766
v51179,14,11766
v12980,14,11766
v25379,14,11766
v3942,14,11766
v15410,14,11766
v18184,14,11766
v34581,14,11766
v28168,14,11766
v54843,14,11766
v513,14,11766
v22146,14,11766
v13404,14,11766
v19901,14,11766
v30188,14,11766
v25370,14,11766
v6128,14,11766
v33350,14,11766
v2486,14,11766
v54239,14,11766
v3270,14,11766
v3922,14,11766
v40739,14,11766
v9305,14,11766
v1431,14,11766
v8781,14,11766
v20959,14,11766
v22916,14,11766
v36666,14,11766
v25351,14,11766
v13924,14,11766
v4315,14,11766
v38176,14,11766
v2501,14,11766
v25341,14,11766
v2672,14,11766
v23568,14,11766
v7584,14,11766
v8647,14,11766
v13902,14,11766
v31382,14,11766
v3029,14,11766
v3251,14,11766
v28568,14,11766
v38411,14,11766
v2217,14,11766
v18245,14,11766
v31005,14,11766
v31026,14,11766
v10723,14,11766
v35181,14,11766
v20918,14,11766
v39402,14,11766
v3209,14,11766
v30263,14,11766
v18870,14,11766
v29026,14,11766
v13865,14,11766
v10952,14,11766
v30286,14,11766
v13850,14,11766
v20863,14,11766
v54516,14,11766
v25950,14,11766
v15389,14,11766
v20187,14,11766
v1112,14,11766
v31359,14,11766
v50477,14,11766
v29032,14,11766
v5399,14,11766
v27965,14,11766
v3168,14,11766
v24453,14,11766
v4397,14,11766
v50190,14,11766
v15973,14,11766
v47643,14,11766
v15634,14,11766
v19911,14,11766
v11626,14,11766
v34538,14,11766
v3846,14,11766
v3156,14,11766
v40725,14,11766
v6223,14,11766
v3122,14,11766
v197,14,11766
v16345,14,11766
v10997,14,11766
v3116,14,11766
v47580,14,11766
v38367,14,11766
v15384,14,11766
v11562,14,11766
v32069,14,11766
v5180,14,11766
v20333,14,11766
v22785,14,11766
v27809,14,11766
v15904,14,11766
v7083,14,11766
v30420,14,11766
v2642,14,11766
v9629,14,11766
v6248,14,11766
v356,14,11766
v2244,14,11766
v30443,14,11766
v12171,14,11766
v20146,14,11766
v5179,14,11766
v34982,14,11766
v3076,14,11766
v16786,14,11766
v40201,14,11766
v11560,14,11766
v34035,13,12220
v36665,13,12220
v46255,13,12220
v6913,13,12220
v2500,13,12220
v24362,13,12220
v8504,13,12220
v18887,13,12220
v54366,13,12220
v25326,13,12220
v1116,13,12220
v809,13,12220
v46062,13,12220
v1114,13,12220
v55358,13,12220
v3221,13,12220
v1471,13,12220
v30288,13,12220
v22279,13,12220
v33991,13,12220
v23904,13,12220
v26930,13,12220
v18293,13,12220
v25241,13,12220
v5401,13,12220
v7543,13,12220
v3158,13,12220
v30343,13,12220
v49485,13,12220
v1106,13,12220
v17688,13,12220
v33948,13,12220
v54602,13,12220
v10993,13,12220
v13764,13,12220
v20335,13,12220
v3105,13,12220
v2582,13,12220
v33920,13,12220
v33520,13,12220
v45761,13,12220
v7090,13,12220
v11246,13,12220
v15619,13,12220
v32067,13,12220
v54685,13,12220
v45713,13,12220
v10255,13,12220
v15613,13,12220
v7502,13,12220
v34961,13,12220
v28346,13,12220
v51670,13,12220
v18404,13,12220
v36574,13,12220
v30485,13,12220
v3045,13,12220
v22215,13,12220
v38451,13,12220
v7141,13,12220
v7143,13,12220
v51272,13,12220
v18451,13,12220
v17092,13,12220
v1952,13,12220
v9062,13,12220
v1089,13,12220
v26766,13,12220
v49329,13,12220
v912,13,12220
v9197,13,12220
v22664,13,12220
v7173,13,12220
v22169,13,12220
v2980,13,12220
v18496,13,12220
v2978,13,12220
v37311,13,12220
v7209,13,12220
v32041,13,12220
v25021,13,12220
v25015,13,12220
v11075,13,12220
v11076,13,12220
v35674,13,12220
v4307,13,12220
v39074,13,12220
v28352,13,12220
v7228,13,12220
v26675,13,12220
v20747,13,12220
v5597,13,12220
v30803,13,12220
v38550,13,12220
v35154,13,12220
v30813,13,12220
v9081,13,12220
v2687,13,12220
v36122,13,12220
v7249,13,12220
v22977,13,12220
v26668,13,12220
v30850,13,12220
v2925,13,12220
v18562,13,12220
v18563,13,12220
v1032,13,12220
v33803,13,12220
v7289,13,12220
v22979,13,12220
v31166,13,12220
v20180,13,12220
v30914,13,12220
v2741,13,12220
v10105,13,12220
v24885,13,12220
v11141,13,12220
v2870,13,12220
v10440,13,12220
v23494,13,12220
v31598,13,12220
v31001,13,12220
v31036,13,12220
v1011,13,12220
v40681,13,12220
v2760,13,12220
v45258,13,12220
v37274,13,12220
v2766,13,12220
v55077,13,12220
v7349,13,12220
v33730,13,12220
v27977,13,12220
v2819,13,12220
v54914,13,12220
v11171,13,12220
v13318,13,12220
v54918,13,12220
v18692,13,12220
v20767,13,12220
v33720,13,12220
v27974,13,12220
v10431,13,12220
v22521,13,12220
v26638,13,12220
v4279,13,12220
v32813,13,12220
v15514,13,12220
v5664,13,12220
v28473,13,12220
v4278,13,12220
v203,13,12220
v15500,13,12220
v49083,13,12220
v2005,13,12220
v5689,13,12220
v12300,13,12220
v32818,13,12220
v4272,13,12220
v36064,13,12220
v26619,13,12220
v11583,13,12220
v51309,13,12220
v5709,13,12220
v26608,13,12220
v15470,13,12220
v32215,13,12220
v26564,13,12220
v40639,13,12220
v16107,13,12220
v2028,13,12220
v16110,13,12220
v26247,13,12220
v11574,13,12220
v17211,13,12220
v32820,13,12220
v51842,13,12220
v15422,13,12220
v51478,13,12220
v4220,13,12220
v48939,13,12220
v208,13,12220
v48925,13,12220
v5776,13,12220
v48923,13,12220
v28566,13,12220
v5945,13,12220
v12351,13,12220
v23808,13,12220
v48889,13,12220
v43157,13,12220
v4582,13,12220
v56253,13,12220
v17246,13,12220
v11978,13,12220
v10167,13,12220
v32156,13,12220
v19913,13,12220
v577,13,12220
v34626,13,12220
v51112,13,12220
v5829,13,12220
v50343,13,12220
v8177,13,12220
v42315,13,12220
v4183,13,12220
v11713,13,12220
v57036,13,12220
v48624,13,12220
v8549,13,12220
v17288,13,12220
v51918,13,12220
v22834,13,12220
v21514,13,12220
v2086,13,12220
v5859,13,12220
v16170,13,12220
v12409,13,12220
v57828,13,12220
v27787,13,12220
v21207,13,12220
v1372,13,12220
v8709,13,12220
v5903,13,12220
v5912,13,12220
v2102,13,12220
v2109,13,12220
v5933,13,12220
v8120,13,12220
v8708,13,12220
v8114,13,12220
v50376,13,12220
v4621,13,12220
v15219,13,12220
v24483,13,12220
v24260,13,12220
v5057,13,12220
v2134,13,12220
v28737,13,12220
v22472,13,12220
v4623,13,12220
v26896,13,12220
v22719,13,12220
v28775,13,12220
v28777,13,12220
v31855,13,12220
v12470,13,12220
v15174,13,12220
v4032,13,12220
v4027,13,12220
v4444,13,12220
v4025,13,12220
v24489,13,12220
v26192,13,12220
v60817,13,12220
v21029,13,12220
v20609,13,12220
v26164,13,12220
v1315,13,12220
v26132,13,12220
v20992,13,12220
v35303,13,12220
v43593,13,12220
v42022,13,12220
v1830,13,12220
v5032,13,12220
v16237,13,12220
v8463,13,12220
v615,13,12220
v5939,13,12220
v12048,13,12220
v6031,13,12220
v41994,13,12220
v6036,13,12220
v12516,13,12220
v26106,13,12220
v6042,13,12220
v22829,13,12220
v40424,13,12220
v5023,13,12220
v509,13,12220
v27118,13,12220
v1806,13,12220
v3980,13,12220
v26074,13,12220
v52265,13,12220
v36251,13,12220
v26050,13,12220
v5509,13,12220
v2202,13,12220
v20664,13,12220
v37205,13,12220
v5542,13,12220
v34723,13,12220
v8005,13,12220
v3250,13,12220
v26005,13,12220
v58598,13,12220
v1294,13,12220
v32947,13,12220
v40254,13,12220
v49889,13,12220
v5548,13,12220
v43802,13,12220
v47822,13,12220
v28105,13,12220
v4963,13,12220
v6185,13,12220
v52438,13,12220
v47657,13,12220
v16642,13,12220
v16346,13,12220
v12618,13,12220
v32707,13,12220
v4354,13,12220
v3837,13,12220
v2243,13,12220
v50521,13,12220
v5341,13,12220
v35301,13,12220
v16928,13,12220
v4916,13,12220
v19641,13,12220
v4700,13,12220
v47473,13,12220
v50538,13,12220
v32110,13,12220
v17664,13,12220
v16814,13,12220
v1260,13,12220
v6293,13,12220
v22712,13,12220
v14764,13,12220
v4895,13,12220
v16608,13,12220
v3781,13,12220
v59242,13,12220
v19860,13,12220
v29118,13,12220
v42616,13,12220
v7929,13,12220
v16606,13,12220
v31684,13,12220
v17700,13,12220
v12674,13,12220
v9563,13,12220
v7923,13,12220
v26845,13,12220
v16603,13,12220
v600,13,12220
v40057,13,12220
v7917,13,12220
v589,13,12220
v10310,13,12220
v4867,13,12220
v5351,13,12220
v27471,13,12220
v2286,13,12220
v6383,13,12220
v52777,13,12220
v19759,13,12220
v19082,13,12220
v20020,13,12220
v16429,13,12220
v29275,13,12220
v29280,13,12220
v29313,13,12220
v57950,13,12220
v55742,13,12220
v1661,13,12220
v6409,13,12220
v5496,13,12220
v15979,13,12220
v27455,13,12220
v7875,13,12220
v7874,13,12220
v42672,13,12220
v52903,13,12220
v12747,13,12220
v1221,13,12220
v50695,13,12220
v16468,13,12220
v14503,13,12220
v2309,13,12220
v16532,13,12220
v42781,13,12220
v1220,13,12220
v8650,13,12220
v12764,13,12220
v7839,13,12220
v47181,13,12220
v42276,13,12220
v22417,13,12220
v12771,13,12220
v16530,13,12220
v17832,13,12220
v39846,13,12220
v8495,13,12220
v2326,13,12220
v16528,13,12220
v34642,13,12220
v4793,13,12220
v779,13,12220
v9580,13,12220
v14424,13,12220
v5183,13,12220
v12199,13,12220
v19697,13,12220
v16507,13,12220
v20057,13,12220
v41598,13,12220
v29546,13,12220
v44138,13,12220
v47115,13,12220
v29595,13,12220
v10766,13,12220
v2363,13,12220
v5537,13,12220
v3571,13,12220
v25585,13,12220
v14340,13,12220
v25572,13,12220
v38124,13,12220
v14326,13,12220
v22376,13,12220
v39822,13,12220
v927,13,12220
v944,13,12220
v4142,13,12220
v6568,13,12220
v11775,13,12220
v12847,13,12220
v9674,13,12220
v35807,13,12220
v29718,13,12220
v694,13,12220
v7775,13,12220
v7767,13,12220
v12859,13,12220
v7761,13,12220
v18977,13,12220
v14274,13,12220
v37288,13,12220
v35233,13,12220
v1618,13,12220
v29748,13,12220
v18975,13,12220
v29784,13,12220
v18972,13,12220
v34352,13,12220
v14225,13,12220
v18011,13,12220
v4375,13,12220
v57625,13,12220
v29858,13,12220
v7717,13,12220
v6667,13,12220
v46880,13,12220
v21693,13,12220
v6681,13,12220
v21695,13,12220
v18045,13,12220
v11795,13,12220
v18048,13,12220
v881,13,12220
v6727,13,12220
v14143,13,12220
v21709,13,12220
v525,13,12220
v1620,13,12220
v10507,13,12220
v21531,13,12220
v25439,13,12220
v30010,13,12220
v30013,13,12220
v44254,13,12220
v34192,13,12220
v34178,13,12220
v28156,13,12220
v18121,13,12220
v3381,13,12220
v18135,13,12220
v1137,13,12220
v31607,13,12220
v14054,13,12220
v3366,13,12220
v23027,13,12220
v390,13,12220
v20107,13,12220
v305,13,12220
v54137,13,12220
v36664,13,12220
v13989,13,12220
v36393,13,12220
v55508,13,12220
v44346,13,12220
v46502,13,12220
v2463,13,12220
v46499,13,12220
v1519,13,12220
v32342,13,12220
v38070,13,12220
v503,12,12722
v19526,12,12722
v42429,12,12722
v389,12,12722
v5187,12,12722
v42477,12,12722
v4360,12,12722
v8385,12,12722
v11644,12,12722
v42587,12,12722
v32149,12,12722
v56675,12,12722
v8769,12,12722
v1448,12,12722
v19853,12,12722
v36127,12,12722
v1441,12,12722
v32117,12,12722
v32112,12,12722
v32095,12,12722
v19442,12,12722
v20998,12,12722
v12215,12,12722
v42872,12,12722
v4361,12,12722
v21124,12,12722
v24357,12,12722
v28281,12,12722
v35349,12,12722
v1954,12,12722
v19398,12,12722
v894,12,12722
v9749,12,12722
v8291,12,12722
v8278,12,12722
v56530,12,12722
v1410,12,12722
v12315,12,12722
v43073,12,12722
v24433,12,12722
v24434,12,12722
v11572,12,12722
v1397,12,12722
v19301,12,12722
v35870,12,12722
v2067,12,12722
v8191,12,12722
v12375,12,12722
v8172,12,12722
v2079,12,12722
v56249,12,12722
v19916,12,12722
v23803,12,12722
v4363,12,12722
v2098,12,12722
v43456,12,12722
v1363,12,12722
v1341,12,12722
v32921,12,12722
v12448,12,12722
v5197,12,12722
v8075,12,12722
v11502,12,12722
v2158,12,12722
v10045,12,12722
v11500,12,12722
v32937,12,12722
v10369,12,12722
v35853,12,12722
v12545,12,12722
v2188,12,12722
v2204,12,12722
v8011,12,12722
v2215,12,12722
v4476,12,12722
v32955,12,12722
v1275,12,12722
v19138,12,12722
v19132,12,12722
v40239,12,12722
v27960,12,12722
v23737,12,12722
v7953,12,12722
v57906,12,12722
v1254,12,12722
v27964,12,12722
v23731,12,12722
v43981,12,12722
v7915,12,12722
v12690,12,12722
v43986,12,12722
v12695,12,12722
v20009,12,12722
v11424,12,12722
v12709,12,12722
v36158,12,12722
v11418,12,12722
v27,12,12722
v1225,12,12722
v33111,12,12722
v11391,12,12722
v31528,12,12722
v31527,12,12722
v31515,12,12722
v7837,12,12722
v2324,12,12722
v7827,12,12722
v36253,12,12722
v12799,12,12722
v21001,12,12722
v2370,12,12722
v5491,12,12722
v31482,12,12722
v19008,12,12722
v627,12,12722
v7779,12,12722
v7763,12,12722
v20083,12,12722
v7757,12,12722
v10401,12,12722
v12869,12,12722
v1158,12,12722
v33218,12,12722
v34263,12,12722
v39807,12,12722
v9869,12,12722
v31461,12,12722
v12917,12,12722
v7680,12,12722
v7673,12,12722
v962,12,12722
v12932,12,12722
v12937,12,12722
v44310,12,12722
v9891,12,12722
v39638,12,12722
v18928,12,12722
v7626,12,12722
v4998,12,12722
v2467,12,12722
v18902,12,12722
v39428,12,12722
v18891,12,12722
v31379,12,12722
v23549,12,12722
v10414,12,12722
v18859,12,12722
v2553,12,12722
v441,12,12722
v33509,12,12722
v24786,12,12722
v44663,12,12722
v2597,12,12722
v22508,12,12722
v21173,12,12722
v33544,12,12722
v49503,12,12722
v10277,12,12722
v7480,12,12722
v55192,12,12722
v2631,12,12722
v9053,12,12722
v22968,12,12722
v640,12,12722
v31256,12,12722
v2650,12,12722
v2657,12,12722
v44881,12,12722
v33576,12,12722
v13176,12,12722
v31205,12,12722
v2673,12,12722
v18772,12,12722
v1040,12,12722
v55136,12,12722
v11196,12,12722
v7439,12,12722
v13209,12,12722
v2718,12,12722
v7437,12,12722
v4475,12,12722
v45039,12,12722
v6837,12,12722
v5452,12,12722
v45064,12,12722
v18687,12,12722
v28208,12,12722
v18680,12,12722
v7383,12,12722
v2811,12,12722
v13309,12,12722
v21112,12,12722
v11169,12,12722
v15759,12,12722
v33724,12,12722
v521,12,12722
v36261,12,12722
v31065,12,12722
v54872,12,12722
v2833,12,12722
v2846,12,12722
v2849,12,12722
v49537,12,12722
v7346,12,12722
v7342,12,12722
v11155,12,12722
v22051,12,12722
v24876,12,12722
v4391,12,12722
v33732,12,12722
v7319,12,12722
v7310,12,12722
v21230,12,12722
v7303,12,12722
v16825,12,12722
v11139,12,12722
v2909,12,12722
v3252,12,12722
v23087,12,12722
v22069,12,12722
v2912,12,12722
v30853,12,12722
v45456,12,12722
v7263,12,12722
v11109,12,12722
v45496,12,12722
v30833,12,12722
v11087,12,12722
v21486,12,12722
v7239,12,12722
v458,12,12722
v11079,12,12722
v2950,12,12722
v7227,12,12722
v7226,12,12722
v2952,12,12722
v30744,12,12722
v11065,12,12722
v2986,12,12722
v9691,12,12722
v30681,12,12722
v13617,12,12722
v45611,12,12722
v20267,12,12722
v22192,12,12722
v54812,12,12722
v7162,12,12722
v45659,12,12722
v9634,12,12722
v22196,12,12722
v18448,12,12722
v4519,12,12722
v7142,12,12722
v18422,12,12722
v13693,12,12722
v7121,12,12722
v9228,12,12722
v33909,12,12722
v7099,12,12722
v33910,12,12722
v30398,12,12722
v3104,12,12722
v7064,12,12722
v13762,12,12722
v20336,12,12722
v13765,12,12722
v13770,12,12722
v3120,12,12722
v7050,12,12722
v18342,12,12722
v23015,12,12722
v30350,12,12722
v39775,12,12722
v3152,12,12722
v10985,12,12722
v20366,12,12722
v3187,12,12722
v20733,12,12722
v30284,12,12722
v36379,12,12722
v6964,12,12722
v46057,12,12722
v6957,12,12722
v6947,12,12722
v54328,12,12722
v21271,12,12722
v46174,12,12722
v46213,12,12722
v46240,12,12722
v6917,12,12722
v9302,12,12722
v5388,12,12722
v54325,12,12722
v6883,12,12722
v46508,12,12722
v20385,12,12722
v13993,12,12722
v46592,12,12722
v3323,12,12722
v14008,12,12722
v3338,12,12722
v30139,12,12722
v21767,12,12722
v35755,12,12722
v46766,12,12722
v3365,12,12722
v34157,12,12722
v6773,12,12722
v10868,12,12722
v6761,12,12722
v14086,12,12722
v21729,12,12722
v22322,12,12722
v3411,12,12722
v6739,12,12722
v23030,12,12722
v20436,12,12722
v29973,12,12722
v21705,12,12722
v4405,12,12722
v29951,12,12722
v9362,12,12722
v21701,12,12722
v53833,12,12722
v53822,12,12722
v20457,12,12722
v29932,12,12722
v29931,12,12722
v37895,12,12722
v20462,12,12722
v6672,12,12722
v53684,12,12722
v21333,12,12722
v22506,12,12722
v22924,12,12722
v3482,12,12722
v29782,12,12722
v10795,12,12722
v35761,12,12722
v6592,12,12722
v29722,12,12722
v17963,12,12722
v3536,12,12722
v22588,12,12722
v6564,12,12722
v17933,12,12722
v34374,12,12722
v29658,12,12722
v25573,12,12722
v37725,12,12722
v25575,12,12722
v6554,12,12722
v25581,12,12722
v3570,12,12722
v14356,12,12722
v53328,12,12722
v17899,12,12722
v53318,12,12722
v37655,12,12722
v17889,12,12722
v14385,12,12722
v9585,12,12722
v29552,12,12722
v4787,12,12722
v29490,12,12722
v4417,12,12722
v16527,12,12722
v5220,12,12722
v29433,12,12722
v10542,12,12722
v16470,12,12722
v6461,12,12722
v4765,12,12722
v29394,12,12722
v3690,12,12722
v3692,12,12722
v25723,12,12722
v6418,12,12722
v29312,12,12722
v3715,12,12722
v29308,12,12722
v25752,12,12722
v29305,12,12722
v3723,12,12722
v23200,12,12722
v37158,12,12722
v6395,12,12722
v10551,12,12722
v50757,12,12722
v5353,12,12722
v17730,12,12722
v29245,12,12722
v21088,12,12722
v4423,12,12722
v16408,12,12722
v52718,12,12722
v23121,12,12722
v10560,12,12722
v706,12,12722
v29153,12,12722
v22455,12,12722
v29120,12,12722
v4891,12,12722
v23127,12,12722
v6297,12,12722
v14778,12,12722
v17668,12,12722
v50863,12,12722
v14796,12,12722
v25847,12,12722
v16349,12,12722
v52501,12,12722
v3845,12,12722
v4681,12,12722
v3852,12,12722
v14867,12,12722
v3858,12,12722
v27174,12,12722
v50488,12,12722
v50485,12,12722
v16321,12,12722
v3874,12,12722
v50474,12,12722
v50460,12,12722
v16655,12,12722
v50900,12,12722
v16294,12,12722
v47753,12,12722
v16293,12,12722
v28390,12,12722
v27168,12,12722
v260,12,12722
v29010,12,12722
v3920,12,12722
v14947,12,12722
v52420,12,12722
v16922,12,12722
v6117,12,12722
v49895,12,12722
v4435,12,12722
v6107,12,12722
v822,12,12722
v16680,12,12722
v4647,12,12722
v16692,12,12722
v15000,12,12722
v6083,12,12722
v6075,12,12722
v17504,12,12722
v47968,12,12722
v4640,12,12722
v17501,12,12722
v22554,12,12722
v6051,12,12722
v6047,12,12722
v5024,12,12722
v5027,12,12722
v6017,12,12722
v16234,12,12722
v27755,12,12722
v26117,12,12722
v6012,12,12722
v28843,12,12722
v37212,12,12722
v4636,12,12722
v26143,12,12722
v48167,12,12722
v27776,12,12722
v246,12,12722
v245,12,12722
v772,12,12722
v4012,12,12722
v15148,12,12722
v4029,12,12722
v4030,12,12722
v5974,12,12722
v5252,12,12722
v9535,12,12722
v28779,12,12722
v28762,12,12722
v27075,12,12722
v15216,12,12722
v4056,12,12722
v15221,12,12722
v9531,12,12722
v5948,12,12722
v15234,12,12722
v16196,12,12722
v52016,12,12722
v51021,12,12722
v26384,12,12722
v16189,12,12722
v4616,12,12722
v4123,12,12722
v26409,12,12722
v26413,12,12722
v22723,12,12722
v16178,12,12722
v27788,12,12722
v472,12,12722
v21546,12,12722
v37437,12,12722
v4181,12,12722
v51034,12,12722
v16157,12,12722
v26446,12,12722
v4188,12,12722
v26452,12,12722
v17268,12,12722
v17262,12,12722
v48740,12,12722
v27805,12,12722
v28597,12,12722
v16141,12,12722
v20608,12,12722
v5798,12,12722
v27808,12,12722
v4455,12,12722
v15387,12,12722
v28569,12,12722
v26489,12,12722
v5771,12,12722
v28558,12,12722
v5756,12,12722
v37408,12,12722
v51134,12,12722
v48977,12,12722
v51796,12,12722
v15910,12,12722
v26590,12,12722
v5125,12,12722
v15476,12,12722
v15479,12,12722
v15480,12,12722
v16093,12,12722
v226,12,12722
v15913,12,12722
v26629,12,12722
v9511,12,12722
v5671,12,12722
v4280,12,12722
v5659,12,12722
v49151,12,12722
v5148,12,12722
v51167,12,12722
v17142,12,12722
v5150,12,12722
v28446,12,12722
v50259,12,12722
v15542,12,12722
v28439,12,12722
v26646,12,12722
v28411,12,12722
v22841,12,12722
v49242,12,12722
v5614,12,12722
v15918,12,12722
v28397,12,12722
v15582,12,12722
v49323,12,12722
v35827,12,12722
v28351,12,12722
v16889,12,12722
v26703,12,12722
v26708,12,12722
v16058,12,12722
v26720,12,12722
v4477,12,12722
v10651,12,12722
v10074,12,12722
v11810,12,12722
v24066,12,12722
v1587,12,12722
v41616,12,12722
v32559,12,12722
v1653,12,12722
v24021,12,12722
v1656,12,12722
v1663,12,12722
v1666,12,12722
v18582,12,12722
v19756,12,12722
v11756,12,12722
v1681,12,12722
v1694,12,12722
v32492,12,12722
v8585,12,12722
v15657,12,12722
v28321,12,12722
v1716,12,12722
v19786,12,12722
v1722,12,12722
v1723,12,12722
v24000,12,12722
v11938,12,12722
v32451,12,12722
v1727,12,12722
v42187,12,12722
v1765,12,12722
v1782,12,12722
v59023,12,12722
v32744,12,12722
v419,12,12722
v1509,12,12722
v12039,12,12722
v56761,12,12722
v32275,12,12722
v8454,12,12722
v5185,12,12722
v5186,12,12722
v41132,12,12722
v32222,12,12722
v23918,12,12722
v605,12,12722
v31587,11,13336
v25710,11,13336
v21010,11,13336
v28319,11,13336
v2659,11,13336
v7197,11,13336
v9178,11,13336
v15742,11,13336
v30719,11,13336
v37366,11,13336
v11618,11,13336
v45565,11,13336
v586,11,13336
v8640,11,13336
v31851,11,13336
v49052,11,13336
v31226,11,13336
v1966,11,13336
v7186,11,13336
v15723,11,13336
v31613,11,13336
v1734,11,13336
v1323,11,13336
v16905,11,13336
v29750,11,13336
v12991,11,13336
v35845,11,13336
v36752,11,13336
v22182,11,13336
v24421,11,13336
v2542,11,13336
v36992,11,13336
v30683,11,13336
v1819,11,13336
v30676,11,13336
v50633,11,13336
v22361,11,13336
v6432,11,13336
v13616,11,13336
v8482,11,13336
v20371,11,13336
v13976,11,13336
v39948,11,13336
v2656,11,13336
v24495,11,13336
v10351,11,13336
v1507,11,13336
v1411,11,13336
v13626,11,13336
v18933,11,13336
v8255,11,13336
v60462,11,13336
v4604,11,13336
v28310,11,13336
v3695,11,13336
v31493,11,13336
v10198,11,13336
v47201,11,13336
v8173,11,13336
v24416,11,13336
v10116,11,13336
v8260,11,13336
v38912,11,13336
v24672,11,13336
v30193,11,13336
v4301,11,13336
v11048,11,13336
v1911,11,13336
v3700,11,13336
v15963,11,13336
v38113,11,13336
v32616,11,13336
v5919,11,13336
v5967,11,13336
v15738,11,13336
v54994,11,13336
v22201,11,13336
v1964,11,13336
v2813,11,13336
v49307,11,13336
v6518,11,13336
v3028,11,13336
v6417,11,13336
v21049,11,13336
v52493,11,13336
v44728,11,13336
v9210,11,13336
v340,11,13336
v9861,11,13336
v27801,11,13336
v37229,11,13336
v11293,11,13336
v38493,11,13336
v20352,11,13336
v29529,11,13336
v59024,11,13336
v15716,11,13336
v3709,11,13336
v32193,11,13336
v52015,11,13336
v45681,11,13336
v30565,11,13336
v8141,11,13336
v28189,11,13336
v18994,11,13336
v30514,11,13336
v26248,11,13336
v26383,11,13336
v45122,11,13336
v22652,11,13336
v8181,11,13336
v14417,11,13336
v3050,11,13336
v1500,11,13336
v6779,11,13336
v7488,11,13336
v12793,11,13336
v13692,11,13336
v16062,11,13336
v51711,11,13336
v18421,11,13336
v5218,11,13336
v20318,11,13336
v48767,11,13336
v11847,11,13336
v28184,11,13336
v32153,11,13336
v7118,11,13336
v10101,11,13336
v22227,11,13336
v59278,11,13336
v998,11,13336
v35854,11,13336
v12378,11,13336
v23100,11,13336
v13779,11,13336
v12846,11,13336
v27973,11,13336
v7509,11,13336
v13080,11,13336
v9231,11,13336
v12267,11,13336
v4366,11,13336
v49435,11,13336
v13724,11,13336
v15820,11,13336
v30449,11,13336
v10648,11,13336
v28782,11,13336
v52145,11,13336
v30244,11,13336
v20485,11,13336
v816,11,13336
v2449,11,13336
v53355,11,13336
v27783,11,13336
v29299,11,13336
v11596,11,13336
v56700,11,13336
v3220,11,13336
v26727,11,13336
v13269,11,13336
v36464,11,13336
v31633,11,13336
v5361,11,13336
v20128,11,13336
v6765,11,13336
v29273,11,13336
v26475,11,13336
v2289,11,13336
v4141,11,13336
v217,11,13336
v4207,11,13336
v40858,11,13336
v2772,11,13336
v34386,11,13336
v383,11,13336
v19518,11,13336
v19084,11,13336
v28584,11,13336
v50577,11,13336
v50739,11,13336
v11514,11,13336
v7647,11,13336
v13263,11,13336
v11606,11,13336
v28778,11,13336
v5900,11,13336
v14609,11,13336
v5553,11,13336
v18996,11,13336
v4788,11,13336
v38948,11,13336
v2447,11,13336
v57653,11,13336
v755,11,13336
v58314,11,13336
v30407,11,13336
v47075,11,13336
v27472,11,13336
v34873,11,13336
v22846,11,13336
v12698,11,13336
v8895,11,13336
v15799,11,13336
v60216,11,13336
v9565,11,13336
v27775,11,13336
v2854,11,13336
v11721,11,13336
v50694,11,13336
v32273,11,13336
v5897,11,13336
v10098,11,13336
v5532,11,13336
v5221,11,13336
v35102,11,13336
v1251,11,13336
v6352,11,13336
v54198,11,13336
v42403,11,13336
v17719,11,13336
v7331,11,13336
v32551,11,13336
v12785,11,13336
v6348,11,13336
v2331,11,13336
v44255,11,13336
v29238,11,13336
v17718,11,13336
v8620,11,13336
v9350,11,13336
v20203,11,13336
v16406,11,13336
v17713,11,13336
v3397,11,13336
v4879,11,13336
v981,11,13336
v4481,11,13336
v49538,11,13336
v2279,11,13336
v347,11,13336
v5584,11,13336
v46001,11,13336
v15885,11,13336
v36051,11,13336
v47177,11,13336
v17705,11,13336
v3775,11,13336
v7922,11,13336
v14735,11,13336
v22319,11,13336
v2756,11,13336
v18181,11,13336
v7925,11,13336
v8267,11,13336
v5111,11,13336
v12350,11,13336
v18943,11,13336
v1678,11,13336
v30025,11,13336
v24659,11,13336
v37498,11,13336
v32071,11,13336
v3109,11,13336
v16389,11,13336
v36185,11,13336
v37743,11,13336
v20675,11,13336
v7930,11,13336
v53908,11,13336
v1731,11,13336
v7932,11,13336
v5213,11,13336
v4370,11,13336
v32075,11,13336
v35814,11,13336
v6990,11,13336
v6738,11,13336
v13411,11,13336
v33957,11,13336
v24390,11,13336
v28109,11,13336
v6736,11,13336
v3788,11,13336
v23491,11,13336
v2383,11,13336
v4432,11,13336
v1031,11,13336
v20673,11,13336
v17673,11,13336
v50560,11,13336
v29487,11,13336
v9625,11,13336
v630,11,13336
v54178,11,13336
v7311,11,13336
v9515,11,13336
v52710,11,13336
v31155,11,13336
v826,11,13336
v51198,11,13336
v3243,11,13336
v17137,11,13336
v8766,11,13336
v27265,11,13336
v4702,11,13336
v16364,11,13336
v44245,11,13336
v47448,11,13336
v32522,11,13336
v7948,11,13336
v20383,11,13336
v22646,11,13336
v46147,11,13336
v22562,11,13336
v31443,11,13336
v9356,11,13336
v1810,11,13336
v4914,11,13336
v20099,11,13336
v27780,11,13336
v3817,11,13336
v5234,11,13336
v3541,11,13336
v8874,11,13336
v43923,11,13336
v12250,11,13336
v6262,11,13336
v28453,11,13336
v6261,11,13336
v46161,11,13336
v1647,11,13336
v52560,11,13336
v31605,11,13336
v11517,11,13336
v53134,11,13336
v9358,11,13336
v6733,11,13336
v37132,11,13336
v13238,11,13336
v6249,11,13336
v8871,11,13336
v1267,11,13336
v34913,11,13336
v22115,11,13336
v24588,11,13336
v19492,11,13336
v30927,11,13336
v29675,11,13336
v47572,11,13336
v46093,11,13336
v19134,11,13336
v16210,11,13336
v4333,11,13336
v708,11,13336
v9985,11,13336
v26731,11,13336
v8351,11,13336
v26680,11,13336
v47622,11,13336
v6224,11,13336
v20926,11,13336
v846,11,13336
v17070,11,13336
v22034,11,13336
v12451,11,13336
v46329,11,13336
v51276,11,13336
v51123,11,13336
v25345,11,13336
v27186,11,13336
v4143,11,13336
v19143,11,13336
v27576,11,13336
v24437,11,13336
v19653,11,13336
v4001,11,13336
v36255,11,13336
v11573,11,13336
v3149,11,13336
v51931,11,13336
v10573,11,13336
v36439,11,13336
v17082,11,13336
v20518,11,13336
v50498,11,13336
v15423,11,13336
v23537,11,13336
v4677,11,13336
v15211,11,13336
v15425,11,13336
v55725,11,13336
v11746,11,13336
v43232,11,13336
v10616,11,13336
v1918,11,13336
v5280,11,13336
v6189,11,13336
v1693,11,13336
v16789,11,13336
v22402,11,13336
v15295,11,13336
v22285,11,13336
v34502,11,13336
v2913,11,13336
v3886,11,13336
v22150,11,13336
v13990,11,13336
v1828,11,13336
v29030,11,13336
v41467,11,13336
v7548,11,13336
v19581,11,13336
v4958,11,13336
v15213,11,13336
v23086,11,13336
v30864,11,13336
v31966,11,13336
v237,11,13336
v32727,11,13336
v13213,11,13336
v4462,11,13336
v4964,11,13336
v21821,11,13336
v35930,11,13336
v19459,11,13336
v20525,11,13336
v45468,11,13336
v16755,11,13336
v803,11,13336
v20231,11,13336
v7056,11,13336
v6585,11,13336
v6152,11,13336
v20134,11,13336
v377,11,13336
v46853,11,13336
v10580,11,13336
v6702,11,13336
v25995,11,13336
v35818,11,13336
v13006,11,13336
v6142,11,13336
v25507,11,13336
v38089,11,13336
v13493,11,13336
v4140,11,13336
v1809,11,13336
v47843,11,13336
v3912,11,13336
v959,11,13336
v32499,11,13336
v48981,11,13336
v4368,11,13336
v4162,11,13336
v6802,11,13336
v20704,11,13336
v27824,11,13336
v21331,11,13336
v34584,11,13336
v4560,11,13336
v20813,11,13336
v24945,11,13336
v14955,11,13336
v26255,11,13336
v6692,11,13336
v2688,11,13336
v520,11,13336
v14960,11,13336
v3940,11,13336
v25173,11,13336
v21332,11,13336
v8112,11,13336
v6112,11,13336
v2685,11,13336
v455,11,13336
v13061,11,13336
v42597,11,13336
v1884,11,13336
v12149,11,13336
v26031,11,13336
v2025,11,13336
v3297,11,13336
v12317,11,13336
v14031,11,13336
v4558,11,13336
v5372,11,13336
v15596,11,13336
v12812,11,13336
v14984,11,13336
v4648,11,13336
v28975,11,13336
v5161,11,13336
v11530,11,13336
v2562,11,13336
v32113,11,13336
v24963,11,13336
v6460,11,13336
v22813,11,13336
v5124,11,13336
v15876,11,13336
v3529,11,13336
v2948,11,13336
v13189,11,13336
v7714,11,13336
v20258,11,13336
v32446,11,13336
v27968,11,13336
v15003,11,13336
v2198,11,13336
v21117,11,13336
v2676,11,13336
v28951,11,13336
v8429,11,13336
v9513,11,13336
v52284,11,13336
v46544,11,13336
v15131,11,13336
v3958,11,13336
v12218,11,13336
v24815,11,13336
v47963,11,13336
v4763,11,13336
v19061,11,13336
v8517,11,13336
v8641,11,13336
v46547,11,13336
v37863,11,13336
v13940,11,13336
v6658,11,13336
v32944,11,13336
v38092,11,13336
v26588,11,13336
v19472,11,13336
v11077,11,13336
v53670,11,13336
v13754,11,13336
v28922,11,13336
v6067,11,13336
v46891,11,13336
v3962,11,13336
v3968,11,13336
v48006,11,13336
v12004,11,13336
v15945,11,13336
v5016,11,13336
v6654,11,13336
v20346,11,13336
v16042,11,13336
v28904,11,13336
v21758,11,13336
v33585,11,13336
v2184,11,13336
v33214,11,13336
v1845,11,13336
v5017,11,13336
v20260,11,13336
v8669,11,13336
v1617,11,13336
v41458,11,13336
v22755,11,13336
v31216,11,13336
v20474,11,13336
v48069,11,13336
v9173,11,13336
v12537,11,13336
v32251,11,13336
v6046,11,13336
v7013,11,13336
v541,11,13336
v19918,11,13336
v12530,11,13336
v27830,11,13336
v2007,11,13336
v7213,11,13336
v37531,11,13336
v30761,11,13336
v9271,11,13336
v25029,11,13336
v22297,11,13336
v12880,11,13336
v2404,11,13336
v26107,11,13336
v2403,11,13336
v14234,11,13336
v45921,11,13336
v28152,11,13336
v53543,11,13336
v5029,11,13336
v11501,11,13336
v3525,11,13336
v26109,11,13336
v28508,11,13336
v45537,11,13336
v392,11,13336
v46969,11,13336
v37826,11,13336
v33575,11,13336
v23630,11,13336
v29559,11,13336
v25041,11,13336
v22139,11,13336
v13166,11,13336
v9675,11,13336
v19805,11,13336
v15106,11,13336
v20480,11,13336
v4999,11,13336
v2391,11,13336
v15110,11,13336
v2977,11,13336
v1864,11,13336
v52908,11,13336
v8087,11,13336
v7592,10,13951
v10215,10,13951
v2416,10,13951
v3956,10,13951
v1945,10,13951
v253,10,13951
v7544,10,13951
v5483,10,13951
v24547,10,13951
v8292,10,13951
v8746,10,13951
v5250,10,13951
v10402,10,13951
v15022,10,13951
v32836,10,13951
v51528,10,13951
v30427,10,13951
v27735,10,13951
v2193,10,13951
v12551,10,13951
v12549,10,13951
v52225,10,13951
v38091,10,13951
v20578,10,13951
v2410,10,13951
v4339,10,13951
v9388,10,13951
v16242,10,13951
v3993,10,13951
v40429,10,13951
v16884,10,13951
v6034,10,13951
v12511,10,13951
v6029,10,13951
v956,10,13951
v37828,10,13951
v293,10,13951
v818,10,13951
v1537,10,13951
v8412,10,13951
v28844,10,13951
v3277,10,13951
v56073,10,13951
v6010,10,13951
v29775,10,13951
v19487,10,13951
v28089,10,13951
v27096,10,13951
v3528,10,13951
v5387,10,13951
v12871,10,13951
v19540,10,13951
v22367,10,13951
v27777,10,13951
v23935,10,13951
v8096,10,13951
v49471,10,13951
v789,10,13951
v48223,10,13951
v22373,10,13951
v7545,10,13951
v37795,10,13951
v23144,10,13951
v46309,10,13951
v10222,10,13951
v24484,10,13951
v32643,10,13951
v6614,10,13951
v53506,10,13951
v4628,10,13951
v51607,10,13951
v11720,10,13951
v28085,10,13951
v10523,10,13951
v3533,10,13951
v8104,10,13951
v52064,10,13951
v8971,10,13951
v23752,10,13951
v27779,10,13951
v28786,10,13951
v16849,10,13951
v28780,10,13951
v23286,10,13951
v44191,10,13951
v28776,10,13951
v26892,10,13951
v21850,10,13951
v31862,10,13951
v9992,10,13951
v2138,10,13951
v38302,10,13951
v11526,10,13951
v42595,10,13951
v17964,10,13951
v32151,10,13951
v17367,10,13951
v4059,10,13951
v16722,10,13951
v8113,10,13951
v6584,10,13951
v6882,10,13951
v28709,10,13951
v5303,10,13951
v8121,10,13951
v11959,10,13951
v50367,10,13951
v19933,10,13951
v8122,10,13951
v2389,10,13951
v9254,10,13951
v5914,10,13951
v28678,10,13951
v39299,10,13951
v3296,10,13951
v23997,10,13951
v20806,10,13951
v8373,10,13951
v47065,10,13951
v25556,10,13951
v4122,10,13951
v6569,10,13951
v11966,10,13951
v20351,10,13951
v13773,10,13951
v5886,10,13951
v48548,10,13951
v8712,10,13951
v27785,10,13951
v15285,10,13951
v58494,10,13951
v23162,10,13951
v28317,10,13951
v19800,10,13951
v28654,10,13951
v1432,10,13951
v44567,10,13951
v3548,10,13951
v16025,10,13951
v2382,10,13951
v49465,10,13951
v46373,10,13951
v10618,10,13951
v4615,10,13951
v50188,10,13951
v5088,10,13951
v10778,10,13951
v1383,10,13951
v11974,10,13951
v5398,10,13951
v1753,10,13951
v16730,10,13951
v12397,10,13951
v1831,10,13951
v8168,10,13951
v10776,10,13951
v22537,10,13951
v3564,10,13951
v30551,10,13951
v11551,10,13951
v51041,10,13951
v51912,10,13951
v1611,10,13951
v12388,10,13951
v3300,10,13951
v3302,10,13951
v11552,10,13951
v39825,10,13951
v1757,10,13951
v26461,10,13951
v16147,10,13951
v25580,10,13951
v1760,10,13951
v36201,10,13951
v8180,10,13951
v26468,10,13951
v4199,10,13951
v10071,10,13951
v16863,10,13951
v1856,10,13951
v44146,10,13951
v15367,10,13951
v22765,10,13951
v15370,10,13951
v4205,10,13951
v19299,10,13951
v11990,10,13951
v43160,10,13951
v8206,10,13951
v1588,10,13951
v5109,10,13951
v3103,10,13951
v8532,10,13951
v51279,10,13951
v43154,10,13951
v8214,10,13951
v19316,10,13951
v12347,10,13951
v43113,10,13951
v15401,10,13951
v33143,10,13951
v18296,10,13951
v5201,10,13951
v17236,10,13951
v51893,10,13951
v48928,10,13951
v9270,10,13951
v40606,10,13951
v34405,10,13951
v59094,10,13951
v34611,10,13951
v21539,10,13951
v12815,10,13951
v40614,10,13951
v7632,10,13951
v2030,10,13951
v27814,10,13951
v23115,10,13951
v4228,10,13951
v5758,10,13951
v19016,10,13951
v5113,10,13951
v4235,10,13951
v16583,10,13951
v19580,10,13951
v46521,10,13951
v32162,10,13951
v22888,10,13951
v51813,10,13951
v43065,10,13951
v21126,10,13951
v5733,10,13951
v12318,10,13951
v58363,10,13951
v5123,10,13951
v1102,10,13951
v2015,10,13951
v2358,10,13951
v15462,10,13951
v26587,10,13951
v58613,10,13951
v8245,10,13951
v26612,10,13951
v56861,10,13951
v37583,10,13951
v15806,10,13951
v12306,10,13951
v2006,10,13951
v33980,10,13951
v5134,10,13951
v4460,10,13951
v16509,10,13951
v16508,10,13951
v40646,10,13951
v5279,10,13951
v17064,10,13951
v4275,10,13951
v2348,10,13951
v21132,10,13951
v20805,10,13951
v11379,10,13951
v7386,10,13951
v21217,10,13951
v9027,10,13951
v44120,10,13951
v55004,10,13951
v24410,10,13951
v7825,10,13951
v2801,10,13951
v31098,10,13951
v9626,10,13951
v20199,10,13951
v20986,10,13951
v36156,10,13951
v47162,10,13951
v4500,10,13951
v35904,10,13951
v23856,10,13951
v13326,10,13951
v53203,10,13951
v26633,10,13951
v36700,10,13951
v2786,10,13951
v1098,10,13951
v17867,10,13951
v7828,10,13951
v43000,10,13951
v41023,10,13951
v31130,10,13951
v31131,10,13951
v7364,10,13951
v9108,10,13951
v12285,10,13951
v30287,10,13951
v2831,10,13951
v53201,10,13951
v2335,10,13951
v2333,10,13951
v343,10,13951
v5446,10,13951
v38865,10,13951
v53172,10,13951
v337,10,13951
v42471,10,13951
v7403,10,13951
v17848,10,13951
v31029,10,13951
v11184,10,13951
v20754,10,13951
v14436,10,13951
v36823,10,13951
v13384,10,13951
v36188,10,13951
v37248,10,13951
v21101,10,13951
v522,10,13951
v4771,10,13951
v1219,10,13951
v21033,10,13951
v32564,10,13951
v53141,10,13951
v20752,10,13951
v28201,10,13951
v20109,10,13951
v30960,10,13951
v11831,10,13951
v16823,10,13951
v25142,10,13951
v7306,10,13951
v24887,10,13951
v6483,10,13951
v30937,10,13951
v8493,10,13951
v46670,10,13951
v11135,10,13951
v23058,10,13951
v29465,10,13951
v7291,10,13951
v18835,10,13951
v29449,10,13951
v16477,10,13951
v10540,10,13951
v6478,10,13951
v47179,10,13951
v38355,10,13951
v60612,10,13951
v32884,10,13951
v16531,10,13951
v30366,10,13951
v18280,10,13951
v36710,10,13951
v5247,10,13951
v6474,10,13951
v59595,10,13951
v2316,10,13951
v36266,10,13951
v10263,10,13951
v7438,10,13951
v31517,10,13951
v52983,10,13951
v13860,10,13951
v18553,10,13951
v11112,10,13951
v22092,10,13951
v7255,10,13951
v30852,10,13951
v38645,10,13951
v34615,10,13951
v30851,10,13951
v2700,10,13951
v30848,10,13951
v52960,10,13951
v12754,10,13951
v25688,10,13951
v21772,10,13951
v30828,10,13951
v1050,10,13951
v14497,10,13951
v2945,10,13951
v1649,10,13951
v5396,10,13951
v32281,10,13951
v24961,10,13951
v9339,10,13951
v2946,10,13951
v4820,10,13951
v23423,10,13951
v24625,10,13951
v6796,10,13951
v7232,10,13951
v18272,10,13951
v17127,10,13951
v29397,10,13951
v31424,10,13951
v4292,10,13951
v10545,10,13951
v24988,10,13951
v52909,10,13951
v27384,10,13951
v2960,10,13951
v7215,10,13951
v9174,10,13951
v13559,10,13951
v4832,10,13951
v13565,10,13951
v2963,10,13951
v21191,10,13951
v24200,10,13951
v7206,10,13951
v46759,10,13951
v7202,10,13951
v7877,10,13951
v5277,10,13951
v23408,10,13951
v16456,10,13951
v2997,10,13951
v35709,10,13951
v18270,10,13951
v27981,10,13951
v13788,10,13951
v4840,10,13951
v18472,10,13951
v30693,10,13951
v1508,10,13951
v18350,10,13951
v23512,10,13951
v2648,10,13951
v11227,10,13951
v49569,10,13951
v3007,10,13951
v3694,10,13951
v42960,10,13951
v30637,10,13951
v7467,10,13951
v31616,10,13951
v9685,10,13951
v4758,10,13951
v11050,10,13951
v806,10,13951
v20152,10,13951
v21306,10,13951
v13646,10,13951
v7473,10,13951
v7152,10,13951
v37351,10,13951
v2304,10,13951
v6420,10,13951
v20278,10,13951
v32104,10,13951
v30585,10,13951
v31622,10,13951
v15798,10,13951
v35200,10,13951
v15711,10,13951
v44708,10,13951
v7140,10,13951
v7139,10,13951
v2623,10,13951
v9219,10,13951
v23390,10,13951
v7129,10,13951
v25294,10,13951
v20031,10,13951
v22844,10,13951
v13684,10,13951
v2619,10,13951
v6780,10,13951
v2453,10,13951
v57326,10,13951
v7489,10,13951
v29306,10,13951
v1827,10,13951
v18399,10,13951
v30457,10,13951
v7504,10,13951
v3718,10,13951
v51388,10,13951
v47233,10,13951
v38391,10,13951
v54616,10,13951
v9234,10,13951
v38387,10,13951
v2588,10,13951
v30243,10,13951
v12108,10,13951
v10549,10,13951
v10155,10,13951
v46796,10,13951
v677,10,13951
v1235,10,13951
v52802,10,13951
v13879,10,13951
v4863,10,13951
v5568,10,13951
v19080,10,13951
v3377,10,13951
v7900,10,13951
v30363,10,13951
v4739,10,13951
v44020,10,13951
v34166,10,13951
v34173,10,13951
v9617,10,13951
v17734,10,13951
v280,10,13951
v49724,10,13951
v30237,10,13951
v2558,10,13951
v997,10,13951
v19089,10,13951
v5566,10,13951
v2283,10,13951
v6756,10,13951
v27473,10,13951
v27284,10,13951
v1144,10,13951
v31378,10,13951
v21100,10,13951
v10558,10,13951
v215,10,13951
v18239,10,13951
v47297,10,13951
v14708,10,13951
v535,10,13951
v56752,10,13951
v8426,10,13951
v47340,10,13951
v9351,10,13951
v3764,10,13951
v36153,10,13951
v11313,10,13951
v26852,10,13951
v16394,10,13951
v28020,10,13951
v10853,10,13951
v46113,10,13951
v5181,10,13951
v22732,10,13951
v55774,10,13951
v33535,10,13951
v44248,10,13951
v55808,10,13951
v21311,10,13951
v1684,10,13951
v50574,10,13951
v50566,10,13951
v43968,10,13951
v2260,10,13951
v36743,10,13951
v33408,10,13951
v14781,10,13951
v5550,10,13951
v57876,10,13951
v13012,10,13951
v19451,10,13951
v7674,10,13951
v3414,10,13951
v42281,10,13951
v29990,10,13951
v16621,10,13951
v8986,10,13951
v12916,10,13951
v29985,10,13951
v60468,10,13951
v2248,10,13951
v29976,10,13951
v23386,10,13951
v3834,10,13951
v40238,10,13951
v27215,10,13951
v55854,10,13951
v13911,10,13951
v57681,10,13951
v19135,10,13951
v3421,10,13951
v50883,10,13951
v19136,10,13951
v6728,10,13951
v23604,10,13951
v41883,10,13951
v1268,10,13951
v497,10,13951
v14865,10,13951
v23300,10,13951
v1569,10,13951
v709,10,13951
v10574,10,13951
v25925,10,13951
v38112,10,13951
v19144,10,13951
v409,10,13951
v1568,10,13951
v53889,10,13951
v40240,10,13951
v21315,10,13951
v21165,10,13951
v7985,10,13951
v3880,10,13951
v7987,10,13951
v40244,10,13951
v37200,10,13951
v25960,10,13951
v36818,10,13951
v8467,10,13951
v29946,10,13951
v20452,10,13951
v6923,10,13951
v823,10,13951
v5395,10,13951
v1635,10,13951
v11324,10,13951
v40245,10,13951
v6711,10,13951
v3454,10,13951
v15655,10,13951
v37280,10,13951
v7063,10,13951
v14923,10,13951
v47755,10,13951
v7080,10,13951
v46833,10,13951
v47779,10,13951
v18044,10,13951
v11473,10,13951
v21392,10,13951
v8700,10,13951
v1892,10,13951
v22456,10,13951
v34289,10,13951
v1706,10,13951
v19717,10,13951
v44202,10,13951
v49481,10,13951
v47884,10,13951
v53813,10,13951
v21114,10,13951
v8854,10,13951
v46859,10,13951
v55878,10,13951
v6113,10,13951
v40393,10,13951
v12570,10,13951
v22787,10,13951
v4988,10,13951
v4654,10,13951
v28989,10,13951
v23192,10,13951
v31808,10,13951
v24004,10,13951
v14980,10,13951
v18219,10,13951
v26035,10,13951
v3244,10,13951
v34308,10,13951
v3952,10,13951
v47938,10,13951
v1883,10,13951
v28000,10,13951
v8019,10,13951
v2499,10,13951
v7713,10,13951
v36800,10,13951
v375,9,14613
v44637,9,14613
v45766,9,14613
v26805,9,14613
v11008,9,14613
v28353,9,14613
v22634,9,14613
v1498,9,14613
v5538,9,14613
v20141,9,14613
v1956,9,14613
v3118,9,14613
v33931,9,14613
v20343,9,14613
v26933,9,14613
v39317,9,14613
v13073,9,14613
v18352,9,14613
v15588,9,14613
v39339,9,14613
v3140,9,14613
v18343,9,14613
v7046,9,14613
v4309,9,14613
v13795,9,14613
v45866,9,14613
v25167,9,14613
v20345,9,14613
v489,9,14613
v54554,9,14613
v8743,9,14613
v51676,9,14613
v7539,9,14613
v33481,9,14613
v45901,9,14613
v21259,9,14613
v3162,9,14613
v21849,9,14613
v25223,9,14613
v7546,9,14613
v36685,9,14613
v3177,9,14613
v17087,9,14613
v44534,9,14613
v2541,9,14613
v36955,9,14613
v46025,9,14613
v17081,9,14613
v21822,9,14613
v10953,9,14613
v2540,9,14613
v2536,9,14613
v24757,9,14613
v7575,9,14613
v2533,9,14613
v31376,9,14613
v13881,9,14613
v25316,9,14613
v40721,9,14613
v25318,9,14613
v16015,9,14613
v9286,9,14613
v5581,9,14613
v46122,9,14613
v6944,9,14613
v38179,9,14613
v25344,9,14613
v2364,9,14613
v46196,9,14613
v34017,9,14613
v36680,9,14613
v1117,9,14613
v28248,9,14613
v27993,9,14613
v18221,9,14613
v38103,9,14613
v26715,9,14613
v23570,9,14613
v21286,9,14613
v313,9,14613
v13944,9,14613
v30206,9,14613
v55385,9,14613
v18206,9,14613
v46319,9,14613
v6885,9,14613
v6884,9,14613
v485,9,14613
v54215,9,14613
v3295,9,14613
v7604,9,14613
v6879,9,14613
v12993,9,14613
v23572,9,14613
v6878,9,14613
v34043,9,14613
v39636,9,14613
v2461,9,14613
v2456,9,14613
v60215,9,14613
v12978,9,14613
v7627,9,14613
v13991,9,14613
v22301,9,14613
v3314,9,14613
v12242,9,14613
v10128,9,14613
v686,9,14613
v3324,9,14613
v21793,9,14613
v6840,9,14613
v5386,9,14613
v15621,9,14613
v35848,9,14613
v28341,9,14613
v12969,9,14613
v20393,9,14613
v26813,9,14613
v31417,9,14613
v14678,9,14613
v30149,9,14613
v46672,9,14613
v3350,9,14613
v14025,9,14613
v10491,9,14613
v46685,9,14613
v3357,9,14613
v4318,9,14613
v49377,9,14613
v15926,9,14613
v49987,9,14613
v46780,9,14613
v14044,9,14613
v30124,9,14613
v3364,9,14613
v11611,9,14613
v12951,9,14613
v28330,9,14613
v1133,9,14613
v21754,9,14613
v6772,9,14613
v9620,9,14613
v21747,9,14613
v31431,9,14613
v30068,9,14613
v14076,9,14613
v6760,9,14613
v22316,9,14613
v18124,9,14613
v22879,9,14613
v46798,9,14613
v11312,9,14613
v9669,9,14613
v7653,9,14613
v3401,9,14613
v26906,9,14613
v6743,9,14613
v46805,9,14613
v5565,9,14613
v17051,9,14613
v14118,9,14613
v16998,9,14613
v10849,9,14613
v6735,9,14613
v20438,9,14613
v29999,9,14613
v25450,9,14613
v10508,9,14613
v53895,9,14613
v12915,9,14613
v33267,9,14613
v33266,9,14613
v3419,9,14613
v10345,9,14613
v3423,9,14613
v31449,9,14613
v692,9,14613
v29954,9,14613
v9361,9,14613
v1939,9,14613
v16047,9,14613
v49400,9,14613
v33253,9,14613
v8675,9,14613
v11790,9,14613
v10403,9,14613
v36438,9,14613
v24342,9,14613
v53806,9,14613
v6686,9,14613
v33249,9,14613
v7702,9,14613
v10667,9,14613
v1936,9,14613
v9375,9,14613
v14205,9,14613
v24332,9,14613
v6661,9,14613
v9377,9,14613
v8671,9,14613
v29838,9,14613
v18012,9,14613
v44194,9,14613
v4995,9,14613
v15816,9,14613
v21679,9,14613
v22659,9,14613
v29791,9,14613
v25546,9,14613
v8973,9,14613
v61246,9,14613
v6616,9,14613
v6595,9,14613
v14280,9,14613
v39817,9,14613
v47049,9,14613
v7776,9,14613
v25552,9,14613
v21125,9,14613
v11807,9,14613
v516,9,14613
v34771,9,14613
v22374,9,14613
v12845,9,14613
v37748,9,14613
v14685,9,14613
v29676,9,14613
v7792,9,14613
v17943,9,14613
v29663,9,14613
v4975,9,14613
v23284,9,14613
v39823,9,14613
v42444,9,14613
v20693,9,14613
v29654,9,14613
v8785,9,14613
v11621,9,14613
v1606,9,14613
v25576,9,14613
v7799,9,14613
v3580,9,14613
v4412,9,14613
v34400,9,14613
v53325,9,14613
v44144,9,14613
v35495,9,14613
v20516,9,14613
v1211,9,14613
v34434,9,14613
v37663,9,14613
v5531,9,14613
v23271,9,14613
v15987,9,14613
v6530,9,14613
v9838,9,14613
v20533,9,14613
v1213,9,14613
v1920,9,14613
v1216,9,14613
v6528,9,14613
v6525,9,14613
v28148,9,14613
v4779,9,14613
v16960,9,14613
v16844,9,14613
v4776,9,14613
v2339,9,14613
v32084,9,14613
v625,9,14613
v3622,9,14613
v3624,9,14613
v5360,9,14613
v16523,9,14613
v4766,9,14613
v19038,9,14613
v24646,9,14613
v19044,9,14613
v16480,9,14613
v19046,9,14613
v16478,9,14613
v29447,9,14613
v39862,9,14613
v30535,9,14613
v33113,9,14613
v32283,9,14613
v17824,9,14613
v12759,9,14613
v27452,9,14613
v29407,9,14613
v24632,9,14613
v6465,9,14613
v52947,9,14613
v5493,9,14613
v12750,9,14613
v33110,9,14613
v52914,9,14613
v10094,9,14613
v22454,9,14613
v3679,9,14613
v29388,9,14613
v1226,9,14613
v4834,9,14613
v3691,9,14613
v29367,9,14613
v14534,9,14613
v8639,9,14613
v17780,9,14613
v47221,9,14613
v22568,9,14613
v31624,9,14613
v6408,9,14613
v6406,9,14613
v1472,9,14613
v32108,9,14613
v4750,9,14613
v4146,9,14613
v4850,9,14613
v42435,9,14613
v47238,9,14613
v11850,9,14613
v16559,9,14613
v41703,9,14613
v29286,9,14613
v40027,9,14613
v4741,9,14613
v25769,9,14613
v19753,9,14613
v12719,9,14613
v4147,9,14613
v413,9,14613
v2288,9,14613
v57485,9,14613
v25775,9,14613
v41469,9,14613
v28127,9,14613
v2287,9,14613
v5355,9,14613
v16423,9,14613
v33041,9,14613
v11623,9,14613
v6376,9,14613
v11758,9,14613
v14622,9,14613
v11429,9,14613
v6366,9,14613
v14693,9,14613
v4727,9,14613
v28122,9,14613
v14703,9,14613
v705,9,14613
v26839,9,14613
v3755,9,14613
v3759,9,14613
v7918,9,14613
v33026,9,14613
v8694,9,14613
v35799,9,14613
v7924,9,14613
v17698,9,14613
v1253,9,14613
v7927,9,14613
v36151,9,14613
v11754,9,14613
v29143,9,14613
v15976,9,14613
v26858,9,14613
v1679,9,14613
v36885,9,14613
v27504,9,14613
v17692,9,14613
v40138,9,14613
v19992,9,14613
v21580,9,14613
v1903,9,14613
v16380,9,14613
v1687,9,14613
v12651,9,14613
v36745,9,14613
v19113,9,14613
v14792,9,14613
v11453,9,14613
v25821,9,14613
v27235,9,14613
v52663,9,14613
v6275,9,14613
v29077,9,14613
v8695,9,14613
v3811,9,14613
v11455,9,14613
v9794,9,14613
v36164,9,14613
v1691,9,14613
v14818,9,14613
v37305,9,14613
v14822,9,14613
v14823,9,14613
v20671,9,14613
v7962,9,14613
v6239,9,14613
v14836,9,14613
v4695,9,14613
v10375,9,14613
v3842,9,14613
v14844,9,14613
v10374,9,14613
v4690,9,14613
v36792,9,14613
v29060,9,14613
v14855,9,14613
v2239,9,14613
v31778,9,14613
v43285,9,14613
v3864,9,14613
v4499,9,14613
v47673,9,14613
v1567,9,14613
v11886,9,14613
v8862,9,14613
v4956,9,14613
v14901,9,14613
v50931,9,14613
v6170,9,14613
v7991,9,14613
v16926,9,14613
v2228,9,14613
v27659,9,14613
v50959,9,14613
v1897,9,14613
v16292,9,14613
v32504,9,14613
v16923,9,14613
v3901,9,14613
v36793,9,14613
v25989,9,14613
v24570,9,14613
v49883,9,14613
v3911,9,14613
v4662,9,14613
v1293,9,14613
v3925,9,14613
v14948,9,14613
v40255,9,14613
v14950,9,14613
v24287,9,14613
v8594,9,14613
v983,9,14613
v27673,9,14613
v60240,9,14613
v41933,9,14613
v27159,9,14613
v19643,9,14613
v12065,9,14613
v4971,9,14613
v28981,9,14613
v26038,9,14613
v2203,9,14613
v14998,9,14613
v821,9,14613
v43766,9,14613
v4644,9,14613
v26042,9,14613
v34719,9,14613
v8589,9,14613
v47962,9,14613
v3959,9,14613
v6074,9,14613
v56674,9,14613
v32252,9,14613
v4643,9,14613
v22123,9,14613
v5011,9,14613
v28927,9,14613
v55885,9,14613
v28919,9,14613
v15041,9,14613
v5321,9,14613
v28913,9,14613
v5320,9,14613
v5018,9,14613
v12547,9,14613
v28889,9,14613
v5022,9,14613
v9790,9,14613
v16245,9,14613
v41998,9,14613
v2181,9,14613
v24532,9,14613
v5318,9,14613
v24529,9,14613
v49422,9,14613
v21402,9,14613
v26108,9,14613
v4350,9,14613
v6016,9,14613
v5031,9,14613
v32140,9,14613
v2168,9,14613
v10368,9,14613
v2162,9,14613
v42608,9,14613
v19215,9,14613
v15104,9,14613
v19217,9,14613
v11503,9,14613
v32460,9,14613
v48157,9,14613
v1488,9,14613
v15123,9,14613
v15883,9,14613
v41071,9,14613
v15130,9,14613
v8091,9,14613
v26176,9,14613
v359,9,14613
v34710,9,14613
v52189,9,14613
v10296,9,14613
v21872,9,14613
v26922,9,14613
v4440,9,14613
v43541,9,14613
v8837,9,14613
v4498,9,14613
v11640,9,14613
v28318,9,14613
v43531,9,14613
v10603,9,14613
v37226,9,14613
v31857,9,14613
v8553,9,14613
v1334,9,14613
v19237,9,14613
v2140,9,14613
v28751,9,14613
v19242,9,14613
v12450,9,14613
v52045,9,14613
v21416,9,14613
v8710,9,14613
v15217,9,14613
v11529,9,14613
v1536,9,14613
v1355,9,14613
v4062,9,14613
v8115,9,14613
v4067,9,14613
v1735,9,14613
v28694,9,14613
v19931,9,14613
v51445,9,14613
v27782,9,14613
v36610,9,14613
v51022,9,14613
v11962,9,14613
v4089,9,14613
v5069,9,14613
v2097,9,14613
v15271,9,14613
v27784,9,14613
v21425,9,14613
v5513,9,14613
v48484,9,14613
v26405,9,14613
v9741,9,14613
v8714,9,14613
v22856,9,14613
v8152,9,14613
v15289,9,14613
v5081,9,14613
v15296,9,14613
v31895,9,14613
v5084,9,14613
v5861,9,14613
v5085,9,14613
v9646,9,14613
v50356,9,14613
v5852,9,14613
v23787,9,14613
v5838,9,14613
v5836,9,14613
v19498,9,14613
v48642,9,14613
v5831,9,14613
v28632,9,14613
v28627,9,14613
v21544,9,14613
v11979,9,14613
v11980,9,14613
v11553,9,14613
v28618,9,14613
v4601,9,14613
v8716,9,14613
v51906,9,14613
v10079,9,14613
v11985,9,14613
v1761,9,14613
v16142,9,14613
v5804,9,14613
v28593,9,14613
v22855,9,14613
v17247,9,14613
v8440,9,14613
v57769,9,14613
v35329,9,14613
v4210,9,14613
v17243,9,14613
v8380,9,14613
v21031,9,14613
v32734,9,14613
v2042,9,14613
v31951,9,14613
v26490,9,14613
v2032,9,14613
v15409,9,14613
v8529,9,14613
v15416,9,14613
v10217,9,14613
v26507,9,14613
v8229,9,14613
v51835,9,14613
v16751,9,14613
v4230,9,14613
v5752,9,14613
v43102,9,14613
v4573,9,14613
v8717,9,14613
v21451,9,14613
v23822,9,14613
v31970,9,14613
v2027,9,14613
v26568,9,14613
v43064,9,14613
v36230,9,14613
v4260,9,14613
v28512,9,14613
v2012,9,14613
v19575,9,14613
v26616,9,14613
v51145,9,14613
v26617,9,14613
v43005,9,14613
v1839,9,14613
v17154,9,14613
v5684,9,14613
v41040,9,14613
v5678,9,14613
v42502,9,14613
v28477,9,14613
v11594,9,14613
v10433,9,14613
v16777,9,14613
v31120,9,14613
v5669,9,14613
v13290,9,14613
v31097,9,14613
v58362,9,14613
v10435,9,14613
v13279,9,14613
v9810,9,14613
v5668,9,14613
v45137,9,14613
v55025,9,14613
v342,9,14613
v55031,9,14613
v22650,9,14613
v2820,9,14613
v45254,9,14613
v55049,9,14613
v5661,9,14613
v2777,9,14613
v10633,9,14613
v2832,9,14613
v15519,9,14613
v1796,9,14613
v45255,9,14613
v18715,9,14613
v10104,9,14613
v20631,9,14613
v24871,9,14613
v2859,9,14613
v13383,9,14613
v2860,9,14613
v7419,9,14613
v2757,9,14613
v35101,9,14613
v13245,9,14613
v13403,9,14613
v13244,9,14613
v30972,9,14613
v13410,9,14613
v523,9,14613
v7312,9,14613
v13420,9,14613
v652,9,14613
v2893,9,14613
v24821,9,14613
v5151,9,14613
v30941,9,14613
v2894,9,14613
v5156,9,14613
v13436,9,14613
v24896,9,14613
v7299,9,14613
v23506,9,14613
v15769,9,14613
v20219,9,14613
v15934,9,14613
v55113,9,14613
v35686,9,14613
v55115,9,14613
v31173,9,14613
v24910,9,14613
v448,9,14613
v13222,9,14613
v9973,9,14613
v51776,9,14613
v13220,9,14613
v30889,9,14613
v2910,9,14613
v22518,9,14613
v13467,9,14613
v9901,9,14613
v2915,9,14613
v22073,9,14613
v30858,9,14613
v38674,9,14613
v51753,9,14613
v28241,9,14613
v41025,9,14613
v18555,9,14613
v27858,9,14613
v36236,9,14613
v30849,9,14613
v2940,9,14613
v2941,9,14613
v49516,9,14613
v583,9,14613
v36276,9,14613
v21056,9,14613
v11202,9,14613
v9693,9,14613
v13512,9,14613
v20249,9,14613
v49207,9,14613
v13191,9,14613
v7242,9,14613
v26643,9,14613
v28421,9,14613
v39068,9,14613
v17689,9,14613
v4291,9,14613
v14639,9,14613
v12027,9,14613
v30792,9,14613
v22692,9,14613
v8283,9,14613
v46105,9,14613
v13547,9,14613
v13174,9,14613
v13171,9,14613
v7217,9,14613
v30765,9,14613
v9177,9,14613
v13164,9,14613
v30730,9,14613
v2979,9,14613
v2662,9,14613
v54829,9,14613
v31222,9,14613
v13593,9,14613
v9690,9,14613
v18481,9,14613
v5423,9,14613
v7463,9,14613
v18475,9,14613
v18470,9,14613
v21252,9,14613
v22183,9,14613
v26907,9,14613
v3005,9,14613
v13627,9,14613
v1799,9,14613
v26905,9,14613
v17121,9,14613
v7468,9,14613
v3017,9,14613
v17118,9,14613
v1965,9,14613
v13645,9,14613
v37005,9,14613
v6834,9,14613
v23394,9,14613
v44746,9,14613
v7145,9,14613
v9211,9,14613
v22210,9,14613
v26670,9,14613
v322,9,14613
v7133,9,14613
v26951,9,14613
v3043,9,14613
v16885,9,14613
v3049,9,14613
v2618,9,14613
v11239,9,14613
v18407,9,14613
v9630,9,14613
v32027,9,14613
v13710,9,14613
v1093,9,14613
v55193,9,14613
v45730,9,14613
v27990,9,14613
v16989,9,14613
v23536,9,14613
v2592,9,14613
v15587,8,15430
v35754,8,15430
v35740,8,15430
v9813,8,15430
v35693,8,15430
v10282,8,15430
v35662,8,15430
v488,8,15430
v9801,8,15430
v36750,8,15430
v10300,8,15430
v36771,8,15430
v10329,8,15430
v35448,8,15430
v35346,8,15430
v484,8,15430
v9744,8,15430
v9731,8,15430
v10391,8,15430
v36908,8,15430
v36932,8,15430
v35199,8,15430
v9710,8,15430
v36962,8,15430
v10426,8,15430
v9699,8,15430
v9696,8,15430
v9631,8,15430
v34969,8,15430
v34957,8,15430
v34889,8,15430
v9623,8,15430
v9611,8,15430
v9593,8,15430
v37142,8,15430
v37190,8,15430
v9544,8,15430
v9529,8,15430
v10624,8,15430
v10655,8,15430
v34663,8,15430
v34627,8,15430
v34624,8,15430
v531,8,15430
v37478,8,15430
v37513,8,15430
v37594,8,15430
v34439,8,15430
v34433,8,15430
v9417,8,15430
v37734,8,15430
v37790,8,15430
v37913,8,15430
v34207,8,15430
v34165,8,15430
v9342,8,15430
v38021,8,15430
v10887,8,15430
v10890,8,15430
v34119,8,15430
v9329,8,15430
v9328,8,15430
v34104,8,15430
v9321,8,15430
v38087,8,15430
v10922,8,15430
v9300,8,15430
v543,8,15430
v38181,8,15430
v9272,8,15430
v9263,8,15430
v10986,8,15430
v38356,8,15430
v9239,8,15430
v9237,8,15430
v33908,8,15430
v38515,8,15430
v33857,8,15430
v9191,8,15430
v38521,8,15430
v33850,8,15430
v38573,8,15430
v33840,8,15430
v38677,8,15430
v11120,8,15430
v33807,8,15430
v38723,8,15430
v33786,8,15430
v33783,8,15430
v38813,8,15430
v9109,8,15430
v11166,8,15430
v9098,8,15430
v38983,8,15430
v9069,8,15430
v33584,8,15430
v11238,8,15430
v39275,8,15430
v554,8,15430
v39397,8,15430
v33416,8,15430
v33356,8,15430
v9009,8,15430
v39643,8,15430
v33251,8,15430
v33149,8,15430
v11380,8,15430
v39905,8,15430
v33080,8,15430
v33017,8,15430
v8877,8,15430
v32999,8,15430
v32982,8,15430
v40420,8,15430
v8849,8,15430
v32938,8,15430
v11515,8,15430
v40516,8,15430
v8826,8,15430
v11546,8,15430
v11556,8,15430
v8816,8,15430
v11577,8,15430
v21133,8,15430
v40653,8,15430
v32886,8,15430
v8787,8,15430
v8739,8,15430
v8723,8,15430
v32732,8,15430
v8696,8,15430
v8685,8,15430
v41524,8,15430
v41557,8,15430
v8668,8,15430
v8667,8,15430
v41569,8,15430
v32636,8,15430
v41584,8,15430
v8657,8,15430
v11862,8,15430
v410,8,15430
v408,8,15430
v601,8,15430
v11909,8,15430
v11911,8,15430
v11918,8,15430
v402,8,15430
v42210,8,15430
v8514,8,15430
v12018,8,15430
v8496,8,15430
v32316,8,15430
v42290,8,15430
v32188,8,15430
v42416,8,15430
v8418,8,15430
v12114,8,15430
v42492,8,15430
v8392,8,15430
v32128,8,15430
v8361,8,15430
v8360,8,15430
v8331,8,15430
v386,8,15430
v12236,8,15430
v12261,8,15430
v12266,8,15430
v32019,8,15430
v32010,8,15430
v43019,8,15430
v31968,8,15430
v12358,8,15430
v43174,8,15430
v43189,8,15430
v43331,8,15430
v31900,8,15430
v43431,8,15430
v8144,8,15430
v8105,8,15430
v8102,8,15430
v8073,8,15430
v43644,8,15430
v8064,8,15430
v8056,8,15430
v43794,8,15430
v7999,8,15430
v31784,8,15430
v7978,8,15430
v7972,8,15430
v7970,8,15430
v31750,8,15430
v7959,8,15430
v12647,8,15430
v12650,8,15430
v12660,8,15430
v12664,8,15430
v7928,8,15430
v31680,8,15430
v7921,8,15430
v31672,8,15430
v12696,8,15430
v7897,8,15430
v12720,8,15430
v12748,8,15430
v44099,8,15430
v624,8,15430
v12776,8,15430
v44117,8,15430
v12788,8,15430
v7826,8,15430
v44124,8,15430
v12821,8,15430
v12823,8,15430
v12828,8,15430
v12829,8,15430
v7755,8,15430
v31477,8,15430
v31474,8,15430
v12881,8,15430
v7725,8,15430
v31463,8,15430
v44207,8,15430
v31453,8,15430
v44209,8,15430
v365,8,15430
v44238,8,15430
v44314,8,15430
v31423,8,15430
v12970,8,15430
v13029,8,15430
v44482,8,15430
v7569,8,15430
v7555,8,15430
v22878,8,15430
v31312,8,15430
v13089,8,15430
v31308,8,15430
v7508,8,15430
v7498,8,15430
v13116,8,15430
v13145,8,15430
v44858,8,15430
v31202,8,15430
v7449,8,15430
v13197,8,15430
v31180,8,15430
v642,8,15430
v13206,8,15430
v31170,8,15430
v7418,8,15430
v13294,8,15430
v7385,8,15430
v13303,8,15430
v13312,8,15430
v13319,8,15430
v7377,8,15430
v45123,8,15430
v59456,8,15430
v31070,8,15430
v7340,8,15430
v13382,8,15430
v45287,8,15430
v30986,8,15430
v30982,8,15430
v13414,8,15430
v7315,8,15430
v30953,8,15430
v7305,8,15430
v30913,8,15430
v30879,8,15430
v17690,8,15430
v30811,8,15430
v30801,8,15430
v30800,8,15430
v13538,8,15430
v30705,8,15430
v13597,8,15430
v30687,8,15430
v45607,8,15430
v45610,8,15430
v7159,8,15430
v30635,8,15430
v7153,8,15430
v13643,8,15430
v30605,8,15430
v30582,8,15430
v7122,8,15430
v30479,8,15430
v675,8,15430
v13720,8,15430
v45748,8,15430
v13758,8,15430
v7037,8,15430
v13814,8,15430
v13822,8,15430
v13845,8,15430
v6976,8,15430
v46039,8,15430
v6943,8,15430
v46148,8,15430
v6935,8,15430
v30219,8,15430
v6911,8,15430
v6902,8,15430
v13958,8,15430
v6873,8,15430
v46500,8,15430
v46517,8,15430
v46634,8,15430
v6839,8,15430
v30147,8,15430
v14033,8,15430
v30133,8,15430
v46785,8,15430
v46786,8,15430
v6776,8,15430
v14064,8,15430
v6769,8,15430
v30066,8,15430
v6754,8,15430
v30019,8,15430
v60664,8,15430
v30009,8,15430
v30004,8,15430
v30001,8,15430
v29998,8,15430
v29989,8,15430
v29986,8,15430
v29984,8,15430
v6724,8,15430
v46815,8,15430
v29945,8,15430
v29944,8,15430
v29915,8,15430
v46858,8,15430
v60669,8,15430
v6689,8,15430
v6664,8,15430
v14259,8,15430
v6603,8,15430
v14293,8,15430
v29707,8,15430
v29705,8,15430
v47064,8,15430
v29698,8,15430
v29656,8,15430
v14337,8,15430
v47101,8,15430
v6535,8,15430
v14386,8,15430
v29557,8,15430
v29532,8,15430
v47163,8,15430
v29506,8,15430
v6482,8,15430
v29469,8,15430
v6479,8,15430
v29442,8,15430
v6826,8,15430
v14487,8,15430
v6447,8,15430
v29390,8,15430
v29348,8,15430
v29344,8,15430
v6412,8,15430
v29288,8,15430
v6396,8,15430
v14594,8,15430
v6387,8,15430
v14601,8,15430
v29269,8,15430
v6384,8,15430
v6371,8,15430
v6367,8,15430
v6824,8,15430
v47309,8,15430
v29192,8,15430
v47348,8,15430
v6318,8,15430
v29123,8,15430
v14766,8,15430
v14774,8,15430
v274,8,15430
v29084,8,15430
v47472,8,15430
v6254,8,15430
v6835,8,15430
v6202,8,15430
v265,8,15430
v14894,8,15430
v6168,8,15430
v47751,8,15430
v6159,8,15430
v6147,8,15430
v47837,8,15430
v47916,8,15430
v6104,8,15430
v14979,8,15430
v22857,8,15430
v47942,8,15430
v28961,8,15430
v6092,8,15430
v15004,8,15430
v47955,8,15430
v6085,8,15430
v28896,8,15430
v15056,8,15430
v6053,8,15430
v6028,8,15430
v28870,8,15430
v48130,8,15430
v28842,8,15430
v28831,8,15430
v48169,8,15430
v28815,8,15430
v28812,8,15430
v5972,8,15430
v5970,8,15430
v5969,8,15430
v28798,8,15430
v28797,8,15430
v28784,8,15430
v5957,8,15430
v28717,8,15430
v28713,8,15430
v28701,8,15430
v5911,8,15430
v15257,8,15430
v48477,8,15430
v5874,8,15430
v15290,8,15430
v5870,8,15430
v48587,8,15430
v5865,8,15430
v5856,8,15430
v28641,8,15430
v48748,8,15430
v5807,8,15430
v28585,8,15430
v15402,8,15430
v48934,8,15430
v15420,8,15430
v5741,8,15430
v49015,8,15430
v49027,8,15430
v15463,8,15430
v5692,8,15430
v28478,8,15430
v28464,8,15430
v49158,8,15430
v49159,8,15430
v15528,8,15430
v28451,8,15430
v49181,8,15430
v15537,8,15430
v15539,8,15430
v5639,8,15430
v49188,8,15430
v49236,8,15430
v28407,8,15430
v3241,8,15430
v15577,8,15430
v15580,8,15430
v5577,8,15430
v49380,8,15430
v15629,8,15430
v28322,8,15430
v5551,8,15430
v49423,8,15430
v5522,8,15430
v49445,8,15430
v5510,8,15430
v15705,8,15430
v5467,8,15430
v49494,8,15430
v5453,8,15430
v15760,8,15430
v15773,8,15430
v5424,8,15430
v49560,8,15430
v28179,8,15430
v15814,8,15430
v49612,8,15430
v15824,8,15430
v49673,8,15430
v15831,8,15430
v28141,8,15430
v28128,8,15430
v15864,8,15430
v15884,8,15430
v5306,8,15430
v5288,8,15430
v15903,8,15430
v28048,8,15430
v28046,8,15430
v28041,8,15430
v22114,8,15430
v50155,8,15430
v15986,8,15430
v27986,8,15430
v27966,8,15430
v5202,8,15430
v16027,8,15430
v59044,8,15430
v16038,8,15430
v5165,8,15430
v27867,8,15430
v5135,8,15430
v5132,8,15430
v16097,8,15430
v5115,8,15430
v27811,8,15430
v27810,8,15430
v27806,8,15430
v5097,8,15430
v5095,8,15430
v28393,8,15430
v27794,8,15430
v5089,8,15430
v5076,8,15430
v5072,8,15430
v5056,8,15430
v50404,8,15430
v16223,8,15430
v50427,8,15430
v27737,8,15430
v5005,8,15430
v16281,8,15430
v27670,8,15430
v21046,8,15430
v27669,8,15430
v50456,8,15430
v4959,8,15430
v16312,8,15430
v4943,8,15430
v16327,8,15430
v27563,8,15430
v4921,8,15430
v16381,8,15430
v16390,8,15430
v16391,8,15430
v16392,8,15430
v16409,8,15430
v4859,8,15430
v4835,8,15430
v4830,8,15430
v50644,8,15430
v4818,8,15430
v4817,8,15430
v4799,8,15430
v16529,8,15430
v4746,8,15430
v4743,8,15430
v27273,8,15430
v16593,8,15430
v50810,8,15430
v16597,8,15430
v16607,8,15430
v4697,8,15430
v27193,8,15430
v4676,8,15430
v16654,8,15430
v4664,8,15430
v16668,8,15430
v50962,8,15430
v4657,8,15430
v16675,8,15430
v4646,8,15430
v4638,8,15430
v16718,8,15430
v51071,8,15430
v16742,8,15430
v16746,8,15430
v51140,8,15430
v27040,8,15430
v16820,8,15430
v51367,8,15430
v4501,8,15430
v4484,8,15430
v26920,8,15430
v26897,8,15430
v4452,8,15430
v16908,8,15430
v4449,8,15430
v4437,8,15430
v16933,8,15430
v16936,8,15430
v4424,8,15430
v9671,8,15430
v4390,8,15430
v16994,8,15430
v17001,8,15430
v4362,8,15430
v26767,8,15430
v51618,8,15430
v26741,8,15430
v26684,8,15430
v26681,8,15430
v4308,8,15430
v51677,8,15430
v51686,8,15430
v26674,8,15430
v26665,8,15430
v17109,8,15430
v51739,8,15430
v4282,8,15430
v17155,8,15430
v4269,8,15430
v17160,8,15430
v26621,8,15430
v26611,8,15430
v17176,8,15430
v17177,8,15430
v4242,8,15430
v4241,8,15430
v17217,8,15430
v26516,8,15430
v17245,8,15430
v4206,8,15430
v26474,8,15430
v4184,8,15430
v4158,8,15430
v4127,8,15430
v17333,8,15430
v51993,8,15430
v4085,8,15430
v21030,8,15430
v26329,8,15430
v4043,8,15430
v26294,8,15430
v26278,8,15430
v4020,8,15430
v26157,8,15430
v52208,8,15430
v17528,8,15430
v26027,8,15430
v3929,8,15430
v25983,8,15430
v22743,8,15430
v52440,8,15430
v22745,8,15430
v52456,8,15430
v52538,8,15430
v3824,8,15430
v52632,8,15430
v52704,8,15430
v17677,8,15430
v3780,8,15430
v17699,8,15430
v3766,8,15430
v3703,8,15430
v3687,8,15430
v52904,8,15430
v3674,8,15430
v25700,8,15430
v3623,8,15430
v53149,8,15430
v53152,8,15430
v53177,8,15430
v53197,8,15430
v17868,8,15430
v17875,8,15430
v53326,8,15430
v3562,8,15430
v839,8,15430
v53516,8,15430
v53795,8,15430
v3451,8,15430
v18064,8,15430
v25472,8,15430
v3395,8,15430
v18120,8,15430
v25402,8,15430
v3376,8,15430
v18151,8,15430
v18155,8,15430
v3326,8,15430
v25383,8,15430
v3266,8,15430
v3259,8,15430
v855,8,15430
v3254,8,15430
v18240,8,15430
v25312,8,15430
v25298,8,15430
v3212,8,15430
v3205,8,15430
v3181,8,15430
v25242,8,15430
v3167,8,15430
v3165,8,15430
v3164,8,15430
v3148,8,15430
v22763,8,15430
v18374,8,15430
v3092,8,15430
v18391,8,15430
v3074,8,15430
v3072,8,15430
v54707,8,15430
v3063,8,15430
v54720,8,15430
v3056,8,15430
v3051,8,15430
v3035,8,15430
v3027,8,15430
v3015,8,15430
v18471,8,15430
v18487,8,15430
v18493,8,15430
v25049,8,15430
v25034,8,15430
v2953,8,15430
v24957,8,15430
v24933,8,15430
v18560,8,15430
v2907,8,15430
v2900,8,15430
v18609,8,15430
v2899,8,15430
v24889,8,15430
v2898,8,15430
v24884,8,15430
v2889,8,15430
v2881,8,15430
v2839,8,15430
v54861,8,15430
v24862,8,15430
v24858,8,15430
v18684,8,15430
v2799,8,15430
v55078,8,15430
v18733,8,15430
v2683,8,15430
v2649,8,15430
v18821,8,15430
v2595,8,15430
v2571,8,15430
v18838,8,15430
v4972,8,15430
v878,8,15430
v24751,8,15430
v18883,8,15430
v2496,8,15430
v18903,8,15430
v2473,8,15430
v55492,8,15430
v2438,8,15430
v2437,8,15430
v24699,8,15430
v2426,8,15430
v2415,8,15430
v2392,8,15430
v24673,8,15430
v2387,8,15430
v2360,8,15430
v19021,8,15430
v19058,8,15430
v19074,8,15430
v2281,8,15430
v24608,8,15430
v24597,8,15430
v19123,8,15430
v19140,8,15430
v2236,8,15430
v2234,8,15430
v2216,8,15430
v2213,8,15430
v2210,8,15430
v20999,8,15430
v2172,8,15430
v2164,8,15430
v19218,8,15430
v2154,8,15430
v56138,8,15430
v56208,8,15430
v24456,8,15430
v2066,8,15430
v2060,8,15430
v2059,8,15430
v2036,8,15430
v19335,8,15430
v3233,8,15430
v2009,8,15430
v2008,8,15430
v1997,8,15430
v1984,8,15430
v1976,8,15430
v1971,8,15430
v24355,8,15430
v24329,8,15430
v1932,8,15430
v1925,8,15430
v1901,8,15430
v1886,8,15430
v1877,8,15430
v1869,8,15430
v1862,8,15430
v9656,8,15430
v19561,8,15430
v19577,8,15430
v1776,8,15430
v22794,8,15430
v19603,8,15430
v19630,8,15430
v1696,8,15430
v1670,8,15430
v19680,8,15430
v1658,8,15430
v19700,8,15430
v57216,8,15430
v24061,8,15430
v19733,8,15430
v19819,8,15430
v1499,8,15430
v19828,8,15430
v1480,8,15430
v23905,8,15430
v1426,8,15430
v1421,8,15430
v23820,8,15430
v1407,8,15430
v1400,8,15430
v1382,8,15430
v1354,8,15430
v1353,8,15430
v19971,8,15430
v1252,8,15430
v20010,8,15430
v1242,8,15430
v57977,8,15430
v23649,8,15430
v1208,8,15430
v1168,8,15430
v22770,8,15430
v1154,8,15430
v1138,8,15430
v20113,8,15430
v1044,8,15430
v20175,8,15430
v1029,8,15430
v23495,8,15430
v20208,8,15430
v20217,8,15430
v22082,8,15430
v20242,8,15430
v22163,8,15430
v21954,8,15430
v20266,8,15430
v20271,8,15430
v23395,8,15430
v22206,8,15430
v23391,8,15430
v23389,8,15430
v58511,8,15430
v22248,8,15430
v20349,8,15430
v21795,8,15430
v21738,8,15430
v22334,8,15430
v21718,8,15430
v21691,8,15430
v20473,8,15430
v20475,8,15430
v21680,8,15430
v23275,8,15430
v20508,8,15430
v22387,8,15430
v946,8,15430
v21597,8,15430
v21587,8,15430
v21585,8,15430
v23252,8,15430
v21541,8,15430
v23204,8,15430
v21522,8,15430
v21492,8,15430
v20621,8,15430
v23081,8,15430
v20638,8,15430
v22544,8,15430
v21369,8,15430
v21345,8,15430
v21296,8,15430
v22626,8,15430
v20976,8,15430
v21249,8,15430
v23009,8,15430
v21245,8,15430
v22966,8,15430
v36160,8,15430
v36186,8,15430
v36193,8,15430
v9982,8,15430
v9975,8,15430
v36213,8,15430
v10086,8,15430
v36066,8,15430
v10108,8,15430
v9904,8,15430
v35915,8,15430
v36522,8,15430
v35875,8,15430
v19919,7,16334
v5268,7,16334
v15916,7,16334
v15911,7,16334
v4459,7,16334
v15908,7,16334
v4453,7,16334
v5307,7,16334
v4445,7,16334
v34673,7,16334
v16921,7,16334
v49851,7,16334
v26859,7,16334
v4430,7,16334
v5344,7,16334
v16945,7,16334
v5348,7,16334
v26833,7,16334
v5350,7,16334
v5356,7,16334
v5365,7,16334
v51280,7,16334
v28158,7,16334
v59117,7,16334
v28182,7,16334
v216,7,16334
v28239,7,16334
v49486,7,16334
v5479,7,16334
v5499,7,16334
v49460,7,16334
v15695,7,16334
v10153,7,16334
v4349,7,16334
v28316,7,16334
v5546,7,16334
v28320,7,16334
v21452,7,16334
v49401,7,16334
v6836,7,16334
v5552,7,16334
v4337,7,16334
v26735,7,16334
v4336,7,16334
v4335,7,16334
v49382,7,16334
v5563,7,16334
v5564,7,16334
v49369,7,16334
v5576,7,16334
v5586,7,16334
v15601,7,16334
v51674,7,16334
v4312,7,16334
v26683,7,16334
v28349,7,16334
v49331,7,16334
v9521,7,16334
v28396,7,16334
v17103,7,16334
v5603,7,16334
v17116,7,16334
v17128,7,16334
v28429,7,16334
v28436,7,16334
v49180,7,16334
v15525,7,16334
v49148,7,16334
v15512,7,16334
v49136,7,16334
v5677,7,16334
v49124,7,16334
v4274,7,16334
v26623,7,16334
v51795,7,16334
v37234,7,16334
v20649,7,16334
v26620,7,16334
v17169,7,16334
v26609,7,16334
v5710,7,16334
v26607,7,16334
v22549,7,16334
v4267,7,16334
v15471,7,16334
v26589,7,16334
v5716,7,16334
v26586,7,16334
v49037,7,16334
v5723,7,16334
v15455,7,16334
v49009,7,16334
v4252,7,16334
v49002,7,16334
v48988,7,16334
v28531,7,16334
v5748,7,16334
v4229,7,16334
v15427,7,16334
v21403,7,16334
v51846,7,16334
v51899,7,16334
v15406,7,16334
v48914,7,16334
v5801,7,16334
v34713,7,16334
v5805,7,16334
v17266,7,16334
v17269,7,16334
v4193,7,16334
v5823,7,16334
v5825,7,16334
v59152,7,16334
v17279,7,16334
v21211,7,16334
v4187,7,16334
v34714,7,16334
v15328,7,16334
v17285,7,16334
v48637,7,16334
v28647,7,16334
v730,7,16334
v4163,7,16334
v5860,7,16334
v48595,7,16334
v34715,7,16334
v51935,7,16334
v48440,7,16334
v51954,7,16334
v4088,7,16334
v17352,7,16334
v17355,7,16334
v4072,7,16334
v17359,7,16334
v4070,7,16334
v26355,7,16334
v5938,7,16334
v17381,7,16334
v26302,7,16334
v10578,7,16334
v43231,7,16334
v48316,7,16334
v48272,7,16334
v52478,7,16334
v48271,7,16334
v28811,7,16334
v28814,7,16334
v37193,7,16334
v26202,7,16334
v52176,7,16334
v48168,7,16334
v28828,7,16334
v26162,7,16334
v15118,7,16334
v26127,7,16334
v15102,7,16334
v28845,7,16334
v17459,7,16334
v9559,7,16334
v3995,7,16334
v15095,7,16334
v15090,7,16334
v6043,7,16334
v3986,7,16334
v15068,7,16334
v28897,7,16334
v28900,7,16334
v26087,7,16334
v3972,7,16334
v15042,7,16334
v6068,7,16334
v15018,7,16334
v6080,7,16334
v26044,7,16334
v14995,7,16334
v21064,7,16334
v17525,7,16334
v26032,7,16334
v17529,7,16334
v712,7,16334
v17533,7,16334
v26029,7,16334
v29004,7,16334
v47920,7,16334
v52362,7,16334
v26006,7,16334
v47887,7,16334
v6132,7,16334
v17555,7,16334
v3918,7,16334
v3914,7,16334
v3904,7,16334
v262,7,16334
v6182,7,16334
v47674,7,16334
v25937,7,16334
v3870,7,16334
v17596,7,16334
v14874,7,16334
v9566,7,16334
v6201,7,16334
v21378,7,16334
v21024,7,16334
v824,7,16334
v6215,7,16334
v6218,7,16334
v6220,7,16334
v34748,7,16334
v14842,7,16334
v14841,7,16334
v14831,7,16334
v29075,7,16334
v14815,7,16334
v52617,7,16334
v25849,7,16334
v52631,7,16334
v3808,7,16334
v6274,7,16334
v10185,7,16334
v6276,7,16334
v14784,7,16334
v17667,7,16334
v14783,7,16334
v14782,7,16334
v6292,7,16334
v47425,7,16334
v34758,7,16334
v6298,7,16334
v6301,7,16334
v3782,7,16334
v25798,7,16334
v29181,7,16334
v14728,7,16334
v47352,7,16334
v3760,7,16334
v47299,7,16334
v29235,7,16334
v6825,7,16334
v25785,7,16334
v14623,7,16334
v3740,7,16334
v6380,7,16334
v14598,7,16334
v47243,7,16334
v29279,7,16334
v14583,7,16334
v29285,7,16334
v47235,7,16334
v25759,7,16334
v29311,7,16334
v25733,7,16334
v25731,7,16334
v25730,7,16334
v6428,7,16334
v17781,7,16334
v29370,7,16334
v29373,7,16334
v9583,7,16334
v29391,7,16334
v6448,7,16334
v3666,7,16334
v6457,7,16334
v6463,7,16334
v52955,7,16334
v47184,7,16334
v29411,7,16334
v14480,7,16334
v6486,7,16334
v53142,7,16334
v25642,7,16334
v10205,7,16334
v285,7,16334
v14435,7,16334
v14434,7,16334
v17847,7,16334
v29498,7,16334
v62234,7,16334
v10524,7,16334
v20698,7,16334
v3603,7,16334
v17892,7,16334
v53310,7,16334
v29573,7,16334
v47109,7,16334
v53324,7,16334
v47107,7,16334
v17906,7,16334
v6542,7,16334
v14355,7,16334
v29639,7,16334
v25587,7,16334
v29640,7,16334
v14351,7,16334
v14344,7,16334
v6556,7,16334
v14329,7,16334
v6558,7,16334
v17935,7,16334
v47069,7,16334
v6565,7,16334
v9600,7,16334
v47066,7,16334
v841,7,16334
v6604,7,16334
v47004,7,16334
v6633,7,16334
v53518,7,16334
v3521,7,16334
v46959,7,16334
v53549,7,16334
v3508,7,16334
v53612,7,16334
v29798,7,16334
v46919,7,16334
v29836,7,16334
v25540,7,16334
v29843,7,16334
v53681,7,16334
v6660,7,16334
v53689,7,16334
v46886,7,16334
v53750,7,16334
v6687,7,16334
v29905,7,16334
v46854,7,16334
v29947,7,16334
v46816,7,16334
v6729,7,16334
v6731,7,16334
v37082,7,16334
v29965,7,16334
v25490,7,16334
v3422,7,16334
v29970,7,16334
v29975,7,16334
v10512,7,16334
v59026,7,16334
v3416,7,16334
v25453,7,16334
v14136,7,16334
v29995,7,16334
v30000,7,16334
v14111,7,16334
v30031,7,16334
v30059,7,16334
v18116,7,16334
v3390,7,16334
v37025,7,16334
v30063,7,16334
v30064,7,16334
v3383,7,16334
v3378,7,16334
v25401,7,16334
v6775,7,16334
v6777,7,16334
v46788,7,16334
v46751,7,16334
v14032,7,16334
v9624,7,16334
v6807,7,16334
v3330,7,16334
v34879,7,16334
v34895,7,16334
v46591,7,16334
v46513,7,16334
v25378,7,16334
v3308,7,16334
v25377,7,16334
v54204,7,16334
v54210,7,16334
v46344,7,16334
v54241,7,16334
v18208,7,16334
v312,7,16334
v3268,7,16334
v10485,7,16334
v18218,7,16334
v13932,7,16334
v46241,7,16334
v6951,7,16334
v14676,7,16334
v6967,7,16334
v25301,7,16334
v25289,7,16334
v9895,7,16334
v3210,7,16334
v13862,7,16334
v3236,7,16334
v25263,7,16334
v45997,7,16334
v6984,7,16334
v54523,7,16334
v13836,7,16334
v6997,7,16334
v18301,7,16334
v25245,7,16334
v30305,7,16334
v22632,7,16334
v10480,7,16334
v25219,7,16334
v30316,7,16334
v3163,7,16334
v13809,7,16334
v3154,7,16334
v3151,7,16334
v25205,7,16334
v54528,7,16334
v7034,7,16334
v13791,7,16334
v7048,7,16334
v13782,7,16334
v3125,7,16334
v45862,7,16334
v7062,7,16334
v18362,7,16334
v30382,7,16334
v18365,7,16334
v45800,7,16334
v13753,7,16334
v30391,7,16334
v45794,7,16334
v30431,7,16334
v9628,7,16334
v18390,7,16334
v45744,7,16334
v3078,7,16334
v45722,7,16334
v35892,7,16334
v13704,7,16334
v7119,7,16334
v36572,7,16334
v54736,7,16334
v18424,7,16334
v3048,7,16334
v7128,7,16334
v25125,7,16334
v3036,7,16334
v13671,7,16334
v25186,7,16334
v30578,7,16334
v13658,7,16334
v45639,7,16334
v7160,7,16334
v45631,7,16334
v7169,7,16334
v13613,7,16334
v25086,7,16334
v18474,7,16334
v7180,7,16334
v2988,7,16334
v54819,7,16334
v45560,7,16334
v35055,7,16334
v30749,7,16334
v2976,7,16334
v7219,7,16334
v45529,7,16334
v25005,7,16334
v13549,7,16334
v13544,7,16334
v13520,7,16334
v24953,7,16334
v656,7,16334
v18554,7,16334
v2926,7,16334
v30865,7,16334
v13469,7,16334
v2911,7,16334
v18575,7,16334
v7286,7,16334
v14661,7,16334
v45386,7,16334
v30923,7,16334
v20762,7,16334
v30938,7,16334
v35126,7,16334
v22989,7,16334
v21220,7,16334
v13417,7,16334
v45283,7,16334
v7329,7,16334
v45264,7,16334
v31019,7,16334
v7354,7,16334
v2834,7,16334
v7359,7,16334
v2824,7,16334
v31100,7,16334
v13306,7,16334
v2808,7,16334
v24851,7,16334
v45093,7,16334
v10428,7,16334
v46091,7,16334
v2776,7,16334
v55093,7,16334
v13258,7,16334
v2763,7,16334
v13255,7,16334
v13247,7,16334
v31151,7,16334
v59457,7,16334
v18735,7,16334
v2738,7,16334
v13234,7,16334
v18743,7,16334
v2726,7,16334
v643,7,16334
v2719,7,16334
v13210,7,16334
v2695,7,16334
v31179,7,16334
v22970,7,16334
v13172,7,16334
v7459,7,16334
v13162,7,16334
v13155,7,16334
v2653,7,16334
v2646,7,16334
v44783,7,16334
v31266,7,16334
v7471,7,16334
v13131,7,16334
v31294,7,16334
v60550,7,16334
v13102,7,16334
v2599,7,16334
v7511,7,16334
v44611,7,16334
v355,7,16334
v24776,7,16334
v24775,7,16334
v2554,7,16334
v7542,7,16334
v2546,7,16334
v13047,7,16334
v18866,7,16334
v55335,7,16334
v44495,7,16334
v13038,7,16334
v13037,7,16334
v7577,7,16334
v31380,7,16334
v24750,7,16334
v24746,7,16334
v7588,7,16334
v13009,7,16334
v7607,7,16334
v2469,7,16334
v44357,7,16334
v21167,7,16334
v2458,7,16334
v44339,7,16334
v12957,7,16334
v12935,7,16334
v9716,7,16334
v24701,7,16334
v2436,7,16334
v44246,7,16334
v44203,7,16334
v55524,7,16334
v12892,7,16334
v2405,7,16334
v7753,7,16334
v12851,7,16334
v2388,7,16334
v12848,7,16334
v18995,7,16334
v12838,7,16334
v55564,7,16334
v44150,7,16334
v12813,7,16334
v19018,7,16334
v24653,7,16334
v2357,7,16334
v12810,7,16334
v12790,7,16334
v12783,7,16334
v7834,7,16334
v2320,7,16334
v623,7,16334
v2313,7,16334
v10388,7,16334
v44095,7,16334
v2308,7,16334
v44087,7,16334
v12724,7,16334
v12706,7,16334
v44016,7,16334
v43999,7,16334
v12697,7,16334
v2284,7,16334
v19094,7,16334
v12693,7,16334
v19099,7,16334
v12663,7,16334
v2268,7,16334
v2265,7,16334
v31690,7,16334
v35288,7,16334
v7946,7,16334
v31735,7,16334
v10019,7,16334
v43912,7,16334
v12626,7,16334
v31764,7,16334
v7973,7,16334
v43890,7,16334
v9663,7,16334
v7981,7,16334
v7993,7,16334
v12583,7,16334
v12582,7,16334
v35293,7,16334
v19166,7,16334
v43768,7,16334
v35294,7,16334
v8042,7,16334
v373,7,16334
v3238,7,16334
v43667,7,16334
v12509,7,16334
v374,7,16334
v2167,7,16334
v10373,7,16334
v2159,7,16334
v2155,7,16334
v56049,7,16334
v12478,7,16334
v614,7,16334
v19241,7,16334
v31870,7,16334
v2139,7,16334
v2136,7,16334
v8116,7,16334
v8117,7,16334
v8123,7,16334
v380,7,16334
v8130,7,16334
v12420,7,16334
v8143,7,16334
v2091,7,16334
v31883,7,16334
v12410,7,16334
v8153,7,16334
v43365,7,16334
v12391,7,16334
v31913,7,16334
v43219,7,16334
v2072,7,16334
v12365,7,16334
v31923,7,16334
v2064,7,16334
v8207,7,16334
v10352,7,16334
v12356,7,16334
v8215,7,16334
v2054,7,16334
v2038,7,16334
v2037,7,16334
v2033,7,16334
v31952,7,16334
v12340,7,16334
v8232,7,16334
v8233,7,16334
v12320,7,16334
v43022,7,16334
v43008,7,16334
v12294,7,16334
v9756,7,16334
v56395,7,16334
v1995,7,16334
v56525,7,16334
v1972,7,16334
v8288,7,16334
v8289,7,16334
v8293,7,16334
v385,7,16334
v32052,7,16334
v608,7,16334
v19405,7,16334
v20293,7,16334
v24363,7,16334
v42887,7,16334
v12223,7,16334
v12219,7,16334
v9764,7,16334
v36113,7,16334
v8337,7,16334
v8338,7,16334
v12205,7,16334
v10064,7,16334
v20830,7,16334
v42770,7,16334
v42662,7,16334
v19448,7,16334
v19449,7,16334
v1902,7,16334
v42659,7,16334
v36560,7,16334
v42636,7,16334
v8354,7,16334
v24291,7,16334
v22151,7,16334
v8358,7,16334
v8363,7,16334
v8364,7,16334
v8366,7,16334
v8369,7,16334
v24252,7,16334
v12148,7,16334
v8378,7,16334
v1847,7,16334
v8389,7,16334
v42530,7,16334
v42516,7,16334
v1833,7,16334
v12105,7,16334
v32208,7,16334
v56701,7,16334
v19538,7,16334
v12071,7,16334
v8460,7,16334
v8474,7,16334
v42274,7,16334
v19562,7,16334
v24186,7,16334
v24184,7,16334
v1785,7,16334
v8531,7,16334
v32419,7,16334
v11983,7,16334
v11981,7,16334
v42091,7,16334
v42090,7,16334
v8546,7,16334
v11960,7,16334
v19615,7,16334
v8556,7,16334
v32452,7,16334
v11937,7,16334
v42034,7,16334
v1721,7,16334
v8564,7,16334
v32508,7,16334
v8608,7,16334
v41880,7,16334
v8611,7,16334
v32541,7,16334
v1683,7,16334
v8615,7,16334
v19666,7,16334
v19667,7,16334
v24124,7,16334
v41791,7,16334
v1668,7,16334
v8636,7,16334
v8638,7,16334
v32560,7,16334
v32594,7,16334
v1643,7,16334
v32603,7,16334
v1641,7,16334
v20828,7,16334
v8673,7,16334
v11788,7,16334
v1634,7,16334
v1631,7,16334
v8676,7,16334
v41552,7,16334
v32666,7,16334
v416,7,16334
v8683,7,16334
v1582,7,16334
v19749,7,16334
v19750,7,16334
v19754,7,16334
v19758,7,16334
v11739,7,16334
v1554,7,16334
v1553,7,16334
v19777,7,16334
v8703,7,16334
v62186,7,16334
v19787,7,16334
v8705,7,16334
v8715,7,16334
v22667,7,16334
v19804,7,16334
v1523,7,16334
v8725,7,16334
v8733,7,16334
v32780,7,16334
v8742,7,16334
v1490,7,16334
v32798,7,16334
v8759,7,16334
v8770,7,16334
v40830,7,16334
v1440,7,16334
v11612,7,16334
v23857,7,16334
v40705,7,16334
v10287,7,16334
v32885,7,16334
v19883,7,16334
v11595,7,16334
v40655,7,16334
v19888,7,16334
v23833,7,16334
v23829,7,16334
v23828,7,16334
v10095,7,16334
v36741,7,16334
v19907,7,16334
v40602,7,16334
v11549,7,16334
v20991,7,16334
v11545,7,16334
v4474,7,16334
v11542,7,16334
v35663,7,16334
v11536,7,16334
v11534,7,16334
v11525,7,16334
v11522,7,16334
v11521,7,16334
v19960,7,16334
v40470,7,16334
v1295,7,16334
v19970,7,16334
v36723,7,16334
v40253,7,16334
v32996,7,16334
v1258,7,16334
v40110,7,16334
v11435,7,16334
v8896,7,16334
v11426,7,16334
v11425,7,16334
v23728,7,16334
v11423,7,16334
v40048,7,16334
v57947,7,16334
v22907,7,16334
v11417,7,16334
v40026,7,16334
v20034,7,16334
v1228,7,16334
v20041,7,16334
v8934,7,16334
v8958,7,16334
v1207,7,16334
v1205,7,16334
v33189,7,16334
v1177,7,16334
v22769,7,16334
v35695,7,16334
v23640,7,16334
v8972,7,16334
v8974,7,16334
v11341,7,16334
v8975,7,16334
v8980,7,16334
v11320,7,16334
v1142,7,16334
v39662,7,16334
v33282,7,16334
v20110,7,16334
v1123,7,16334
v33381,7,16334
v20127,7,16334
v33433,7,16334
v33459,7,16334
v23532,7,16334
v20153,7,16334
v33546,7,16334
v39144,7,16334
v1064,7,16334
v20160,7,16334
v1058,7,16334
v11200,7,16334
v9945,7,16334
v20174,7,16334
v58292,7,16334
v33651,7,16334
v11182,7,16334
v23497,7,16334
v1020,7,16334
v1019,7,16334
v1017,7,16334
v38811,7,16334
v38775,7,16334
v23477,7,16334
v9133,7,16334
v38750,7,16334
v22011,7,16334
v38646,7,16334
v22095,7,16334
v35717,7,16334
v20244,7,16334
v38599,7,16334
v38568,7,16334
v21955,7,16334
v36328,7,16334
v38523,7,16334
v9199,7,16334
v22184,7,16334
v23397,7,16334
v11046,7,16334
v11043,7,16334
v9207,7,16334
v9209,7,16334
v35741,7,16334
v20309,7,16334
v21889,7,16334
v20982,7,16334
v459,7,16334
v35750,7,16334
v23380,7,16334
v9241,7,16334
v9923,7,16334
v20344,7,16334
v38272,7,16334
v21848,7,16334
v9261,7,16334
v23376,7,16334
v23372,7,16334
v9265,7,16334
v22276,7,16334
v9274,7,16334
v38189,7,16334
v544,7,16334
v10949,7,16334
v38109,7,16334
v9297,7,16334
v21798,7,16334
v20388,7,16334
v22923,7,16334
v34135,7,16334
v20405,7,16334
v10878,7,16334
v22309,7,16334
v21753,7,16334
v34177,7,16334
v21736,7,16334
v34212,7,16334
v10852,7,16334
v22320,7,16334
v9354,7,16334
v22326,7,16334
v20434,7,16334
v36029,7,16334
v9355,7,16334
v23302,7,16334
v37904,7,16334
v538,7,16334
v37890,7,16334
v23292,7,16334
v37832,7,16334
v37814,7,16334
v20481,7,16334
v20482,7,16334
v10796,7,16334
v37775,7,16334
v22375,7,16334
v21640,7,16334
v37733,7,16334
v10139,7,16334
v35757,7,16334
v9835,7,16334
v22403,7,16334
v23273,7,16334
v21595,7,16334
v22444,7,16334
v37549,7,16334
v23265,7,16334
v10223,7,16334
v984,7,16334
v20563,7,16334
v37448,7,16334
v9462,7,16334
v982,7,16334
v4785,7,16334
v16499,7,16334
v50658,7,16334
v4829,7,16334
v16454,7,16334
v16544,7,16334
v50715,7,16334
v4751,7,16334
v4849,7,16334
v16557,7,16334
v16558,7,16334
v37426,7,16334
v22487,7,16334
v4864,7,16334
v50754,7,16334
v4731,7,16334
v28387,7,16334
v4728,7,16334
v16411,7,16334
v4872,7,16334
v22491,7,16334
v50816,7,16334
v785,7,16334
v16386,7,16334
v4705,7,16334
v4704,7,16334
v16365,7,16334
v16627,7,16334
v4691,7,16334
v50873,7,16334
v4682,7,16334
v16638,7,16334
v4929,7,16334
v4678,7,16334
v4930,7,16334
v16653,7,16334
v16306,7,16334
v59028,7,16334
v16295,7,16334
v16669,7,16334
v10684,7,16334
v16674,7,16334
v50454,7,16334
v4970,7,16334
v20888,7,16334
v16687,7,16334
v16689,7,16334
v16690,7,16334
v50428,7,16334
v27705,7,16334
v5010,7,16334
v36629,7,16334
v4630,7,16334
v4626,7,16334
v4625,7,16334
v27795,7,16334
v27798,7,16334
v50350,7,16334
v51087,7,16334
v50307,7,16334
v16752,7,16334
v27817,7,16334
v16758,7,16334
v4571,7,16334
v27048,7,16334
v23197,7,16334
v50296,7,16334
v51143,7,16334
v27033,7,16334
v27840,7,16334
v16779,7,16334
v4553,7,16334
v5149,7,16334
v27878,7,16334
v59034,7,16334
v27934,7,16334
v51304,7,16334
v5196,7,16334
v16028,7,16334
v4524,7,16334
v26981,7,16334
v16023,7,16334
v16816,7,16334
v4523,7,16334
v21055,7,16334
v26957,7,16334
v357,7,16334
v27987,7,16334
v20615,7,16334
v27992,7,16334
v26925,7,16334
v15989,7,16334
v10666,7,16334
v51411,7,16334
v34662,7,16334
v37310,7,16334
v4480,7,16334
v5238,7,16334
v15955,7,16334
v5241,7,16334
v5245,7,16334
v2509,6,17418
v35505,6,17418
v39292,6,17418
v18892,6,17418
v19606,6,17418
v11967,6,17418
v1745,6,17418
v30116,6,17418
v4777,6,17418
v1736,6,17418
v10240,6,17418
v26966,6,17418
v42084,6,17418
v7589,6,17418
v7590,6,17418
v42064,6,17418
v8551,6,17418
v6732,6,17418
v6969,6,17418
v16260,6,17418
v27994,6,17418
v11943,6,17418
v6657,6,17418
v44388,6,17418
v4658,6,17418
v7597,6,17418
v50669,6,17418
v11934,6,17418
v36212,6,17418
v9123,6,17418
v57570,6,17418
v16094,6,17418
v45577,6,17418
v7183,6,17418
v53638,6,17418
v11927,6,17418
v8576,6,17418
v18480,6,17418
v7601,6,17418
v11904,6,17418
v19642,6,17418
v41937,6,17418
v6659,6,17418
v1705,6,17418
v41931,6,17418
v2995,6,17418
v26244,6,17418
v10309,6,17418
v32507,6,17418
v2992,6,17418
v30258,6,17418
v8605,6,17418
v60791,6,17418
v4808,6,17418
v16482,6,17418
v32532,6,17418
v9322,6,17418
v25282,6,17418
v11049,6,17418
v10445,6,17418
v7188,6,17418
v8613,6,17418
v4813,6,17418
v1680,6,17418
v8616,6,17418
v4816,6,17418
v7611,6,17418
v19668,6,17418
v4824,6,17418
v44353,6,17418
v44347,6,17418
v16464,6,17418
v10897,6,17418
v7189,6,17418
v36554,6,17418
v8622,6,17418
v412,6,17418
v4825,6,17418
v21791,6,17418
v8633,6,17418
v4760,6,17418
v46042,6,17418
v8637,6,17418
v1659,6,17418
v3207,6,17418
v13587,6,17418
v5020,6,17418
v16091,6,17418
v19691,6,17418
v19692,6,17418
v41655,6,17418
v41643,6,17418
v3206,6,17418
v20394,6,17418
v31425,6,17418
v633,6,17418
v35507,6,17418
v2452,6,17418
v45544,6,17418
v7646,6,17418
v8658,6,17418
v7205,6,17418
v33688,6,17418
v30265,6,17418
v50627,6,17418
v16843,6,17418
v26245,6,17418
v30143,6,17418
v11805,6,17418
v30735,6,17418
v10892,6,17418
v3351,6,17418
v45539,6,17418
v54503,6,17418
v4846,6,17418
v38127,6,17418
v35508,6,17418
v10888,6,17418
v27998,6,17418
v18506,6,17418
v24700,6,17418
v32663,6,17418
v8681,6,17418
v2431,6,17418
v12524,6,17418
v58838,6,17418
v11776,6,17418
v13569,6,17418
v20753,6,17418
v12906,6,17418
v19732,6,17418
v36303,6,17418
v18275,6,17418
v25509,6,17418
v30781,6,17418
v11768,6,17418
v8687,6,17418
v9129,6,17418
v54123,6,17418
v11042,6,17418
v18963,6,17418
v782,6,17418
v57355,6,17418
v39136,6,17418
v6972,6,17418
v12890,6,17418
v51164,6,17418
v57385,6,17418
v54511,6,17418
v41471,6,17418
v46106,6,17418
v9697,6,17418
v20403,6,17418
v7750,6,17418
v9340,6,17418
v7754,6,17418
v2401,6,17418
v32691,6,17418
v1571,6,17418
v23509,6,17418
v55539,6,17418
v6808,6,17418
v31480,6,17418
v7762,6,17418
v57395,6,17418
v2395,6,17418
v57410,6,17418
v1555,6,17418
v15967,6,17418
v7229,6,17418
v41464,6,17418
v518,6,17418
v7235,6,17418
v3253,6,17418
v4855,6,17418
v18985,6,17418
v24671,6,17418
v61649,6,17418
v24670,6,17418
v32715,6,17418
v50196,6,17418
v50599,6,17418
v7236,6,17418
v4740,6,17418
v16057,6,17418
v41452,6,17418
v41437,6,17418
v994,6,17418
v22936,6,17418
v9341,6,17418
v5090,6,17418
v8711,6,17418
v8713,6,17418
v19799,6,17418
v4866,6,17418
v18284,6,17418
v27343,6,17418
v23980,6,17418
v50744,6,17418
v8724,6,17418
v44176,6,17418
v23969,6,17418
v23965,6,17418
v16050,6,17418
v41367,6,17418
v4471,6,17418
v12839,6,17418
v28023,6,17418
v28024,6,17418
v51461,6,17418
v2947,6,17418
v5253,6,17418
v15957,6,17418
v1521,6,17418
v5275,6,17418
v15929,6,17418
v28045,6,17418
v28047,6,17418
v2380,6,17418
v54517,6,17418
v7243,6,17418
v13515,6,17418
v19005,6,17418
v19815,6,17418
v4456,6,17418
v49964,6,17418
v9343,6,17418
v55569,6,17418
v540,6,17418
v14020,6,17418
v15893,6,17418
v10213,6,17418
v8737,6,17418
v29920,6,17418
v7807,6,17418
v22993,6,17418
v22630,6,17418
v16910,6,17418
v9493,6,17418
v5310,6,17418
v318,6,17418
v22207,6,17418
v20300,6,17418
v26876,6,17418
v5323,6,17418
v19017,6,17418
v7251,6,17418
v5325,6,17418
v11681,6,17418
v5327,6,17418
v55671,6,17418
v9345,6,17418
v51540,6,17418
v3179,6,17418
v15865,6,17418
v24651,6,17418
v28107,6,17418
v24944,6,17418
v51548,6,17418
v28108,6,17418
v2943,6,17418
v2356,6,17418
v51561,6,17418
v21748,6,17418
v12806,6,17418
v6812,6,17418
v15854,6,17418
v30844,6,17418
v7829,6,17418
v3176,6,17418
v23310,6,17418
v20756,6,17418
v32782,6,17418
v4426,6,17418
v46667,6,17418
v37261,6,17418
v46102,6,17418
v6816,6,17418
v27147,6,17418
v18552,6,17418
v7267,6,17418
v12781,6,17418
v46925,6,17418
v45463,6,17418
v30156,6,17418
v55711,6,17418
v60003,6,17418
v16961,6,17418
v5366,6,17418
v5367,6,17418
v22315,6,17418
v4608,6,17418
v6701,6,17418
v25247,6,17418
v41078,6,17418
v44113,6,17418
v21228,6,17418
v41050,6,17418
v18561,6,17418
v4396,6,17418
v54201,6,17418
v24629,6,17418
v7857,6,17418
v7860,6,17418
v44097,6,17418
v5437,6,17418
v27803,6,17418
v28206,6,17418
v49526,6,17418
v19059,6,17418
v10254,6,17418
v38724,6,17418
v5458,6,17418
v6998,6,17418
v8756,6,17418
v28243,6,17418
v11132,6,17418
v19064,6,17418
v4380,6,17418
v9508,6,17418
v5468,6,17418
v31591,6,17418
v10200,6,17418
v57736,6,17418
v6999,6,17418
v51060,6,17418
v31630,6,17418
v4968,6,17418
v43243,6,17418
v2299,6,17418
v5503,6,17418
v12718,6,17418
v28269,6,17418
v5511,6,17418
v5512,6,17418
v1473,6,17418
v27285,6,17418
v3166,6,17418
v5527,6,17418
v5528,6,17418
v6708,6,17418
v30306,6,17418
v7284,6,17418
v49414,6,17418
v5541,6,17418
v28308,6,17418
v19078,6,17418
v26761,6,17418
v46656,6,17418
v38704,6,17418
v38679,6,17418
v32819,6,17418
v21227,6,17418
v31637,6,17418
v1462,6,17418
v10850,6,17418
v8768,6,17418
v16416,6,17418
v1054,6,17418
v12703,6,17418
v5098,6,17418
v2902,6,17418
v220,6,17418
v49397,6,17418
v34658,6,17418
v21057,6,17418
v37324,6,17418
v8778,6,17418
v4332,6,17418
v51642,6,17418
v50781,6,17418
v54525,6,17418
v368,6,17418
v19093,6,17418
v4329,6,17418
v36421,6,17418
v23304,6,17418
v13447,6,17418
v4327,6,17418
v18606,6,17418
v46625,6,17418
v14127,6,17418
v4320,6,17418
v4319,6,17418
v19859,6,17418
v15620,6,17418
v20761,6,17418
v8783,6,17418
v16744,6,17418
v7934,6,17418
v34220,6,17418
v38010,6,17418
v29423,6,17418
v49351,6,17418
v49339,6,17418
v17075,6,17418
v13438,6,17418
v1101,6,17418
v11619,6,17418
v18612,6,17418
v2253,6,17418
v49338,6,17418
v16857,6,17418
v24890,6,17418
v37239,6,17418
v55842,6,17418
v38412,6,17418
v7947,6,17418
v19866,6,17418
v24606,6,17418
v28350,6,17418
v20316,6,17418
v30940,6,17418
v9853,6,17418
v21034,6,17418
v18619,6,17418
v49318,6,17418
v37999,6,17418
v31736,6,17418
v59421,6,17418
v11121,6,17418
v23869,6,17418
v9524,6,17418
v49314,6,17418
v15571,6,17418
v26667,6,17418
v30950,6,17418
v2247,6,17418
v9792,6,17418
v22988,6,17418
v22351,6,17418
v43900,6,17418
v51738,6,17418
v31751,6,17418
v21503,6,17418
v10434,6,17418
v9226,6,17418
v26647,6,17418
v33813,6,17418
v12617,6,17418
v46590,6,17418
v4293,6,17418
v37962,6,17418
v37959,6,17418
v2240,6,17418
v7317,6,17418
v43883,6,17418
v22490,6,17418
v37929,6,17418
v36142,6,17418
v4286,6,17418
v28443,6,17418
v7318,6,17418
v6857,6,17418
v35944,6,17418
v4281,6,17418
v28457,6,17418
v60388,6,17418
v5647,6,17418
v10832,6,17418
v1422,6,17418
v3150,6,17418
v17144,6,17418
v7327,6,17418
v46519,6,17418
v7988,6,17418
v22840,6,17418
v5674,6,17418
v27927,6,17418
v36549,6,17418
v22797,6,17418
v7990,6,17418
v28484,6,17418
v2229,6,17418
v4273,6,17418
v7992,6,17418
v15486,6,17418
v3310,6,17418
v13380,6,17418
v21329,6,17418
v25193,6,17418
v8804,6,17418
v19891,6,17418
v7353,6,17418
v46827,6,17418
v5707,6,17418
v15475,6,17418
v5099,6,17418
v22676,6,17418
v18642,6,17418
v28510,6,17418
v43779,6,17418
v19164,6,17418
v11579,6,17418
v9238,6,17418
v54857,6,17418
v50576,6,17418
v2209,6,17418
v31600,6,17418
v26602,6,17418
v2843,6,17418
v4264,6,17418
v51288,6,17418
v8023,6,17418
v8809,6,17418
v15468,6,17418
v18647,6,17418
v8812,6,17418
v2201,6,17418
v49035,6,17418
v23099,6,17418
v57758,6,17418
v43762,6,17418
v26569,6,17418
v7033,6,17418
v9953,6,17418
v2197,6,17418
v4253,6,17418
v49007,6,17418
v21998,6,17418
v28521,6,17418
v30352,6,17418
v4884,6,17418
v4243,6,17418
v11564,6,17418
v20653,6,17418
v11563,6,17418
v9537,6,17418
v4634,6,17418
v4239,6,17418
v19910,6,17418
v8035,6,17418
v17212,6,17418
v4237,6,17418
v22836,6,17418
v51825,6,17418
v5753,6,17418
v10599,6,17418
v15432,6,17418
v27502,6,17418
v5759,6,17418
v26525,6,17418
v7356,6,17418
v2185,6,17418
v21694,6,17418
v28547,6,17418
v28550,6,17418
v11555,6,17418
v5765,6,17418
v43679,6,17418
v4219,6,17418
v5769,6,17418
v34296,6,17418
v9376,6,17418
v43676,6,17418
v12515,6,17418
v7357,6,17418
v48926,6,17418
v5781,6,17418
v22675,6,17418
v26941,6,17418
v5793,6,17418
v9542,6,17418
v5795,6,17418
v5797,6,17418
v17248,6,17418
v7358,6,17418
v36656,6,17418
v26480,6,17418
v5799,6,17418
v4203,6,17418
v18595,6,17418
v55889,6,17418
v11544,6,17418
v4200,6,17418
v5806,6,17418
v33917,6,17418
v9700,6,17418
v24530,6,17418
v5820,6,17418
v4197,6,17418
v28609,6,17418
v13340,6,17418
v3143,6,17418
v17267,6,17418
v48738,6,17418
v19922,6,17418
v3142,6,17418
v28615,6,17418
v28617,6,17418
v15345,6,17418
v26462,6,17418
v23786,6,17418
v8061,6,17418
v2826,6,17418
v30169,6,17418
v11540,6,17418
v7039,6,17418
v8065,6,17418
v2160,6,17418
v45253,6,17418
v8070,6,17418
v43614,6,17418
v11535,6,17418
v18340,6,17418
v30361,6,17418
v43551,6,17418
v28648,6,17418
v46826,6,17418
v36016,6,17418
v36165,6,17418
v38672,6,17418
v649,6,17418
v8086,6,17418
v48614,6,17418
v7047,6,17418
v3138,6,17418
v26431,6,17418
v8097,6,17418
v4172,6,17418
v17302,6,17418
v17303,6,17418
v8099,6,17418
v10137,6,17418
v50453,6,17418
v14206,6,17418
v11531,6,17418
v3502,6,17418
v15303,6,17418
v36724,6,17418
v22233,6,17418
v56130,6,17418
v45095,6,17418
v18679,6,17418
v5875,6,17418
v23758,6,17418
v48552,6,17418
v4126,6,17418
v48549,6,17418
v48512,6,17418
v5891,6,17418
v11003,6,17418
v4121,6,17418
v9952,6,17418
v18186,6,17418
v376,6,17418
v13783,6,17418
v13292,6,17418
v1348,6,17418
v30179,6,17418
v2800,6,17418
v26968,6,17418
v27813,6,17418
v53703,6,17418
v9548,6,17418
v4097,6,17418
v15263,6,17418
v6665,6,17418
v28676,6,17418
v48437,6,17418
v24169,6,17418
v5904,6,17418
v3121,6,17418
v5906,6,17418
v48422,6,17418
v12445,6,17418
v4083,6,17418
v12444,6,17418
v2128,6,17418
v3407,6,17418
v24475,6,17418
v1344,6,17418
v16798,6,17418
v57547,6,17418
v19255,6,17418
v32922,6,17418
v2120,6,17418
v50528,6,17418
v31122,6,17418
v50431,6,17418
v19954,6,17418
v20195,6,17418
v48395,6,17418
v22126,6,17418
v48373,6,17418
v13278,6,17418
v16123,6,17418
v34726,6,17418
v26323,6,17418
v28727,6,17418
v24835,6,17418
v7394,6,17418
v48329,6,17418
v48328,6,17418
v21671,6,17418
v4048,6,17418
v52052,6,17418
v20237,6,17418
v1328,6,17418
v4045,6,17418
v2785,6,17418
v53841,6,17418
v5965,6,17418
v8135,6,17418
v2101,6,17418
v30045,6,17418
v53853,6,17418
v11516,6,17418
v10799,6,17418
v3472,6,17418
v28794,6,17418
v5971,6,17418
v8147,6,17418
v15175,6,17418
v27674,6,17418
v36809,6,17418
v51129,6,17418
v23129,6,17418
v21983,6,17418
v15169,6,17418
v26273,6,17418
v16357,6,17418
v26271,6,17418
v18201,6,17418
v11512,6,17418
v21652,6,17418
v26267,6,17418
v37770,6,17418
v19962,6,17418
v48259,6,17418
v7074,6,17418
v40482,6,17418
v8155,6,17418
v26215,6,17418
v9703,6,17418
v23747,6,17418
v4019,6,17418
v19284,6,17418
v7407,6,17418
v1301,6,17418
v22239,6,17418
v58402,6,17418
v21102,6,17418
v11497,6,17418
v43300,6,17418
v33925,6,17418
v21648,6,17418
v5994,6,17418
v15140,6,17418
v2073,6,17418
v10783,6,17418
v1045,6,17418
v8853,6,17418
v34926,6,17418
v31914,6,17418
v26168,6,17418
v17441,6,17418
v31922,6,17418
v51132,6,17418
v37185,6,17418
v18375,6,17418
v18204,6,17418
v854,6,17418
v26146,6,17418
v6005,6,17418
v48162,6,17418
v27818,6,17418
v19305,6,17418
v26139,6,17418
v23283,6,17418
v13246,6,17418
v34372,6,17418
v8208,6,17418
v36862,6,17418
v11485,6,17418
v2755,6,17418
v17460,6,17418
v21636,6,17418
v6013,6,17418
v26116,6,17418
v26115,6,17418
v2754,6,17418
v4919,6,17418
v28857,6,17418
v32965,6,17418
v56267,6,17418
v28859,6,17418
v1273,6,17418
v15083,6,17418
v16214,6,17418
v19317,6,17418
v43130,6,17418
v7424,6,17418
v32977,6,17418
v2746,6,17418
v34401,6,17418
v27991,6,17418
v9155,6,17418
v26097,6,17418
v13239,6,17418
v53617,6,17418
v1266,6,17418
v33004,6,17418
v22742,6,17418
v18380,6,17418
v48009,6,17418
v28910,6,17418
v51358,6,17418
v13236,6,17418
v27820,6,17418
v33015,6,17418
v28917,6,17418
v3967,6,17418
v3963,6,17418
v28918,6,17418
v1261,6,17418
v45014,6,17418
v28930,6,17418
v30061,6,17418
v47964,6,17418
v19330,6,17418
v15016,6,17418
v33016,6,17418
v11095,6,17418
v40166,6,17418
v15008,6,17418
v6090,6,17418
v14999,6,17418
v19994,6,17418
v57919,6,17418
v52287,6,17418
v28971,6,17418
v1096,6,17418
v31961,6,17418
v6101,6,17418
v46282,6,17418
v38323,6,17418
v12326,6,17418
v28987,6,17418
v16344,6,17418
v17526,6,17418
v23734,6,17418
v34730,6,17418
v19998,6,17418
v6105,6,17418
v13728,6,17418
v10503,6,17418
v19338,6,17418
v19339,6,17418
v3945,6,17418
v12321,6,17418
v22393,6,17418
v12319,6,17418
v14969,6,17418
v19344,6,17418
v6119,6,17418
v2020,6,17418
v13727,6,17418
v26011,6,17418
v22104,6,17418
v52385,6,17418
v3083,6,17418
v10561,6,17418
v2013,6,17418
v6121,6,17418
v11430,6,17418
v9416,6,17418
v10759,6,17418
v2724,6,17418
v31175,6,17418
v14943,6,17418
v36259,6,17418
v51312,6,17418
v3913,6,17418
v611,6,17418
v31995,6,17418
v20350,6,17418
v13212,6,17418
v1249,6,17418
v29829,6,17418
v50392,6,17418
v6148,6,17418
v3902,6,17418
v34950,6,17418
v56379,6,17418
v4661,6,17418
v6165,6,17418
v6167,6,17418
v13205,6,17418
v22780,6,17418
v5053,6,17418
v1247,6,17418
v26917,6,17418
v56414,6,17418
v1991,6,17418
v1989,6,17418
v4927,6,17418
v25947,6,17418
v25944,6,17418
v6186,6,17418
v2689,6,17418
v6187,6,17418
v44977,6,17418
v7447,6,17418
v6188,6,17418
v8259,6,17418
v3872,6,17418
v22905,6,17418
v986,6,17418
v31184,6,17418
v6194,6,17418
v47667,6,17418
v2686,6,17418
v47658,6,17418
v1238,6,17418
v3080,6,17418
v28365,6,17418
v20023,6,17418
v10194,6,17418
v23437,6,17418
v5216,6,17418
v20025,6,17418
v18769,6,17418
v44968,6,17418
v6208,6,17418
v25919,6,17418
v60559,6,17418
v16636,6,17418
v13184,6,17418
v8286,6,17418
v23274,6,17418
v28385,6,17418
v27821,6,17418
v38815,6,17418
v6227,6,17418
v4526,6,17418
v11413,6,17418
v25493,6,17418
v17627,6,17418
v47597,6,17418
v23684,6,17418
v12265,6,17418
v52511,6,17418
v37698,6,17418
v13935,6,17418
v9686,6,17418
v56541,6,17418
v53621,6,17418
v31208,6,17418
v21074,6,17418
v8295,6,17418
v7113,6,17418
v22260,6,17418
v22404,6,17418
v9814,6,17418
v7114,6,17418
v23272,6,17418
v54089,6,17418
v37626,6,17418
v16024,6,17418
v13157,6,17418
v18014,6,17418
v20532,6,17418
v39994,6,17418
v12233,6,17418
v19411,6,17418
v6281,6,17418
v46249,6,17418
v36284,6,17418
v52671,6,17418
v52678,6,17418
v5054,6,17418
v35816,6,17418
v31252,6,17418
v35177,6,17418
v6289,6,17418
v37562,6,17418
v12222,6,17418
v20254,6,17418
v8932,6,17418
v31255,6,17418
v4931,6,17418
v58286,6,17418
v1223,6,17418
v18412,6,17418
v1934,6,17418
v8328,6,17418
v14773,6,17418
v13150,6,17418
v58390,6,17418
v680,6,17418
v6299,6,17418
v10267,6,17418
v8332,6,17418
v9867,6,17418
v8336,6,17418
v6307,6,17418
v25404,6,17418
v22573,6,17418
v29122,6,17418
v3777,6,17418
v6315,6,17418
v3776,6,17418
v47373,6,17418
v6929,6,17418
v56606,6,17418
v10228,6,17418
v3774,6,17418
v7469,6,17418
v18417,6,17418
v42799,6,17418
v6759,6,17418
v7472,6,17418
v21236,6,17418
v42783,6,17418
v3762,6,17418
v20061,6,17418
v3055,6,17418
v14719,6,17418
v2629,6,17418
v22751,6,17418
v30067,6,17418
v33137,6,17418
v39830,6,17418
v16866,6,17418
v9602,6,17418
v17721,6,17418
v2625,6,17418
v20721,6,17418
v23269,6,17418
v23268,6,17418
v52755,6,17418
v30069,6,17418
v38780,6,17418
v29263,6,17418
v1900,6,17418
v37322,6,17418
v7125,6,17418
v35779,6,17418
v38194,6,17418
v6385,6,17418
v24295,6,17418
v6386,6,17418
v4935,6,17418
v12178,6,17418
v13117,6,17418
v1890,6,17418
v24794,6,17418
v1889,6,17418
v39821,6,17418
v10335,6,17418
v10226,6,17418
v29295,6,17418
v51294,6,17418
v20856,6,17418
v25764,6,17418
v1885,6,17418
v3046,6,17418
v29302,6,17418
v45690,6,17418
v25753,6,17418
v55247,6,17418
v12165,6,17418
v37523,6,17418
v6405,6,17418
v14554,6,17418
v16767,6,17418
v45682,6,17418
v44700,6,17418
v6953,6,17418
v24277,6,17418
v18236,6,17418
v22575,6,17418
v8970,6,17418
v3039,6,17418
v24271,6,17418
v6410,6,17418
v47228,6,17418
v44662,6,17418
v29339,6,17418
v24264,6,17418
v9769,6,17418
v47200,6,17418
v6431,6,17418
v20081,6,17418
v14690,6,17418
v29360,6,17418
v21092,6,17418
v10420,6,17418
v35813,6,17418
v29967,6,17418
v47192,6,17418
v19486,6,17418
v3688,6,17418
v21359,6,17418
v15984,6,17418
v42607,6,17418
v3037,6,17418
v25703,6,17418
v6446,6,17418
v24251,6,17418
v9594,6,17418
v31311,6,17418
v34768,6,17418
v44640,6,17418
v14511,6,17418
v1868,6,17418
v1867,6,17418
v3669,6,17418
v23611,6,17418
v6453,6,17418
v29401,6,17418
v42586,6,17418
v35496,6,17418
v52938,6,17418
v18435,6,17418
v7730,6,17418
v29406,6,17418
v59971,6,17418
v52951,6,17418
v34534,6,17418
v51434,6,17418
v9659,6,17418
v36696,6,17418
v8379,6,17418
v39778,6,17418
v23492,6,17418
v23248,6,17418
v55269,6,17418
v3650,6,17418
v7520,6,17418
v53114,6,17418
v59616,6,17418
v36963,6,17418
v38533,6,17418
v28375,6,17418
v27961,6,17418
v53140,6,17418
v14451,6,17418
v9185,6,17418
v58104,6,17418
v30072,6,17418
v9192,6,17418
v58163,6,17418
v14440,6,17418
v31324,6,17418
v8401,6,17418
v31327,6,17418
v16185,6,17418
v31328,6,17418
v2557,6,17418
v480,6,17418
v12106,6,17418
v6496,6,17418
v7531,6,17418
v16184,6,17418
v12095,6,17418
v6497,6,17418
v17856,6,17418
v39667,6,17418
v33279,6,17418
v53181,6,17418
v53182,6,17418
v25623,6,17418
v1129,6,17418
v24772,6,17418
v6499,6,17418
v44568,6,17418
v6507,6,17418
v32209,6,17418
v47168,6,17418
v17870,6,17418
v6959,6,17418
v32226,6,17418
v6516,6,17418
v47159,6,17418
v34775,6,17418
v6520,6,17418
v53258,6,17418
v53294,6,17418
v9083,6,17418
v6529,6,17418
v56733,6,17418
v673,6,17418
v14388,6,17418
v20374,6,17418
v14384,6,17418
v53304,6,17418
v12073,6,17418
v23237,6,17418
v4655,6,17418
v35005,6,17418
v31350,6,17418
v42355,6,17418
v7151,6,17418
v34847,6,17418
v13644,6,17418
v4479,6,17418
v32307,6,17418
v39645,6,17418
v37100,6,17418
v17904,6,17418
v6966,6,17418
v10715,6,17418
v7570,6,17418
v6544,6,17418
v47091,6,17418
v60108,6,17418
v22296,6,17418
v53343,6,17418
v4965,6,17418
v6550,6,17418
v18455,6,17418
v9006,6,17418
v42269,6,17418
v8488,6,17418
v9193,6,17418
v29642,6,17418
v6553,6,17418
v56787,6,17418
v9970,6,17418
v17924,6,17418
v50204,6,17418
v2535,6,17418
v14338,6,17418
v8502,6,17418
v1790,6,17418
v27169,6,17418
v21800,6,17418
v25315,6,17418
v14058,6,17418
v45622,6,17418
v32398,6,17418
v1788,6,17418
v7167,6,17418
v1786,6,17418
v12006,6,17418
v20126,6,17418
v53456,6,17418
v7168,6,17418
v35500,6,17418
v24155,6,17418
v482,6,17418
v29674,6,17418
v4518,6,17418
v53492,6,17418
v50998,6,17418
v50455,6,17418
v19582,6,17418
v8528,6,17418
v61061,6,17418
v17955,6,17418
v1780,6,17418
v29688,6,17418
v53495,6,17418
v6574,6,17418
v7172,6,17418
v35504,6,17418
v20786,6,17418
v14288,6,17418
v59496,6,17418
v9022,6,17418
v53502,6,17418
v17968,6,17418
v44465,6,17418
v23507,6,17418
v50014,6,17418
v57568,6,17418
v6830,6,17418
v6629,6,17418
v30663,6,17418
v6632,6,17418
v1108,6,17418
v1762,6,17418
v30664,6,17418
v42113,6,17418
v39386,6,17418
v3523,6,17418
v20135,6,17418
v29790,6,17418
v39357,6,17418
v4967,6,17418
v24744,6,17418
v32424,6,17418
v3509,6,17418
v4780,6,17418
v33503,6,17418
v3506,6,17418
v57921,5,18706
v8882,5,18706
v10565,5,18706
v26026,5,18706
v15964,5,18706
v40063,5,18706
v26019,5,18706
v47897,5,18706
v35665,5,18706
v52399,5,18706
v4924,5,18706
v47876,5,18706
v29008,5,18706
v51419,5,18706
v4925,5,18706
v47254,5,18706
v47789,5,18706
v47788,5,18706
v14931,5,18706
v3903,5,18706
v25990,5,18706
v47255,5,18706
v261,5,18706
v37178,5,18706
v47700,5,18706
v6171,5,18706
v6176,5,18706
v47677,5,18706
v6181,5,18706
v4685,5,18706
v3879,5,18706
v25940,5,18706
v1244,5,18706
v6191,5,18706
v3869,5,18706
v35677,5,18706
v17599,5,18706
v37368,5,18706
v4928,5,18706
v23691,5,18706
v47647,5,18706
v22716,5,18706
v52443,5,18706
v6206,5,18706
v6209,5,18706
v34745,5,18706
v6216,5,18706
v23689,5,18706
v6221,5,18706
v40029,5,18706
v3839,5,18706
v29068,5,18706
v6252,5,18706
v37147,5,18706
v3827,5,18706
v6253,5,18706
v17636,5,18706
v9574,5,18706
v26996,5,18706
v47503,5,18706
v923,5,18706
v6271,5,18706
v11410,5,18706
v6272,5,18706
v25868,5,18706
v20038,5,18706
v6273,5,18706
v35680,5,18706
v16808,5,18706
v3807,5,18706
v39973,5,18706
v47469,5,18706
v52667,5,18706
v29093,5,18706
v47439,5,18706
v52701,5,18706
v34752,5,18706
v17662,5,18706
v6290,5,18706
v17665,5,18706
v8929,5,18706
v11398,5,18706
v17670,5,18706
v17672,5,18706
v14775,5,18706
v3794,5,18706
v20051,5,18706
v1222,5,18706
v8935,5,18706
v47406,5,18706
v39871,5,18706
v47401,5,18706
v39843,5,18706
v22574,5,18706
v6317,5,18706
v8945,5,18706
v3773,5,18706
v25795,5,18706
v47368,5,18706
v47361,5,18706
v39791,5,18706
v33136,5,18706
v8946,5,18706
v14720,5,18706
v47301,5,18706
v29200,5,18706
v6351,5,18706
v33138,5,18706
v3751,5,18706
v33146,5,18706
v6370,5,18706
v14624,5,18706
v27578,5,18706
v60690,5,18706
v20068,5,18706
v17733,5,18706
v10264,5,18706
v17735,5,18706
v22817,5,18706
v14603,5,18706
v14592,5,18706
v57487,5,18706
v14591,5,18706
v36447,5,18706
v52821,5,18706
v4675,5,18706
v8962,5,18706
v17753,5,18706
v27605,5,18706
v14567,5,18706
v14564,5,18706
v6404,5,18706
v8965,5,18706
v3708,5,18706
v3705,5,18706
v3704,5,18706
v25738,5,18706
v4937,5,18706
v11351,5,18706
v25729,5,18706
v3702,5,18706
v6422,5,18706
v3698,5,18706
v4947,5,18706
v47197,5,18706
v11346,5,18706
v3689,5,18706
v6442,5,18706
v4949,5,18706
v6443,5,18706
v50898,5,18706
v3673,5,18706
v14514,5,18706
v17804,5,18706
v3670,5,18706
v16853,5,18706
v25695,5,18706
v35851,5,18706
v14495,5,18706
v14494,5,18706
v14492,5,18706
v52975,5,18706
v52977,5,18706
v33250,5,18706
v29414,5,18706
v53048,5,18706
v14482,5,18706
v6480,5,18706
v6481,5,18706
v14458,5,18706
v28007,5,18706
v29488,5,18706
v53145,5,18706
v29493,5,18706
v8984,5,18706
v8988,5,18706
v59653,5,18706
v16305,5,18706
v10110,5,18706
v29496,5,18706
v9596,5,18706
v53164,5,18706
v59712,5,18706
v830,5,18706
v53198,5,18706
v29516,5,18706
v21339,5,18706
v20961,5,18706
v4960,5,18706
v29541,5,18706
v25611,5,18706
v29553,5,18706
v17888,5,18706
v29564,5,18706
v4665,5,18706
v25598,5,18706
v23597,5,18706
v17895,5,18706
v29569,5,18706
v39657,5,18706
v14372,5,18706
v14368,5,18706
v21515,5,18706
v58529,5,18706
v25595,5,18706
v10257,5,18706
v20114,5,18706
v29612,5,18706
v17911,5,18706
v53382,5,18706
v39546,5,18706
v33316,5,18706
v39473,5,18706
v3569,5,18706
v53407,5,18706
v25577,5,18706
v39457,5,18706
v6555,5,18706
v39451,5,18706
v6557,5,18706
v39419,5,18706
v23553,5,18706
v34786,5,18706
v53422,5,18706
v47070,5,18706
v6560,5,18706
v53435,5,18706
v6561,5,18706
v47067,5,18706
v17944,5,18706
v17945,5,18706
v26972,5,18706
v9019,5,18706
v25558,5,18706
v29678,5,18706
v53493,5,18706
v17956,5,18706
v47057,5,18706
v29711,5,18706
v29721,5,18706
v29723,5,18706
v29732,5,18706
v33445,5,18706
v39393,5,18706
v29774,5,18706
v14239,5,18706
v34794,5,18706
v59326,5,18706
v53581,5,18706
v18592,5,18706
v39310,5,18706
v17990,5,18706
v28070,5,18706
v53613,5,18706
v6642,5,18706
v3501,5,18706
v3495,5,18706
v29797,5,18706
v18001,5,18706
v53616,5,18706
v3484,5,18706
v53640,5,18706
v9042,5,18706
v46896,5,18706
v18010,5,18706
v1100,5,18706
v33518,5,18706
v9045,5,18706
v844,5,18706
v39295,5,18706
v1097,5,18706
v53734,5,18706
v46868,5,18706
v53751,5,18706
v6677,5,18706
v3463,5,18706
v23525,5,18706
v6694,5,18706
v29917,5,18706
v23524,5,18706
v6709,5,18706
v3450,5,18706
v53828,5,18706
v9051,5,18706
v9054,5,18706
v3432,5,18706
v46812,5,18706
v53892,5,18706
v33547,5,18706
v25500,5,18706
v3425,5,18706
v58234,5,18706
v39196,5,18706
v9065,5,18706
v25482,5,18706
v25478,5,18706
v16671,5,18706
v14140,5,18706
v3418,5,18706
v3417,5,18706
v33602,5,18706
v6734,5,18706
v25451,5,18706
v59393,5,18706
v33609,5,18706
v46807,5,18706
v3410,5,18706
v3409,5,18706
v6742,5,18706
v18102,5,18706
v25431,5,18706
v11199,5,18706
v3408,5,18706
v53918,5,18706
v30057,5,18706
v3402,5,18706
v30058,5,18706
v54034,5,18706
v18114,5,18706
v16869,5,18706
v14091,5,18706
v33625,5,18706
v30062,5,18706
v54057,5,18706
v10682,5,18706
v4656,5,18706
v25403,5,18706
v34846,5,18706
v3375,5,18706
v30078,5,18706
v33652,5,18706
v30122,5,18706
v18597,5,18706
v46761,5,18706
v14039,5,18706
v9086,5,18706
v14024,5,18706
v9087,5,18706
v34875,5,18706
v6810,5,18706
v6838,5,18706
v38956,5,18706
v14007,5,18706
v6844,5,18706
v18598,5,18706
v33692,5,18706
v61444,5,18706
v685,5,18706
v60338,5,18706
v23496,5,18706
v3309,5,18706
v46510,5,18706
v61516,5,18706
v3301,5,18706
v18189,5,18706
v46497,5,18706
v6874,5,18706
v13969,5,18706
v38920,5,18706
v30191,5,18706
v30192,5,18706
v18200,5,18706
v46312,5,18706
v13951,5,18706
v33708,5,18706
v9099,5,18706
v38889,5,18706
v46265,5,18706
v38822,5,18706
v6909,5,18706
v30207,5,18706
v16683,5,18706
v46250,5,18706
v6919,5,18706
v38797,5,18706
v25350,5,18706
v21297,5,18706
v46173,5,18706
v6939,5,18706
v6942,5,18706
v54332,5,18706
v54439,5,18706
v34899,5,18706
v3223,5,18706
v3222,5,18706
v6963,5,18706
v6965,5,18706
v18246,5,18706
v5199,5,18706
v10483,5,18706
v36310,5,18706
v25300,5,18706
v6968,5,18706
v10482,5,18706
v21104,5,18706
v23488,5,18706
v3213,5,18706
v3211,5,18706
v20211,5,18706
v10481,5,18706
v54441,5,18706
v30266,5,18706
v38758,5,18706
v30275,5,18706
v22050,5,18706
v3191,5,18706
v60629,5,18706
v30295,5,18706
v38753,5,18706
v45992,5,18706
v23478,5,18706
v6989,5,18706
v25260,5,18706
v16010,5,18706
v25253,5,18706
v16688,5,18706
v3170,5,18706
v33806,5,18706
v33810,5,18706
v25221,5,18706
v34904,5,18706
v679,5,18706
v7005,5,18706
v7016,5,18706
v18320,5,18706
v7031,5,18706
v13805,5,18706
v22076,5,18706
v33818,5,18706
v7032,5,18706
v21260,5,18706
v36315,5,18706
v54575,5,18706
v3141,5,18706
v7045,5,18706
v54588,5,18706
v54593,5,18706
v25163,5,18706
v21996,5,18706
v22090,5,18706
v3123,5,18706
v25162,5,18706
v21989,5,18706
v13780,5,18706
v13778,5,18706
v27702,5,18706
v3117,5,18706
v9627,5,18706
v13766,5,18706
v38629,5,18706
v9151,5,18706
v7072,5,18706
v23446,5,18706
v26967,5,18706
v13748,5,18706
v7075,5,18706
v30394,5,18706
v5006,5,18706
v3093,5,18706
v30441,5,18706
v30446,5,18706
v25134,5,18706
v54656,5,18706
v504,5,18706
v37348,5,18706
v38588,5,18706
v21253,5,18706
v45710,5,18706
v7111,5,18706
v9160,5,18706
v319,5,18706
v21959,5,18706
v5008,5,18706
v13699,5,18706
v18411,5,18706
v3062,5,18706
v45698,5,18706
v20255,5,18706
v18418,5,18706
v30484,5,18706
v30491,5,18706
v35004,5,18706
v15958,5,18706
v30505,5,18706
v27134,5,18706
v9165,5,18706
v18431,5,18706
v61549,5,18706
v38540,5,18706
v13674,5,18706
v21235,5,18706
v5009,5,18706
v30583,5,18706
v30586,5,18706
v45670,5,18706
v7148,5,18706
v30615,5,18706
v13637,5,18706
v35009,5,18706
v11058,5,18706
v36331,5,18706
v25087,5,18706
v21105,5,18706
v18468,5,18706
v18469,5,18706
v20749,5,18706
v45605,5,18706
v9200,5,18706
v35733,5,18706
v13604,5,18706
v45574,5,18706
v13598,5,18706
v13594,5,18706
v7187,5,18706
v11047,5,18706
v23396,5,18706
v7195,5,18706
v13579,5,18706
v30733,5,18706
v35072,5,18706
v11045,5,18706
v9202,5,18706
v13564,5,18706
v45535,5,18706
v25022,5,18706
v28392,5,18706
v9931,5,18706
v18516,5,18706
v9204,5,18706
v18518,5,18706
v24985,5,18706
v21908,5,18706
v30810,5,18706
v36684,5,18706
v30819,5,18706
v7245,5,18706
v30826,5,18706
v7246,5,18706
v2944,5,18706
v30838,5,18706
v24934,5,18706
v7254,5,18706
v7265,5,18706
v2929,5,18706
v50421,5,18706
v20303,5,18706
v45433,5,18706
v18559,5,18706
v45428,5,18706
v30863,5,18706
v11038,5,18706
v2922,5,18706
v30866,5,18706
v7278,5,18706
v2917,5,18706
v45412,5,18706
v16238,5,18706
v13466,5,18706
v9212,5,18706
v20883,5,18706
v27773,5,18706
v38425,5,18706
v30909,5,18706
v24909,5,18706
v13453,5,18706
v5214,5,18706
v9698,5,18706
v16228,5,18706
v22212,5,18706
v7307,5,18706
v21885,5,18706
v651,5,18706
v2873,5,18706
v24877,5,18706
v336,5,18706
v9227,5,18706
v51297,5,18706
v9232,5,18706
v11011,5,18706
v18640,5,18706
v20768,5,18706
v21218,5,18706
v7355,5,18706
v13352,5,18706
v24859,5,18706
v10430,5,18706
v18664,5,18706
v22232,5,18706
v13329,5,18706
v13328,5,18706
v13317,5,18706
v13316,5,18706
v13311,5,18706
v33919,5,18706
v7380,5,18706
v51009,5,18706
v21869,5,18706
v2803,5,18706
v31118,5,18706
v10429,5,18706
v13289,5,18706
v13287,5,18706
v13286,5,18706
v22238,5,18706
v2798,5,18706
v13284,5,18706
v55020,5,18706
v13281,5,18706
v13275,5,18706
v7396,5,18706
v11001,5,18706
v55059,5,18706
v22877,5,18706
v50415,5,18706
v60572,5,18706
v31135,5,18706
v7399,5,18706
v7405,5,18706
v7410,5,18706
v7414,5,18706
v21861,5,18706
v13253,5,18706
v18720,5,18706
v38366,5,18706
v18731,5,18706
v21175,5,18706
v10994,5,18706
v10989,5,18706
v59925,5,18706
v7430,5,18706
v2727,5,18706
v10976,5,18706
v44998,5,18706
v31162,5,18706
v10130,5,18706
v24820,5,18706
v13211,5,18706
v7441,5,18706
v9260,5,18706
v24817,5,18706
v13195,5,18706
v7455,5,18706
v13182,5,18706
v31198,5,18706
v18776,5,18706
v31206,5,18706
v37325,5,18706
v13163,5,18706
v22266,5,18706
v24812,5,18706
v35563,5,18706
v4478,5,18706
v31251,5,18706
v18788,5,18706
v9269,5,18706
v13151,5,18706
v13149,5,18706
v44816,5,18706
v9273,5,18706
v33983,5,18706
v31270,5,18706
v21833,5,18706
v4976,5,18706
v16202,5,18706
v31293,5,18706
v16198,5,18706
v28364,5,18706
v13127,5,18706
v13123,5,18706
v59480,5,18706
v7485,5,18706
v18816,5,18706
v636,5,18706
v9277,5,18706
v10197,5,18706
v5063,5,18706
v34001,5,18706
v44648,5,18706
v2593,5,18706
v2587,5,18706
v44628,5,18706
v50365,5,18706
v21818,5,18706
v10412,5,18706
v21169,5,18706
v9284,5,18706
v22950,5,18706
v2565,5,18706
v18843,5,18706
v18855,5,18706
v18856,5,18706
v7535,5,18706
v31346,5,18706
v21815,5,18706
v13048,5,18706
v5086,5,18706
v7567,5,18706
v38107,5,18706
v34021,5,18706
v10919,5,18706
v34026,5,18706
v13034,5,18706
v2530,5,18706
v635,5,18706
v10917,5,18706
v2526,5,18706
v2524,5,18706
v2523,5,18706
v34070,5,18706
v31385,5,18706
v44452,5,18706
v2512,5,18706
v7587,5,18706
v31393,5,18706
v10907,5,18706
v2497,5,18706
v18899,5,18706
v36941,5,18706
v2491,5,18706
v20789,5,18706
v7598,5,18706
v2489,5,18706
v55397,5,18706
v2487,5,18706
v7600,5,18706
v55434,5,18706
v2481,5,18706
v35222,5,18706
v2471,5,18706
v2468,5,18706
v7608,5,18706
v38033,5,18706
v55468,5,18706
v7623,5,18706
v44342,5,18706
v12976,5,18706
v465,5,18706
v44328,5,18706
v2454,5,18706
v31429,5,18706
v24705,5,18706
v44306,5,18706
v2440,5,18706
v2439,5,18706
v44249,5,18706
v10404,5,18706
v9334,5,18706
v22306,5,18706
v7681,5,18706
v2430,5,18706
v38023,5,18706
v27796,5,18706
v35231,5,18706
v21162,5,18706
v7698,5,18706
v12900,5,18706
v7701,5,18706
v2417,5,18706
v34146,5,18706
v22943,5,18706
v2414,5,18706
v12527,5,18706
v2408,5,18706
v12873,5,18706
v7758,5,18706
v2393,5,18706
v35235,5,18706
v12858,5,18706
v7780,5,18706
v12843,5,18706
v18999,5,18706
v12837,5,18706
v12836,5,18706
v31481,5,18706
v12827,5,18706
v12824,5,18706
v12818,5,18706
v24655,5,18706
v35260,5,18706
v25182,5,18706
v9344,5,18706
v34158,5,18706
v35277,5,18706
v12811,5,18706
v16734,5,18706
v44132,5,18706
v60450,5,18706
v2336,5,18706
v44119,5,18706
v2332,5,18706
v12784,5,18706
v9347,5,18706
v2328,5,18706
v12782,5,18706
v2327,5,18706
v12780,5,18706
v44116,5,18706
v7832,5,18706
v36427,5,18706
v2317,5,18706
v7856,5,18706
v24631,5,18706
v50345,5,18706
v34214,5,18706
v31579,5,18706
v12741,5,18706
v27804,5,18706
v31611,5,18706
v2305,5,18706
v10675,5,18706
v36154,5,18706
v12717,5,18706
v55744,5,18706
v2291,5,18706
v7894,5,18706
v7895,5,18706
v44024,5,18706
v12710,5,18706
v31654,5,18706
v31657,5,18706
v10133,5,18706
v16871,5,18706
v51089,5,18706
v10020,5,18706
v7913,5,18706
v31682,5,18706
v34215,5,18706
v55768,5,18706
v7938,5,18706
v2262,5,18706
v22339,5,18706
v20445,5,18706
v38002,5,18706
v19112,5,18706
v7949,5,18706
v24599,5,18706
v7955,5,18706
v22342,5,18706
v7961,5,18706
v10382,5,18706
v37986,5,18706
v55850,5,18706
v31755,5,18706
v7968,5,18706
v31759,5,18706
v7969,5,18706
v21696,5,18706
v24585,5,18706
v43819,5,18706
v12605,5,18706
v36892,5,18706
v7986,5,18706
v31779,5,18706
v10831,5,18706
v2227,5,18706
v7994,5,18706
v43793,5,18706
v36161,5,18706
v36139,5,18706
v37323,5,18706
v23295,5,18706
v10823,5,18706
v8003,5,18706
v8007,5,18706
v8025,5,18706
v8029,5,18706
v2196,5,18706
v43704,5,18706
v8034,5,18706
v31816,5,18706
v21692,5,18706
v12514,5,18706
v12510,5,18706
v43649,5,18706
v10377,5,18706
v2169,5,18706
v43645,5,18706
v24528,5,18706
v24527,5,18706
v22354,5,18706
v9378,5,18706
v22355,5,18706
v21682,5,18706
v43576,5,18706
v2157,5,18706
v10371,5,18706
v43542,5,18706
v9386,5,18706
v8092,5,18706
v24497,5,18706
v36640,5,18706
v56125,5,18706
v43535,5,18706
v12463,5,18706
v31858,5,18706
v31859,5,18706
v31860,5,18706
v31861,5,18706
v20477,5,18706
v37858,5,18706
v5107,5,18706
v19244,5,18706
v43520,5,18706
v2135,5,18706
v43501,5,18706
v2130,5,18706
v10370,5,18706
v30541,5,18706
v56175,5,18706
v56180,5,18706
v2114,5,18706
v12441,5,18706
v50187,5,18706
v56199,5,18706
v37807,5,18706
v10800,5,18706
v2106,5,18706
v8142,5,18706
v2100,5,18706
v21151,5,18706
v56201,5,18706
v10367,5,18706
v4575,5,18706
v31898,5,18706
v43418,5,18706
v34371,5,18706
v2082,5,18706
v43320,5,18706
v10784,5,18706
v795,5,18706
v2075,5,18706
v2070,5,18706
v10046,5,18706
v9743,5,18706
v9411,5,18706
v43161,5,18706
v12359,5,18706
v23282,5,18706
v34380,5,18706
v43143,5,18706
v43121,5,18706
v2039,5,18706
v19323,5,18706
v9997,5,18706
v31949,5,18706
v10765,5,18706
v24442,5,18706
v9832,5,18706
v24439,5,18706
v31954,5,18706
v22388,5,18706
v22392,5,18706
v35353,5,18706
v19336,5,18706
v22147,5,18706
v43089,5,18706
v43059,5,18706
v2014,5,18706
v35798,5,18706
v35369,5,18706
v36846,5,18706
v24424,5,18706
v8254,5,18706
v43002,5,18706
v21619,5,18706
v8256,5,18706
v39806,5,18706
v22400,5,18706
v43001,5,18706
v1988,5,18706
v1985,5,18706
v9762,5,18706
v19375,5,18706
v19376,5,18706
v8261,5,18706
v8265,5,18706
v12281,5,18706
v37711,5,18706
v10337,5,18706
v42979,5,18706
v42967,5,18706
v24397,5,18706
v56539,5,18706
v1959,5,18706
v32040,5,18706
v12256,5,18706
v56570,5,18706
v50303,5,18706
v1955,5,18706
v21119,5,18706
v32066,5,18706
v42948,5,18706
v9426,5,18706
v42945,5,18706
v42888,5,18706
v24359,5,18706
v34460,5,18706
v1942,5,18706
v42869,5,18706
v12224,5,18706
v12221,5,18706
v1935,5,18706
v37552,5,18706
v10740,5,18706
v12216,5,18706
v1931,5,18706
v8334,5,18706
v22437,5,18706
v12206,5,18706
v5242,5,18706
v27044,5,18706
v8339,5,18706
v19440,5,18706
v42789,5,18706
v12195,5,18706
v22450,5,18706
v21589,5,18706
v12185,5,18706
v10227,5,18706
v23270,5,18706
v20551,5,18706
v23267,5,18706
v24296,5,18706
v19458,5,18706
v42634,5,18706
v37528,5,18706
v42614,5,18706
v8357,5,18706
v23254,5,18706
v8359,5,18706
v1879,5,18706
v36826,5,18706
v8365,5,18706
v37521,5,18706
v20288,5,18706
v24267,5,18706
v19484,5,18706
v24261,5,18706
v37492,5,18706
v4564,5,18706
v12139,5,18706
v1861,5,18706
v8377,5,18706
v1854,5,18706
v8382,5,18706
v8383,5,18706
v20567,5,18706
v42557,5,18706
v42540,5,18706
v9971,5,18706
v10725,5,18706
v1840,5,18706
v19514,5,18706
v42519,5,18706
v21578,5,18706
v42467,5,18706
v8411,5,18706
v1834,5,18706
v9459,5,18706
v34547,5,18706
v8415,5,18706
v12089,5,18706
v34562,5,18706
v32216,5,18706
v37461,5,18706
v21572,5,18706
v32228,5,18706
v42382,5,18706
v32264,5,18706
v32267,5,18706
v42313,5,18706
v1812,5,18706
v42294,5,18706
v56786,5,18706
v12035,5,18706
v8480,5,18706
v34592,5,18706
v12016,5,18706
v27825,5,18706
v42265,5,18706
v37441,5,18706
v32360,5,18706
v19568,5,18706
v19569,5,18706
v1787,5,18706
v16108,5,18706
v21549,5,18706
v42188,5,18706
v8526,5,18706
v60104,5,18706
v22485,5,18706
v1766,5,18706
v11991,5,18706
v9968,5,18706
v37440,5,18706
v8535,5,18706
v27398,5,18706
v4784,5,18706
v11973,5,18706
v32426,5,18706
v5122,5,18706
v42086,5,18706
v4786,5,18706
v24139,5,18706
v4775,5,18706
v42083,5,18706
v8552,5,18706
v8554,5,18706
v11946,5,18706
v16519,5,18706
v16520,5,18706
v50682,5,18706
v32458,5,18706
v11933,5,18706
v32467,5,18706
v8568,5,18706
v8569,5,18706
v32479,5,18706
v11919,5,18706
v8597,5,18706
v32505,5,18706
v19648,5,18706
v4804,5,18706
v11887,5,18706
v4810,5,18706
v1686,5,18706
v57117,5,18706
v32543,5,18706
v10707,5,18706
v4819,5,18706
v58848,5,18706
v11866,5,18706
v11864,5,18706
v8621,5,18706
v36228,5,18706
v11846,5,18706
v3224,5,18706
v595,5,18706
v32556,5,18706
v4833,5,18706
v5141,5,18706
v32596,5,18706
v32602,5,18706
v594,5,18706
v4838,5,18706
v4842,5,18706
v8662,5,18706
v32628,5,18706
v22153,5,18706
v41564,5,18706
v24064,5,18706
v8670,5,18706
v27995,5,18706
v4754,5,18706
v27377,5,18706
v11786,5,18706
v4752,5,18706
v20827,5,18706
v10190,5,18706
v4847,5,18706
v1615,5,18706
v51160,5,18706
v19730,5,18706
v24048,5,18706
v36249,5,18706
v1599,5,18706
v50721,5,18706
v8686,5,18706
v41486,5,18706
v8690,5,18706
v57278,5,18706
v8691,5,18706
v24020,5,18706
v19748,5,18706
v50729,5,18706
v58762,5,18706
v28001,5,18706
v1577,5,18706
v11757,5,18706
v1573,5,18706
v27461,5,18706
v41468,5,18706
v1572,5,18706
v32696,5,18706
v32697,5,18706
v11745,5,18706
v11740,5,18706
v50730,5,18706
v9649,5,18706
v4745,5,18706
v8702,5,18706
v32710,5,18706
v50223,5,18706
v1546,5,18706
v19779,5,18706
v19781,5,18706
v32719,5,18706
v21129,5,18706
v59509,5,18706
v11716,5,18706
v1534,5,18706
v1533,5,18706
v32729,5,18706
v27339,5,18706
v28021,5,18706
v28025,5,18706
v50138,5,18706
v28054,5,18706
v43271,5,18706
v4461,5,18706
v27470,5,18706
v8735,5,18706
v20619,5,18706
v39302,5,18706
v4454,5,18706
v8736,5,18706
v5308,5,18706
v5309,5,18706
v16907,5,18706
v37306,5,18706
v35810,5,18706
v28086,5,18706
v5312,5,18706
v23954,5,18706
v4436,5,18706
v41200,5,18706
v26860,5,18706
v5336,5,18706
v49821,5,18706
v8741,5,18706
v20625,5,18706
v15856,5,18706
v34677,5,18706
v26855,5,18706
v5343,5,18706
v27329,5,18706
v4544,5,18706
v26844,5,18706
v4427,5,18706
v1505,5,18706
v4425,5,18706
v9783,5,18706
v15851,5,18706
v22520,5,18706
v49794,5,18706
v4420,5,18706
v35582,5,18706
v15842,5,18706
v15840,5,18706
v11672,5,18706
v49720,5,18706
v16868,5,18706
v49640,5,18706
v49605,5,18706
v16967,5,18706
v41075,5,18706
v15792,5,18706
v28183,5,18706
v28185,5,18706
v49589,5,18706
v26799,5,18706
v49563,5,18706
v8754,5,18706
v37259,5,18706
v49522,5,18706
v49517,5,18706
v35624,5,18706
v22738,5,18706
v4382,5,18706
v4381,5,18706
v16996,5,18706
v5475,5,18706
v49473,5,18706
v28256,5,18706
v37244,5,18706
v27920,5,18706
v51584,5,18706
v8758,5,18706
v5518,5,18706
v5535,5,18706
v4359,5,18706
v21456,5,18706
v5544,5,18706
v8761,5,18706
v49412,5,18706
v4347,5,18706
v11647,5,18706
v1463,5,18706
v10625,5,18706
v8771,5,18706
v40838,5,18706
v49399,5,18706
v40837,5,18706
v486,5,18706
v27478,5,18706
v4330,5,18706
v8782,5,18706
v5569,5,18706
v51643,5,18706
v5570,5,18706
v5571,5,18706
v4325,5,18706
v51658,5,18706
v4321,5,18706
v4317,5,18706
v28342,5,18706
v15612,5,18706
v15609,5,18706
v17071,5,18706
v26685,5,18706
v8784,5,18706
v811,5,18706
v5587,5,18706
v11617,5,18706
v19864,5,18706
v4311,5,18706
v743,5,18706
v11615,5,18706
v9519,5,18706
v15590,5,18706
v27275,5,18706
v49320,5,18706
v21444,5,18706
v4305,5,18706
v1429,5,18706
v11608,5,18706
v9525,5,18706
v9526,5,18706
v4300,5,18706
v4299,5,18706
v17113,5,18706
v26648,5,18706
v1425,5,18706
v20644,5,18706
v49266,5,18706
v17120,5,18706
v28399,5,18706
v5618,5,18706
v28413,5,18706
v15554,5,18706
v5625,5,18706
v8790,5,18706
v5626,5,18706
v40708,5,18706
v26642,5,18706
v49187,5,18706
v59827,5,18706
v49176,5,18706
v40677,5,18706
v20874,5,18706
v16791,5,18706
v28475,5,18706
v49140,5,18706
v5679,5,18706
v11597,5,18706
v10705,5,18706
v22543,5,18706
v50814,5,18706
v5704,5,18706
v4538,5,18706
v9854,5,18706
v32891,5,18706
v5705,5,18706
v5706,5,18706
v49041,5,18706
v26613,5,18706
v40644,5,18706
v21412,5,18706
v26610,5,18706
v32908,5,18706
v4881,5,18706
v10602,5,18706
v16795,5,18706
v8807,5,18706
v4261,5,18706
v5712,5,18706
v29417,5,18706
v16604,5,18706
v5721,5,18706
v26570,5,18706
v5727,5,18706
v8818,5,18706
v32913,5,18706
v49003,5,18706
v48987,5,18706
v5750,5,18706
v8821,5,18706
v26519,5,18706
v40588,5,18706
v15418,5,18706
v52496,5,18706
v28561,5,18706
v10702,5,18706
v26491,5,18706
v11548,5,18706
v757,5,18706
v48831,5,18706
v15373,5,18706
v10596,5,18706
v50836,5,18706
v16385,5,18706
v5808,5,18706
v5810,5,18706
v28605,5,18706
v51911,5,18706
v11543,5,18706
v4901,5,18706
v11541,5,18706
v15340,5,18706
v16369,5,18706
v28625,5,18706
v1373,5,18706
v8824,5,18706
v48644,5,18706
v50557,5,18706
v57846,5,18706
v48641,5,18706
v28004,5,18706
v1368,5,18706
v26441,5,18706
v15316,5,18706
v4180,5,18706
v17293,5,18706
v26439,5,18706
v4178,5,18706
v51921,5,18706
v4175,5,18706
v4174,5,18706
v11533,5,18706
v21210,5,18706
v40575,5,18706
v15308,5,18706
v4161,5,18706
v4160,5,18706
v23137,5,18706
v28660,5,18706
v48575,5,18706
v5896,5,18706
v26396,5,18706
v26395,5,18706
v51936,5,18706
v1350,5,18706
v28669,5,18706
v10590,5,18706
v15265,5,18706
v4100,5,18706
v17336,5,18706
v15262,5,18706
v19945,5,18706
v526,5,18706
v5920,5,18706
v26375,5,18706
v5924,5,18706
v40521,5,18706
v4073,5,18706
v9553,5,18706
v26364,5,18706
v16850,5,18706
v48408,5,18706
v5934,5,18706
v5946,5,18706
v48344,5,18706
v5955,5,18706
v4053,5,18706
v52036,5,18706
v5960,5,18706
v26306,5,18706
v8830,5,18706
v28753,5,18706
v15191,5,18706
v8834,5,18706
v5968,5,18706
v37196,5,18706
v4036,5,18706
v52057,5,18706
v59179,5,18706
v15173,5,18706
v8838,5,18706
v48289,5,18706
v26277,5,18706
v5980,5,18706
v26268,5,18706
v28804,5,18706
v15161,5,18706
v16356,5,18706
v52160,5,18706
v4018,5,18706
v17422,5,18706
v28817,5,18706
v52169,5,18706
v28818,5,18706
v48227,5,18706
v28820,5,18706
v4915,5,18706
v15139,5,18706
v4007,5,18706
v5998,5,18706
v5999,5,18706
v26172,5,18706
v15132,5,18706
v16354,5,18706
v26156,5,18706
v48166,5,18706
v6003,5,18706
v24164,5,18706
v15116,5,18706
v15108,5,18706
v6011,5,18706
v27538,5,18706
v40257,5,18706
v26121,5,18706
v11479,5,18706
v19975,5,18706
v6014,5,18706
v15093,5,18706
v6023,5,18706
v6038,5,18706
v48113,5,18706
v3991,5,18706
v32986,5,18706
v40211,5,18706
v6049,5,18706
v6055,5,18706
v37370,5,18706
v26091,5,18706
v48011,5,18706
v28914,5,18706
v3974,5,18706
v11450,5,18706
v6069,5,18706
v28931,5,18706
v11447,5,18706
v6086,5,18706
v17517,5,18706
v28973,5,18706
v28978,5,18706
v47934,5,18706
v47921,5,18706
v17531,5,18706
v19999,5,18706
v23517,4,20246
v4974,4,20246
v6823,4,20246
v331,4,20246
v391,4,20246
v461,4,20246
v474,4,20246
v475,4,20246
v552,4,20246
v570,4,20246
v606,4,20246
v613,4,20246
v631,4,20246
v654,4,20246
v662,4,20246
v663,4,20246
v674,4,20246
v678,4,20246
v703,4,20246
v749,4,20246
v832,4,20246
v879,4,20246
v980,4,20246
v999,4,20246
v1010,4,20246
v1038,4,20246
v1043,4,20246
v1135,4,20246
v1214,4,20246
v1231,4,20246
v1256,4,20246
v1297,4,20246
v1351,4,20246
v1412,4,20246
v1469,4,20246
v1476,4,20246
v1482,4,20246
v1486,4,20246
v1514,4,20246
v1532,4,20246
v1538,4,20246
v8646,4,20246
v1557,4,20246
v1558,4,20246
v1575,4,20246
v1579,4,20246
v1650,4,20246
v1737,4,20246
v1763,4,20246
v1784,4,20246
v1820,4,20246
v1832,4,20246
v1857,4,20246
v1893,4,20246
v1980,4,20246
v1990,4,20246
v2041,4,20246
v2095,4,20246
v2117,4,20246
v2131,4,20246
v2144,4,20246
v2150,4,20246
v2156,4,20246
v2177,4,20246
v2218,4,20246
v2222,4,20246
v2223,4,20246
v9664,4,20246
v9665,4,20246
v9666,4,20246
v2276,4,20246
v2318,4,20246
v2334,4,20246
v2374,4,20246
v2394,4,20246
v2411,4,20246
v2421,4,20246
v2442,4,20246
v2443,4,20246
v2444,4,20246
v2446,4,20246
v2448,4,20246
v2475,4,20246
v2529,4,20246
v2534,4,20246
v2548,4,20246
v2566,4,20246
v2569,4,20246
v2579,4,20246
v2580,4,20246
v2600,4,20246
v2610,4,20246
v2620,4,20246
v2634,4,20246
v2692,4,20246
v2703,4,20246
v2707,4,20246
v2720,4,20246
v2723,4,20246
v2733,4,20246
v2750,4,20246
v2751,4,20246
v2769,4,20246
v2779,4,20246
v2782,4,20246
v2792,4,20246
v2794,4,20246
v2797,4,20246
v2805,4,20246
v2821,4,20246
v2823,4,20246
v2863,4,20246
v2877,4,20246
v2883,4,20246
v2921,4,20246
v2967,4,20246
v2987,4,20246
v3038,4,20246
v3040,4,20246
v3047,4,20246
v3054,4,20246
v3088,4,20246
v3178,4,20246
v3214,4,20246
v3262,4,20246
v3281,4,20246
v3286,4,20246
v3303,4,20246
v3316,4,20246
v3329,4,20246
v3396,4,20246
v3470,4,20246
v3471,4,20246
v3491,4,20246
v3507,4,20246
v3519,4,20246
v3530,4,20246
v3539,4,20246
v3561,4,20246
v3563,4,20246
v3567,4,20246
v3579,4,20246
v3592,4,20246
v3634,4,20246
v3713,4,20246
v3717,4,20246
v3730,4,20246
v3761,4,20246
v43230,4,20246
v3772,4,20246
v3783,4,20246
v3786,4,20246
v3847,4,20246
v3868,4,20246
v3877,4,20246
v3894,4,20246
v3936,4,20246
v4002,4,20246
v4016,4,20246
v4050,4,20246
v4061,4,20246
v4064,4,20246
v4115,4,20246
v4159,4,20246
v4165,4,20246
v4166,4,20246
v4171,4,20246
v4173,4,20246
v4233,4,20246
v4238,4,20246
v4240,4,20246
v4247,4,20246
v4262,4,20246
v4263,4,20246
v4290,4,20246
v4294,4,20246
v4296,4,20246
v4313,4,20246
v4340,4,20246
v4364,4,20246
v4384,4,20246
v4398,4,20246
v4410,4,20246
v4422,4,20246
v4428,4,20246
v4470,4,20246
v4496,4,20246
v4497,4,20246
v4502,4,20246
v4505,4,20246
v4515,4,20246
v4516,4,20246
v4533,4,20246
v29416,4,20246
v4547,4,20246
v4555,4,20246
v4563,4,20246
v4596,4,20246
v4627,4,20246
v4631,4,20246
v4642,4,20246
v4666,4,20246
v4668,4,20246
v4708,4,20246
v4755,4,20246
v4764,4,20246
v4769,4,20246
v4770,4,20246
v4790,4,20246
v4812,4,20246
v4903,4,20246
v4912,4,20246
v4913,4,20246
v4922,4,20246
v4923,4,20246
v4945,4,20246
v4946,4,20246
v5026,4,20246
v5042,4,20246
v5138,4,20246
v5139,4,20246
v5142,4,20246
v5168,4,20246
v5940,4,20246
v5254,4,20246
v5284,4,20246
v5294,4,20246
v5314,4,20246
v5370,4,20246
v5373,4,20246
v5378,4,20246
v5389,4,20246
v5404,4,20246
v5406,4,20246
v5427,4,20246
v5450,4,20246
v5521,4,20246
v5557,4,20246
v5558,4,20246
v5561,4,20246
v5596,4,20246
v5600,4,20246
v5611,4,20246
v5620,4,20246
v5623,4,20246
v5696,4,20246
v5713,4,20246
v5749,4,20246
v5767,4,20246
v5778,4,20246
v47253,4,20246
v5813,4,20246
v5817,4,20246
v5828,4,20246
v5840,4,20246
v5846,4,20246
v5866,4,20246
v5880,4,20246
v5881,4,20246
v5888,4,20246
v5894,4,20246
v5898,4,20246
v57577,4,20246
v5935,4,20246
v5964,4,20246
v5995,4,20246
v5996,4,20246
v5997,4,20246
v6040,4,20246
v6045,4,20246
v6048,4,20246
v6056,4,20246
v6070,4,20246
v6087,4,20246
v6088,4,20246
v6093,4,20246
v6099,4,20246
v6106,4,20246
v6111,4,20246
v6114,4,20246
v6130,4,20246
v6134,4,20246
v6137,4,20246
v6160,4,20246
v6172,4,20246
v23105,4,20246
v6180,4,20246
v6192,4,20246
v6222,4,20246
v6228,4,20246
v6232,4,20246
v6235,4,20246
v6236,4,20246
v6251,4,20246
v6264,4,20246
v6277,4,20246
v6278,4,20246
v6327,4,20246
v6330,4,20246
v6347,4,20246
v6365,4,20246
v6374,4,20246
v6379,4,20246
v6390,4,20246
v6449,4,20246
v6451,4,20246
v6462,4,20246
v6495,4,20246
v6504,4,20246
v6506,4,20246
v6512,4,20246
v6515,4,20246
v6610,4,20246
v6612,4,20246
v6624,4,20246
v6637,4,20246
v6650,4,20246
v6670,4,20246
v6683,4,20246
v6695,4,20246
v6725,4,20246
v6737,4,20246
v6753,4,20246
v6768,4,20246
v6770,4,20246
v6794,4,20246
v6799,4,20246
v6805,4,20246
v6811,4,20246
v6813,4,20246
v6814,4,20246
v6818,4,20246
v6861,4,20246
v23109,4,20246
v6889,4,20246
v6896,4,20246
v6907,4,20246
v6910,4,20246
v6922,4,20246
v6962,4,20246
v6978,4,20246
v6983,4,20246
v7028,4,20246
v7115,4,20246
v7124,4,20246
v7135,4,20246
v7136,4,20246
v7137,4,20246
v7165,4,20246
v7179,4,20246
v7190,4,20246
v7194,4,20246
v7201,4,20246
v7214,4,20246
v7231,4,20246
v7234,4,20246
v7244,4,20246
v7281,4,20246
v7287,4,20246
v7300,4,20246
v7309,4,20246
v7321,4,20246
v7325,4,20246
v7351,4,20246
v7384,4,20246
v7387,4,20246
v7390,4,20246
v7392,4,20246
v7395,4,20246
v7398,4,20246
v7401,4,20246
v7409,4,20246
v7412,4,20246
v7415,4,20246
v7420,4,20246
v7428,4,20246
v7433,4,20246
v7435,4,20246
v7454,4,20246
v7470,4,20246
v7476,4,20246
v7486,4,20246
v7519,4,20246
v7523,4,20246
v7552,4,20246
v7606,4,20246
v7737,4,20246
v7664,4,20246
v7692,4,20246
v7819,4,20246
v7824,4,20246
v7910,4,20246
v7937,4,20246
v7957,4,20246
v7977,4,20246
v7995,4,20246
v8006,4,20246
v8015,4,20246
v8044,4,20246
v8062,4,20246
v8098,4,20246
v8106,4,20246
v8109,4,20246
v8118,4,20246
v8119,4,20246
v8129,4,20246
v8148,4,20246
v8151,4,20246
v8185,4,20246
v8262,4,20246
v8294,4,20246
v8316,4,20246
v8374,4,20246
v8410,4,20246
v8417,4,20246
v8431,4,20246
v8432,4,20246
v8449,4,20246
v8466,4,20246
v8477,4,20246
v8478,4,20246
v8479,4,20246
v8481,4,20246
v8487,4,20246
v8500,4,20246
v8512,4,20246
v8530,4,20246
v8533,4,20246
v8542,4,20246
v8544,4,20246
v8555,4,20246
v8565,4,20246
v8566,4,20246
v8592,4,20246
v8599,4,20246
v8602,4,20246
v8603,4,20246
v8607,4,20246
v8624,4,20246
v8626,4,20246
v8628,4,20246
v8634,4,20246
v8656,4,20246
v8682,4,20246
v8689,4,20246
v8699,4,20246
v8734,4,20246
v8745,4,20246
v8779,4,20246
v8786,4,20246
v8805,4,20246
v8815,4,20246
v8817,4,20246
v8886,4,20246
v8890,4,20246
v8891,4,20246
v8920,4,20246
v8955,4,20246
v8957,4,20246
v8959,4,20246
v8963,4,20246
v8969,4,20246
v8978,4,20246
v8983,4,20246
v8985,4,20246
v8990,4,20246
v8999,4,20246
v9025,4,20246
v9032,4,20246
v9043,4,20246
v9048,4,20246
v9052,4,20246
v9057,4,20246
v9077,4,20246
v9078,4,20246
v9080,4,20246
v9085,4,20246
v9097,4,20246
v9102,4,20246
v9111,4,20246
v9131,4,20246
v9132,4,20246
v9149,4,20246
v9152,4,20246
v9153,4,20246
v9166,4,20246
v9171,4,20246
v9230,4,20246
v9246,4,20246
v9264,4,20246
v9279,4,20246
v9292,4,20246
v9331,4,20246
v9332,4,20246
v9336,4,20246
v9348,4,20246
v9349,4,20246
v9392,4,20246
v9496,4,20246
v9504,4,20246
v9520,4,20246
v9523,4,20246
v9527,4,20246
v9530,4,20246
v9532,4,20246
v9538,4,20246
v9543,4,20246
v9551,4,20246
v9592,4,20246
v9595,4,20246
v9605,4,20246
v9714,4,20246
v9742,4,20246
v9745,4,20246
v9781,4,20246
v9791,4,20246
v9799,4,20246
v9804,4,20246
v9815,4,20246
v9850,4,20246
v9859,4,20246
v9872,4,20246
v9922,4,20246
v9932,4,20246
v9933,4,20246
v10004,4,20246
v10010,4,20246
v10017,4,20246
v10021,4,20246
v10033,4,20246
v10039,4,20246
v10059,4,20246
v10067,4,20246
v39804,4,20246
v10142,4,20246
v10164,4,20246
v10175,4,20246
v10180,4,20246
v10191,4,20246
v10202,4,20246
v10206,4,20246
v10275,4,20246
v10276,4,20246
v10297,4,20246
v10308,4,20246
v10316,4,20246
v10317,4,20246
v10380,4,20246
v10398,4,20246
v10423,4,20246
v10425,4,20246
v10436,4,20246
v10441,4,20246
v10443,4,20246
v10499,4,20246
v10510,4,20246
v10584,4,20246
v10652,4,20246
v10683,4,20246
v10688,4,20246
v10689,4,20246
v10713,4,20246
v10716,4,20246
v10718,4,20246
v10734,4,20246
v10746,4,20246
v10824,4,20246
v10825,4,20246
v10842,4,20246
v10875,4,20246
v10901,4,20246
v10937,4,20246
v10938,4,20246
v10954,4,20246
v11015,4,20246
v11025,4,20246
v11041,4,20246
v11128,4,20246
v11129,4,20246
v11153,4,20246
v11167,4,20246
v11174,4,20246
v11192,4,20246
v11214,4,20246
v11236,4,20246
v11241,4,20246
v11242,4,20246
v11270,4,20246
v11308,4,20246
v11310,4,20246
v11311,4,20246
v11322,4,20246
v11357,4,20246
v11365,4,20246
v11387,4,20246
v11406,4,20246
v11407,4,20246
v11440,4,20246
v11460,4,20246
v11464,4,20246
v11518,4,20246
v11519,4,20246
v11520,4,20246
v11528,4,20246
v11532,4,20246
v11537,4,20246
v11547,4,20246
v11554,4,20246
v11557,4,20246
v11580,4,20246
v11581,4,20246
v11582,4,20246
v11589,4,20246
v11591,4,20246
v11601,4,20246
v11602,4,20246
v11614,4,20246
v11651,4,20246
v11680,4,20246
v11722,4,20246
v11742,4,20246
v11749,4,20246
v11759,4,20246
v11767,4,20246
v11802,4,20246
v11825,4,20246
v11844,4,20246
v11845,4,20246
v11870,4,20246
v11888,4,20246
v11891,4,20246
v11892,4,20246
v11895,4,20246
v11958,4,20246
v11965,4,20246
v11968,4,20246
v12019,4,20246
v12088,4,20246
v12104,4,20246
v12164,4,20246
v20294,4,20246
v12264,4,20246
v12287,4,20246
v12308,4,20246
v12345,4,20246
v12361,4,20246
v12477,4,20246
v12506,4,20246
v12543,4,20246
v12591,4,20246
v12635,4,20246
v12659,4,20246
v12665,4,20246
v14653,4,20246
v12735,4,20246
v12772,4,20246
v12773,4,20246
v12786,4,20246
v12817,4,20246
v12832,4,20246
v12844,4,20246
v12853,4,20246
v12860,4,20246
v12870,4,20246
v12907,4,20246
v12922,4,20246
v12948,4,20246
v13024,4,20246
v13031,4,20246
v13068,4,20246
v13103,4,20246
v13120,4,20246
v13121,4,20246
v13132,4,20246
v13146,4,20246
v13194,4,20246
v13204,4,20246
v13219,4,20246
v13237,4,20246
v13240,4,20246
v13256,4,20246
v13300,4,20246
v13302,4,20246
v13305,4,20246
v13315,4,20246
v13334,4,20246
v13415,4,20246
v13424,4,20246
v13430,4,20246
v13431,4,20246
v13437,4,20246
v13503,4,20246
v13518,4,20246
v13519,4,20246
v13527,4,20246
v13537,4,20246
v13543,4,20246
v13546,4,20246
v13548,4,20246
v13563,4,20246
v13576,4,20246
v13590,4,20246
v13596,4,20246
v13601,4,20246
v13602,4,20246
v13634,4,20246
v13639,4,20246
v13640,4,20246
v13641,4,20246
v13654,4,20246
v13673,4,20246
v13712,4,20246
v13740,4,20246
v13756,4,20246
v13815,4,20246
v13823,4,20246
v13923,4,20246
v13938,4,20246
v13968,4,20246
v13977,4,20246
v13986,4,20246
v14002,4,20246
v14004,4,20246
v14023,4,20246
v14074,4,20246
v14095,4,20246
v14096,4,20246
v14120,4,20246
v14131,4,20246
v14154,4,20246
v14238,4,20246
v14284,4,20246
v14348,4,20246
v14387,4,20246
v14391,4,20246
v14408,4,20246
v14439,4,20246
v14488,4,20246
v14510,4,20246
v14590,4,20246
v14602,4,20246
v14696,4,20246
v14698,4,20246
v14704,4,20246
v14730,4,20246
v14758,4,20246
v14840,4,20246
v14870,4,20246
v14871,4,20246
v14949,4,20246
v14967,4,20246
v14972,4,20246
v14987,4,20246
v15005,4,20246
v15027,4,20246
v15081,4,20246
v15128,4,20246
v15155,4,20246
v15168,4,20246
v15177,4,20246
v15179,4,20246
v15229,4,20246
v15237,4,20246
v15243,4,20246
v15294,4,20246
v15298,4,20246
v15313,4,20246
v15338,4,20246
v15350,4,20246
v15352,4,20246
v15398,4,20246
v15419,4,20246
v15459,4,20246
v15466,4,20246
v15489,4,20246
v15494,4,20246
v15529,4,20246
v15589,4,20246
v15598,4,20246
v15610,4,20246
v15630,4,20246
v15768,4,20246
v15775,4,20246
v15796,4,20246
v15821,4,20246
v15827,4,20246
v15832,4,20246
v15861,4,20246
v15959,4,20246
v16011,4,20246
v16016,4,20246
v16029,4,20246
v16036,4,20246
v16048,4,20246
v16054,4,20246
v16100,4,20246
v16114,4,20246
v22118,4,20246
v22120,4,20246
v16151,4,20246
v16195,4,20246
v16219,4,20246
v16265,4,20246
v16272,4,20246
v16298,4,20246
v16315,4,20246
v16426,4,20246
v16497,4,20246
v16541,4,20246
v16552,4,20246
v16555,4,20246
v16556,4,20246
v16565,4,20246
v16602,4,20246
v16639,4,20246
v16656,4,20246
v16665,4,20246
v16712,4,20246
v16719,4,20246
v16754,4,20246
v16765,4,20246
v16771,4,20246
v16773,4,20246
v16835,4,20246
v16861,4,20246
v16867,4,20246
v16872,4,20246
v16873,4,20246
v16886,4,20246
v16932,4,20246
v16962,4,20246
v16987,4,20246
v16995,4,20246
v17010,4,20246
v17036,4,20246
v17049,4,20246
v17065,4,20246
v17080,4,20246
v17218,4,20246
v17270,4,20246
v17306,4,20246
v17307,4,20246
v17387,4,20246
v17393,4,20246
v17425,4,20246
v17465,4,20246
v17488,4,20246
v17512,4,20246
v17524,4,20246
v17574,4,20246
v17608,4,20246
v17611,4,20246
v17666,4,20246
v17671,4,20246
v17680,4,20246
v17717,4,20246
v17854,4,20246
v17855,4,20246
v17857,4,20246
v17869,4,20246
v17886,4,20246
v17910,4,20246
v17932,4,20246
v17946,4,20246
v17948,4,20246
v17953,4,20246
v17967,4,20246
v17989,4,20246
v18004,4,20246
v18020,4,20246
v18029,4,20246
v18062,4,20246
v18063,4,20246
v18083,4,20246
v18112,4,20246
v18122,4,20246
v18128,4,20246
v18191,4,20246
v18193,4,20246
v18205,4,20246
v18231,4,20246
v18232,4,20246
v18247,4,20246
v18248,4,20246
v18281,4,20246
v18326,4,20246
v22133,4,20246
v18379,4,20246
v18389,4,20246
v18403,4,20246
v18449,4,20246
v18466,4,20246
v18524,4,20246
v18526,4,20246
v18618,4,20246
v18625,4,20246
v18638,4,20246
v18658,4,20246
v18660,4,20246
v18695,4,20246
v18771,4,20246
v18817,4,20246
v18820,4,20246
v18841,4,20246
v18857,4,20246
v18867,4,20246
v18954,4,20246
v18961,4,20246
v18978,4,20246
v18979,4,20246
v19043,4,20246
v19048,4,20246
v19063,4,20246
v19100,4,20246
v19253,4,20246
v19267,4,20246
v19270,4,20246
v19292,4,20246
v19295,4,20246
v19343,4,20246
v19395,4,20246
v19408,4,20246
v19425,4,20246
v19437,4,20246
v19473,4,20246
v19475,4,20246
v19502,4,20246
v19509,4,20246
v19511,4,20246
v19567,4,20246
v19635,4,20246
v19670,4,20246
v19677,4,20246
v19727,4,20246
v19752,4,20246
v22157,4,20246
v19809,4,20246
v19813,4,20246
v19827,4,20246
v19833,4,20246
v19862,4,20246
v19869,4,20246
v19882,4,20246
v19885,4,20246
v19892,4,20246
v19972,4,20246
v19995,4,20246
v20036,4,20246
v20037,4,20246
v20052,4,20246
v20056,4,20246
v20074,4,20246
v20111,4,20246
v21215,4,20246
v20129,4,20246
v20138,4,20246
v20176,4,20246
v20212,4,20246
v20307,4,20246
v20324,4,20246
v20327,4,20246
v20338,4,20246
v20342,4,20246
v20356,4,20246
v20407,4,20246
v20451,4,20246
v20454,4,20246
v20466,4,20246
v20493,4,20246
v20511,4,20246
v20520,4,20246
v20537,4,20246
v20541,4,20246
v20565,4,20246
v20570,4,20246
v20571,4,20246
v20639,4,20246
v20643,4,20246
v20651,4,20246
v20659,4,20246
v20690,4,20246
v20699,4,20246
v20735,4,20246
v20745,4,20246
v20757,4,20246
v20787,4,20246
v20865,4,20246
v20866,4,20246
v20879,4,20246
v20957,4,20246
v20978,4,20246
v20984,4,20246
v21043,4,20246
v21045,4,20246
v21096,4,20246
v21097,4,20246
v21128,4,20246
v21134,4,20246
v21138,4,20246
v21153,4,20246
v21197,4,20246
v21244,4,20246
v21344,4,20246
v21360,4,20246
v21388,4,20246
v21424,4,20246
v21450,4,20246
v21477,4,20246
v21551,4,20246
v21573,4,20246
v21581,4,20246
v21596,4,20246
v21613,4,20246
v21635,4,20246
v21639,4,20246
v21686,4,20246
v21687,4,20246
v21688,4,20246
v21697,4,20246
v21755,4,20246
v21765,4,20246
v21792,4,20246
v21808,4,20246
v21817,4,20246
v21874,4,20246
v21877,4,20246
v21914,4,20246
v21933,4,20246
v23088,4,20246
v22046,4,20246
v22059,4,20246
v22084,4,20246
v23089,4,20246
v22189,4,20246
v22235,4,20246
v23090,4,20246
v22255,4,20246
v22287,4,20246
v22300,4,20246
v22348,4,20246
v22363,4,20246
v22365,4,20246
v22383,4,20246
v22397,4,20246
v22430,4,20246
v22446,4,20246
v22449,4,20246
v22451,4,20246
v22461,4,20246
v22538,4,20246
v22569,4,20246
v22576,4,20246
v22604,4,20246
v22660,4,20246
v22677,4,20246
v22678,4,20246
v22700,4,20246
v22730,4,20246
v22733,4,20246
v22767,4,20246
v22805,4,20246
v22839,4,20246
v22858,4,20246
v22863,4,20246
v22882,4,20246
v22898,4,20246
v22922,4,20246
v22925,4,20246
v22945,4,20246
v22969,4,20246
v22990,4,20246
v22998,4,20246
v23002,4,20246
v23010,4,20246
v23023,4,20246
v23054,4,20246
v23136,4,20246
v23160,4,20246
v23161,4,20246
v23175,4,20246
v23189,4,20246
v24176,4,20246
v23203,4,20246
v23229,4,20246
v23239,4,20246
v23266,4,20246
v23277,4,20246
v23305,4,20246
v23350,4,20246
v23405,4,20246
v23417,4,20246
v23579,4,20246
v23591,4,20246
v23596,4,20246
v23672,4,20246
v23674,4,20246
v23685,4,20246
v23727,4,20246
v23770,4,20246
v23842,4,20246
v23951,4,20246
v23953,4,20246
v23955,4,20246
v23983,4,20246
v24006,4,20246
v24029,4,20246
v24060,4,20246
v24072,4,20246
v24095,4,20246
v24144,4,20246
v24158,4,20246
v24201,4,20246
v24221,4,20246
v24290,4,20246
v24302,4,20246
v24308,4,20246
v24344,4,20246
v24366,4,20246
v24374,4,20246
v24387,4,20246
v24396,4,20246
v24464,4,20246
v24493,4,20246
v24513,4,20246
v24534,4,20246
v24542,4,20246
v24578,4,20246
v24593,4,20246
v24605,4,20246
v24611,4,20246
v25181,4,20246
v24652,4,20246
v24654,4,20246
v24694,4,20246
v24756,4,20246
v24767,4,20246
v24777,4,20246
v24800,4,20246
v24875,4,20246
v24942,4,20246
v24986,4,20246
v24995,4,20246
v24997,4,20246
v25002,4,20246
v25010,4,20246
v25012,4,20246
v25017,4,20246
v25058,4,20246
v25063,4,20246
v25090,4,20246
v25093,4,20246
v25095,4,20246
v25204,4,20246
v25237,4,20246
v25268,4,20246
v25323,4,20246
v25337,4,20246
v25343,4,20246
v25359,4,20246
v25365,4,20246
v25460,4,20246
v25473,4,20246
v25479,4,20246
v25522,4,20246
v25553,4,20246
v25586,4,20246
v25605,4,20246
v25654,4,20246
v25711,4,20246
v25714,4,20246
v25727,4,20246
v25737,4,20246
v25802,4,20246
v25858,4,20246
v25918,4,20246
v25939,4,20246
v26020,4,20246
v26036,4,20246
v26135,4,20246
v26161,4,20246
v26209,4,20246
v26236,4,20246
v26308,4,20246
v26330,4,20246
v26352,4,20246
v26363,4,20246
v26432,4,20246
v26517,4,20246
v26520,4,20246
v26571,4,20246
v26669,4,20246
v26672,4,20246
v26682,4,20246
v26686,4,20246
v26687,4,20246
v26689,4,20246
v26706,4,20246
v26744,4,20246
v26746,4,20246
v26974,4,20246
v27043,4,20246
v27061,4,20246
v27064,4,20246
v27132,4,20246
v27148,4,20246
v27164,4,20246
v27173,4,20246
v27213,4,20246
v27264,4,20246
v27315,4,20246
v27391,4,20246
v27394,4,20246
v27414,4,20246
v27446,4,20246
v27548,4,20246
v27552,4,20246
v27590,4,20246
v27647,4,20246
v27665,4,20246
v27682,4,20246
v27731,4,20246
v27833,4,20246
v27880,4,20246
v27885,4,20246
v27922,4,20246
v27935,4,20246
v27945,4,20246
v27950,4,20246
v27963,4,20246
v27996,4,20246
v27997,4,20246
v28012,4,20246
v28022,4,20246
v28074,4,20246
v28140,4,20246
v28199,4,20246
v28203,4,20246
v28214,4,20246
v28215,4,20246
v28216,4,20246
v28238,4,20246
v28240,4,20246
v28249,4,20246
v28266,4,20246
v28410,4,20246
v28417,4,20246
v28418,4,20246
v28426,4,20246
v28455,4,20246
v28468,4,20246
v28575,4,20246
v28590,4,20246
v28606,4,20246
v28612,4,20246
v28614,4,20246
v28639,4,20246
v28659,4,20246
v28698,4,20246
v28725,4,20246
v28766,4,20246
v28771,4,20246
v28813,4,20246
v28816,4,20246
v28837,4,20246
v28856,4,20246
v28858,4,20246
v28880,4,20246
v28887,4,20246
v28893,4,20246
v28945,4,20246
v28982,4,20246
v29027,4,20246
v29059,4,20246
v29096,4,20246
v29111,4,20246
v29130,4,20246
v29145,4,20246
v29146,4,20246
v29172,4,20246
v29176,4,20246
v29240,4,20246
v29250,4,20246
v29281,4,20246
v29337,4,20246
v29346,4,20246
v29351,4,20246
v29376,4,20246
v29379,4,20246
v29386,4,20246
v29409,4,20246
v29457,4,20246
v29466,4,20246
v29467,4,20246
v29489,4,20246
v29544,4,20246
v29575,4,20246
v29579,4,20246
v29580,4,20246
v29598,4,20246
v29604,4,20246
v29621,4,20246
v29626,4,20246
v29650,4,20246
v29684,4,20246
v29686,4,20246
v29713,4,20246
v29716,4,20246
v29745,4,20246
v29768,4,20246
v29769,4,20246
v29778,4,20246
v29803,4,20246
v29839,4,20246
v29866,4,20246
v29926,4,20246
v29959,4,20246
v29982,4,20246
v30008,4,20246
v30042,4,20246
v30065,4,20246
v30070,4,20246
v30071,4,20246
v30555,4,20246
v30080,4,20246
v30151,4,20246
v30167,4,20246
v30204,4,20246
v30267,4,20246
v30280,4,20246
v30289,4,20246
v30292,4,20246
v30370,4,20246
v30378,4,20246
v30425,4,20246
v30454,4,20246
v30463,4,20246
v30483,4,20246
v30504,4,20246
v30512,4,20246
v30559,4,20246
v30580,4,20246
v30596,4,20246
v30618,4,20246
v30640,4,20246
v30674,4,20246
v30703,4,20246
v30747,4,20246
v30817,4,20246
v30867,4,20246
v31596,4,20246
v30871,4,20246
v30878,4,20246
v31597,4,20246
v31053,4,20246
v31152,4,20246
v31153,4,20246
v31161,4,20246
v31174,4,20246
v35561,4,20246
v31227,4,20246
v31228,4,20246
v31238,4,20246
v31244,4,20246
v31281,4,20246
v31285,4,20246
v31287,4,20246
v31307,4,20246
v31317,4,20246
v31330,4,20246
v31395,4,20246
v31412,4,20246
v31439,4,20246
v31440,4,20246
v31458,4,20246
v31495,4,20246
v31588,4,20246
v31634,4,20246
v31683,4,20246
v31722,4,20246
v31754,4,20246
v31773,4,20246
v31797,4,20246
v31840,4,20246
v31844,4,20246
v31863,4,20246
v31868,4,20246
v31872,4,20246
v31874,4,20246
v31941,4,20246
v31957,4,20246
v31964,4,20246
v31969,4,20246
v31974,4,20246
v31986,4,20246
v31988,4,20246
v31989,4,20246
v31999,4,20246
v32055,4,20246
v32102,4,20246
v32106,4,20246
v32120,4,20246
v32121,4,20246
v32176,4,20246
v32230,4,20246
v32259,4,20246
v32265,4,20246
v32312,4,20246
v32386,4,20246
v32391,4,20246
v32393,4,20246
v32400,4,20246
v32402,4,20246
v32410,4,20246
v32468,4,20246
v32473,4,20246
v32485,4,20246
v32498,4,20246
v32502,4,20246
v32528,4,20246
v32583,4,20246
v32595,4,20246
v32604,4,20246
v32607,4,20246
v32622,4,20246
v32633,4,20246
v32654,4,20246
v32667,4,20246
v32669,4,20246
v32704,4,20246
v32722,4,20246
v32809,4,20246
v32816,4,20246
v32822,4,20246
v32953,4,20246
v32980,4,20246
v33034,4,20246
v33035,4,20246
v33103,4,20246
v33114,4,20246
v33119,4,20246
v33121,4,20246
v33145,4,20246
v33171,4,20246
v33196,4,20246
v33201,4,20246
v33219,4,20246
v33224,4,20246
v33278,4,20246
v33313,4,20246
v33325,4,20246
v33339,4,20246
v33404,4,20246
v33411,4,20246
v33427,4,20246
v33490,4,20246
v33529,4,20246
v33537,4,20246
v33599,4,20246
v33607,4,20246
v33828,4,20246
v33862,4,20246
v33875,4,20246
v33898,4,20246
v33900,4,20246
v33912,4,20246
v33939,4,20246
v33958,4,20246
v33981,4,20246
v34009,4,20246
v34028,4,20246
v34071,4,20246
v34145,4,20246
v34155,4,20246
v34161,4,20246
v34197,4,20246
v34218,4,20246
v34236,4,20246
v34317,4,20246
v34381,4,20246
v34384,4,20246
v34406,4,20246
v34409,4,20246
v34474,4,20246
v34496,4,20246
v34518,4,20246
v34546,4,20246
v34549,4,20246
v34594,4,20246
v34609,4,20246
v34656,4,20246
v34686,4,20246
v34705,4,20246
v34716,4,20246
v34732,4,20246
v34762,4,20246
v34765,4,20246
v34779,4,20246
v34787,4,20246
v34806,4,20246
v34822,4,20246
v34825,4,20246
v34876,4,20246
v34893,4,20246
v36814,4,20246
v34967,4,20246
v34991,4,20246
v35018,4,20246
v35019,4,20246
v35022,4,20246
v35054,4,20246
v35243,4,20246
v35287,4,20246
v35621,4,20246
v35649,4,20246
v35669,4,20246
v35670,4,20246
v35671,4,20246
v35687,4,20246
v35718,4,20246
v35742,4,20246
v35782,4,20246
v35804,4,20246
v35806,4,20246
v35812,4,20246
v35821,4,20246
v35832,4,20246
v35839,4,20246
v35856,4,20246
v35861,4,20246
v35939,4,20246
v35978,4,20246
v36034,4,20246
v36055,4,20246
v36176,4,20246
v36198,4,20246
v36214,4,20246
v36247,4,20246
v36302,4,20246
v36401,4,20246
v36555,4,20246
v36556,4,20246
v36557,4,20246
v36558,4,20246
v36585,4,20246
v36596,4,20246
v36635,4,20246
v36642,4,20246
v36683,4,20246
v36708,4,20246
v36772,4,20246
v36825,4,20246
v36838,4,20246
v36843,4,20246
v36880,4,20246
v36884,4,20246
v36934,4,20246
v36953,4,20246
v37013,4,20246
v37014,4,20246
v37019,4,20246
v37033,4,20246
v37046,4,20246
v37057,4,20246
v37068,4,20246
v37109,4,20246
v37146,4,20246
v37197,4,20246
v37214,4,20246
v37218,4,20246
v37223,4,20246
v37334,4,20246
v37339,4,20246
v37350,4,20246
v37458,4,20246
v37459,4,20246
v37463,4,20246
v37465,4,20246
v37467,4,20246
v37472,4,20246
v37524,4,20246
v37557,4,20246
v37806,4,20246
v37827,4,20246
v38041,4,20246
v38168,4,20246
v38339,4,20246
v38340,4,20246
v38344,4,20246
v38346,4,20246
v38389,4,20246
v38393,4,20246
v38506,4,20246
v38542,4,20246
v38651,4,20246
v38653,4,20246
v38685,4,20246
v38714,4,20246
v38726,4,20246
v38830,4,20246
v38892,4,20246
v38940,4,20246
v38955,4,20246
v39069,4,20246
v39139,4,20246
v39146,4,20246
v39234,4,20246
v39294,4,20246
v39316,4,20246
v39401,4,20246
v39461,4,20246
v39539,4,20246
v39665,4,20246
v39818,4,20246
v39893,4,20246
v39922,4,20246
v43265,4,20246
v40051,4,20246
v40056,4,20246
v40196,4,20246
v40258,4,20246
v40328,4,20246
v40544,4,20246
v40573,4,20246
v40706,4,20246
v40722,4,20246
v40827,4,20246
v40860,4,20246
v41079,4,20246
v41343,4,20246
v41434,4,20246
v41470,4,20246
v41651,4,20246
v41794,4,20246
v41879,4,20246
v41969,4,20246
v42072,4,20246
v42193,4,20246
v42219,4,20246
v42243,4,20246
v42261,4,20246
v42283,4,20246
v42362,4,20246
v42443,4,20246
v42550,4,20246
v42551,4,20246
v42629,4,20246
v42631,4,20246
v42635,4,20246
v42689,4,20246
v42723,4,20246
v42815,4,20246
v42849,4,20246
v42876,4,20246
v42893,4,20246
v42903,4,20246
v42934,4,20246
v42939,4,20246
v42972,4,20246
v43004,4,20246
v43007,4,20246
v43083,4,20246
v43084,4,20246
v43181,4,20246
v43297,4,20246
v43307,4,20246
v43316,4,20246
v43322,4,20246
v43332,4,20246
v43423,4,20246
v43447,4,20246
v43454,4,20246
v43472,4,20246
v43491,4,20246
v43537,4,20246
v43550,4,20246
v43612,4,20246
v43638,4,20246
v43887,4,20246
v43901,4,20246
v43928,4,20246
v43947,4,20246
v43974,4,20246
v43989,4,20246
v43993,4,20246
v44073,4,20246
v44078,4,20246
v44112,4,20246
v44212,4,20246
v44348,4,20246
v44571,4,20246
v44652,4,20246
v44864,4,20246
v44999,4,20246
v45175,4,20246
v45286,4,20246
v45297,4,20246
v45344,4,20246
v45351,4,20246
v45400,4,20246
v46096,4,20246
v45497,4,20246
v45499,4,20246
v45514,4,20246
v45569,4,20246
v45602,4,20246
v45604,4,20246
v45627,4,20246
v45629,4,20246
v45657,4,20246
v45664,4,20246
v45732,4,20246
v45738,4,20246
v45819,4,20246
v45955,4,20246
v46004,4,20246
v46055,4,20246
v46061,4,20246
v46135,4,20246
v46150,4,20246
v46153,4,20246
v46186,4,20246
v46192,4,20246
v46198,4,20246
v46207,4,20246
v46210,4,20246
v46230,4,20246
v46231,4,20246
v46235,4,20246
v46244,4,20246
v46327,4,20246
v46341,4,20246
v46351,4,20246
v46475,4,20246
v46525,4,20246
v46534,4,20246
v46623,4,20246
v46642,4,20246
v46654,4,20246
v46663,4,20246
v46683,4,20246
v46686,4,20246
v46851,4,20246
v46857,4,20246
v46865,4,20246
v46870,4,20246
v46873,4,20246
v46877,4,20246
v46897,4,20246
v46904,4,20246
v50011,4,20246
v46981,4,20246
v47138,4,20246
v47195,4,20246
v47196,4,20246
v47217,4,20246
v47219,4,20246
v47229,4,20246
v47289,4,20246
v47295,4,20246
v47333,4,20246
v47346,4,20246
v47397,4,20246
v47399,4,20246
v47407,4,20246
v47409,4,20246
v47649,4,20246
v47672,4,20246
v47691,4,20246
v47694,4,20246
v47723,4,20246
v47742,4,20246
v47830,4,20246
v47851,4,20246
v50046,4,20246
v48024,4,20246
v48110,4,20246
v48193,4,20246
v48251,4,20246
v48288,4,20246
v48375,4,20246
v48436,4,20246
v50064,4,20246
v48445,4,20246
v48468,4,20246
v50066,4,20246
v48507,4,20246
v48523,4,20246
v48639,4,20246
v48749,4,20246
v48753,4,20246
v48815,4,20246
v48940,4,20246
v48951,4,20246
v48966,4,20246
v48970,4,20246
v48976,4,20246
v48983,4,20246
v49008,4,20246
v49038,4,20246
v49084,4,20246
v49111,4,20246
v49152,4,20246
v49169,4,20246
v49171,4,20246
v49182,4,20246
v49217,4,20246
v49281,4,20246
v49386,4,20246
v49398,4,20246
v49410,4,20246
v49439,4,20246
v49463,4,20246
v49497,4,20246
v49523,4,20246
v49525,4,20246
v49527,4,20246
v49540,4,20246
v49552,4,20246
v49568,4,20246
v49659,4,20246
v49738,4,20246
v49763,4,20246
v49795,4,20246
v49797,4,20246
v49832,4,20246
v50132,4,20246
v50134,4,20246
v50151,4,20246
v50156,4,20246
v50226,4,20246
v50235,4,20246
v50236,4,20246
v50324,4,20246
v50366,4,20246
v50408,4,20246
v50447,4,20246
v50578,4,20246
v50579,4,20246
v50635,4,20246
v50640,4,20246
v50641,4,20246
v50745,4,20246
v50766,4,20246
v50783,4,20246
v50843,4,20246
v50871,4,20246
v50957,4,20246
v50961,4,20246
v51295,4,20246
v51069,4,20246
v51091,4,20246
v51153,4,20246
v51201,4,20246
v51220,4,20246
v60336,4,20246
v51313,4,20246
v51362,4,20246
v51374,4,20246
v51400,4,20246
v51509,4,20246
v51512,4,20246
v51527,4,20246
v51550,4,20246
v51565,4,20246
v51593,4,20246
v51601,4,20246
v51617,4,20246
v51625,4,20246
v51627,4,20246
v51637,4,20246
v51638,4,20246
v51650,4,20246
v51661,4,20246
v51680,4,20246
v51689,4,20246
v51705,4,20246
v51709,4,20246
v51721,4,20246
v51726,4,20246
v51770,4,20246
v51773,4,20246
v51800,4,20246
v51848,4,20246
v52471,4,20246
v51917,4,20246
v51958,4,20246
v52030,4,20246
v52152,4,20246
v52154,4,20246
v52269,4,20246
v52270,4,20246
v52376,4,20246
v52447,4,20246
v52502,4,20246
v52545,4,20246
v52603,4,20246
v52611,4,20246
v52666,4,20246
v52694,4,20246
v52843,4,20246
v52855,4,20246
v52885,4,20246
v52934,4,20246
v52936,4,20246
v52946,4,20246
v52990,4,20246
v52994,4,20246
v53020,4,20246
v53104,4,20246
v53107,4,20246
v53110,4,20246
v53113,4,20246
v53125,4,20246
v53128,4,20246
v53213,4,20246
v53227,4,20246
v53231,4,20246
v53272,4,20246
v53289,4,20246
v53323,4,20246
v53359,4,20246
v53379,4,20246
v53402,4,20246
v53404,4,20246
v53434,4,20246
v53562,4,20246
v53572,4,20246
v53593,4,20246
v53624,4,20246
v53720,4,20246
v53823,4,20246
v53856,4,20246
v53909,4,20246
v53974,4,20246
v54069,4,20246
v54131,4,20246
v54133,4,20246
v54147,4,20246
v54158,4,20246
v54200,4,20246
v54225,4,20246
v54264,4,20246
v54410,4,20246
v54473,4,20246
v54486,4,20246
v54492,4,20246
v54555,4,20246
v54640,4,20246
v54662,4,20246
v54681,4,20246
v54712,4,20246
v54768,4,20246
v54792,4,20246
v54804,4,20246
v54929,4,20246
v54955,4,20246
v55076,4,20246
v55130,4,20246
v55157,4,20246
v55284,4,20246
v55315,4,20246
v55324,4,20246
v55418,4,20246
v55441,4,20246
v55517,4,20246
v55587,4,20246
v55668,4,20246
v55718,4,20246
v55796,4,20246
v55799,4,20246
v55893,4,20246
v55939,4,20246
v56031,4,20246
v56179,4,20246
v56235,4,20246
v56340,4,20246
v56399,4,20246
v56467,4,20246
v56676,4,20246
v56732,4,20246
v57198,4,20246
v57313,4,20246
v57574,4,20246
v57354,4,20246
v57412,4,20246
v57458,4,20246
v57759,4,20246
v57764,4,20246
v57829,4,20246
v57850,4,20246
v57879,4,20246
v57884,4,20246
v57904,4,20246
v57939,4,20246
v58063,4,20246
v58123,4,20246
v58310,4,20246
v58340,4,20246
v58403,4,20246
v58546,4,20246
v58655,4,20246
v58809,4,20246
v58874,4,20246
v59025,4,20246
v59118,4,20246
v59192,4,20246
v59211,4,20246
v59217,4,20246
v59238,4,20246
v60294,4,20246
v59528,4,20246
v59759,4,20246
v59780,4,20246
v59806,4,20246
v59896,4,20246
v60005,4,20246
v60173,4,20246
v60731,4,20246
v60792,4,20246
v60797,4,20246
v60859,4,20246
v61047,4,20246
v61222,4,20246
v61305,4,20246
v61335,4,20246
v61420,4,20246
v61451,4,20246
v61533,4,20246
v61579,4,20246
v16422,3,22275
v20241,3,22275
v13511,3,22275
v54281,3,22275
v47259,3,22275
v5330,3,22275
v20328,3,22275
v14030,3,22275
v45771,3,22275
v30137,3,22275
v49888,3,22275
v5329,3,22275
v7085,3,22275
v49890,3,22275
v18513,3,22275
v21106,3,22275
v41602,3,22275
v33660,3,22275
v19434,3,22275
v46841,3,22275
v28479,3,22275
v37712,3,22275
v33653,3,22275
v12621,3,22275
v9863,3,22275
v8660,3,22275
v11190,3,22275
v3287,3,22275
v17604,3,22275
v60345,3,22275
v6605,3,22275
v45737,3,22275
v54232,3,22275
v7105,3,22275
v20190,3,22275
v23016,3,22275
v60274,3,22275
v33646,3,22275
v12615,3,22275
v8663,3,22275
v25923,3,22275
v26707,3,22275
v45694,3,22275
v9074,3,22275
v6607,3,22275
v46840,3,22275
v6129,3,22275
v17605,3,22275
v7127,3,22275
v11195,3,22275
v15520,3,22275
v47266,3,22275
v37721,3,22275
v9505,3,22275
v15521,3,22275
v54203,3,22275
v381,3,22275
v27016,3,22275
v8678,3,22275
v60212,3,22275
v15530,3,22275
v28456,3,22275
v26704,3,22275
v8684,3,22275
v30084,3,22275
v46837,3,22275
v30542,3,22275
v54151,3,22275
v54150,3,22275
v54138,3,22275
v31782,3,22275
v33608,3,22275
v12590,3,22275
v3347,3,22275
v31787,3,22275
v13501,3,22275
v3349,3,22275
v17615,3,22275
v12581,3,22275
v12579,3,22275
v31790,3,22275
v30083,3,22275
v33592,3,22275
v60202,3,22275
v54100,3,22275
v60201,3,22275
v11213,3,22275
v7147,3,22275
v31795,3,22275
v28431,3,22275
v27495,3,22275
v3379,3,22275
v15550,3,22275
v33580,3,22275
v47878,3,22275
v8688,3,22275
v54072,3,22275
v22679,3,22275
v36526,3,22275
v12574,3,22275
v31806,3,22275
v15551,3,22275
v12567,3,22275
v19939,3,22275
v49982,3,22275
v60184,3,22275
v33567,3,22275
v33566,3,22275
v8704,3,22275
v26701,3,22275
v41457,3,22275
v37732,3,22275
v12554,3,22275
v49991,3,22275
v12553,3,22275
v23562,3,22275
v3400,3,22275
v3405,3,22275
v12552,3,22275
v18514,3,22275
v9410,3,22275
v41449,3,22275
v12531,3,22275
v41447,3,22275
v15556,3,22275
v5273,3,22275
v26699,3,22275
v28412,3,22275
v12508,3,22275
v47268,3,22275
v45630,3,22275
v47893,3,22275
v23561,3,22275
v53985,3,22275
v7164,3,22275
v8721,3,22275
v6378,3,22275
v14073,3,22275
v47895,3,22275
v50090,3,22275
v41421,3,22275
v50092,3,22275
v61391,3,22275
v15560,3,22275
v8726,3,22275
v39138,3,22275
v27506,3,22275
v39140,3,22275
v20738,3,22275
v14075,3,22275
v28404,3,22275
v41408,3,22275
v21111,3,22275
v33531,3,22275
v47035,3,22275
v15564,3,22275
v9066,3,22275
v45614,3,22275
v16374,3,22275
v31829,3,22275
v26691,3,22275
v41393,3,22275
v395,3,22275
v22673,3,22275
v60107,3,22275
v27511,3,22275
v53939,3,22275
v41383,3,22275
v25903,3,22275
v33517,3,22275
v50123,3,22275
v33513,3,22275
v39155,3,22275
v7178,3,22275
v3406,3,22275
v37230,3,22275
v15592,3,22275
v50130,3,22275
v9653,3,22275
v36474,3,22275
v53911,3,22275
v53898,3,22275
v11260,3,22275
v53874,3,22275
v30055,3,22275
v33489,3,22275
v31846,3,22275
v53867,3,22275
v33486,3,22275
v53842,3,22275
v6375,3,22275
v50144,3,22275
v24327,3,22275
v3434,3,22275
v37745,3,22275
v12469,3,22275
v24565,3,22275
v15625,3,22275
v13656,3,22275
v5255,3,22275
v5249,3,22275
v60298,3,22275
v15628,3,22275
v12466,3,22275
v19930,3,22275
v53817,3,22275
v50159,3,22275
v12462,3,22275
v6369,3,22275
v21115,3,22275
v12461,3,22275
v12460,3,22275
v12458,3,22275
v50166,3,22275
v3460,3,22275
v50168,3,22275
v28328,3,22275
v15663,3,22275
v15667,3,22275
v6118,3,22275
v53758,3,22275
v31864,3,22275
v47917,3,22275
v8729,3,22275
v33425,3,22275
v11272,3,22275
v26688,3,22275
v33415,3,22275
v3473,3,22275
v33414,3,22275
v20125,3,22275
v5941,3,22275
v50185,3,22275
v53709,3,22275
v36465,3,22275
v5235,3,22275
v19163,3,22275
v6110,3,22275
v24554,3,22275
v23891,3,22275
v36462,3,22275
v41223,3,22275
v33382,3,22275
v5217,3,22275
v7185,3,22275
v33378,3,22275
v11281,3,22275
v17076,3,22275
v15702,3,22275
v50202,3,22275
v36456,3,22275
v5198,3,22275
v17085,3,22275
v8738,3,22275
v45562,3,22275
v53629,3,22275
v12449,3,22275
v5195,3,22275
v11283,3,22275
v50212,3,22275
v3489,3,22275
v5167,3,22275
v7192,3,22275
v7199,3,22275
v15719,3,22275
v30044,3,22275
v3503,3,22275
v12423,3,22275
v36446,3,22275
v30855,3,22275
v47932,3,22275
v3504,3,22275
v41185,3,22275
v25169,3,22275
v20743,3,22275
v53607,3,22275
v15720,3,22275
v25000,3,22275
v11287,3,22275
v20568,3,22275
v20184,3,22275
v15721,3,22275
v7218,3,22275
v30859,3,22275
v50238,3,22275
v45531,3,22275
v16350,3,22275
v12412,3,22275
v5164,3,22275
v53595,3,22275
v8744,3,22275
v53577,3,22275
v15729,3,22275
v12411,3,22275
v53557,3,22275
v33322,3,22275
v39222,3,22275
v9059,3,22275
v50252,3,22275
v30860,3,22275
v6100,3,22275
v50255,3,22275
v47937,3,22275
v3515,3,22275
v33321,3,22275
v5157,3,22275
v5140,3,22275
v53539,3,22275
v33319,3,22275
v53519,3,22275
v53510,3,22275
v6098,3,22275
v53508,3,22275
v53489,3,22275
v25848,3,22275
v53474,3,22275
v53468,3,22275
v39237,3,22275
v33292,3,22275
v53462,3,22275
v11296,3,22275
v22671,3,22275
v31912,3,22275
v3547,3,22275
v53455,3,22275
v17646,3,22275
v11298,3,22275
v36441,3,22275
v45519,3,22275
v53439,3,22275
v50284,3,22275
v41085,3,22275
v53411,3,22275
v36435,3,22275
v11307,3,22275
v8749,3,22275
v45512,3,22275
v11317,3,22275
v5126,3,22275
v7248,3,22275
v15767,3,22275
v53380,3,22275
v20746,3,22275
v25839,3,22275
v8752,3,22275
v41052,3,22275
v50301,3,22275
v53358,3,22275
v11323,3,22275
v33247,3,22275
v25835,3,22275
v12366,3,22275
v21135,3,22275
v9921,3,22275
v37169,3,22275
v20358,3,22275
v3588,3,22275
v27297,3,22275
v11332,3,22275
v3593,3,22275
v33232,3,22275
v15784,3,22275
v24526,3,22275
v36424,3,22275
v16941,3,22275
v31931,3,22275
v23874,3,22275
v53273,3,22275
v11336,3,22275
v11339,3,22275
v11345,3,22275
v33210,3,22275
v33197,3,22275
v36423,3,22275
v53250,3,22275
v7256,3,22275
v53249,3,22275
v15803,3,22275
v457,3,22275
v33192,3,22275
v33188,3,22275
v53223,3,22275
v17104,3,22275
v53217,3,22275
v21237,3,22275
v6641,3,22275
v50337,3,22275
v53211,3,22275
v53199,3,22275
v53183,3,22275
v15812,3,22275
v30869,3,22275
v5096,3,22275
v9050,3,22275
v40949,3,22275
v25102,3,22275
v59965,3,22275
v7262,3,22275
v15813,3,22275
v31945,3,22275
v50352,3,22275
v59944,3,22275
v31946,3,22275
v6077,3,22275
v33164,3,22275
v30021,3,22275
v31948,3,22275
v25191,3,22275
v17669,3,22275
v24340,3,22275
v15818,3,22275
v5078,3,22275
v14113,3,22275
v5064,3,22275
v17107,3,22275
v5062,3,22275
v17676,3,22275
v26666,3,22275
v3616,3,22275
v53150,3,22275
v21243,3,22275
v47290,3,22275
v12334,3,22275
v25103,3,22275
v7271,3,22275
v26865,3,22275
v5058,3,22275
v9570,3,22275
v17110,3,22275
v33155,3,22275
v13468,3,22275
v6596,3,22275
v37788,3,22275
v21280,3,22275
v39300,3,22275
v53144,3,22275
v47980,3,22275
v31963,3,22275
v5052,3,22275
v28149,3,22275
v25812,3,22275
v45440,3,22275
v53120,3,22275
v33129,3,22275
v31965,3,22275
v3641,3,22275
v50400,3,22275
v15836,3,22275
v15837,3,22275
v53065,3,22275
v5049,3,22275
v17684,3,22275
v28125,3,22275
v50407,3,22275
v39308,3,22275
v30003,3,22275
v46953,3,22275
v24129,3,22275
v33106,3,22275
v39314,3,22275
v33105,3,22275
v25803,3,22275
v5028,3,22275
v33101,3,22275
v11395,3,22275
v53041,3,22275
v36382,3,22275
v6547,3,22275
v30540,3,22275
v23867,3,22275
v53037,3,22275
v53035,3,22275
v22616,3,22275
v59891,3,22275
v14126,3,22275
v30462,3,22275
v53027,3,22275
v33089,3,22275
v39323,3,22275
v16766,3,22275
v9034,3,22275
v19417,3,22275
v11396,3,22275
v14129,3,22275
v50439,3,22275
v6740,3,22275
v50441,3,22275
v6741,3,22275
v39331,3,22275
v21325,3,22275
v28112,3,22275
v53004,3,22275
v11399,3,22275
v6342,3,22275
v9928,3,22275
v15857,3,22275
v22587,3,22275
v23706,3,22275
v4969,3,22275
v17704,3,22275
v52985,3,22275
v52979,3,22275
v11402,3,22275
v4957,3,22275
v24504,3,22275
v11403,3,22275
v7288,3,22275
v33057,3,22275
v14135,3,22275
v26659,3,22275
v3661,3,22275
v33052,3,22275
v52925,3,22275
v3667,3,22275
v11427,3,22275
v52905,3,22275
v37810,3,22275
v4953,3,22275
v24500,3,22275
v4952,3,22275
v22113,3,22275
v33022,3,22275
v24990,3,22275
v19873,3,22275
v6340,3,22275
v12305,3,22275
v52875,3,22275
v4944,3,22275
v4941,3,22275
v7293,3,22275
v4939,3,22275
v11441,3,22275
v52863,3,22275
v29978,3,22275
v3724,3,22275
v33011,3,22275
v27047,3,22275
v50496,3,22275
v52840,3,22275
v52839,3,22275
v8780,3,22275
v47102,3,22275
v39355,3,22275
v50502,3,22275
v52827,3,22275
v32998,3,22275
v7296,3,22275
v3728,3,22275
v11461,3,22275
v32003,3,22275
v52800,3,22275
v52799,3,22275
v11463,3,22275
v11466,3,22275
v32981,3,22275
v6062,3,22275
v23858,3,22275
v27579,3,22275
v23508,3,22275
v510,3,22275
v47021,3,22275
v32974,3,22275
v36343,3,22275
v50523,3,22275
v52762,3,22275
v25109,3,22275
v3744,3,22275
v52753,3,22275
v6546,3,22275
v50529,3,22275
v32969,3,22275
v52744,3,22275
v52734,3,22275
v28043,3,22275
v40680,3,22275
v26654,3,22275
v50535,3,22275
v25762,3,22275
v32017,3,22275
v23707,3,22275
v28039,3,22275
v29969,3,22275
v59784,3,22275
v32950,3,22275
v52684,3,22275
v17755,3,22275
v32943,3,22275
v36334,3,22275
v50547,3,22275
v40654,3,22275
v52675,3,22275
v23792,3,22275
v22971,3,22275
v30907,3,22275
v59781,3,22275
v9029,3,22275
v25524,3,22275
v52673,3,22275
v11498,3,22275
v50558,3,22275
v52658,3,22275
v52651,3,22275
v6338,3,22275
v40630,3,22275
v37823,3,22275
v39388,3,22275
v8810,3,22275
v4898,3,22275
v18520,3,22275
v50570,3,22275
v15941,3,22275
v11523,3,22275
v37390,3,22275
v4897,3,22275
v11539,3,22275
v29966,3,22275
v32912,3,22275
v8811,3,22275
v30910,3,22275
v17759,3,22275
v15954,3,22275
v56238,3,22275
v11584,3,22275
v52589,3,22275
v11585,3,22275
v50587,3,22275
v11586,3,22275
v15961,3,22275
v52572,3,22275
v27052,3,22275
v19879,3,22275
v11590,3,22275
v9939,3,22275
v24354,3,22275
v50596,3,22275
v6594,3,22275
v45328,3,22275
v11599,3,22275
v15968,3,22275
v9940,3,22275
v3826,3,22275
v28002,3,22275
v24478,3,22275
v50605,3,22275
v50606,3,22275
v52539,3,22275
v29953,3,22275
v9942,3,22275
v3828,3,22275
v26644,3,22275
v34255,3,22275
v37392,3,22275
v11607,3,22275
v52528,3,22275
v45291,3,22275
v3831,3,22275
v15983,3,22275
v15990,3,22275
v9017,3,22275
v30516,3,22275
v50622,3,22275
v29941,3,22275
v27988,3,22275
v18022,3,22275
v52507,3,22275
v11609,3,22275
v30918,3,22275
v18019,3,22275
v16326,3,22275
v27606,3,22275
v11625,3,22275
v4841,3,22275
v20230,3,22275
v24473,3,22275
v25732,3,22275
v3844,3,22275
v17130,3,22275
v27608,3,22275
v32845,3,22275
v52448,3,22275
v4149,3,22275
v4836,3,22275
v4828,3,22275
v18015,3,22275
v7324,3,22275
v52428,3,22275
v4809,3,22275
v8833,3,22275
v50650,3,22275
v50651,3,22275
v4801,3,22275
v50653,3,22275
v22142,3,22275
v16000,3,22275
v52419,3,22275
v19258,3,22275
v8835,3,22275
v17132,3,22275
v52413,3,22275
v40509,3,22275
v37845,3,22275
v23796,3,22275
v19880,3,22275
v47005,3,22275
v52401,3,22275
v16002,3,22275
v13446,3,22275
v46800,3,22275
v52397,3,22275
v50673,3,22275
v27970,3,22275
v18523,3,22275
v11648,3,22275
v16009,3,22275
v16017,3,22275
v17133,3,22275
v50680,3,22275
v52360,3,22275
v32812,3,22275
v25547,3,22275
v23797,3,22275
v11652,3,22275
v47040,3,22275
v24364,3,22275
v45279,3,22275
v25551,3,22275
v30926,3,22275
v20291,3,22275
v9012,3,22275
v29933,3,22275
v4792,3,22275
v11654,3,22275
v8843,3,22275
v9944,3,22275
v52331,3,22275
v23166,3,22275
v59683,3,22275
v22143,3,22275
v8845,3,22275
v52313,3,22275
v52302,3,22275
v17140,3,22275
v52297,3,22275
v52294,3,22275
v4757,3,22275
v11671,3,22275
v3957,3,22275
v19278,3,22275
v3978,3,22275
v11682,3,22275
v59677,3,22275
v30498,3,22275
v9948,3,22275
v4756,3,22275
v32752,3,22275
v52259,3,22275
v21350,3,22275
v48068,3,22275
v52244,3,22275
v52236,3,22275
v9949,3,22275
v21354,3,22275
v11699,3,22275
v52224,3,22275
v11702,3,22275
v12196,3,22275
v7367,3,22275
v52215,3,22275
v20559,3,22275
v52212,3,22275
v21358,3,22275
v8852,3,22275
v17782,3,22275
v39486,3,22275
v7369,3,22275
v16034,3,22275
v4744,3,22275
v17785,3,22275
v30933,3,22275
v32726,3,22275
v36256,3,22275
v52203,3,22275
v50741,3,22275
v52201,3,22275
v50743,3,22275
v11728,3,22275
v40383,3,22275
v37300,3,22275
v32716,3,22275
v4015,3,22275
v12190,3,22275
v9951,3,22275
v12189,3,22275
v52168,3,22275
v32712,3,22275
v4022,3,22275
v27923,3,22275
v9571,3,22275
v32702,3,22275
v52144,3,22275
v4730,3,22275
v11744,3,22275
v27633,3,22275
v11747,3,22275
v4152,3,22275
v17145,3,22275
v52129,3,22275
v32114,3,22275
v45236,3,22275
v9955,3,22275
v24455,3,22275
v11752,3,22275
v32685,3,22275
v11773,3,22275
v11782,3,22275
v52079,3,22275
v27883,3,22275
v21361,3,22275
v17947,3,22275
v27882,3,22275
v9010,3,22275
v59628,3,22275
v52058,3,22275
v52054,3,22275
v45232,3,22275
v4047,3,22275
v21362,3,22275
v50787,3,22275
v36250,3,22275
v6767,3,22275
v59619,3,22275
v52046,3,22275
v19313,3,22275
v12160,3,22275
v32129,3,22275
v22963,3,22275
v4052,3,22275
v24443,3,22275
v20376,3,22275
v19325,3,22275
v560,3,22275
v52000,3,22275
v26628,3,22275
v4721,3,22275
v32611,3,22275
v26627,3,22275
v11823,3,22275
v50807,3,22275
v51945,3,22275
v9961,3,22275
v32137,3,22275
v4113,3,22275
v4114,3,22275
v32591,3,22275
v4715,3,22275
v4167,3,22275
v4169,3,22275
v30949,3,22275
v32589,3,22275
v12153,3,22275
v32588,3,22275
v32587,3,22275
v4179,3,22275
v48095,3,22275
v4713,3,22275
v4182,3,22275
v50826,3,22275
v48096,3,22275
v4186,3,22275
v51910,3,22275
v51909,3,22275
v51907,3,22275
v24976,3,22275
v21364,3,22275
v24974,3,22275
v4196,3,22275
v51904,3,22275
v36217,3,22275
v30604,3,22275
v12151,3,22275
v29896,3,22275
v9966,3,22275
v13650,3,22275
v40210,3,22275
v8872,3,22275
v20156,3,22275
v4710,3,22275
v51890,3,22275
v16304,3,22275
v12142,3,22275
v32581,3,22275
v32570,3,22275
v9967,3,22275
v37405,3,22275
v51862,3,22275
v32568,3,22275
v51852,3,22275
v4221,3,22275
v29890,3,22275
v4225,3,22275
v4227,3,22275
v40171,3,22275
v51830,3,22275
v6778,3,22275
v16585,3,22275
v11848,3,22275
v26614,3,22275
v47330,3,22275
v17936,3,22275
v6041,3,22275
v11859,3,22275
v32553,3,22275
v22958,3,22275
v51816,3,22275
v25570,3,22275
v13425,3,22275
v18525,3,22275
v12122,3,22275
v36192,3,22275
v4684,3,22275
v21380,3,22275
v32550,3,22275
v4683,3,22275
v6039,3,22275
v32549,3,22275
v51809,3,22275
v51804,3,22275
v50888,3,22275
v51788,3,22275
v21397,3,22275
v6033,3,22275
v51778,3,22275
v12118,3,22275
v32537,3,22275
v16901,3,22275
v9990,3,22275
v32536,3,22275
v4673,3,22275
v4667,3,22275
v51769,3,22275
v9991,3,22275
v6027,3,22275
v10002,3,22275
v32533,3,22275
v59535,3,22275
v59533,3,22275
v45155,3,22275
v4285,3,22275
v6536,3,22275
v32185,3,22275
v4288,3,22275
v32187,3,22275
v588,3,22275
v51744,3,22275
v4298,3,22275
v30460,3,22275
v634,3,22275
v30962,3,22275
v45126,3,22275
v39598,3,22275
v32518,3,22275
v638,3,22275
v11878,3,22275
v51725,3,22275
v11885,3,22275
v27668,3,22275
v21415,3,22275
v19354,3,22275
v51719,3,22275
v39608,3,22275
v51716,3,22275
v11889,3,22275
v50932,3,22275
v51714,3,22275
v11890,3,22275
v6619,3,22275
v4303,3,22275
v16087,3,22275
v32503,3,22275
v51702,3,22275
v11896,3,22275
v45105,3,22275
v8884,3,22275
v4304,3,22275
v45098,3,22275
v11898,3,22275
v59447,3,22275
v12090,3,22275
v10032,3,22275
v32199,3,22275
v16101,3,22275
v10034,3,22275
v4310,3,22275
v32202,3,22275
v32493,3,22275
v4316,3,22275
v36136,3,22275
v16284,3,22275
v11907,3,22275
v59437,3,22275
v21417,3,22275
v37413,3,22275
v27827,3,22275
v23804,3,22275
v12086,3,22275
v28360,3,22275
v36123,3,22275
v11908,3,22275
v6332,3,22275
v4323,3,22275
v32483,3,22275
v9000,3,22275
v51645,3,22275
v4331,3,22275
v13405,3,22275
v45062,3,22275
v39641,3,22275
v51641,3,22275
v40081,3,22275
v51630,3,22275
v21419,3,22275
v11929,3,22275
v39646,3,22275
v27819,3,22275
v6329,3,22275
v51296,3,22275
v8885,3,22275
v51609,3,22275
v51605,3,22275
v32462,3,22275
v4357,3,22275
v11936,3,22275
v8897,3,22275
v8996,3,22275
v27815,3,22275
v51585,3,22275
v51582,3,22275
v16124,3,22275
v4383,3,22275
v16711,3,22275
v11940,3,22275
v51000,3,22275
v51001,3,22275
v10058,3,22275
v6008,3,22275
v32448,3,22275
v40021,3,22275
v26591,3,22275
v32417,3,22275
v39658,3,22275
v39990,3,22275
v4632,3,22275
v51492,3,22275
v6620,3,22275
v39986,3,22275
v52464,3,22275
v16163,3,22275
v4472,3,22275
v12081,3,22275
v32223,3,22275
v7413,3,22275
v39969,3,22275
v21422,3,22275
v59377,3,22275
v4618,3,22275
v16280,3,22275
v7416,3,22275
v4485,3,22275
v27676,3,22275
v20782,3,22275
v51442,3,22275
v6784,3,22275
v12075,3,22275
v4487,3,22275
v51440,3,22275
v27789,3,22275
v6785,3,22275
v6000,3,22275
v32404,3,22275
v4488,3,22275
v16176,3,22275
v16279,3,22275
v19400,3,22275
v4609,3,22275
v5993,3,22275
v6786,3,22275
v32235,3,22275
v8982,3,22275
v51424,3,22275
v9368,3,22275
v24949,3,22275
v4490,3,22275
v51416,3,22275
v51051,3,22275
v24946,3,22275
v8926,3,22275
v32397,3,22275
v16192,3,22275
v25187,3,22275
v16213,3,22275
v29822,3,22275
v17840,3,22275
v16222,3,22275
v16224,3,22275
v51389,3,22275
v16229,3,22275
v24385,3,22275
v4508,3,22275
v4509,3,22275
v9507,3,22275
v18541,3,22275
v16230,3,22275
v47350,3,22275
v27770,3,22275
v46783,3,22275
v20784,3,22275
v4512,3,22275
v51365,3,22275
v37935,3,22275
v51361,3,22275
v37936,3,22275
v48181,3,22275
v17858,3,22275
v4520,3,22275
v39920,3,22275
v51086,3,22275
v32369,3,22275
v39914,3,22275
v19709,3,22275
v51342,3,22275
v4522,3,22275
v8936,3,22275
v12010,3,22275
v27307,3,22275
v51322,3,22275
v51096,3,22275
v27756,3,22275
v22525,3,22275
v17912,3,22275
v24941,3,22275
v16231,3,22275
v17907,3,22275
v16270,3,22275
v14684,3,22275
v27754,3,22275
v4585,3,22275
v7434,3,22275
v24391,3,22275
v16232,3,22275
v27750,3,22275
v16246,3,22275
v4534,3,22275
v21468,3,22275
v39873,3,22275
v39867,3,22275
v32277,3,22275
v39866,3,22275
v8940,3,22275
v27706,3,22275
v12015,3,22275
v21473,3,22275
v25619,3,22275
v10085,3,22275
v39849,3,22275
v39847,3,22275
v8944,3,22275
v51199,3,22275
v51128,3,22275
v4576,3,22275
v8964,3,22275
v32313,3,22275
v4574,3,22275
v12049,3,22275
v10087,3,22275
v32306,3,22275
v16259,3,22275
v32289,3,22275
v4566,3,22275
v39758,3,22275
v4565,3,22275
v22949,3,22275
v16710,3,22275
v21482,3,22275
v39757,3,22275
v4557,3,22275
v46774,3,22275
v8979,3,22275
v7440,3,22275
v37139,3,22275
v14226,3,22275
v37138,3,22275
v7448,3,22275
v30989,3,22275
v695,3,22275
v7450,3,22275
v46998,3,22275
v21518,3,22275
v10096,3,22275
v699,3,22275
v14237,3,22275
v29789,3,22275
v36046,3,22275
v59244,3,22275
v25227,3,22275
v59228,3,22275
v59214,3,22275
v37425,3,22275
v23315,3,22275
v24199,3,22275
v10140,3,22275
v22942,3,22275
v18558,3,22275
v21553,3,22275
v14253,3,22275
v22931,3,22275
v37963,3,22275
v44887,3,22275
v35983,3,22275
v5987,3,22275
v59137,3,22275
v25231,3,22275
v6791,3,22275
v46755,3,22275
v37133,3,22275
v9578,3,22275
v59132,3,22275
v48235,3,22275
v10144,3,22275
v19731,3,22275
v748,3,22275
v48239,3,22275
v37973,3,22275
v29735,3,22275
v14261,3,22275
v44847,3,22275
v46750,3,22275
v17215,3,22275
v22930,3,22275
v44837,3,22275
v37980,3,22275
v35938,3,22275
v20647,3,22275
v10147,3,22275
v23720,3,22275
v29719,3,22275
v20572,3,22275
v44809,3,22275
v23428,3,22275
v31012,3,22275
v10154,3,22275
v21588,3,22275
v37987,3,22275
v14294,3,22275
v29703,3,22275
v22453,3,22275
v59045,3,22275
v22929,3,22275
v6323,3,22275
v24038,3,22275
v47369,3,22275
v874,3,22275
v5979,3,22275
v10159,3,22275
v29692,3,22275
v48275,3,22275
v35895,3,22275
v26511,3,22275
v35888,3,22275
v37215,3,22275
v37435,3,22275
v5978,3,22275
v44767,3,22275
v10168,3,22275
v10169,3,22275
v7477,3,22275
v18611,3,22275
v19551,3,22275
v29682,3,22275
v5977,3,22275
v22919,3,22275
v5976,3,22275
v29681,3,22275
v44732,3,22275
v22452,3,22275
v22915,3,22275
v6798,3,22275
v47380,3,22275
v61382,3,22275
v7479,3,22275
v7482,3,22275
v47383,3,22275
v47131,3,22275
v38015,3,22275
v38016,3,22275
v58905,3,22275
v26502,3,22275
v29672,3,22275
v58876,3,22275
v29671,3,22275
v44703,3,22275
v47385,3,22275
v61874,3,22275
v31039,3,22275
v19672,3,22275
v5975,3,22275
v5973,3,22275
v48317,3,22275
v24886,3,22275
v47387,3,22275
v9463,3,22275
v35823,3,22275
v35822,3,22275
v37213,3,22275
v58849,3,22275
v35820,3,22275
v35817,3,22275
v13367,3,22275
v22422,3,22275
v35815,3,22275
v25080,3,22275
v9327,3,22275
v35809,3,22275
v21607,3,22275
v10199,3,22275
v58807,3,22275
v14346,3,22275
v22909,3,22275
v44638,3,22275
v46997,3,22275
v48340,3,22275
v47395,3,22275
v18628,3,22275
v10203,3,22275
v46933,3,22275
v10207,3,22275
v38043,3,22275
v25117,3,22275
v58771,3,22275
v22408,3,22275
v58770,3,22275
v31051,3,22275
v31052,3,22275
v9584,3,22275
v17249,3,22275
v20822,3,22275
v47137,3,22275
v13356,3,22275
v10229,3,22275
v10230,3,22275
v47402,3,22275
v26482,3,22275
v44604,3,22275
v23311,3,22275
v35746,3,22275
v7522,3,22275
v47403,3,22275
v18637,3,22275
v38062,3,22275
v31060,3,22275
v29622,3,22275
v35734,3,22275
v5953,3,22275
v22896,3,22275
v24027,3,22275
v46719,3,22275
v58707,3,22275
v38066,3,22275
v21631,3,22275
v7550,3,22275
v13351,3,22275
v44566,3,22275
v10252,3,22275
v13349,3,22275
v37312,3,22275
v14360,3,22275
v29606,3,22275
v35710,3,22275
v18646,3,22275
v58653,3,22275
v48392,3,22275
v10265,3,22275
v23422,3,22275
v7572,3,22275
v37110,3,22275
v46088,3,22275
v44512,3,22275
v10269,3,22275
v25088,3,22275
v35679,3,22275
v13729,3,22275
v10270,3,22275
v10274,3,22275
v35673,3,22275
v35672,3,22275
v7574,3,22275
v29585,3,22275
v35668,3,22275
v29577,3,22275
v18662,3,22275
v47411,3,22275
v47412,3,22275
v27303,3,22275
v47413,3,22275
v58564,3,22275
v35640,3,22275
v17292,3,22275
v47414,3,22275
v29560,3,22275
v5913,3,22275
v29558,3,22275
v10292,3,22275
v928,3,22275
v35617,3,22275
v18667,3,22275
v17298,3,22275
v46709,3,22275
v6300,3,22275
v35600,3,22275
v26430,3,22275
v31085,3,22275
v37314,3,22275
v29538,3,22275
v46703,3,22275
v14410,3,22275
v14660,3,22275
v58484,3,22275
v31089,3,22275
v14412,3,22275
v21685,3,22275
v10301,3,22275
v35575,3,22275
v35568,3,22275
v35546,3,22275
v26832,3,22275
v7609,3,22275
v7621,3,22275
v37452,3,22275
v24844,3,22275
v13638,3,22275
v58396,3,22275
v38106,3,22275
v48454,3,22275
v58394,3,22275
v7641,3,22275
v22341,3,22275
v44327,3,22275
v9296,3,22275
v21710,3,22275
v58378,3,22275
v10302,3,22275
v10305,3,22275
v10311,3,22275
v35501,3,22275
v10315,3,22275
v14442,3,22275
v13320,3,22275
v13314,3,22275
v13313,3,22275
v31099,3,22275
v30636,3,22275
v37457,3,22275
v38165,3,22275
v9291,3,22275
v29491,3,22275
v10320,3,22275
v14668,3,22275
v35494,3,22275
v21720,3,22275
v21721,3,22275
v35492,3,22275
v24842,3,22275
v37315,3,22275
v47432,3,22275
v10328,3,22275
v14450,3,22275
v44277,3,22275
v9287,3,22275
v37460,3,22275
v58304,3,22275
v58299,3,22275
v26404,3,22275
v9598,3,22275
v14455,3,22275
v44261,3,22275
v7658,3,22275
v31108,3,22275
v44252,3,22275
v7666,3,22275
v14461,3,22275
v44243,3,22275
v21725,3,22275
v22318,3,22275
v48503,3,22275
v16676,3,22275
v31114,3,22275
v30552,3,22275
v44237,3,22275
v35450,3,22275
v46086,3,22275
v16670,3,22275
v21740,3,22275
v21743,3,22275
v22890,3,22275
v46688,3,22275
v37317,3,22275
v46085,3,22275
v7727,3,22275
v13280,3,22275
v9275,3,22275
v22889,3,22275
v21760,3,22275
v5885,3,22275
v62138,3,22275
v18697,3,22275
v7696,3,22275
v37095,3,22275
v27160,3,22275
v7699,3,22275
v7741,3,22275
v24831,3,22275
v21776,3,22275
v7781,3,22275
v7787,3,22275
v30641,3,22275
v7789,3,22275
v7790,3,22275
v10339,3,22275
v48538,3,22275
v6803,3,22275
v6804,3,22275
v58178,3,22275
v13264,3,22275
v9268,3,22275
v7793,3,22275
v23151,3,22275
v21804,3,22275
v13257,3,22275
v22289,3,22275
v5878,3,22275
v44162,3,22275
v22286,3,22275
v5876,3,22275
v44158,3,22275
v31141,3,22275
v27166,3,22275
v29451,3,22275
v29450,3,22275
v14466,3,22275
v24829,3,22275
v58135,3,22275
v44131,3,22275
v44115,3,22275
v16662,3,22275
v22887,3,22275
v44114,3,22275
v7858,3,22275
v44104,3,22275
v44103,3,22275
v21828,3,22275
v13243,3,22275
v5873,3,22275
v23341,3,22275
v22277,3,22275
v7863,3,22275
v7866,3,22275
v7888,3,22275
v16870,3,22275
v13235,3,22275
v13232,3,22275
v44081,3,22275
v47025,3,22275
v44072,3,22275
v29427,3,22275
v44068,3,22275
v5869,3,22275
v35386,3,22275
v46082,3,22275
v37209,3,22275
v1212,3,22275
v57997,3,22275
v44034,3,22275
v5868,3,22275
v21831,3,22275
v38251,3,22275
v26914,3,22275
v57983,3,22275
v44027,3,22275
v22271,3,22275
v14507,3,22275
v47463,3,22275
v7901,3,22275
v14508,3,22275
v38256,3,22275
v57957,3,22275
v44009,3,22275
v7905,3,22275
v13216,3,22275
v7906,3,22275
v13208,3,22275
v18716,3,22275
v26915,3,22275
v44000,3,22275
v46674,3,22275
v57913,3,22275
v13200,3,22275
v43990,3,22275
v10344,3,22275
v29389,3,22275
v43985,3,22275
v5842,3,22275
v29387,3,22275
v6806,3,22275
v13196,3,22275
v31185,3,22275
v43977,3,22275
v57882,3,22275
v1264,3,22275
v43959,3,22275
v24819,3,22275
v14524,3,22275
v10359,3,22275
v43944,3,22275
v43943,3,22275
v20085,3,22275
v6809,3,22275
v20033,3,22275
v5837,3,22275
v1374,3,22275
v7956,3,22275
v37321,3,22275
v23629,3,22275
v35304,3,22275
v10376,3,22275
v22253,3,22275
v7963,3,22275
v50069,3,22275
v26362,3,22275
v29350,3,22275
v38285,3,22275
v46923,3,22275
v6269,3,22275
v10379,3,22275
v38288,3,22275
v6268,3,22275
v1394,3,22275
v57767,3,22275
v10387,3,22275
v47474,3,22275
v46666,3,22275
v22874,3,22275
v1406,3,22275
v43885,3,22275
v57739,3,22275
v1479,3,22275
v47478,3,22275
v23416,3,22275
v23733,3,22275
v16859,3,22275
v9549,3,22275
v57710,3,22275
v14552,3,22275
v20419,3,22275
v9252,3,22275
v57692,3,22275
v31204,3,22275
v20420,3,22275
v21847,3,22275
v39789,3,22275
v27195,3,22275
v18260,3,22275
v43820,3,22275
v7976,3,22275
v43816,3,22275
v24801,3,22275
v23412,3,22275
v10405,3,22275
v57652,3,22275
v57649,3,22275
v21871,3,22275
v6842,3,22275
v48694,3,22275
v38314,3,22275
v22217,3,22275
v13175,3,22275
v10407,3,22275
v29296,3,22275
v1515,3,22275
v9607,3,22275
v8002,3,22275
v31214,3,22275
v43758,3,22275
v35180,3,22275
v35171,3,22275
v25123,3,22275
v43741,3,22275
v24787,3,22275
v46910,3,22275
v57453,3,22275
v14615,3,22275
v29255,3,22275
v57434,3,22275
v29248,3,22275
v14694,3,22275
v14697,3,22275
v48718,3,22275
v17380,3,22275
v18829,3,22275
v48721,3,22275
v21890,3,22275
v1556,3,22275
v22203,3,22275
v26924,3,22275
v20238,3,22275
v26301,3,22275
v1576,3,22275
v35121,3,22275
v22198,3,22275
v1578,3,22275
v38330,3,22275
v6519,3,22275
v13161,3,22275
v8040,3,22275
v8050,3,22275
v23694,3,22275
v26293,3,22275
v55045,3,22275
v48739,3,22275
v21937,3,22275
v10438,3,22275
v43656,3,22275
v18851,3,22275
v21944,3,22275
v21974,3,22275
v23979,3,22275
v5818,3,22275
v8069,3,22275
v9550,3,22275
v21992,3,22275
v6260,3,22275
v22089,3,22275
v48754,3,22275
v26282,3,22275
v57298,3,22275
v14718,3,22275
v35076,3,22275
v57289,3,22275
v1585,3,22275
v35062,3,22275
v24763,3,22275
v35058,3,22275
v23975,3,22275
v9554,3,22275
v35050,3,22275
v5814,3,22275
v35048,3,22275
v46614,3,22275
v37276,3,22275
v47506,3,22275
v22079,3,22275
v43577,3,22275
v8079,3,22275
v22078,3,22275
v29182,3,22275
v8080,3,22275
v6517,3,22275
v57217,3,22275
v61620,3,22275
v30416,3,22275
v13154,3,22275
v35031,3,22275
v43552,3,22275
v43548,3,22275
v47160,3,22275
v35026,3,22275
v57188,3,22275
v23213,3,22275
v35020,3,22275
v29171,3,22275
v14737,3,22275
v8103,3,22275
v57164,3,22275
v48794,3,22275
v35011,3,22275
v6514,3,22275
v26265,3,22275
v43513,3,22275
v22017,3,22275
v35001,3,22275
v24754,3,22275
v38382,3,22275
v22022,3,22275
v24753,3,22275
v14742,3,22275
v37058,3,22275
v13614,3,22275
v1632,3,22275
v23485,3,22275
v43497,3,22275
v26240,3,22275
v9236,3,22275
v8124,3,22275
v34988,3,22275
v29155,3,22275
v47518,3,22275
v30410,3,22275
v4990,3,22275
v14743,3,22275
v61358,3,22275
v10457,3,22275
v31271,3,22275
v6847,3,22275
v13741,3,22275
v1720,3,22275
v6851,3,22275
v26237,3,22275
v29149,3,22275
v37040,3,22275
v38397,3,22275
v30403,3,22275
v8133,3,22275
v31276,3,22275
v43459,3,22275
v8139,3,22275
v1724,3,22275
v9229,3,22275
v6513,3,22275
v19602,3,22275
v26939,3,22275
v10470,3,22275
v34954,3,22275
v5790,3,22275
v57038,3,22275
v1738,3,22275
v43424,3,22275
v48852,3,22275
v43421,3,22275
v8154,3,22275
v34933,3,22275
v34932,3,22275
v37037,3,22275
v14753,3,22275
v20882,3,22275
v10473,3,22275
v37249,3,22275
v25062,3,22275
v14757,3,22275
v10474,3,22275
v43381,3,22275
v6586,3,22275
v18402,3,22275
v18242,3,22275
v6852,3,22275
v29114,3,22275
v43377,3,22275
v10477,3,22275
v24739,3,22275
v37247,3,22275
v34906,3,22275
v56966,3,22275
v38427,3,22275
v10478,3,22275
v61301,3,22275
v29108,3,22275
v10484,3,22275
v31297,3,22275
v29100,3,22275
v13750,3,22275
v13126,3,22275
v13122,3,22275
v9632,3,22275
v43334,3,22275
v30385,3,22275
v13114,3,22275
v43333,3,22275
v31304,3,22275
v30487,3,22275
v29090,3,22275
v25322,3,22275
v10490,3,22275
v34872,3,22275
v25059,3,22275
v43317,3,22275
v20891,3,22275
v29085,3,22275
v26943,3,22275
v18913,3,22275
v13092,3,22275
v48906,3,22275
v9682,3,22275
v56901,3,22275
v56886,3,22275
v34843,3,22275
v48911,3,22275
v9556,3,22275
v43210,3,22275
v5787,3,22275
v48915,3,22275
v6871,3,22275
v14827,3,22275
v5784,3,22275
v25324,3,22275
v6600,3,22275
v56834,3,22275
v14847,3,22275
v6243,3,22275
v34827,3,22275
v5775,3,22275
v46494,3,22275
v38459,3,22275
v17423,3,22275
v23141,3,22275
v48930,3,22275
v23598,3,22275
v43177,3,22275
v30373,3,22275
v6238,3,22275
v18919,3,22275
v8201,3,22275
v56781,3,22275
v48938,3,22275
v13781,3,22275
v6234,3,22275
v48941,3,22275
v48942,3,22275
v16937,3,22275
v61203,3,22275
v24720,3,22275
v8204,3,22275
v26797,3,22275
v34805,3,22275
v1816,3,22275
v34804,3,22275
v34803,3,22275
v47559,3,22275
v13785,3,22275
v5751,3,22275
v47561,3,22275
v14857,3,22275
v13079,3,22275
v13792,3,22275
v14872,3,22275
v14873,3,22275
v14875,3,22275
v31331,3,22275
v43129,3,22275
v13799,3,22275
v1825,3,22275
v8220,3,22275
v6601,3,22275
v36977,3,22275
v34785,3,22275
v26795,3,22275
v9706,3,22275
v8226,3,22275
v56666,3,22275
v26794,3,22275
v43103,3,22275
v8235,3,22275
v10522,3,22275
v1887,3,22275
v6494,3,22275
v23279,3,22275
v17424,3,22275
v56629,3,22275
v6493,3,22275
v34756,3,22275
v34755,3,22275
v5738,3,22275
v22832,3,22275
v34754,3,22275
v34753,3,22275
v10539,3,22275
v48992,3,22275
v6477,3,22275
v43068,3,22275
v24147,3,22275
v43066,3,22275
v56598,3,22275
v24250,3,22275
v19976,3,22275
v56597,3,22275
v49001,3,22275
v5736,3,22275
v10552,3,22275
v34747,3,22275
v46444,3,22275
v30349,3,22275
v5731,3,22275
v43055,3,22275
v6476,3,22275
v30348,3,22275
v8246,3,22275
v8247,3,22275
v1957,3,22275
v56569,3,22275
v34736,3,22275
v34735,3,22275
v56559,3,22275
v26188,3,22275
v34729,3,22275
v9213,3,22275
v9206,3,22275
v23678,3,22275
v34727,3,22275
v10581,3,22275
v1958,3,22275
v8248,3,22275
v6231,3,22275
v56511,3,22275
v30344,3,22275
v6470,3,22275
v16982,3,22275
v9715,3,22275
v37548,3,22275
v23398,3,22275
v22824,3,22275
v26954,3,22275
v30333,3,22275
v10595,3,22275
v30324,3,22275
v46399,3,22275
v9188,3,22275
v43003,3,22275
v8264,3,22275
v19485,3,22275
v9557,3,22275
v16993,3,22275
v20922,3,22275
v25051,3,22275
v34708,3,22275
v26178,3,22275
v34699,3,22275
v34697,3,22275
v34696,3,22275
v27272,3,22275
v50074,3,22275
v16997,3,22275
v14929,3,22275
v42977,3,22275
v23952,3,22275
v6464,3,22275
v10628,3,22275
v27274,3,22275
v56442,3,22275
v6454,3,22275
v56434,3,22275
v56419,3,22275
v14940,3,22275
v30314,3,22275
v42953,3,22275
v8297,3,22275
v14942,3,22275
v42940,3,22275
v13586,3,22275
v29009,3,22275
v42938,3,22275
v26959,3,22275
v16590,3,22275
v1996,3,22275
v22800,3,22275
v34670,3,22275
v13028,3,22275
v34669,3,22275
v38543,3,22275
v9170,3,22275
v1998,3,22275
v18383,3,22275
v8304,3,22275
v13023,3,22275
v56374,3,22275
v3232,3,22275
v30313,3,22275
v56356,3,22275
v19965,3,22275
v56354,3,22275
v16826,3,22275
v8307,3,22275
v42902,3,22275
v9724,3,22275
v36896,3,22275
v42898,3,22275
v26170,3,22275
v25140,3,22275
v36894,3,22275
v17440,3,22275
v49109,3,22275
v9495,3,22275
v24266,3,22275
v26167,3,22275
v49114,3,22275
v28992,3,22275
v31390,3,22275
v26963,3,22275
v9494,3,22275
v18939,3,22275
v14977,3,22275
v8319,3,22275
v36883,3,22275
v10672,3,22275
v30572,3,22275
v26965,3,22275
v46346,3,22275
v34635,3,22275
v6881,3,22275
v9162,3,22275
v34633,3,22275
v20929,3,22275
v42863,3,22275
v18378,3,22275
v46339,3,22275
v38572,3,22275
v9161,3,22275
v9159,3,22275
v8329,3,22275
v13681,3,22275
v13577,3,22275
v8330,3,22275
v18370,3,22275
v30304,3,22275
v18950,3,22275
v46333,3,22275
v18957,3,22275
v10676,3,22275
v10677,3,22275
v5658,3,22275
v42848,3,22275
v56272,3,22275
v46331,3,22275
v47193,3,22275
v2053,3,22275
v47194,3,22275
v5651,3,22275
v56263,3,22275
v13001,3,22275
v36873,3,22275
v37336,3,22275
v2090,3,22275
v34605,3,22275
v49165,3,22275
v37582,3,22275
v56223,3,22275
v19698,3,22275
v28965,3,22275
v14997,3,22275
v9158,3,22275
v2094,3,22275
v6602,3,22275
v8335,3,22275
v10714,3,22275
v34583,3,22275
v20936,3,22275
v15002,3,22275
v42787,3,22275
v47198,3,22275
v47199,3,22275
v25357,3,22275
v6669,3,22275
v34571,3,22275
v26138,3,22275
v26137,3,22275
v6425,3,22275
v46317,3,22275
v10721,3,22275
v24688,3,22275
v12965,3,22275
v9157,3,22275
v42766,3,22275
v2129,3,22275
v56133,3,22275
v56131,3,22275
v13683,3,22275
v2143,3,22275
v9154,3,22275
v25362,3,22275
v2147,3,22275
v25363,3,22275
v56123,3,22275
v42733,3,22275
v15036,3,22275
v56079,3,22275
v5631,3,22275
v46315,3,22275
v2149,3,22275
v10733,3,22275
v49211,3,22275
v10735,3,22275
v34513,3,22275
v15043,3,22275
v42699,3,22275
v15045,3,22275
v12947,3,22275
v5630,3,22275
v42688,3,22275
v49220,3,22275
v26120,3,22275
v17458,3,22275
v49223,3,22275
v49224,3,22275
v9751,3,22275
v5629,3,22275
v47644,3,22275
v6207,3,22275
v6205,3,22275
v49230,3,22275
v20685,3,22275
v24681,3,22275
v20039,3,22275
v9148,3,22275
v12925,3,22275
v9755,3,22275
v28898,3,22275
v36840,3,22275
v9757,3,22275
v15052,3,22275
v17464,3,22275
v37590,3,22275
v46266,3,22275
v47655,3,22275
v49246,3,22275
v37591,3,22275
v17466,3,22275
v49249,3,22275
v23195,3,22275
v15058,3,22275
v34475,3,22275
v55987,3,22275
v34472,3,22275
v55973,3,22275
v6197,3,22275
v16813,3,22275
v55971,3,22275
v34468,3,22275
v46259,3,22275
v42638,3,22275
v42637,3,22275
v47205,3,22275
v8353,3,22275
v6912,3,22275
v55958,3,22275
v20969,3,22275
v49268,3,22275
v34456,3,22275
v8370,3,22275
v5606,3,22275
v9145,3,22275
v46237,3,22275
v42606,3,22275
v34448,3,22275
v55895,3,22275
v8372,3,22275
v46232,3,22275
v42594,3,22275
v2174,3,22275
v10751,3,22275
v2200,3,22275
v20974,3,22275
v55881,3,22275
v42589,3,22275
v9661,3,22275
v46225,3,22275
v30480,3,22275
v6927,3,22275
v31460,3,22275
v26975,3,22275
v2221,3,22275
v15072,3,22275
v10752,3,22275
v47209,3,22275
v55869,3,22275
v27336,3,22275
v13861,3,22275
v6193,3,22275
v6184,3,22275
v28874,3,22275
v26977,3,22275
v28873,3,22275
v24676,3,22275
v18195,3,22275
v12875,3,22275
v15082,3,22275
v31472,3,22275
v49313,3,22275
v6930,3,22275
v46211,3,22275
v28869,3,22275
v42570,3,22275
v5595,3,22275
v55857,3,22275
v5594,3,22275
v49321,3,22275
v8381,3,22275
v5593,3,22275
v2242,3,22275
v28864,3,22275
v17022,3,22275
v28863,3,22275
v2245,3,22275
v46208,3,22275
v49330,3,22275
v5589,3,22275
v49332,3,22275
v9667,3,22275
v30271,3,22275
v2257,3,22275
v34415,3,22275
v5588,3,22275
v47210,3,22275
v34414,3,22275
v49341,3,22275
v12834,3,22275
v30748,3,22275
v46189,3,22275
v28379,3,22275
v60850,3,22275
v26980,3,22275
v10764,3,22275
v37283,3,22275
v2272,3,22275
v5580,3,22275
v31487,3,22275
v46177,3,22275
v6178,3,22275
v28860,3,22275
v15096,3,22275
v2274,3,22275
v55793,3,22275
v13669,3,22275
v23584,3,22275
v34390,3,22275
v18986,3,22275
v42520,3,22275
v31490,3,22275
v2275,3,22275
v55769,3,22275
v46983,3,22275
v55767,3,22275
v34376,3,22275
v10785,3,22275
v37342,3,22275
v18190,3,22275
v28836,3,22275
v55733,3,22275
v2311,3,22275
v42487,3,22275
v5572,3,22275
v34360,3,22275
v6563,3,22275
v37284,3,22275
v49384,3,22275
v31498,3,22275
v34358,3,22275
v8402,3,22275
v34350,3,22275
v46159,3,22275
v60806,3,22275
v2329,3,22275
v6562,3,22275
v42459,3,22275
v34341,3,22275
v6559,3,22275
v34336,3,22275
v5559,3,22275
v37617,3,22275
v13872,3,22275
v5555,3,22275
v17030,3,22275
v8413,3,22275
v26867,3,22275
v42421,3,22275
v46120,3,22275
v8425,3,22275
v34314,3,22275
v34311,3,22275
v30247,3,22275
v15162,3,22275
v34304,3,22275
v46115,3,22275
v42394,3,22275
v15164,3,22275
v42380,3,22275
v55585,3,22275
v55572,3,22275
v55570,3,22275
v18178,3,22275
v15184,3,22275
v6954,3,22275
v5529,3,22275
v25038,3,22275
v10843,3,22275
v47216,3,22275
v55541,3,22275
v5524,3,22275
v2429,3,22275
v26071,3,22275
v19468,3,22275
v15188,3,22275
v6164,3,22275
v25037,3,22275
v26750,3,22275
v24281,3,22275
v5520,3,22275
v30240,3,22275
v15189,3,22275
v2459,3,22275
v38739,3,22275
v6970,3,22275
v9795,3,22275
v55496,3,22275
v10844,3,22275
v49447,3,22275
v2460,3,22275
v62097,3,22275
v6973,3,22275
v10845,3,22275
v25386,3,22275
v38745,3,22275
v36736,3,22275
v34219,3,22275
v8453,3,22275
v34216,3,22275
v9134,3,22275
v9803,3,22275
v26748,3,22275
v31526,3,22275
v9130,3,22275
v16810,3,22275
v21022,3,22275
v10854,3,22275
v55472,3,22275
v279,3,22275
v46863,3,22275
v19004,3,22275
v46007,3,22275
v16553,3,22275
v26065,3,22275
v49472,3,22275
v2482,3,22275
v45995,3,22275
v26990,3,22275
v16550,3,22275
v6698,3,22275
v42292,3,22275
v36720,3,22275
v17497,3,22275
v8470,3,22275
v2484,3,22275
v55427,3,22275
v6982,3,22275
v26993,3,22275
v38766,3,22275
v60666,3,22275
v27370,3,22275
v34189,3,22275
v17500,3,22275
v28757,3,22275
v19010,3,22275
v34180,3,22275
v42257,3,22275
v23493,3,22275
v10863,3,22275
v45986,3,22275
v2488,3,22275
v26994,3,22275
v34175,3,22275
v34174,3,22275
v47734,3,22275
v28750,3,22275
v42241,3,22275
v49504,3,22275
v10869,3,22275
v9808,3,22275
v28747,3,22275
v6986,3,22275
v316,3,22275
v49510,3,22275
v9528,3,22275
v55343,3,22275
v55325,3,22275
v30217,3,22275
v31545,3,22275
v55319,3,22275
v19466,3,22275
v16545,3,22275
v17507,3,22275
v6163,3,22275
v55313,3,22275
v55308,3,22275
v34156,3,22275
v47222,3,22275
v42216,3,22275
v10880,3,22275
v26043,3,22275
v10881,3,22275
v8525,3,22275
v6621,3,22275
v36707,3,22275
v28732,3,22275
v2614,3,22275
v10885,3,22275
v49534,3,22275
v20282,3,22275
v16518,3,22275
v16514,3,22275
v18465,3,22275
v38805,3,22275
v18134,3,22275
v15220,3,22275
v47745,3,22275
v55234,3,22275
v317,3,22275
v16512,3,22275
v55233,3,22275
v60621,3,22275
v49548,3,22275
v55221,3,22275
v13936,3,22275
v18132,3,22275
v55197,3,22275
v26997,3,22275
v21205,3,22275
v2628,3,22275
v18359,3,22275
v24289,3,22275
v10904,3,22275
v6162,3,22275
v19033,3,22275
v4977,3,22275
v15228,3,22275
v332,3,22275
v19034,3,22275
v55162,3,22275
v8536,3,22275
v55148,3,22275
v25405,3,22275
v5415,3,22275
v28705,3,22275
v49571,3,22275
v20584,3,22275
v55126,3,22275
v34057,3,22275
v30205,3,22275
v9816,3,22275
v34052,3,22275
v42087,3,22275
v12745,3,22275
v42082,3,22275
v47225,3,22275
v2770,3,22275
v47226,3,22275
v47227,3,22275
v55074,3,22275
v34038,3,22275
v12742,3,22275
v28686,3,22275
v8550,3,22275
v26018,3,22275
v55029,3,22275
v49592,3,22275
v25407,3,22275
v6421,3,22275
v45944,3,22275
v16804,3,22275
v61395,3,22275
v5405,3,22275
v51275,3,22275
v13953,3,22275
v26017,3,22275
v9819,3,22275
v47230,3,22275
v5380,3,22275
v15256,3,22275
v27399,3,22275
v28682,3,22275
v34025,3,22275
v34023,3,22275
v45929,3,22275
v55013,3,22275
v2795,3,22275
v12733,3,22275
v2807,3,22275
v34015,3,22275
v12732,3,22275
v34014,3,22275
v49614,3,22275
v19050,3,22275
v22721,3,22275
v13954,3,22275
v23259,3,22275
v42027,3,22275
v28670,3,22275
v31619,3,22275
v34003,3,22275
v34002,3,22275
v42020,3,22275
v42011,3,22275
v54947,3,22275
v31623,3,22275
v6155,3,22275
v37352,3,22275
v18452,3,22275
v14654,3,22275
v17033,3,22275
v18508,3,22275
v13966,3,22275
v49636,3,22275
v31627,3,22275
v54946,3,22275
v13967,3,22275
v13970,3,22275
v38866,3,22275
v27407,3,22275
v12725,3,22275
v12723,3,22275
v21206,3,22275
v60527,3,22275
v23046,3,22275
v6149,3,22275
v2815,3,22275
v19054,3,22275
v7030,3,22275
v12721,3,22275
v33984,3,22275
v36654,3,22275
v10962,3,22275
v41995,3,22275
v5369,3,22275
v13541,3,22275
v45880,3,22275
v12707,3,22275
v27409,3,22275
v38879,3,22275
v38880,3,22275
v2818,3,22275
v21063,3,22275
v60502,3,22275
v47786,3,22275
v10965,3,22275
v10982,3,22275
v41961,3,22275
v15317,3,22275
v54858,3,22275
v54854,3,22275
v47787,3,22275
v2875,3,22275
v54846,3,22275
v38888,3,22275
v33952,3,22275
v2901,3,22275
v8580,3,22275
v30182,3,22275
v15322,3,22275
v21076,3,22275
v33943,3,22275
v3001,3,22275
v3008,3,22275
v18358,3,22275
v19647,3,22275
v54805,3,22275
v31644,3,22275
v17561,3,22275
v8598,3,22275
v9829,3,22275
v38900,3,22275
v3011,3,22275
v3021,3,22275
v19460,3,22275
v25419,3,22275
v33927,3,22275
v54777,3,22275
v7055,3,22275
v8600,3,22275
v54775,3,22275
v38909,3,22275
v49700,3,22275
v10998,3,22275
v15331,3,22275
v18357,3,22275
v21082,3,22275
v15332,3,22275
v21086,3,22275
v6627,3,22275
v33918,3,22275
v11007,3,22275
v3025,3,22275
v37359,3,22275
v28631,3,22275
v3042,3,22275
v9090,3,22275
v36644,3,22275
v11018,3,22275
v28626,3,22275
v28624,3,22275
v8609,3,22275
v33894,3,22275
v23035,3,22275
v19457,3,22275
v5354,3,22275
v33893,3,22275
v49726,3,22275
v30178,3,22275
v8614,3,22275
v54671,3,22275
v30174,3,22275
v38931,3,22275
v21093,3,22275
v49733,3,22275
v27427,3,22275
v15347,3,22275
v33876,3,22275
v28610,3,22275
v18509,3,22275
v11057,3,22275
v13980,3,22275
v47806,3,22275
v54646,3,22275
v13530,3,22275
v41837,3,22275
v5352,3,22275
v21095,3,22275
v33861,3,22275
v49748,3,22275
v41832,3,22275
v11060,3,22275
v16501,3,22275
v19087,3,22275
v41817,3,22275
v13687,3,22275
v6392,3,22275
v20713,3,22275
v3089,3,22275
v41813,3,22275
v3090,3,22275
v11094,3,22275
v366,3,22275
v33847,3,22275
v12673,3,22275
v3119,3,22275
v49765,3,22275
v36627,3,22275
v37291,3,22275
v33841,3,22275
v33838,3,22275
v37363,3,22275
v3145,3,22275
v16498,3,22275
v13983,3,22275
v37683,3,22275
v24301,3,22275
v33830,3,22275
v11115,3,22275
v33821,3,22275
v33815,3,22275
v11124,3,22275
v37232,3,22275
v47819,3,22275
v367,3,22275
v33809,3,22275
v12638,3,22275
v11125,3,22275
v20322,3,22275
v33799,3,22275
v16481,3,22275
v28581,3,22275
v3157,3,22275
v22698,3,22275
v49793,3,22275
v37687,3,22275
v54519,3,22275
v27451,3,22275
v3186,3,22275
v28579,3,22275
v25967,3,22275
v37364,3,22275
v15392,3,22275
v7061,3,22275
v15397,3,22275
v19109,3,22275
v3202,3,22275
v9842,3,22275
v15412,3,22275
v25961,3,22275
v16467,3,22275
v24170,3,22275
v9848,3,22275
v25179,3,22275
v25958,3,22275
v23219,3,22275
v24604,3,22275
v30584,3,22275
v15428,3,22275
v54446,3,22275
v9076,3,22275
v25436,3,22275
v14006,3,22275
v5342,3,22275
v54440,3,22275
v8631,3,22275
v28524,3,22275
v41677,3,22275
v13521,3,22275
v15452,3,22275
v54388,3,22275
v49829,3,22275
v49830,3,22275
v15453,3,22275
v45811,3,22275
v31721,3,22275
v28517,3,22275
v37691,3,22275
v16428,3,22275
v36605,3,22275
v47252,3,22275
v11175,3,22275
v30157,3,22275
v45802,3,22275
v15472,3,22275
v60416,3,22275
v14679,3,22275
v25442,3,22275
v8649,3,22275
v14027,3,22275
v41635,3,22275
v43247,3,22275
v49850,3,22275
v3264,3,22275
v11188,3,22275
v45787,3,22275
v24091,3,22275
v54319,3,22275
v49855,3,22275
v19438,3,22275
v54317,3,22275
v24309,3,22275
v28497,3,22275
v54298,3,22275
v54293,3,22275
v47842,3,22275
v31734,3,22275
v9852,3,22275
v12633,3,22275
v49866,3,22275
v37231,3,22275
v25933,3,22275
v16940,3,22275
v25160,3,22275
v20719,3,22275
v371,3,22275
v54286,3,22275
v31742,3,22275
v30141,3,22275
v52769,2,25125
v30520,2,25125
v47026,2,25125
v6597,2,25125
v6588,2,25125
v37277,2,25125
v6578,2,25125
v6576,2,25125
v47061,2,25125
v6575,2,25125
v47082,2,25125
v47086,2,25125
v47088,2,25125
v47089,2,25125
v6548,2,25125
v47098,2,25125
v6543,2,25125
v6828,2,25125
v37298,2,25125
v37299,2,25125
v6537,2,25125
v47116,2,25125
v37301,2,25125
v37302,2,25125
v30564,2,25125
v37307,2,25125
v37309,2,25125
v37319,2,25125
v37320,2,25125
v47158,2,25125
v47161,2,25125
v47165,2,25125
v47166,2,25125
v47167,2,25125
v6503,2,25125
v6502,2,25125
v47174,2,25125
v6450,2,25125
v14671,2,25125
v6440,2,25125
v62105,2,25125
v47202,2,25125
v30573,2,25125
v47204,2,25125
v50019,2,25125
v37341,2,25125
v47211,2,25125
v30576,2,25125
v47213,2,25125
v37344,2,25125
v37345,2,25125
v9477,2,25125
v47223,2,25125
v6402,2,25125
v37353,2,25125
v37358,2,25125
v50025,2,25125
v37361,2,25125
v13663,2,25125
v47245,2,25125
v6391,2,25125
v37365,2,25125
v37367,2,25125
v47258,2,25125
v13659,2,25125
v47263,2,25125
v37369,2,25125
v47267,2,25125
v37372,2,25125
v47273,2,25125
v47275,2,25125
v37374,2,25125
v13655,2,25125
v37377,2,25125
v19633,2,25125
v6364,2,25125
v23330,2,25125
v9672,2,25125
v37384,2,25125
v47304,2,25125
v47306,2,25125
v37389,2,25125
v25110,2,25125
v23331,2,25125
v16902,2,25125
v26893,2,25125
v30603,2,25125
v37398,2,25125
v37400,2,25125
v37402,2,25125
v47331,2,25125
v37410,2,25125
v26895,2,25125
v47343,2,25125
v37416,2,25125
v30610,2,25125
v50036,2,25125
v25114,2,25125
v47355,2,25125
v9466,2,25125
v30617,2,25125
v37431,2,25125
v30622,2,25125
v6324,2,25125
v26903,2,25125
v6316,2,25125
v13647,2,25125
v37439,2,25125
v6308,2,25125
v47393,2,25125
v47394,2,25125
v30627,2,25125
v47400,2,25125
v6305,2,25125
v47404,2,25125
v16890,2,25125
v25118,2,25125
v30632,2,25125
v47431,2,25125
v30639,2,25125
v37466,2,25125
v26909,2,25125
v37473,2,25125
v37474,2,25125
v6284,2,25125
v25121,2,25125
v6280,2,25125
v6279,2,25125
v25122,2,25125
v47480,2,25125
v18438,2,25125
v47494,2,25125
v47499,2,25125
v18434,2,25125
v47505,2,25125
v26928,2,25125
v26929,2,25125
v47512,2,25125
v24141,2,25125
v26936,2,25125
v30684,2,25125
v30685,2,25125
v30686,2,25125
v26942,2,25125
v37529,2,25125
v47543,2,25125
v30692,2,25125
v6244,2,25125
v26944,2,25125
v26946,2,25125
v16831,2,25125
v30701,2,25125
v26950,2,25125
v47571,2,25125
v6233,2,25125
v13600,2,25125
v26953,2,25125
v30708,2,25125
v30712,2,25125
v25137,2,25125
v13588,2,25125
v37560,2,25125
v13585,2,25125
v47609,2,25125
v26964,2,25125
v6229,2,25125
v20587,2,25125
v47621,2,25125
v37580,2,25125
v9443,2,25125
v47631,2,25125
v9441,2,25125
v6219,2,25125
v47636,2,25125
v47637,2,25125
v47638,2,25125
v9440,2,25125
v6214,2,25125
v6203,2,25125
v6198,2,25125
v47661,2,25125
v47663,2,25125
v47666,2,25125
v18364,2,25125
v26976,2,25125
v25145,2,25125
v37609,2,25125
v6175,2,25125
v30751,2,25125
v22135,2,25125
v30753,2,25125
v26982,2,25125
v30757,2,25125
v13570,2,25125
v47702,2,25125
v26984,2,25125
v9437,2,25125
v47721,2,25125
v26988,2,25125
v19586,2,25125
v47738,2,25125
v30779,2,25125
v30780,2,25125
v47744,2,25125
v6156,2,25125
v47756,2,25125
v16805,2,25125
v47758,2,25125
v37650,2,25125
v37653,2,25125
v47767,2,25125
v13542,2,25125
v6153,2,25125
v6150,2,25125
v13539,2,25125
v6144,2,25125
v30796,2,25125
v47795,2,25125
v13533,2,25125
v37667,2,25125
v37668,2,25125
v13532,2,25125
v6143,2,25125
v13529,2,25125
v30805,2,25125
v30806,2,25125
v13528,2,25125
v30808,2,25125
v30809,2,25125
v13526,2,25125
v37686,2,25125
v47823,2,25125
v37689,2,25125
v47828,2,25125
v47834,2,25125
v6135,2,25125
v30818,2,25125
v47847,2,25125
v18355,2,25125
v18349,2,25125
v27012,2,25125
v23460,2,25125
v13509,2,25125
v13506,2,25125
v18346,2,25125
v30836,2,25125
v37722,2,25125
v47872,2,25125
v30839,2,25125
v27018,2,25125
v27019,2,25125
v27020,2,25125
v6120,2,25125
v47899,2,25125
v47900,2,25125
v37740,2,25125
v37742,2,25125
v30847,2,25125
v19578,2,25125
v47914,2,25125
v47915,2,25125
v20391,2,25125
v30861,2,25125
v16780,2,25125
v37767,2,25125
v47949,2,25125
v13474,2,25125
v6089,2,25125
v6084,2,25125
v23462,2,25125
v30875,2,25125
v47970,2,25125
v30876,2,25125
v37784,2,25125
v16772,2,25125
v30880,2,25125
v6071,2,25125
v20234,2,25125
v30883,2,25125
v6065,2,25125
v13463,2,25125
v27039,2,25125
v27042,2,25125
v25196,2,25125
v30893,2,25125
v30894,2,25125
v23705,2,25125
v30900,2,25125
v6063,2,25125
v30903,2,25125
v48015,2,25125
v48021,2,25125
v48025,2,25125
v13455,2,25125
v19576,2,25125
v48041,2,25125
v30917,2,25125
v27059,2,25125
v37849,2,25125
v37852,2,25125
v48061,2,25125
v18327,2,25125
v37862,2,25125
v9385,2,25125
v30931,2,25125
v23335,2,25125
v25209,2,25125
v37874,2,25125
v16737,2,25125
v30944,2,25125
v37880,2,25125
v25211,2,25125
v23713,2,25125
v37891,2,25125
v37893,2,25125
v20505,2,25125
v48112,2,25125
v16716,2,25125
v37899,2,25125
v48120,2,25125
v48122,2,25125
v6015,2,25125
v18319,2,25125
v18318,2,25125
v30965,2,25125
v18312,2,25125
v13408,2,25125
v9369,2,25125
v37924,2,25125
v37925,2,25125
v48159,2,25125
v48161,2,25125
v48164,2,25125
v6002,2,25125
v6001,2,25125
v5992,2,25125
v19565,2,25125
v48176,2,25125
v5991,2,25125
v18311,2,25125
v5990,2,25125
v5989,2,25125
v27091,2,25125
v48192,2,25125
v25222,2,25125
v37944,2,25125
v37946,2,25125
v18310,2,25125
v48204,2,25125
v48205,2,25125
v48215,2,25125
v48219,2,25125
v25230,2,25125
v5988,2,25125
v20390,2,25125
v25233,2,25125
v24171,2,25125
v23719,2,25125
v37977,2,25125
v37978,2,25125
v18309,2,25125
v48260,2,25125
v27113,2,25125
v18306,2,25125
v37992,2,25125
v18305,2,25125
v31021,2,25125
v9360,2,25125
v31025,2,25125
v48294,2,25125
v18302,2,25125
v19550,2,25125
v19547,2,25125
v9357,2,25125
v9352,2,25125
v19539,2,25125
v9335,2,25125
v48314,2,25125
v9333,2,25125
v48320,2,25125
v19534,2,25125
v5958,2,25125
v48330,2,25125
v19533,2,25125
v38039,2,25125
v13360,2,25125
v5956,2,25125
v5954,2,25125
v20215,2,25125
v48349,2,25125
v38049,2,25125
v13359,2,25125
v13358,2,25125
v13355,2,25125
v16697,2,25125
v31061,2,25125
v31062,2,25125
v23723,2,25125
v38073,2,25125
v48396,2,25125
v5927,2,25125
v48403,2,25125
v48413,2,25125
v5925,2,25125
v48416,2,25125
v5915,2,25125
v5908,2,25125
v9307,2,25125
v25261,2,25125
v5902,2,25125
v48443,2,25125
v9301,2,25125
v48449,2,25125
v48451,2,25125
v48457,2,25125
v13324,2,25125
v14659,2,25125
v13307,2,25125
v38169,2,25125
v31102,2,25125
v38172,2,25125
v38174,2,25125
v31104,2,25125
v48491,2,25125
v48495,2,25125
v20566,2,25125
v16677,2,25125
v5889,2,25125
v5887,2,25125
v27155,2,25125
v13293,2,25125
v48515,2,25125
v38204,2,25125
v27157,2,25125
v16667,2,25125
v48531,2,25125
v38213,2,25125
v31133,2,25125
v27162,2,25125
v31137,2,25125
v13259,2,25125
v5879,2,25125
v48551,2,25125
v48565,2,25125
v31150,2,25125
v5872,2,25125
v31156,2,25125
v13231,2,25125
v13227,2,25125
v31168,2,25125
v48597,2,25125
v24223,2,25125
v25273,2,25125
v5847,2,25125
v13203,2,25125
v9255,2,25125
v16645,2,25125
v48640,2,25125
v5832,2,25125
v18263,2,25125
v38286,2,25125
v9253,2,25125
v48657,2,25125
v20004,2,25125
v48662,2,25125
v38290,2,25125
v31199,2,25125
v18262,2,25125
v25287,2,25125
v38305,2,25125
v38307,2,25125
v48692,2,25125
v19997,2,25125
v31209,2,25125
v13170,2,25125
v43253,2,25125
v9251,2,25125
v48722,2,25125
v5824,2,25125
v48725,2,25125
v48726,2,25125
v48730,2,25125
v9247,2,25125
v5822,2,25125
v5819,2,25125
v19985,2,25125
v13159,2,25125
v31230,2,25125
v9245,2,25125
v5816,2,25125
v25296,2,25125
v25297,2,25125
v18254,2,25125
v13158,2,25125
v25299,2,25125
v31242,2,25125
v18251,2,25125
v27211,2,25125
v31250,2,25125
v16625,2,25125
v13152,2,25125
v25306,2,25125
v48801,2,25125
v5809,2,25125
v5802,2,25125
v48810,2,25125
v16620,2,25125
v38390,2,25125
v9233,2,25125
v38394,2,25125
v13135,2,25125
v5794,2,25125
v18250,2,25125
v19508,2,25125
v9225,2,25125
v18249,2,25125
v48845,2,25125
v25317,2,25125
v48859,2,25125
v48861,2,25125
v31283,2,25125
v16617,2,25125
v48867,2,25125
v31288,2,25125
v38424,2,25125
v9221,2,25125
v38434,2,25125
v13118,2,25125
v13115,2,25125
v13113,2,25125
v5788,2,25125
v31309,2,25125
v48903,2,25125
v13088,2,25125
v48912,2,25125
v5786,2,25125
v31315,2,25125
v5777,2,25125
v5774,2,25125
v24243,2,25125
v31320,2,25125
v5770,2,25125
v38466,2,25125
v16615,2,25125
v38468,2,25125
v38469,2,25125
v48948,2,25125
v38472,2,25125
v31326,2,25125
v13081,2,25125
v31329,2,25125
v48965,2,25125
v38481,2,25125
v13070,2,25125
v18233,2,25125
v24247,2,25125
v48975,2,25125
v48980,2,25125
v38491,2,25125
v5737,2,25125
v38494,2,25125
v9214,2,25125
v49005,2,25125
v49006,2,25125
v5730,2,25125
v19967,2,25125
v24255,2,25125
v5722,2,25125
v49029,2,25125
v18229,2,25125
v20504,2,25125
v13049,2,25125
v9195,2,25125
v18228,2,25125
v5717,2,25125
v13044,2,25125
v49040,2,25125
v5708,2,25125
v9184,2,25125
v9183,2,25125
v9182,2,25125
v49050,2,25125
v5700,2,25125
v5693,2,25125
v49065,2,25125
v38534,2,25125
v16591,2,25125
v13032,2,25125
v49080,2,25125
v13026,2,25125
v13022,2,25125
v5682,2,25125
v20209,2,25125
v18224,2,25125
v5681,2,25125
v38557,2,25125
v18223,2,25125
v49117,2,25125
v49118,2,25125
v49122,2,25125
v5680,2,25125
v13011,2,25125
v13010,2,25125
v49128,2,25125
v13007,2,25125
v5675,2,25125
v24268,2,25125
v5670,2,25125
v13003,2,25125
v5666,2,25125
v16577,2,25125
v5663,2,25125
v25355,2,25125
v49155,2,25125
v49157,2,25125
v19958,2,25125
v5646,2,25125
v12977,2,25125
v31409,2,25125
v49173,2,25125
v49177,2,25125
v5643,2,25125
v27312,2,25125
v25358,2,25125
v5640,2,25125
v38596,2,25125
v18220,2,25125
v49208,2,25125
v49225,2,25125
v5622,2,25125
v49228,2,25125
v12944,2,25125
v12943,2,25125
v12934,2,25125
v5621,2,25125
v12924,2,25125
v31435,2,25125
v5615,2,25125
v12923,2,25125
v31437,2,25125
v49247,2,25125
v31438,2,25125
v31442,2,25125
v12920,2,25125
v16575,2,25125
v38640,2,25125
v12918,2,25125
v12912,2,25125
v31451,2,25125
v31455,2,25125
v24274,2,25125
v49290,2,25125
v5604,2,25125
v38656,2,25125
v49295,2,25125
v12899,2,25125
v31466,2,25125
v18196,2,25125
v49304,2,25125
v49306,2,25125
v31473,2,25125
v49315,2,25125
v12867,2,25125
v5590,2,25125
v31478,2,25125
v12861,2,25125
v12822,2,25125
v49344,2,25125
v31483,2,25125
v31484,2,25125
v19477,2,25125
v38689,2,25125
v38692,2,25125
v49354,2,25125
v38696,2,25125
v5574,2,25125
v18192,2,25125
v5560,2,25125
v27350,2,25125
v38711,2,25125
v31499,2,25125
v49392,2,25125
v49395,2,25125
v12777,2,25125
v5556,2,25125
v5547,2,25125
v27351,2,25125
v38717,2,25125
v31506,2,25125
v5543,2,25125
v38727,2,25125
v38728,2,25125
v31509,2,25125
v49434,2,25125
v5523,2,25125
v27355,2,25125
v18600,2,25125
v24282,2,25125
v49444,2,25125
v9135,2,25125
v16564,2,25125
v25387,2,25125
v23756,2,25125
v5505,2,25125
v5504,2,25125
v38754,2,25125
v12758,2,25125
v49467,2,25125
v49469,2,25125
v38761,2,25125
v49475,2,25125
v18143,2,25125
v5470,2,25125
v49483,2,25125
v38765,2,25125
v5464,2,25125
v38774,2,25125
v9122,2,25125
v38777,2,25125
v49506,2,25125
v9121,2,25125
v49509,2,25125
v27376,2,25125
v12755,2,25125
v27380,2,25125
v38792,2,25125
v19464,2,25125
v49530,2,25125
v12752,2,25125
v18133,2,25125
v5421,2,25125
v49547,2,25125
v31571,2,25125
v31574,2,25125
v49556,2,25125
v31578,2,25125
v5419,2,25125
v38827,2,25125
v38828,2,25125
v31586,2,25125
v49582,2,25125
v49583,2,25125
v49594,2,25125
v49595,2,25125
v49596,2,25125
v16504,2,25125
v5385,2,25125
v31590,2,25125
v12740,2,25125
v25409,2,25125
v12730,2,25125
v23760,2,25125
v49628,2,25125
v49629,2,25125
v49631,2,25125
v31625,2,25125
v49634,2,25125
v12726,2,25125
v38864,2,25125
v9112,2,25125
v12722,2,25125
v49647,2,25125
v49648,2,25125
v9110,2,25125
v49654,2,25125
v5368,2,25125
v12712,2,25125
v31639,2,25125
v9106,2,25125
v9105,2,25125
v9104,2,25125
v49678,2,25125
v9101,2,25125
v31642,2,25125
v31643,2,25125
v49689,2,25125
v16503,2,25125
v27417,2,25125
v9100,2,25125
v49706,2,25125
v12705,2,25125
v49711,2,25125
v31658,2,25125
v12686,2,25125
v24297,2,25125
v31665,2,25125
v49732,2,25125
v38936,2,25125
v27429,2,25125
v16502,2,25125
v18106,2,25125
v49746,2,25125
v25427,2,25125
v19450,2,25125
v9089,2,25125
v12675,2,25125
v27439,2,25125
v12669,2,25125
v27440,2,25125
v12654,2,25125
v24300,2,25125
v31696,2,25125
v25433,2,25125
v12653,2,25125
v38982,2,25125
v43238,2,25125
v49800,2,25125
v49802,2,25125
v19940,2,25125
v9079,2,25125
v12636,2,25125
v38998,2,25125
v18098,2,25125
v49826,2,25125
v25440,2,25125
v35559,2,25125
v49837,2,25125
v39013,2,25125
v39014,2,25125
v5335,2,25125
v39017,2,25125
v31725,2,25125
v39021,2,25125
v19439,2,25125
v16425,2,25125
v49862,2,25125
v12634,2,25125
v49868,2,25125
v24310,2,25125
v16424,2,25125
v31739,2,25125
v12632,2,25125
v31743,2,25125
v43263,2,25125
v43264,2,25125
v31745,2,25125
v19436,2,25125
v19435,2,25125
v24313,2,25125
v12628,2,25125
v12622,2,25125
v39049,2,25125
v5315,2,25125
v31753,2,25125
v16414,2,25125
v12619,2,25125
v5311,2,25125
v31760,2,25125
v39060,2,25125
v49914,2,25125
v25454,2,25125
v31766,2,25125
v31767,2,25125
v16412,2,25125
v39070,2,25125
v27485,2,25125
v12614,2,25125
v49930,2,25125
v9072,2,25125
v27486,2,25125
v5305,2,25125
v61726,2,25125
v27488,2,25125
v49940,2,25125
v31777,2,25125
v49943,2,25125
v49953,2,25125
v49959,2,25125
v27491,2,25125
v27493,2,25125
v49965,2,25125
v19430,2,25125
v27499,2,25125
v31804,2,25125
v25463,2,25125
v12560,2,25125
v49989,2,25125
v49997,2,25125
v27503,2,25125
v50077,2,25125
v12507,2,25125
v43235,2,25125
v12504,2,25125
v12503,2,25125
v50087,2,25125
v16384,2,25125
v28389,2,25125
v50093,2,25125
v5267,2,25125
v50100,2,25125
v39142,2,25125
v9067,2,25125
v50108,2,25125
v18086,2,25125
v19428,2,25125
v50114,2,25125
v24323,2,25125
v50126,2,25125
v50128,2,25125
v20502,2,25125
v50137,2,25125
v50143,2,25125
v12496,2,25125
v18082,2,25125
v31853,2,25125
v50161,2,25125
v50162,2,25125
v25475,2,25125
v31865,2,25125
v61731,2,25125
v5239,2,25125
v5229,2,25125
v31876,2,25125
v50197,2,25125
v9061,2,25125
v50203,2,25125
v9060,2,25125
v50207,2,25125
v50216,2,25125
v50217,2,25125
v24331,2,25125
v50222,2,25125
v5166,2,25125
v50224,2,25125
v50227,2,25125
v31886,2,25125
v50231,2,25125
v50233,2,25125
v20183,2,25125
v50237,2,25125
v31893,2,25125
v12403,2,25125
v9058,2,25125
v39227,2,25125
v27539,2,25125
v31911,2,25125
v39240,2,25125
v50282,2,25125
v50287,2,25125
v12380,2,25125
v9055,2,25125
v31915,2,25125
v50305,2,25125
v12364,2,25125
v5105,2,25125
v23783,2,25125
v31930,2,25125
v31934,2,25125
v31935,2,25125
v31937,2,25125
v39270,2,25125
v39271,2,25125
v50336,2,25125
v50342,2,25125
v31943,2,25125
v50348,2,25125
v31944,2,25125
v50353,2,25125
v31947,2,25125
v50357,2,25125
v50359,2,25125
v50364,2,25125
v31950,2,25125
v50369,2,25125
v31953,2,25125
v12339,2,25125
v31956,2,25125
v23785,2,25125
v9049,2,25125
v31958,2,25125
v9046,2,25125
v31960,2,25125
v12331,2,25125
v50385,2,25125
v9044,2,25125
v9041,2,25125
v50395,2,25125
v9040,2,25125
v16348,2,25125
v16347,2,25125
v18061,2,25125
v5025,2,25125
v12311,2,25125
v5021,2,25125
v39321,2,25125
v50429,2,25125
v16334,2,25125
v18050,2,25125
v18042,2,25125
v20182,2,25125
v24345,2,25125
v50448,2,25125
v39335,2,25125
v50452,2,25125
v5001,2,25125
v9033,2,25125
v19923,2,25125
v50466,2,25125
v50473,2,25125
v31991,2,25125
v12310,2,25125
v31996,2,25125
v31997,2,25125
v50495,2,25125
v18036,2,25125
v9030,2,25125
v18035,2,25125
v18034,2,25125
v50522,2,25125
v50525,2,25125
v4911,2,25125
v12280,2,25125
v4904,2,25125
v12277,2,25125
v32020,2,25125
v50546,2,25125
v27586,2,25125
v27587,2,25125
v25523,2,25125
v50561,2,25125
v50563,2,25125
v12268,2,25125
v50573,2,25125
v4865,2,25125
v9026,2,25125
v9024,2,25125
v9018,2,25125
v50594,2,25125
v50597,2,25125
v27592,2,25125
v18026,2,25125
v12259,2,25125
v12258,2,25125
v23793,2,25125
v32044,2,25125
v4844,2,25125
v50621,2,25125
v50623,2,25125
v20494,2,25125
v50634,2,25125
v50638,2,25125
v9014,2,25125
v50659,2,25125
v32064,2,25125
v12243,2,25125
v12240,2,25125
v4797,2,25125
v32070,2,25125
v32073,2,25125
v9013,2,25125
v25550,2,25125
v12213,2,25125
v12204,2,25125
v4761,2,25125
v39460,2,25125
v12198,2,25125
v32087,2,25125
v39472,2,25125
v50713,2,25125
v9011,2,25125
v51291,2,25125
v51292,2,25125
v24365,2,25125
v20162,2,25125
v20158,2,25125
v17954,2,25125
v50734,2,25125
v12194,2,25125
v4737,2,25125
v50746,2,25125
v50750,2,25125
v50756,2,25125
v12169,2,25125
v50767,2,25125
v50768,2,25125
v25559,2,25125
v4726,2,25125
v27640,2,25125
v50786,2,25125
v50788,2,25125
v4725,2,25125
v24370,2,25125
v32130,2,25125
v50800,2,25125
v20289,2,25125
v32135,2,25125
v39531,2,25125
v32141,2,25125
v50823,2,25125
v50827,2,25125
v50833,2,25125
v50834,2,25125
v27650,2,25125
v27651,2,25125
v50839,2,25125
v9007,2,25125
v50842,2,25125
v32150,2,25125
v19920,2,25125
v25567,2,25125
v50859,2,25125
v4698,2,25125
v20287,2,25125
v4689,2,25125
v24375,2,25125
v4687,2,25125
v32163,2,25125
v25571,2,25125
v4686,2,25125
v32166,2,25125
v12121,2,25125
v32172,2,25125
v16296,2,25125
v16291,2,25125
v12116,2,25125
v16289,2,25125
v12112,2,25125
v12110,2,25125
v39584,2,25125
v39585,2,25125
v39586,2,25125
v19404,2,25125
v35560,2,25125
v9005,2,25125
v12093,2,25125
v25574,2,25125
v9004,2,25125
v39601,2,25125
v39605,2,25125
v50935,2,25125
v9002,2,25125
v32195,2,25125
v32196,2,25125
v32198,2,25125
v32200,2,25125
v17927,2,25125
v24378,2,25125
v32207,2,25125
v4660,2,25125
v32210,2,25125
v32211,2,25125
v9001,2,25125
v16282,2,25125
v50976,2,25125
v12083,2,25125
v32217,2,25125
v4641,2,25125
v4635,2,25125
v39654,2,25125
v8995,2,25125
v39661,2,25125
v8991,2,25125
v51020,2,25125
v4619,2,25125
v4612,2,25125
v12077,2,25125
v12076,2,25125
v4611,2,25125
v39677,2,25125
v23805,2,25125
v39683,2,25125
v32237,2,25125
v4603,2,25125
v8981,2,25125
v32242,2,25125
v27686,2,25125
v51070,2,25125
v16274,2,25125
v51075,2,25125
v27688,2,25125
v32253,2,25125
v32255,2,25125
v23810,2,25125
v4591,2,25125
v17913,2,25125
v51098,2,25125
v32268,2,25125
v51104,2,25125
v39723,2,25125
v12057,2,25125
v17902,2,25125
v4577,2,25125
v4570,2,25125
v24394,2,25125
v19390,2,25125
v4561,2,25125
v23813,2,25125
v23815,2,25125
v51150,2,25125
v25606,2,25125
v32296,2,25125
v51156,2,25125
v23818,2,25125
v51171,2,25125
v51172,2,25125
v51173,2,25125
v8977,2,25125
v17882,2,25125
v51182,2,25125
v12036,2,25125
v39819,2,25125
v51196,2,25125
v8961,2,25125
v8954,2,25125
v8951,2,25125
v8950,2,25125
v8949,2,25125
v51213,2,25125
v51214,2,25125
v8948,2,25125
v32317,2,25125
v8947,2,25125
v51221,2,25125
v25618,2,25125
v16258,2,25125
v51240,2,25125
v16253,2,25125
v24408,2,25125
v19379,2,25125
v8941,2,25125
v39865,2,25125
v12013,2,25125
v19374,2,25125
v51260,2,25125
v25626,2,25125
v16248,2,25125
v32345,2,25125
v51301,2,25125
v32349,2,25125
v51307,2,25125
v27752,2,25125
v39888,2,25125
v4527,2,25125
v51330,2,25125
v39904,2,25125
v51338,2,25125
v51355,2,25125
v25636,2,25125
v27301,2,25125
v4517,2,25125
v17850,2,25125
v51369,2,25125
v51376,2,25125
v51378,2,25125
v51384,2,25125
v51387,2,25125
v16226,2,25125
v51391,2,25125
v32385,2,25125
v32395,2,25125
v13524,2,25125
v27786,2,25125
v39961,2,25125
v51446,2,25125
v51450,2,25125
v8925,2,25125
v4469,2,25125
v4468,2,25125
v51469,2,25125
v51470,2,25125
v4457,2,25125
v51483,2,25125
v39988,2,25125
v51497,2,25125
v51500,2,25125
v51501,2,25125
v39995,2,25125
v51503,2,25125
v51506,2,25125
v8906,2,25125
v11989,2,25125
v16161,2,25125
v8905,2,25125
v8904,2,25125
v51525,2,25125
v25650,2,25125
v11969,2,25125
v32432,2,25125
v51534,2,25125
v51537,2,25125
v32435,2,25125
v16144,2,25125
v19896,2,25125
v4433,2,25125
v16135,2,25125
v11949,2,25125
v32445,2,25125
v51566,2,25125
v16126,2,25125
v20151,2,25125
v4402,2,25125
v16125,2,25125
v4369,2,25125
v11935,2,25125
v32459,2,25125
v11931,2,25125
v8888,2,25125
v51598,2,25125
v4346,2,25125
v51606,2,25125
v51611,2,25125
v40061,2,25125
v4342,2,25125
v51614,2,25125
v25655,2,25125
v11930,2,25125
v40067,2,25125
v51622,2,25125
v40077,2,25125
v11925,2,25125
v11924,2,25125
v32478,2,25125
v51639,2,25125
v4328,2,25125
v51646,2,25125
v51649,2,25125
v11922,2,25125
v11914,2,25125
v51654,2,25125
v16111,2,25125
v27826,2,25125
v4322,2,25125
v23523,2,25125
v32491,2,25125
v51673,2,25125
v32497,2,25125
v51687,2,25125
v51693,2,25125
v25661,2,25125
v51706,2,25125
v19895,2,25125
v51710,2,25125
v51713,2,25125
v16587,2,25125
v51729,2,25125
v51730,2,25125
v11876,2,25125
v51733,2,25125
v16077,2,25125
v11874,2,25125
v4295,2,25125
v32524,2,25125
v19351,2,25125
v51755,2,25125
v8881,2,25125
v51759,2,25125
v51766,2,25125
v32538,2,25125
v51774,2,25125
v51775,2,25125
v51777,2,25125
v40148,2,25125
v11872,2,25125
v32542,2,25125
v51787,2,25125
v51792,2,25125
v17820,2,25125
v4248,2,25125
v51798,2,25125
v32546,2,25125
v51802,2,25125
v51808,2,25125
v4236,2,25125
v51826,2,25125
v32557,2,25125
v51831,2,25125
v51832,2,25125
v4226,2,25125
v51839,2,25125
v32561,2,25125
v51843,2,25125
v11832,2,25125
v32566,2,25125
v51850,2,25125
v51851,2,25125
v51854,2,25125
v51858,2,25125
v32571,2,25125
v32572,2,25125
v32573,2,25125
v8879,2,25125
v32575,2,25125
v51872,2,25125
v32577,2,25125
v32578,2,25125
v32579,2,25125
v32580,2,25125
v8876,2,25125
v51884,2,25125
v40199,2,25125
v51894,2,25125
v32585,2,25125
v51897,2,25125
v8870,2,25125
v32586,2,25125
v51903,2,25125
v51905,2,25125
v51913,2,25125
v8867,2,25125
v4170,2,25125
v4164,2,25125
v4157,2,25125
v4130,2,25125
v19331,2,25125
v11827,2,25125
v32599,2,25125
v51946,2,25125
v51947,2,25125
v51959,2,25125
v51964,2,25125
v8860,2,25125
v32613,2,25125
v8859,2,25125
v40256,2,25125
v8856,2,25125
v51987,2,25125
v25685,2,25125
v4098,2,25125
v19327,2,25125
v51996,2,25125
v32623,2,25125
v11814,2,25125
v40270,2,25125
v40276,2,25125
v4079,2,25125
v23841,2,25125
v52026,2,25125
v52028,2,25125
v52032,2,25125
v52033,2,25125
v17814,2,25125
v24445,2,25125
v11809,2,25125
v40287,2,25125
v4049,2,25125
v52047,2,25125
v52055,2,25125
v23361,2,25125
v32650,2,25125
v32656,2,25125
v52066,2,25125
v40310,2,25125
v52073,2,25125
v11787,2,25125
v32660,2,25125
v52080,2,25125
v11785,2,25125
v52090,2,25125
v11779,2,25125
v32664,2,25125
v52094,2,25125
v17800,2,25125
v27892,2,25125
v16065,2,25125
v16064,2,25125
v27910,2,25125
v32681,2,25125
v32683,2,25125
v11760,2,25125
v11750,2,25125
v27918,2,25125
v32695,2,25125
v4150,2,25125
v16046,2,25125
v11741,2,25125
v24167,2,25125
v52150,2,25125
v11737,2,25125
v52156,2,25125
v11734,2,25125
v52158,2,25125
v52184,2,25125
v40385,2,25125
v11727,2,25125
v52193,2,25125
v52194,2,25125
v52196,2,25125
v16040,2,25125
v4011,2,25125
v3997,2,25125
v8851,2,25125
v3982,2,25125
v32735,2,25125
v32736,2,25125
v16033,2,25125
v52234,2,25125
v27941,2,25125
v11697,2,25125
v52239,2,25125
v27943,2,25125
v11691,2,25125
v8850,2,25125
v52245,2,25125
v11688,2,25125
v11685,2,25125
v11684,2,25125
v52252,2,25125
v40427,2,25125
v52255,2,25125
v32751,2,25125
v11676,2,25125
v52274,2,25125
v3969,2,25125
v23851,2,25125
v27952,2,25125
v52288,2,25125
v52292,2,25125
v52293,2,25125
v52296,2,25125
v52298,2,25125
v52301,2,25125
v52306,2,25125
v40450,2,25125
v11666,2,25125
v11665,2,25125
v52314,2,25125
v34253,2,25125
v52321,2,25125
v16022,2,25125
v16021,2,25125
v11657,2,25125
v16020,2,25125
v52351,2,25125
v52352,2,25125
v16018,2,25125
v3933,2,25125
v30526,2,25125
v52370,2,25125
v27967,2,25125
v16008,2,25125
v11645,2,25125
v11632,2,25125
v11631,2,25125
v16004,2,25125
v11630,2,25125
v16003,2,25125
v52396,2,25125
v27976,2,25125
v11629,2,25125
v3928,2,25125
v3927,2,25125
v3926,2,25125
v52430,2,25125
v8831,2,25125
v3899,2,25125
v3885,2,25125
v40522,2,25125
v4148,2,25125
v17768,2,25125
v52452,2,25125
v52453,2,25125
v32850,2,25125
v11627,2,25125
v3843,2,25125
v52504,2,25125
v3838,2,25125
v52512,2,25125
v52515,2,25125
v17766,2,25125
v15982,2,25125
v24477,2,25125
v17765,2,25125
v15969,2,25125
v32878,2,25125
v32882,2,25125
v52554,2,25125
v52557,2,25125
v3819,2,25125
v8823,2,25125
v40586,2,25125
v40590,2,25125
v52594,2,25125
v17760,2,25125
v52601,2,25125
v8814,2,25125
v11578,2,25125
v11565,2,25125
v52620,2,25125
v52622,2,25125
v52627,2,25125
v11524,2,25125
v17757,2,25125
v52634,2,25125
v15942,2,25125
v40631,2,25125
v11508,2,25125
v52656,2,25125
v25757,2,25125
v8806,2,25125
v11495,2,25125
v32941,2,25125
v8802,2,25125
v3801,2,25125
v11492,2,25125
v11489,2,25125
v40661,2,25125
v11488,2,25125
v52690,2,25125
v11481,2,25125
v3797,2,25125
v32952,2,25125
v3763,2,25125
v52716,2,25125
v28042,2,25125
v8794,2,25125
v52733,2,25125
v28044,2,25125
v11475,2,25125
v22131,2,25125
v52749,2,25125
v52751,2,25125
v28050,2,25125
v40698,2,25125
v3742,2,25125
v17748,2,25125
v52766,2,25125
v52768,2,25125
v11474,2,25125
v3741,2,25125
v15919,2,25125
v23368,2,25125
v28057,2,25125
v40712,2,25125
v11468,2,25125
v11462,2,25125
v32989,2,25125
v32993,2,25125
v3729,2,25125
v52809,2,25125
v11459,2,25125
v52817,2,25125
v3727,2,25125
v3726,2,25125
v52823,2,25125
v11458,2,25125
v57490,2,25125
v11457,2,25125
v23860,2,25125
v33003,2,25125
v15907,2,25125
v52837,2,25125
v11451,2,25125
v40741,2,25125
v52844,2,25125
v52846,2,25125
v15906,2,25125
v22130,2,25125
v11449,2,25125
v52854,2,25125
v28069,2,25125
v52859,2,25125
v11446,2,25125
v52861,2,25125
v52862,2,25125
v52864,2,25125
v52865,2,25125
v52871,2,25125
v33019,2,25125
v3716,2,25125
v11439,2,25125
v28075,2,25125
v28076,2,25125
v3712,2,25125
v52897,2,25125
v33030,2,25125
v40787,2,25125
v23369,2,25125
v52926,2,25125
v40795,2,25125
v17710,2,25125
v40798,2,25125
v25789,2,25125
v33049,2,25125
v3662,2,25125
v3658,2,25125
v11408,2,25125
v52963,2,25125
v28099,2,25125
v52970,2,25125
v17706,2,25125
v28101,2,25125
v61976,2,25125
v8774,2,25125
v33073,2,25125
v15859,2,25125
v8773,2,25125
v28110,2,25125
v52998,2,25125
v53007,2,25125
v33082,2,25125
v28113,2,25125
v8772,2,25125
v53022,2,25125
v15855,2,25125
v17685,2,25125
v53026,2,25125
v53028,2,25125
v28117,2,25125
v11394,2,25125
v33107,2,25125
v33109,2,25125
v34258,2,25125
v53064,2,25125
v15838,2,25125
v53074,2,25125
v24514,2,25125
v33125,2,25125
v53085,2,25125
v28137,2,25125
v53093,2,25125
v11383,2,25125
v53098,2,25125
v11382,2,25125
v27302,2,25125
v34261,2,25125
v11372,2,25125
v28143,2,25125
v15830,2,25125
v33141,2,25125
v53122,2,25125
v11371,2,25125
v11369,2,25125
v17678,2,25125
v15825,2,25125
v40927,2,25125
v3628,2,25125
v11362,2,25125
v29418,2,25125
v3618,2,25125
v53151,2,25125
v33159,2,25125
v53158,2,25125
v11359,2,25125
v33165,2,25125
v33166,2,25125
v40946,2,25125
v3612,2,25125
v53176,2,25125
v3611,2,25125
v40950,2,25125
v33170,2,25125
v15810,2,25125
v28159,2,25125
v53187,2,25125
v53192,2,25125
v11355,2,25125
v28163,2,25125
v53207,2,25125
v17654,2,25125
v53214,2,25125
v33183,2,25125
v33184,2,25125
v17653,2,25125
v53229,2,25125
v11353,2,25125
v3598,2,25125
v20359,2,25125
v53244,2,25125
v15794,2,25125
v40983,2,25125
v24521,2,25125
v11350,2,25125
v23873,2,25125
v15789,2,25125
v33220,2,25125
v33222,2,25125
v15785,2,25125
v28186,2,25125
v53296,2,25125
v3591,2,25125
v53308,2,25125
v8760,2,25125
v3584,2,25125
v3583,2,25125
v3578,2,25125
v8755,2,25125
v53336,2,25125
v33246,2,25125
v53344,2,25125
v33252,2,25125
v53352,2,25125
v53360,2,25125
v53362,2,25125
v41057,2,25125
v41058,2,25125
v53371,2,25125
v33259,2,25125
v8751,2,25125
v33261,2,25125
v33262,2,25125
v3572,2,25125
v53383,2,25125
v19196,2,25125
v53386,2,25125
v53390,2,25125
v53391,2,25125
v53399,2,25125
v53409,2,25125
v28207,2,25125
v41086,2,25125
v25845,2,25125
v41088,2,25125
v3554,2,25125
v41094,2,25125
v33285,2,25125
v53440,2,25125
v3550,2,25125
v53448,2,25125
v53453,2,25125
v53458,2,25125
v33291,2,25125
v33293,2,25125
v28217,2,25125
v33300,2,25125
v53488,2,25125
v53494,2,25125
v33303,2,25125
v53497,2,25125
v11291,2,25125
v3534,2,25125
v33306,2,25125
v41129,2,25125
v53511,2,25125
v33308,2,25125
v3526,2,25125
v3524,2,25125
v28230,2,25125
v41144,2,25125
v53541,2,25125
v53542,2,25125
v53544,2,25125
v3518,2,25125
v53547,2,25125
v3514,2,25125
v53550,2,25125
v15751,2,25125
v15748,2,25125
v15746,2,25125
v15735,2,25125
v23374,2,25125
v53576,2,25125
v15726,2,25125
v53585,2,25125
v41173,2,25125
v3511,2,25125
v15722,2,25125
v3510,2,25125
v53596,2,25125
v41177,2,25125
v41181,2,25125
v11285,2,25125
v11284,2,25125
v33354,2,25125
v53619,2,25125
v53620,2,25125
v8740,2,25125
v28263,2,25125
v33364,2,25125
v15703,2,25125
v3483,2,25125
v53642,2,25125
v20130,2,25125
v33370,2,25125
v33371,2,25125
v23890,2,25125
v11280,2,25125
v3479,2,25125
v11278,2,25125
v15694,2,25125
v53673,2,25125
v33387,2,25125
v15693,2,25125
v15692,2,25125
v53680,2,25125
v15691,2,25125
v15690,2,25125
v53724,2,25125
v29422,2,25125
v28296,2,25125
v28300,2,25125
v3468,2,25125
v33424,2,25125
v28302,2,25125
v33429,2,25125
v23554,2,25125
v53761,2,25125
v53762,2,25125
v41284,2,25125
v33439,2,25125
v53774,2,25125
v15670,2,25125
v28313,2,25125
v15664,2,25125
v11264,2,25125
v33449,2,25125
v15661,2,25125
v15660,2,25125
v15659,2,25125
v15643,2,25125
v33461,2,25125
v3453,2,25125
v53819,2,25125
v3449,2,25125
v53826,2,25125
v53829,2,25125
v15624,2,25125
v53832,2,25125
v3435,2,25125
v53837,2,25125
v25889,2,25125
v24566,2,25125
v23558,2,25125
v53843,2,25125
v53844,2,25125
v28340,2,25125
v53850,2,25125
v53852,2,25125
v23378,2,25125
v15615,2,25125
v41347,2,25125
v53865,2,25125
v15614,2,25125
v53869,2,25125
v33491,2,25125
v33492,2,25125
v11258,2,25125
v53893,2,25125
v11256,2,25125
v53900,2,25125
v53906,2,25125
v53907,2,25125
v15591,2,25125
v53923,2,25125
v33511,2,25125
v33512,2,25125
v53930,2,25125
v19865,2,25125
v11250,2,25125
v33521,2,25125
v53949,2,25125
v28395,2,25125
v15576,2,25125
v15567,2,25125
v25905,2,25125
v11249,2,25125
v19854,2,25125
v11248,2,25125
v28403,2,25125
v33538,2,25125
v11247,2,25125
v41423,2,25125
v33543,2,25125
v41425,2,25125
v53991,2,25125
v8707,2,25125
v41439,2,25125
v33553,2,25125
v33554,2,25125
v54013,2,25125
v54016,2,25125
v33558,2,25125
v41453,2,25125
v54039,2,25125
v24579,2,25125
v9650,2,25125
v9648,2,25125
v8693,2,25125
v24580,2,25125
v54058,2,25125
v54064,2,25125
v15552,2,25125
v28422,2,25125
v11220,2,25125
v41481,2,25125
v28427,2,25125
v54086,2,25125
v17618,2,25125
v33591,2,25125
v28438,2,25125
v15543,2,25125
v3359,2,25125
v28444,2,25125
v17614,2,25125
v19146,2,25125
v33604,2,25125
v33606,2,25125
v28448,2,25125
v33610,2,25125
v33611,2,25125
v33612,2,25125
v28449,2,25125
v15534,2,25125
v41527,2,25125
v41528,2,25125
v54161,2,25125
v54168,2,25125
v19145,2,25125
v54172,2,25125
v28454,2,25125
v3340,2,25125
v54184,2,25125
v3331,2,25125
v41555,2,25125
v8677,2,25125
v15518,2,25125
v3288,2,25125
v15517,2,25125
v54217,2,25125
v41575,2,25125
v54231,2,25125
v19141,2,25125
v54237,2,25125
v3280,2,25125
v3278,2,25125
v33650,2,25125
v28476,2,25125
v54262,2,25125
v15502,2,25125
v54267,2,25125
v41599,2,25125
v28487,2,25125
v11189,2,25125
v3267,2,25125
v33680,2,25125
v54305,2,25125
v54307,2,25125
v54309,2,25125
v54311,2,25125
v19127,2,25125
v33687,2,25125
v41621,2,25125
v28498,2,25125
v3258,2,25125
v23383,2,25125
v24594,2,25125
v54342,2,25125
v54343,2,25125
v54345,2,25125
v25943,2,25125
v33700,2,25125
v8651,2,25125
v41645,2,25125
v41646,2,25125
v41649,2,25125
v54365,2,25125
v24595,2,25125
v33714,2,25125
v24596,2,25125
v11176,2,25125
v15454,2,25125
v33723,2,25125
v15451,2,25125
v41678,2,25125
v54401,2,25125
v23384,2,25125
v28529,2,25125
v15447,2,25125
v15442,2,25125
v8635,2,25125
v41701,2,25125
v33748,2,25125
v15433,2,25125
v39779,2,25125
v15430,2,25125
v20555,2,25125
v54457,2,25125
v54459,2,25125
v28555,2,25125
v15413,2,25125
v15407,2,25125
v54476,2,25125
v41727,2,25125
v41730,2,25125
v28573,2,25125
v54493,2,25125
v17575,2,25125
v11130,2,25125
v33788,2,25125
v3201,2,25125
v3189,2,25125
v33790,2,25125
v3188,2,25125
v3180,2,25125
v33793,2,25125
v3175,2,25125
v3174,2,25125
v15379,2,25125
v33798,2,25125
v54534,2,25125
v54536,2,25125
v41757,2,25125
v25974,2,25125
v11127,2,25125
v28586,2,25125
v8625,2,25125
v11126,2,25125
v11117,2,25125
v3147,2,25125
v33814,2,25125
v33817,2,25125
v15374,2,25125
v61590,2,25125
v19836,2,25125
v33829,2,25125
v41793,2,25125
v33833,2,25125
v3136,2,25125
v11106,2,25125
v11105,2,25125
v11100,2,25125
v11099,2,25125
v3131,2,25125
v11097,2,25125
v11088,2,25125
v54610,2,25125
v41814,2,25125
v8618,2,25125
v8617,2,25125
v41828,2,25125
v41829,2,25125
v24621,2,25125
v15349,2,25125
v25987,2,25125
v54653,2,25125
v33873,2,25125
v33874,2,25125
v54666,2,25125
v28616,2,25125
v33878,2,25125
v15346,2,25125
v54684,2,25125
v3082,2,25125
v54688,2,25125
v41867,2,25125
v33890,2,25125
v41875,2,25125
v28623,2,25125
v54718,2,25125
v11023,2,25125
v11017,2,25125
v33913,2,25125
v3024,2,25125
v54750,2,25125
v33914,2,25125
v11013,2,25125
v8604,2,25125
v8601,2,25125
v41907,2,25125
v11006,2,25125
v41911,2,25125
v54765,2,25125
v33921,2,25125
v54770,2,25125
v33923,2,25125
v54778,2,25125
v54781,2,25125
v41921,2,25125
v10996,2,25125
v19060,2,25125
v3022,2,25125
v15329,2,25125
v54796,2,25125
v15327,2,25125
v54807,2,25125
v54809,2,25125
v33941,2,25125
v54817,2,25125
v2985,2,25125
v41945,2,25125
v2983,2,25125
v54832,2,25125
v15321,2,25125
v17553,2,25125
v54836,2,25125
v33951,2,25125
v54844,2,25125
v54845,2,25125
v54847,2,25125
v15318,2,25125
v54853,2,25125
v2848,2,25125
v41958,2,25125
v2838,2,25125
v41959,2,25125
v41960,2,25125
v54865,2,25125
v10988,2,25125
v28652,2,25125
v33963,2,25125
v15302,2,25125
v54883,2,25125
v23924,2,25125
v10967,2,25125
v8578,2,25125
v28657,2,25125
v23573,2,25125
v2827,2,25125
v2825,2,25125
v10966,2,25125
v33982,2,25125
v54919,2,25125
v2816,2,25125
v33985,2,25125
v54931,2,25125
v33990,2,25125
v54944,2,25125
v54954,2,25125
v54958,2,25125
v54960,2,25125
v54961,2,25125
v54962,2,25125
v10959,2,25125
v28668,2,25125
v8571,2,25125
v8570,2,25125
v42026,2,25125
v8563,2,25125
v19047,2,25125
v8561,2,25125
v10943,2,25125
v54999,2,25125
v20310,2,25125
v10925,2,25125
v26016,2,25125
v55010,2,25125
v10920,2,25125
v34024,2,25125
v34027,2,25125
v2783,2,25125
v10916,2,25125
v10915,2,25125
v10914,2,25125
v55051,2,25125
v55052,2,25125
v55055,2,25125
v55058,2,25125
v2780,2,25125
v2774,2,25125
v28690,2,25125
v10913,2,25125
v34042,2,25125
v55070,2,25125
v28691,2,25125
v55073,2,25125
v55086,2,25125
v8545,2,25125
v2765,2,25125
v42089,2,25125
v34047,2,25125
v24641,2,25125
v34049,2,25125
v55104,2,25125
v55110,2,25125
v2732,2,25125
v28696,2,25125
v2728,2,25125
v10909,2,25125
v23578,2,25125
v15242,2,25125
v19045,2,25125
v28703,2,25125
v34075,2,25125
v34076,2,25125
v4978,2,25125
v55139,2,25125
v8538,2,25125
v34085,2,25125
v55153,2,25125
v42126,2,25125
v55161,2,25125
v55168,2,25125
v34096,2,25125
v42137,2,25125
v42140,2,25125
v34097,2,25125
v55187,2,25125
v55191,2,25125
v2615,2,25125
v55194,2,25125
v10903,2,25125
v10900,2,25125
v34106,2,25125
v55213,2,25125
v19032,2,25125
v55223,2,25125
v28722,2,25125
v23932,2,25125
v10894,2,25125
v61515,2,25125
v26037,2,25125
v55243,2,25125
v55252,2,25125
v23113,2,25125
v42194,2,25125
v2577,2,25125
v15208,2,25125
v2573,2,25125
v55283,2,25125
v2572,2,25125
v15206,2,25125
v2564,2,25125
v10874,2,25125
v55303,2,25125
v42221,2,25125
v42224,2,25125
v55314,2,25125
v2543,2,25125
v55323,2,25125
v2538,2,25125
v42231,2,25125
v55341,2,25125
v55342,2,25125
v15204,2,25125
v2527,2,25125
v55360,2,25125
v10865,2,25125
v2492,2,25125
v34169,2,25125
v42244,2,25125
v2490,2,25125
v8518,2,25125
v42250,2,25125
v55398,2,25125
v55400,2,25125
v28752,2,25125
v19013,2,25125
v55409,2,25125
v24657,2,25125
v24658,2,25125
v55413,2,25125
v28758,2,25125
v8501,2,25125
v17498,2,25125
v42279,2,25125
v34196,2,25125
v34201,2,25125
v8459,2,25125
v42296,2,25125
v19006,2,25125
v26058,2,25125
v42309,2,25125
v10847,2,25125
v8458,2,25125
v34217,2,25125
v26067,2,25125
v55494,2,25125
v15194,2,25125
v34225,2,25125
v42334,2,25125
v24663,2,25125
v2451,2,25125
v26073,2,25125
v34237,2,25125
v42342,2,25125
v18998,2,25125
v10840,2,25125
v55550,2,25125
v8451,2,25125
v34251,2,25125
v10829,2,25125
v15182,2,25125
v2372,2,25125
v55571,2,25125
v15180,2,25125
v15178,2,25125
v2371,2,25125
v34292,2,25125
v34295,2,25125
v15165,2,25125
v8447,2,25125
v34305,2,25125
v55606,2,25125
v42398,2,25125
v15160,2,25125
v55616,2,25125
v55619,2,25125
v34313,2,25125
v26081,2,25125
v15153,2,25125
v42412,2,25125
v55648,2,25125
v24668,2,25125
v26088,2,25125
v15136,2,25125
v28826,2,25125
v55667,2,25125
v2359,2,25125
v42451,2,25125
v34339,2,25125
v34346,2,25125
v34347,2,25125
v10806,2,25125
v26093,2,25125
v15117,2,25125
v34359,2,25125
v2321,2,25125
v55734,2,25125
v15115,2,25125
v15114,2,25125
v2292,2,25125
v8399,2,25125
v55751,2,25125
v10775,2,25125
v17481,2,25125
v15111,2,25125
v10771,2,25125
v2278,2,25125
v55771,2,25125
v55779,2,25125
v10770,2,25125
v17479,2,25125
v28848,2,25125
v8393,2,25125
v42541,2,25125
v55811,2,25125
v10767,2,25125
v10761,2,25125
v55821,2,25125
v2264,2,25125
v34411,2,25125
v10758,2,25125
v2254,2,25125
v34417,2,25125
v10757,2,25125
v55847,2,25125
v55848,2,25125
v24677,2,25125
v55865,2,25125
v55868,2,25125
v15071,2,25125
v2178,2,25125
v2173,2,25125
v10749,2,25125
v55903,2,25125
v10748,2,25125
v55916,2,25125
v34449,2,25125
v23941,2,25125
v55927,2,25125
v55929,2,25125
v42615,2,25125
v55931,2,25125
v10745,2,25125
v42620,2,25125
v28882,2,25125
v10744,2,25125
v34461,2,25125
v55960,2,25125
v55965,2,25125
v55968,2,25125
v8348,2,25125
v34479,2,25125
v42655,2,25125
v17462,2,25125
v15050,2,25125
v34490,2,25125
v56025,2,25125
v42674,2,25125
v42678,2,25125
v28905,2,25125
v10739,2,25125
v2151,2,25125
v17457,2,25125
v10738,2,25125
v56057,2,25125
v56064,2,25125
v56065,2,25125
v10737,2,25125
v42707,2,25125
v56074,2,25125
v56076,2,25125
v8344,2,25125
v15037,2,25125
v34521,2,25125
v24683,2,25125
v19823,2,25125
v26131,2,25125
v15028,2,25125
v24686,2,25125
v42732,2,25125
v15025,2,25125
v34539,2,25125
v10724,2,25125
v34545,2,25125
v42744,2,25125
v10722,2,25125
v26133,2,25125
v34552,2,25125
v28940,2,25125
v15017,2,25125
v56136,2,25125
v24687,2,25125
v42764,2,25125
v56142,2,25125
v2127,2,25125
v2126,2,25125
v56160,2,25125
v56162,2,25125
v8342,2,25125
v34569,2,25125
v2118,2,25125
v34572,2,25125
v56189,2,25125
v15001,2,25125
v23585,2,25125
v18966,2,25125
v26142,2,25125
v34589,2,25125
v34593,2,25125
v2092,2,25125
v56210,2,25125
v34597,2,25125
v56216,2,25125
v23944,2,25125
v28967,2,25125
v42822,2,25125
v42823,2,25125
v10704,2,25125
v34608,2,25125
v10697,2,25125
v34619,2,25125
v23945,2,25125
v26150,2,25125
v10691,2,25125
v56274,2,25125
v26152,2,25125
v14978,2,25125
v8321,2,25125
v20447,2,25125
v14975,2,25125
v26166,2,25125
v42894,2,25125
v56330,2,25125
v42906,2,25125
v42907,2,25125
v10668,2,25125
v26173,2,25125
v56349,2,25125
v42914,2,25125
v56353,2,25125
v42919,2,25125
v42920,2,25125
v34664,2,25125
v56371,2,25125
v14956,2,25125
v29007,2,25125
v10661,2,25125
v8303,2,25125
v42935,2,25125
v42942,2,25125
v10649,2,25125
v34679,2,25125
v34683,2,25125
v10643,2,25125
v14937,2,25125
v8287,2,25125
v23592,2,25125
v56436,2,25125
v1992,2,25125
v8285,2,25125
v42968,2,25125
v34687,2,25125
v42971,2,25125
v56453,2,25125
v34691,2,25125
v56458,2,25125
v56462,2,25125
v8281,2,25125
v14921,2,25125
v34702,2,25125
v10607,2,25125
v23593,2,25125
v34707,2,25125
v56486,2,25125
v42995,2,25125
v8263,2,25125
v34712,2,25125
v8253,2,25125
v10594,2,25125
v43011,2,25125
v56514,2,25125
v56516,2,25125
v56517,2,25125
v56518,2,25125
v56520,2,25125
v56521,2,25125
v34722,2,25125
v1969,2,25125
v1962,2,25125
v34725,2,25125
v14902,2,25125
v34731,2,25125
v26187,2,25125
v43037,2,25125
v56556,2,25125
v17426,2,25125
v56566,2,25125
v10555,2,25125
v34744,2,25125
v43054,2,25125
v56585,2,25125
v43056,2,25125
v56589,2,25125
v1944,2,25125
v34746,2,25125
v56596,2,25125
v8240,2,25125
v56623,2,25125
v56624,2,25125
v43074,2,25125
v34757,2,25125
v56628,2,25125
v34759,2,25125
v10535,2,25125
v34761,2,25125
v14877,2,25125
v10529,2,25125
v34770,2,25125
v34776,2,25125
v26194,2,25125
v43114,2,25125
v26196,2,25125
v43119,2,25125
v8225,2,25125
v56690,2,25125
v10519,2,25125
v56697,2,25125
v34790,2,25125
v14876,2,25125
v43133,2,25125
v43134,2,25125
v34797,2,25125
v56729,2,25125
v1821,2,25125
v43151,2,25125
v56744,2,25125
v56745,2,25125
v56746,2,25125
v29056,2,25125
v8211,2,25125
v56753,2,25125
v46065,2,25125
v18923,2,25125
v8205,2,25125
v34811,2,25125
v43170,2,25125
v56779,2,25125
v56784,2,25125
v14854,2,25125
v20108,2,25125
v43179,2,25125
v10511,2,25125
v56801,2,25125
v56807,2,25125
v34821,2,25125
v56810,2,25125
v56817,2,25125
v34826,2,25125
v56821,2,25125
v43191,2,25125
v43194,2,25125
v34831,2,25125
v56835,2,25125
v56849,2,25125
v34841,2,25125
v1789,2,25125
v23959,2,25125
v10495,2,25125
v29073,2,25125
v56869,2,25125
v17420,2,25125
v14819,2,25125
v43221,2,25125
v8196,2,25125
v29076,2,25125
v56885,2,25125
v34855,2,25125
v29079,2,25125
v56898,2,25125
v1764,2,25125
v43306,2,25125
v18912,2,25125
v8167,2,25125
v34865,2,25125
v18900,2,25125
v34868,2,25125
v29089,2,25125
v43326,2,25125
v20439,2,25125
v8162,2,25125
v43337,2,25125
v29097,2,25125
v8161,2,25125
v14769,2,25125
v14767,2,25125
v29104,2,25125
v29105,2,25125
v24738,2,25125
v34907,2,25125
v26222,2,25125
v43379,2,25125
v43384,2,25125
v43385,2,25125
v20100,2,25125
v56993,2,25125
v23967,2,25125
v14756,2,25125
v29121,2,25125
v18893,2,25125
v14754,2,25125
v34927,2,25125
v29124,2,25125
v43402,2,25125
v34941,2,25125
v34942,2,25125
v34943,2,25125
v29132,2,25125
v29133,2,25125
v57034,2,25125
v57037,2,25125
v14644,2,25125
v29137,2,25125
v29138,2,25125
v14750,2,25125
v57047,2,25125
v43434,2,25125
v29141,2,25125
v43437,2,25125
v34959,2,25125
v10469,2,25125
v24747,2,25125
v18884,2,25125
v43446,2,25125
v24749,2,25125
v57069,2,25125
v29148,2,25125
v8137,2,25125
v8136,2,25125
v57078,2,25125
v57079,2,25125
v43460,2,25125
v34972,2,25125
v8132,2,25125
v8131,2,25125
v8128,2,25125
v34976,2,25125
v34980,2,25125
v10466,2,25125
v43477,2,25125
v14745,2,25125
v1685,2,25125
v29156,2,25125
v24174,2,25125
v43498,2,25125
v10454,2,25125
v26241,2,25125
v43503,2,25125
v34997,2,25125
v34998,2,25125
v26263,2,25125
v35006,2,25125
v35007,2,25125
v57153,2,25125
v43523,2,25125
v35010,2,25125
v43525,2,25125
v35015,2,25125
v35016,2,25125
v35021,2,25125
v43539,2,25125
v14734,2,25125
v8085,2,25125
v43544,2,25125
v57189,2,25125
v57194,2,25125
v8081,2,25125
v57202,2,25125
v35033,2,25125
v26269,2,25125
v35038,2,25125
v1627,2,25125
v23404,2,25125
v43566,2,25125
v23303,2,25125
v43570,2,25125
v43578,2,25125
v43579,2,25125
v8078,2,25125
v43584,2,25125
v1592,2,25125
v14729,2,25125
v18864,2,25125
v43599,2,25125
v29193,2,25125
v35067,2,25125
v43606,2,25125
v24764,2,25125
v8071,2,25125
v10442,2,25125
v29199,2,25125
v23406,2,25125
v26280,2,25125
v24766,2,25125
v43630,2,25125
v43633,2,25125
v43636,2,25125
v57315,2,25125
v57320,2,25125
v43640,2,25125
v1583,2,25125
v20265,2,25125
v8057,2,25125
v43655,2,25125
v10439,2,25125
v43659,2,25125
v1581,2,25125
v1580,2,25125
v35112,2,25125
v8047,2,25125
v43678,2,25125
v8036,2,25125
v57576,2,25125
v29223,2,25125
v26296,2,25125
v43685,2,25125
v35120,2,25125
v1559,2,25125
v29234,2,25125
v57409,2,25125
v8027,2,25125
v14709,2,25125
v35145,2,25125
v57424,2,25125
v29247,2,25125
v57433,2,25125
v10424,2,25125
v24785,2,25125
v14616,2,25125
v23615,2,25125
v29259,2,25125
v1522,2,25125
v18823,2,25125
v43740,2,25125
v35173,2,25125
v14613,2,25125
v26314,2,25125
v17373,2,25125
v8026,2,25125
v29276,2,25125
v23616,2,25125
v23617,2,25125
v35198,2,25125
v57605,2,25125
v18818,2,25125
v18815,2,25125
v29289,2,25125
v29290,2,25125
v43785,2,25125
v23410,2,25125
v57627,2,25125
v29297,2,25125
v8000,2,25125
v7997,2,25125
v7996,2,25125
v29304,2,25125
v43809,2,25125
v57665,2,25125
v35232,2,25125
v14636,2,25125
v10397,2,25125
v35239,2,25125
v14557,2,25125
v23996,2,25125
v57684,2,25125
v18808,2,25125
v18805,2,25125
v23626,2,25125
v43852,2,25125
v29330,2,25125
v29334,2,25125
v43862,2,25125
v43864,2,25125
v24814,2,25125
v18775,2,25125
v1418,2,25125
v43877,2,25125
v43879,2,25125
v26358,2,25125
v10389,2,25125
v14542,2,25125
v26359,2,25125
v26360,2,25125
v43896,2,25125
v57766,2,25125
v10386,2,25125
v7965,2,25125
v57772,2,25125
v57776,2,25125
v35290,2,25125
v29349,2,25125
v57789,2,25125
v35302,2,25125
v14537,2,25125
v57811,2,25125
v14533,2,25125
v43935,2,25125
v14531,2,25125
v23631,2,25125
v43941,2,25125
v29369,2,25125
v14529,2,25125
v57839,2,25125
v57840,2,25125
v14526,2,25125
v1317,2,25125
v17351,2,25125
v57858,2,25125
v57871,2,25125
v18748,2,25125
v17349,2,25125
v43970,2,25125
v35343,2,25125
v57881,2,25125
v43976,2,25125
v43979,2,25125
v18732,2,25125
v57898,2,25125
v1263,2,25125
v57907,2,25125
v57912,2,25125
v43992,2,25125
v57915,2,25125
v57918,2,25125
v1259,2,25125
v57920,2,25125
v29392,2,25125
v7907,2,25125
v57934,2,25125
v29396,2,25125
v1236,2,25125
v44008,2,25125
v44011,2,25125
v7904,2,25125
v14512,2,25125
v14509,2,25125
v29400,2,25125
v57971,2,25125
v7896,2,25125
v44028,2,25125
v14505,2,25125
v57984,2,25125
v44033,2,25125
v14500,2,25125
v24008,2,25125
v29408,2,25125
v58001,2,25125
v44045,2,25125
v58006,2,25125
v44050,2,25125
v14486,2,25125
v1206,2,25125
v7893,2,25125
v29413,2,25125
v35382,2,25125
v44059,2,25125
v35383,2,25125
v44062,2,25125
v46081,2,25125
v14484,2,25125
v58030,2,25125
v26385,2,25125
v58039,2,25125
v44074,2,25125
v26387,2,25125
v35394,2,25125
v44079,2,25125
v14478,2,25125
v44090,2,25125
v7864,2,25125
v7862,2,25125
v7846,2,25125
v44109,2,25125
v24827,2,25125
v7831,2,25125
v44118,2,25125
v7830,2,25125
v10340,2,25125
v58103,2,25125
v35410,2,25125
v14473,2,25125
v24828,2,25125
v44129,2,25125
v44130,2,25125
v35414,2,25125
v14470,2,25125
v29446,2,25125
v58133,2,25125
v17334,2,25125
v58136,2,25125
v44141,2,25125
v44142,2,25125
v58140,2,25125
v7802,2,25125
v58147,2,25125
v7798,2,25125
v58152,2,25125
v44155,2,25125
v44157,2,25125
v44159,2,25125
v1146,2,25125
v35428,2,25125
v44175,2,25125
v44178,2,25125
v29454,2,25125
v7784,2,25125
v24832,2,25125
v7749,2,25125
v44197,2,25125
v7715,2,25125
v7700,2,25125
v44206,2,25125
v7695,2,25125
v44208,2,25125
v7694,2,25125
v58229,2,25125
v24834,2,25125
v44219,2,25125
v58236,2,25125
v58237,2,25125
v58241,2,25125
v61632,2,25125
v7684,2,25125
v44227,2,25125
v35449,2,25125
v44234,2,25125
v44244,2,25125
v14460,2,25125
v14459,2,25125
v7665,2,25125
v1034,2,25125
v35460,2,25125
v35463,2,25125
v58296,2,25125
v44264,2,25125
v10331,2,25125
v35479,2,25125
v58325,2,25125
v29486,2,25125
v44289,2,25125
v44290,2,25125
v44291,2,25125
v14448,2,25125
v58343,2,25125
v35493,2,25125
v44305,2,25125
v7644,2,25125
v58359,2,25125
v26411,2,25125
v29495,2,25125
v7642,2,25125
v10307,2,25125
v35513,2,25125
v29499,2,25125
v35515,2,25125
v29502,2,25125
v3248,2,25125
v35524,2,25125
v7624,2,25125
v58411,2,25125
v7620,2,25125
v24845,2,25125
v24846,2,25125
v58418,2,25125
v7619,2,25125
v19772,2,25125
v14428,2,25125
v35549,2,25125
v26421,2,25125
v29522,2,25125
v35567,2,25125
v23419,2,25125
v29525,2,25125
v18671,2,25125
v35579,2,25125
v44395,2,25125
v58469,2,25125
v58471,2,25125
v14413,2,25125
v44398,2,25125
v23309,2,25125
v35587,2,25125
v35588,2,25125
v19760,2,25125
v58490,2,25125
v58491,2,25125
v44412,2,25125
v35601,2,25125
v29545,2,25125
v14400,2,25125
v44426,2,25125
v3247,2,25125
v58524,2,25125
v29555,2,25125
v44440,2,25125
v29556,2,25125
v35622,2,25125
v58538,2,25125
v58539,2,25125
v35627,2,25125
v924,2,25125
v7586,2,25125
v35634,2,25125
v14383,2,25125
v29565,2,25125
v29568,2,25125
v10284,2,25125
v22125,2,25125
v7580,2,25125
v29576,2,25125
v35661,2,25125
v19739,2,25125
v35664,2,25125
v35675,2,25125
v35676,2,25125
v29588,2,25125
v58620,2,25125
v10268,2,25125
v35685,2,25125
v919,2,25125
v35689,2,25125
v58652,2,25125
v24025,2,25125
v7566,2,25125
v58670,2,25125
v10258,2,25125
v7551,2,25125
v29610,2,25125
v44556,2,25125
v35719,2,25125
v58692,2,25125
v29611,2,25125
v17273,2,25125
v7532,2,25125
v44569,2,25125
v44572,2,25125
v26465,2,25125
v10248,2,25125
v18639,2,25125
v44580,2,25125
v44581,2,25125
v24028,2,25125
v44589,2,25125
v10243,2,25125
v17257,2,25125
v7521,2,25125
v58736,2,25125
v20252,2,25125
v18631,2,25125
v10236,2,25125
v10234,2,25125
v26483,2,25125
v44615,2,25125
v29641,2,25125
v35770,2,25125
v18629,2,25125
v58776,2,25125
v35778,2,25125
v10204,2,25125
v7516,2,25125
v44641,2,25125
v7514,2,25125
v58808,2,25125
v23426,2,25125
v44653,2,25125
v14332,2,25125
v10193,2,25125
v7513,2,25125
v14686,2,25125
v26495,2,25125
v10189,2,25125
v10186,2,25125
v35819,2,25125
v19738,2,25125
v35826,2,25125
v18620,2,25125
v35836,2,25125
v7495,2,25125
v26501,2,25125
v35842,2,25125
v10177,2,25125
v58896,2,25125
v10173,2,25125
v35855,2,25125
v44725,2,25125
v58909,2,25125
v44729,2,25125
v44730,2,25125
v18613,2,25125
v35859,2,25125
v35864,2,25125
v35865,2,25125
v61646,2,25125
v10170,2,25125
v35872,2,25125
v35877,2,25125
v7475,2,25125
v29687,2,25125
v35886,2,25125
v24895,2,25125
v10161,2,25125
v10160,2,25125
v59021,2,25125
v24039,2,25125
v59030,2,25125
v26518,2,25125
v23644,2,25125
v59046,2,25125
v59047,2,25125
v44798,2,25125
v26521,2,25125
v10156,2,25125
v44808,2,25125
v26524,2,25125
v29712,2,25125
v24043,2,25125
v59068,2,25125
v18605,2,25125
v26528,2,25125
v35935,2,25125
v14289,2,25125
v10146,2,25125
v14283,2,25125
v35951,2,25125
v44845,2,25125
v59105,2,25125
v17214,2,25125
v29734,2,25125
v44859,2,25125
v35961,2,25125
v59127,2,25125
v59131,2,25125
v59133,2,25125
v29742,2,25125
v59140,2,25125
v26545,2,25125
v24050,2,25125
v17203,2,25125
v29752,2,25125
v44883,2,25125
v35984,2,25125
v29754,2,25125
v35989,2,25125
v7453,2,25125
v17202,2,25125
v719,2,25125
v36002,2,25125
v36004,2,25125
v29766,2,25125
v26555,2,25125
v36010,2,25125
v10138,2,25125
v26556,2,25125
v44921,2,25125
v29770,2,25125
v10136,2,25125
v59206,2,25125
v24054,2,25125
v29776,2,25125
v18549,2,25125
v59245,2,25125
v36036,2,25125
v10132,2,25125
v23650,2,25125
v18548,2,25125
v14228,2,25125
v20396,2,25125
v44967,2,25125
v18547,2,25125
v29796,2,25125
v18546,2,25125
v27306,2,25125
v23317,2,25125
v44990,2,25125
v36076,2,25125
v7431,2,25125
v29809,2,25125
v59327,2,25125
v59329,2,25125
v36087,2,25125
v7429,2,25125
v59341,2,25125
v59348,2,25125
v29824,2,25125
v29825,2,25125
v59357,2,25125
v59358,2,25125
v45027,2,25125
v59360,2,25125
v10066,2,25125
v29827,2,25125
v29831,2,25125
v45037,2,25125
v36110,2,25125
v10063,2,25125
v36114,2,25125
v45048,2,25125
v59390,2,25125
v36115,2,25125
v691,2,25125
v59394,2,25125
v36120,2,25125
v24951,2,25125
v59407,2,25125
v672,2,25125
v45066,2,25125
v671,2,25125
v18536,2,25125
v653,2,25125
v36128,2,25125
v18535,2,25125
v36817,2,25125
v18534,2,25125
v45079,2,25125
v45081,2,25125
v10052,2,25125
v7397,2,25125
v59436,2,25125
v29846,2,25125
v29849,2,25125
v29850,2,25125
v7388,2,25125
v7381,2,25125
v23435,2,25125
v45097,2,25125
v644,2,25125
v26598,2,25125
v24069,2,25125
v18532,2,25125
v18531,2,25125
v10031,2,25125
v59476,2,25125
v7378,2,25125
v18530,2,25125
v45115,2,25125
v18529,2,25125
v10022,2,25125
v7376,2,25125
v7375,2,25125
v45125,2,25125
v59504,2,25125
v36167,2,25125
v28377,2,25125
v24965,2,25125
v14201,2,25125
v17175,2,25125
v36182,2,25125
v45156,2,25125
v59534,2,25125
v9989,2,25125
v24967,2,25125
v18527,2,25125
v23436,2,25125
v14197,2,25125
v9969,2,25125
v36202,2,25125
v59574,2,25125
v24972,2,25125
v9965,2,25125
v26618,2,25125
v29898,2,25125
v9964,2,25125
v36224,2,25125
v563,2,25125
v24071,2,25125
v29904,2,25125
v17151,2,25125
v36235,2,25125
v9960,2,25125
v20395,2,25125
v17149,2,25125
v17146,2,25125
v36248,2,25125
v59626,2,25125
v7372,2,25125
v45239,2,25125
v36257,2,25125
v36258,2,25125
v45250,2,25125
v45251,2,25125
v36260,2,25125
v7352,2,25125
v29924,2,25125
v7345,2,25125
v7334,2,25125
v36267,2,25125
v36269,2,25125
v26637,2,25125
v9947,2,25125
v59691,2,25125
v50007,2,25125
v29935,2,25125
v59701,2,25125
v7320,2,25125
v18522,2,25125
v558,2,25125
v36292,2,25125
v17126,2,25125
v29948,2,25125
v45307,2,25125
v7308,2,25125
v29950,2,25125
v17115,2,25125
v18521,2,25125
v36308,2,25125
v23663,2,25125
v29956,2,25125
v59747,2,25125
v555,2,25125
v36321,2,25125
v36322,2,25125
v45342,2,25125
v9934,2,25125
v59792,2,25125
v29971,2,25125
v45363,2,25125
v59807,2,25125
v45369,2,25125
v24077,2,25125
v45378,2,25125
v59824,2,25125
v29983,2,25125
v36356,2,25125
v29987,2,25125
v45396,2,25125
v59850,2,25125
v59851,2,25125
v59853,2,25125
v36365,2,25125
v9929,2,25125
v45405,2,25125
v29992,2,25125
v45408,2,25125
v29993,2,25125
v36370,2,25125
v14128,2,25125
v45426,2,25125
v7275,2,25125
v45432,2,25125
v26663,2,25125
v36385,2,25125
v30007,2,25125
v463,2,25125
v14119,2,25125
v14115,2,25125
v36399,2,25125
v462,2,25125
v14114,2,25125
v17108,2,25125
v59927,2,25125
v17106,2,25125
v14109,2,25125
v30024,2,25125
v59940,2,25125
v36412,2,25125
v46097,2,25125
v59951,2,25125
v45476,2,25125
v46100,2,25125
v46101,2,25125
v7257,2,25125
v45482,2,25125
v30030,2,25125
v36422,2,25125
v45491,2,25125
v30032,2,25125
v7252,2,25125
v45502,2,25125
v9918,2,25125
v45506,2,25125
v7233,2,25125
v26676,2,25125
v7225,2,25125
v30036,2,25125
v7224,2,25125
v30037,2,25125
v7223,2,25125
v7222,2,25125
v9912,2,25125
v9911,2,25125
v30040,2,25125
v60020,2,25125
v9907,2,25125
v7220,2,25125
v60024,2,25125
v45532,2,25125
v7216,2,25125
v36445,2,25125
v7207,2,25125
v60037,2,25125
v9906,2,25125
v17090,2,25125
v30046,2,25125
v45558,2,25125
v60060,2,25125
v45567,2,25125
v23245,2,25125
v9902,2,25125
v7182,2,25125
v45580,2,25125
v45582,2,25125
v36469,2,25125
v60098,2,25125
v60099,2,25125
v45594,2,25125
v26690,2,25125
v14099,2,25125
v45601,2,25125
v14097,2,25125
v7176,2,25125
v7175,2,25125
v14084,2,25125
v25004,2,25125
v7170,2,25125
v60125,2,25125
v14080,2,25125
v45618,2,25125
v36491,2,25125
v36493,2,25125
v36497,2,25125
v7161,2,25125
v36504,2,25125
v7158,2,25125
v30073,2,25125
v14050,2,25125
v7155,2,25125
v60180,2,25125
v36527,2,25125
v60189,2,25125
v45666,2,25125
v30082,2,25125
v36531,2,25125
v45669,2,25125
v7146,2,25125
v36533,2,25125
v7144,2,25125
v7130,2,25125
v393,2,25125
v60219,2,25125
v45686,2,25125
v36541,2,25125
v60226,2,25125
v60228,2,25125
v7126,2,25125
v60231,2,25125
v45692,2,25125
v45697,2,25125
v7120,2,25125
v45699,2,25125
v17072,2,25125
v30119,2,25125
v19702,2,25125
v7112,2,25125
v9873,2,25125
v25011,2,25125
v45712,2,25125
v7108,2,25125
v9870,2,25125
v14046,2,25125
v45717,2,25125
v45718,2,25125
v60268,2,25125
v7107,2,25125
v46109,2,25125
v26714,2,25125
v7106,2,25125
v45733,2,25125
v30126,2,25125
v9864,2,25125
v17069,2,25125
v7104,2,25125
v23323,2,25125
v7089,2,25125
v30134,2,25125
v60360,2,25125
v7088,2,25125
v45758,2,25125
v7087,2,25125
v7086,2,25125
v17066,2,25125
v24088,2,25125
v14026,2,25125
v30148,2,25125
v7084,2,25125
v60405,2,25125
v7076,2,25125
v18510,2,25125
v25025,2,25125
v30161,2,25125
v7073,2,25125
v36608,2,25125
v30163,2,25125
v36611,2,25125
v9843,2,25125
v45830,2,25125
v13985,2,25125
v45838,2,25125
v9840,2,25125
v9839,2,25125
v9834,2,25125
v45847,2,25125
v13979,2,25125
v9831,2,25125
v45867,2,25125
v30181,2,25125
v45869,2,25125
v45871,2,25125
v36649,2,25125
v9828,2,25125
v60504,2,25125
v7035,2,25125
v45881,2,25125
v60514,2,25125
v9827,2,25125
v60520,2,25125
v45892,2,25125
v20046,2,25125
v7029,2,25125
v60529,2,25125
v9826,2,25125
v60531,2,25125
v45902,2,25125
v13965,2,25125
v9825,2,25125
v9823,2,25125
v354,2,25125
v351,2,25125
v60560,2,25125
v350,2,25125
v9821,2,25125
v30201,2,25125
v36682,2,25125
v60594,2,25125
v9817,2,25125
v61670,2,25125
v45943,2,25125
v13946,2,25125
v45950,2,25125
v13939,2,25125
v9812,2,25125
v60624,2,25125
v60625,2,25125
v60631,2,25125
v9809,2,25125
v45973,2,25125
v13927,2,25125
v13926,2,25125
v60654,2,25125
v60660,2,25125
v30222,2,25125
v297,2,25125
v25035,2,25125
v6977,2,25125
v46002,2,25125
v9806,2,25125
v25036,2,25125
v60685,2,25125
v30229,2,25125
v60687,2,25125
v13899,2,25125
v46020,2,25125
v13894,2,25125
v6975,2,25125
v46026,2,25125
v36738,2,25125
v13887,2,25125
v46029,2,25125
v13886,2,25125
v46031,2,25125
v9798,2,25125
v46038,2,25125
v13878,2,25125
v36746,2,25125
v13877,2,25125
v17032,2,25125
v46051,2,25125
v9784,2,25125
v60738,2,25125
v30537,2,25125
v36756,2,25125
v46060,2,25125
v6960,2,25125
v36758,2,25125
v6952,2,25125
v46114,2,25125
v6948,2,25125
v46119,2,25125
v46121,2,25125
v6946,2,25125
v46123,2,25125
v46126,2,25125
v46127,2,25125
v46128,2,25125
v18507,2,25125
v18505,2,25125
v6945,2,25125
v191,2,25125
v46139,2,25125
v46141,2,25125
v46142,2,25125
v9779,2,25125
v60807,2,25125
v30254,2,25125
v46151,2,25125
v46154,2,25125
v26758,2,25125
v30257,2,25125
v60834,2,25125
v36778,2,25125
v60841,2,25125
v9776,2,25125
v46175,2,25125
v46176,2,25125
v9775,2,25125
v24097,2,25125
v17024,2,25125
v61671,2,25125
v6933,2,25125
v46197,2,25125
v28380,2,25125
v9774,2,25125
v46202,2,25125
v46205,2,25125
v46206,2,25125
v46212,2,25125
v46214,2,25125
v60890,2,25125
v46219,2,25125
v46221,2,25125
v46227,2,25125
v60907,2,25125
v60908,2,25125
v60909,2,25125
v60910,2,25125
v60911,2,25125
v24098,2,25125
v46236,2,25125
v46239,2,25125
v6925,2,25125
v30279,2,25125
v6920,2,25125
v46256,2,25125
v46258,2,25125
v36829,2,25125
v9761,2,25125
v6898,2,25125
v46268,2,25125
v9759,2,25125
v9758,2,25125
v36842,2,25125
v46280,2,25125
v13853,2,25125
v14675,2,25125
v46291,2,25125
v14674,2,25125
v30291,2,25125
v13847,2,25125
v30296,2,25125
v6892,2,25125
v60994,2,25125
v9752,2,25125
v46321,2,25125
v36868,2,25125
v18499,2,25125
v61015,2,25125
v61020,2,25125
v46330,2,25125
v9747,2,25125
v30303,2,25125
v6886,2,25125
v61035,2,25125
v9739,2,25125
v9738,2,25125
v6876,2,25125
v9737,2,25125
v61069,2,25125
v61070,2,25125
v61082,2,25125
v9725,2,25125
v30312,2,25125
v61098,2,25125
v36906,2,25125
v9719,2,25125
v9718,2,25125
v13824,2,25125
v46391,2,25125
v36916,2,25125
v36917,2,25125
v18497,2,25125
v30321,2,25125
v30326,2,25125
v16991,2,25125
v9717,2,25125
v16990,2,25125
v46424,2,25125
v26789,2,25125
v13812,2,25125
v61158,2,25125
v14673,2,25125
v30347,2,25125
v46442,2,25125
v30351,2,25125
v36967,2,25125
v46456,2,25125
v36969,2,25125
v36970,2,25125
v30357,2,25125
v30358,2,25125
v13784,2,25125
v30368,2,25125
v18491,2,25125
v9688,2,25125
v13777,2,25125
v61223,2,25125
v25057,2,25125
v61234,2,25125
v9633,2,25125
v6863,2,25125
v13760,2,25125
v6860,2,25125
v26806,2,25125
v13752,2,25125
v61267,2,25125
v61909,2,25125
v30389,2,25125
v9618,2,25125
v46540,2,25125
v61283,2,25125
v61284,2,25125
v46542,2,25125
v6856,2,25125
v24105,2,25125
v61307,2,25125
v28383,2,25125
v9613,2,25125
v61324,2,25125
v61326,2,25125
v37038,2,25125
v37043,2,25125
v37045,2,25125
v46582,2,25125
v46585,2,25125
v61348,2,25125
v61357,2,25125
v26817,2,25125
v30409,2,25125
v9612,2,25125
v22054,2,25125
v22049,2,25125
v22047,2,25125
v22036,2,25125
v22028,2,25125
v23680,2,25125
v22016,2,25125
v46612,2,25125
v46615,2,25125
v23085,2,25125
v22086,2,25125
v22094,2,25125
v46619,2,25125
v22098,2,25125
v37065,2,25125
v22103,2,25125
v21971,2,25125
v46624,2,25125
v6846,2,25125
v37066,2,25125
v21951,2,25125
v22172,2,25125
v21948,2,25125
v21946,2,25125
v21943,2,25125
v37067,2,25125
v21929,2,25125
v46631,2,25125
v6845,2,25125
v22193,2,25125
v46637,2,25125
v46638,2,25125
v46641,2,25125
v46644,2,25125
v13739,2,25125
v6843,2,25125
v22223,2,25125
v22224,2,25125
v46651,2,25125
v22226,2,25125
v13737,2,25125
v6841,2,25125
v22243,2,25125
v22244,2,25125
v23451,2,25125
v21844,2,25125
v22254,2,25125
v6815,2,25125
v13736,2,25125
v22257,2,25125
v24113,2,25125
v21827,2,25125
v21819,2,25125
v21813,2,25125
v19679,2,25125
v21805,2,25125
v22294,2,25125
v21802,2,25125
v21775,2,25125
v22307,2,25125
v46691,2,25125
v22325,2,25125
v22332,2,25125
v21712,2,25125
v24116,2,25125
v22343,2,25125
v9597,2,25125
v22347,2,25125
v22349,2,25125
v23091,2,25125
v46704,2,25125
v22366,2,25125
v46707,2,25125
v37108,2,25125
v46713,2,25125
v21637,2,25125
v20236,2,25125
v21621,2,25125
v22398,2,25125
v9582,2,25125
v9581,2,25125
v13726,2,25125
v22409,2,25125
v13725,2,25125
v21606,2,25125
v21603,2,25125
v19674,2,25125
v22420,2,25125
v37124,2,25125
v37125,2,25125
v22425,2,25125
v22433,2,25125
v22434,2,25125
v22435,2,25125
v23093,2,25125
v46738,2,25125
v22440,2,25125
v46740,2,25125
v22457,2,25125
v46757,2,25125
v6792,2,25125
v21556,2,25125
v21548,2,25125
v13714,2,25125
v21547,2,25125
v21545,2,25125
v6790,2,25125
v21542,2,25125
v22494,2,25125
v21516,2,25125
v6789,2,25125
v37135,2,25125
v21507,2,25125
v16943,2,25125
v37140,2,25125
v22515,2,25125
v22516,2,25125
v21469,2,25125
v22522,2,25125
v46778,2,25125
v6787,2,25125
v21453,2,25125
v6783,2,25125
v21420,2,25125
v21404,2,25125
v21399,2,25125
v21396,2,25125
v46792,2,25125
v21387,2,25125
v6774,2,25125
v21342,2,25125
v37149,2,25125
v21326,2,25125
v37152,2,25125
v21318,2,25125
v21316,2,25125
v26846,2,25125
v20528,2,25125
v22621,2,25125
v30465,2,25125
v24123,2,25125
v22629,2,25125
v22631,2,25125
v21262,2,25125
v21250,2,25125
v30469,2,25125
v21246,2,25125
v22642,2,25125
v22643,2,25125
v21222,2,25125
v21221,2,25125
v21216,2,25125
v37166,2,25125
v21164,2,25125
v9569,2,25125
v21159,2,25125
v21154,2,25125
v21146,2,25125
v21131,2,25125
v21130,2,25125
v22680,2,25125
v22681,2,25125
v30472,2,25125
v46839,2,25125
v22693,2,25125
v21098,2,25125
v9567,2,25125
v37173,2,25125
v21090,2,25125
v21081,2,25125
v22711,2,25125
v21066,2,25125
v22720,2,25125
v6699,2,25125
v21042,2,25125
v21040,2,25125
v21039,2,25125
v18467,2,25125
v21038,2,25125
v6691,2,25125
v46862,2,25125
v46864,2,25125
v21021,2,25125
v9560,2,25125
v46866,2,25125
v6676,2,25125
v22756,2,25125
v6675,2,25125
v21004,2,25125
v30477,2,25125
v20994,2,25125
v20988,2,25125
v20979,2,25125
v6674,2,25125
v6673,2,25125
v20955,2,25125
v20951,2,25125
v20949,2,25125
v20945,2,25125
v6666,2,25125
v22804,2,25125
v22808,2,25125
v13695,2,25125
v37189,2,25125
v6655,2,25125
v20910,2,25125
v22820,2,25125
v20905,2,25125
v13690,2,25125
v46895,2,25125
v22830,2,25125
v22831,2,25125
v20898,2,25125
v46898,2,25125
v20889,2,25125
v22845,2,25125
v26857,2,25125
v16934,2,25125
v20857,2,25125
v6647,2,25125
v46913,2,25125
v20850,2,25125
v22871,2,25125
v6646,2,25125
v22885,2,25125
v37210,2,25125
v46929,2,25125
v9541,2,25125
v46932,2,25125
v22906,2,25125
v22912,2,25125
v46937,2,25125
v26252,2,25125
v61403,2,25125
v20804,2,25125
v46946,2,25125
v20791,2,25125
v6643,2,25125
v9539,2,25125
v22962,2,25125
v22967,2,25125
v20777,2,25125
v20776,2,25125
v23456,2,25125
v25091,2,25125
v25092,2,25125
v22985,2,25125
v20764,2,25125
v61407,2,25125
v20755,2,25125
v22994,2,25125
v9534,2,25125
v46961,2,25125
v23004,2,25125
v23005,2,25125
v23014,2,25125
v20737,2,25125
v20736,2,25125
v23018,2,25125
v23022,2,25125
v20710,2,25125
v9533,2,25125
v46975,2,25125
v20697,2,25125
v20696,2,25125
v23043,2,25125
v20691,2,25125
v37238,2,25125
v9518,2,25125
v20683,2,25125
v9512,2,25125
v23061,2,25125
v23120,2,25125
v23124,2,25125
v20676,2,25125
v20662,2,25125
v23132,2,25125
v23135,2,25125
v23149,2,25125
v23158,2,25125
v20642,2,25125
v20641,2,25125
v20640,2,25125
v23170,2,25125
v23171,2,25125
v23174,2,25125
v23178,2,25125
v37257,2,25125
v23185,2,25125
v47006,2,25125
v6608,2,25125
v20612,2,25125
v20611,2,25125
v20610,2,25125
v37260,2,25125
v20596,2,25125
v9503,2,25125
v20595,2,25125
v23212,2,25125
v23214,2,25125
v23215,2,25125
v23216,2,25125
v20593,2,25125
v49929,1,29284
v41560,1,29284
v54209,1,29284
v3298,1,29284
v36490,1,29284
v41562,1,29284
v9073,1,29284
v8665,1,29284
v50057,1,29284
v21540,1,29284
v39072,1,29284
v36492,1,29284
v54218,1,29284
v54219,1,29284
v33640,1,29284
v24317,1,29284
v49918,1,29284
v33642,1,29284
v41571,1,29284
v15509,1,29284
v28470,1,29284
v33645,1,29284
v60142,1,29284
v39063,1,29284
v54230,1,29284
v22492,1,29284
v12616,1,29284
v27480,1,29284
v41578,1,29284
v28472,1,29284
v60144,1,29284
v36494,1,29284
v25452,1,29284
v14072,1,29284
v54240,1,29284
v22493,1,29284
v18515,1,29284
v54243,1,29284
v54244,1,29284
v28474,1,29284
v49904,1,29284
v49903,1,29284
v19432,1,29284
v54249,1,29284
v54250,1,29284
v54251,1,29284
v54252,1,29284
v19139,1,29284
v30841,1,29284
v15505,1,29284
v15504,1,29284
v54257,1,29284
v49898,1,29284
v17602,1,29284
v5326,1,29284
v26695,1,29284
v26696,1,29284
v15501,1,29284
v17598,1,29284
v14066,1,29284
v54268,1,29284
v15491,1,29284
v28485,1,29284
v33666,1,29284
v8655,1,29284
v19660,1,29284
v26697,1,29284
v36503,1,29284
v49894,1,29284
v54278,1,29284
v54279,1,29284
v16421,1,29284
v49881,1,29284
v17594,1,29284
v28490,1,29284
v33675,1,29284
v41607,1,29284
v31741,1,29284
v54287,1,29284
v25932,1,29284
v54289,1,29284
v49869,1,29284
v54291,1,29284
v19130,1,29284
v49861,1,29284
v54294,1,29284
v54295,1,29284
v54296,1,29284
v23082,1,29284
v27468,1,29284
v33679,1,29284
v41612,1,29284
v36505,1,29284
v54303,1,29284
v23909,1,29284
v22496,1,29284
v54306,1,29284
v45640,1,29284
v54308,1,29284
v45641,1,29284
v54310,1,29284
v36506,1,29284
v47356,1,29284
v20579,1,29284
v54314,1,29284
v5331,1,29284
v41618,1,29284
v31731,1,29284
v33686,1,29284
v49854,1,29284
v36511,1,29284
v36513,1,29284
v49852,1,29284
v33689,1,29284
v39787,1,29284
v39024,1,29284
v54326,1,29284
v54327,1,29284
v14053,1,29284
v54329,1,29284
v54330,1,29284
v41625,1,29284
v3257,1,29284
v33691,1,29284
v25938,1,29284
v19124,1,29284
v25006,1,29284
v17586,1,29284
v41631,1,29284
v36516,1,29284
v31727,1,29284
v6124,1,29284
v36519,1,29284
v54344,1,29284
v60171,1,29284
v54346,1,29284
v9412,1,29284
v39022,1,29284
v41636,1,29284
v28506,1,29284
v36521,1,29284
v28507,1,29284
v37731,1,29284
v41642,1,29284
v39020,1,29284
v41644,1,29284
v54357,1,29284
v37273,1,29284
v17074,1,29284
v54360,1,29284
v15477,1,29284
v47113,1,29284
v33703,1,29284
v28509,1,29284
v46767,1,29284
v3256,1,29284
v33705,1,29284
v54368,1,29284
v33706,1,29284
v23119,1,29284
v11178,1,29284
v33709,1,29284
v33710,1,29284
v39015,1,29284
v36525,1,29284
v52498,1,29284
v60182,1,29284
v45660,1,29284
v25946,1,29284
v8644,1,29284
v33718,1,29284
v47881,1,29284
v49839,1,29284
v37730,1,29284
v61724,1,29284
v60186,1,29284
v49831,1,29284
v31719,1,29284
v31718,1,29284
v20781,1,29284
v15450,1,29284
v19121,1,29284
v33726,1,29284
v33727,1,29284
v20192,1,29284
v54396,1,29284
v47877,1,29284
v54398,1,29284
v41679,1,29284
v28523,1,29284
v20780,1,29284
v54402,1,29284
v24306,1,29284
v24598,1,29284
v25949,1,29284
v60190,1,29284
v62061,1,29284
v54408,1,29284
v17073,1,29284
v33735,1,29284
v41688,1,29284
v23913,1,29284
v54413,1,29284
v15443,1,29284
v54415,1,29284
v28534,1,29284
v33739,1,29284
v21506,1,29284
v20589,1,29284
v60194,1,29284
v33742,1,29284
v15441,1,29284
v15436,1,29284
v15435,1,29284
v8632,1,29284
v54426,1,29284
v60195,1,29284
v19116,1,29284
v49823,1,29284
v28542,1,29284
v6788,1,29284
v46951,1,29284
v54433,1,29284
v54434,1,29284
v33750,1,29284
v28544,1,29284
v54437,1,29284
v54438,1,29284
v13648,1,29284
v39003,1,29284
v3203,1,29284
v54442,1,29284
v54443,1,29284
v60199,1,29284
v33753,1,29284
v38999,1,29284
v54447,1,29284
v49817,1,29284
v54449,1,29284
v31713,1,29284
v13649,1,29284
v23569,1,29284
v54453,1,29284
v54456,1,29284
v6127,1,29284
v38995,1,29284
v47875,1,29284
v20121,1,29284
v54461,1,29284
v54462,1,29284
v38994,1,29284
v38990,1,29284
v45671,1,29284
v15415,1,29284
v36532,1,29284
v28388,1,29284
v15411,1,29284
v54470,1,29284
v25094,1,29284
v38987,1,29284
v62296,1,29284
v33768,1,29284
v54475,1,29284
v45674,1,29284
v15404,1,29284
v15403,1,29284
v15400,1,29284
v38986,1,29284
v47874,1,29284
v49803,1,29284
v28567,1,29284
v37727,1,29284
v15394,1,29284
v38985,1,29284
v19108,1,29284
v54488,1,29284
v30086,1,29284
v28574,1,29284
v54491,1,29284
v41736,1,29284
v37726,1,29284
v30113,1,29284
v33782,1,29284
v11131,1,29284
v33784,1,29284
v33785,1,29284
v27017,1,29284
v49799,1,29284
v6326,1,29284
v37141,1,29284
v3199,1,29284
v19105,1,29284
v41746,1,29284
v54506,1,29284
v54507,1,29284
v8630,1,29284
v3190,1,29284
v54510,1,29284
v9577,1,29284
v37723,1,29284
v23571,1,29284
v49798,1,29284
v60217,1,29284
v62175,1,29284
v50047,1,29284
v9082,1,29284
v54521,1,29284
v54522,1,29284
v50041,1,29284
v24612,1,29284
v45683,1,29284
v26705,1,29284
v23919,1,29284
v31706,1,29284
v54527,1,29284
v8627,1,29284
v54529,1,29284
v16473,1,29284
v36540,1,29284
v60223,1,29284
v54533,1,29284
v21478,1,29284
v16491,1,29284
v47111,1,29284
v33800,1,29284
v61406,1,29284
v27447,1,29284
v45688,1,29284
v23693,1,29284
v23921,1,29284
v45689,1,29284
v46777,1,29284
v23922,1,29284
v20245,1,29284
v31701,1,29284
v33808,1,29284
v12652,1,29284
v49780,1,29284
v25977,1,29284
v54552,1,29284
v21470,1,29284
v20645,1,29284
v45693,1,29284
v61452,1,29284
v28589,1,29284
v16797,1,29284
v11116,1,29284
v33819,1,29284
v9419,1,29284
v31694,1,29284
v45696,1,29284
v28591,1,29284
v54566,1,29284
v15366,1,29284
v15364,1,29284
v27444,1,29284
v24617,1,29284
v47104,1,29284
v30612,1,29284
v38967,1,29284
v12656,1,29284
v33831,1,29284
v54577,1,29284
v33832,1,29284
v41792,1,29284
v54580,1,29284
v54581,1,29284
v23210,1,29284
v18443,1,29284
v41795,1,29284
v15359,1,29284
v33835,1,29284
v33836,1,29284
v45701,1,29284
v54589,1,29284
v15357,1,29284
v31686,1,29284
v25009,1,29284
v45703,1,29284
v12657,1,29284
v54595,1,29284
v25180,1,29284
v11102,1,29284
v54598,1,29284
v60244,1,29284
v46779,1,29284
v21467,1,29284
v12670,1,29284
v54603,1,29284
v20775,1,29284
v49762,1,29284
v38952,1,29284
v18105,1,29284
v11090,1,29284
v45707,1,29284
v22974,1,29284
v54611,1,29284
v27437,1,29284
v45709,1,29284
v60252,1,29284
v7110,1,29284
v38949,1,29284
v49753,1,29284
v11064,1,29284
v15356,1,29284
v38945,1,29284
v15355,1,29284
v11063,1,29284
v19086,1,29284
v28603,1,29284
v15354,1,29284
v15353,1,29284
v24298,1,29284
v60254,1,29284
v54630,1,29284
v46781,1,29284
v41830,1,29284
v33858,1,29284
v54634,1,29284
v12680,1,29284
v33859,1,29284
v33860,1,29284
v49747,1,29284
v54639,1,29284
v60256,1,29284
v38941,1,29284
v28607,1,29284
v37143,1,29284
v54644,1,29284
v54645,1,29284
v38939,1,29284
v49739,1,29284
v54648,1,29284
v12684,1,29284
v60258,1,29284
v3086,1,29284
v41843,1,29284
v47351,1,29284
v25988,1,29284
v54655,1,29284
v15348,1,29284
v17567,1,29284
v41847,1,29284
v30548,1,29284
v17566,1,29284
v54661,1,29284
v23106,1,29284
v9868,1,29284
v19081,1,29284
v27428,1,29284
v21447,1,29284
v54667,1,29284
v54668,1,29284
v31667,1,29284
v21446,1,29284
v49729,1,29284
v30609,1,29284
v54673,1,29284
v60265,1,29284
v54675,1,29284
v43284,1,29284
v54677,1,29284
v33880,1,29284
v33881,1,29284
v54680,1,29284
v49728,1,29284
v54682,1,29284
v33882,1,29284
v45719,1,29284
v9865,1,29284
v33883,1,29284
v33884,1,29284
v21445,1,29284
v33885,1,29284
v41863,1,29284
v41864,1,29284
v33886,1,29284
v33887,1,29284
v30123,1,29284
v33888,1,29284
v15342,1,29284
v62112,1,29284
v54700,1,29284
v11036,1,29284
v33892,1,29284
v54703,1,29284
v41873,1,29284
v49725,1,29284
v60271,1,29284
v54706,1,29284
v3065,1,29284
v18111,1,29284
v54709,1,29284
v25992,1,29284
v8610,1,29284
v15339,1,29284
v38925,1,29284
v28621,1,29284
v15337,1,29284
v45723,1,29284
v38924,1,29284
v45724,1,29284
v33901,1,29284
v11028,1,29284
v15336,1,29284
v27423,1,29284
v19079,1,29284
v54723,1,29284
v54724,1,29284
v54725,1,29284
v33906,1,29284
v54727,1,29284
v54728,1,29284
v54729,1,29284
v54730,1,29284
v6133,1,29284
v54732,1,29284
v25994,1,29284
v27422,1,29284
v41894,1,29284
v3058,1,29284
v45725,1,29284
v24624,1,29284
v27421,1,29284
v54740,1,29284
v27420,1,29284
v38149,1,29284
v22539,1,29284
v54744,1,29284
v54745,1,29284
v54746,1,29284
v27419,1,29284
v54748,1,29284
v45726,1,29284
v24085,1,29284
v16942,1,29284
v45729,1,29284
v25996,1,29284
v38915,1,29284
v49708,1,29284
v47099,1,29284
v47864,1,29284
v54756,1,29284
v61891,1,29284
v41908,1,29284
v54759,1,29284
v54760,1,29284
v41909,1,29284
v30608,1,29284
v9506,1,29284
v54764,1,29284
v9468,1,29284
v27418,1,29284
v54767,1,29284
v9469,1,29284
v38910,1,29284
v47863,1,29284
v54771,1,29284
v60291,1,29284
v54773,1,29284
v49701,1,29284
v49698,1,29284
v38908,1,29284
v18117,1,29284
v30830,1,29284
v41918,1,29284
v33926,1,29284
v36562,1,29284
v61551,1,29284
v54783,1,29284
v60347,1,29284
v54785,1,29284
v15330,1,29284
v28636,1,29284
v45739,1,29284
v33932,1,29284
v30128,1,29284
v30129,1,29284
v47337,1,29284
v41928,1,29284
v54794,1,29284
v54795,1,29284
v14042,1,29284
v25417,1,29284
v19057,1,29284
v26716,1,29284
v31645,1,29284
v49688,1,29284
v15326,1,29284
v49687,1,29284
v61811,1,29284
v38898,1,29284
v15324,1,29284
v45745,1,29284
v41936,1,29284
v22548,1,29284
v24087,1,29284
v41938,1,29284
v38895,1,29284
v38894,1,29284
v54814,1,29284
v15323,1,29284
v31641,1,29284
v21409,1,29284
v10995,1,29284
v9573,1,29284
v41942,1,29284
v19461,1,29284
v8582,1,29284
v30135,1,29284
v54824,1,29284
v54825,1,29284
v54826,1,29284
v54827,1,29284
v54828,1,29284
v46790,1,29284
v33946,1,29284
v49677,1,29284
v45752,1,29284
v45753,1,29284
v20774,1,29284
v54835,1,29284
v45755,1,29284
v33949,1,29284
v33950,1,29284
v36571,1,29284
v49676,1,29284
v9103,1,29284
v54842,1,29284
v46111,1,29284
v9422,1,29284
v22978,1,29284
v38887,1,29284
v36573,1,29284
v33953,1,29284
v43261,1,29284
v54850,1,29284
v54851,1,29284
v60369,1,29284
v45760,1,29284
v49670,1,29284
v54855,1,29284
v54856,1,29284
v6337,1,29284
v49669,1,29284
v41955,1,29284
v49668,1,29284
v9856,1,29284
v36575,1,29284
v9470,1,29284
v54863,1,29284
v37709,1,29284
v14664,1,29284
v49667,1,29284
v33956,1,29284
v45767,1,29284
v15315,1,29284
v41965,1,29284
v15314,1,29284
v15309,1,29284
v54874,1,29284
v54875,1,29284
v45768,1,29284
v33962,1,29284
v47855,1,29284
v37707,1,29284
v17552,1,29284
v41973,1,29284
v20773,1,29284
v49666,1,29284
v37253,1,29284
v14666,1,29284
v28656,1,29284
v54888,1,29284
v41978,1,29284
v41979,1,29284
v25161,1,29284
v54892,1,29284
v13513,1,29284
v45777,1,29284
v30142,1,29284
v54896,1,29284
v47848,1,29284
v41983,1,29284
v45779,1,29284
v15291,1,29284
v26004,1,29284
v28662,1,29284
v33977,1,29284
v54904,1,29284
v33978,1,29284
v54906,1,29284
v54907,1,29284
v54908,1,29284
v49665,1,29284
v54910,1,29284
v10963,1,29284
v19055,1,29284
v41993,1,29284
v49661,1,29284
v59001,1,29284
v5371,1,29284
v45781,1,29284
v2817,1,29284
v37699,1,29284
v45783,1,29284
v12715,1,29284
v8573,1,29284
v54923,1,29284
v25415,1,29284
v54925,1,29284
v23447,1,29284
v33986,1,29284
v42001,1,29284
v49650,1,29284
v49649,1,29284
v61693,1,29284
v38870,1,29284
v54933,1,29284
v33989,1,29284
v25159,1,29284
v54936,1,29284
v54937,1,29284
v42006,1,29284
v54939,1,29284
v15275,1,29284
v33992,1,29284
v15270,1,29284
v54943,1,29284
v45788,1,29284
v18125,1,29284
v24293,1,29284
v54948,1,29284
v54949,1,29284
v54950,1,29284
v54951,1,29284
v33994,1,29284
v49625,1,29284
v47839,1,29284
v10960,1,29284
v54956,1,29284
v54957,1,29284
v30146,1,29284
v42013,1,29284
v22981,1,29284
v22560,1,29284
v60401,1,29284
v6138,1,29284
v33997,1,29284
v33998,1,29284
v46793,1,29284
v19052,1,29284
v23246,1,29284
v12729,1,29284
v10956,1,29284
v54971,1,29284
v49623,1,29284
v37407,1,29284
v42023,1,29284
v31620,1,29284
v54976,1,29284
v49620,1,29284
v18512,1,29284
v23761,1,29284
v49618,1,29284
v54981,1,29284
v54982,1,29284
v42029,1,29284
v10944,1,29284
v15264,1,29284
v31615,1,29284
v23236,1,29284
v60407,1,29284
v24635,1,29284
v21379,1,29284
v8562,1,29284
v18511,1,29284
v61893,1,29284
v12731,1,29284
v49611,1,29284
v54996,1,29284
v34016,1,29284
v26013,1,29284
v60411,1,29284
v60412,1,29284
v25410,1,29284
v2804,1,29284
v55003,1,29284
v26015,1,29284
v31610,1,29284
v30153,1,29284
v60414,1,29284
v55008,1,29284
v8557,1,29284
v60415,1,29284
v42049,1,29284
v24153,1,29284
v49608,1,29284
v55014,1,29284
v42051,1,29284
v12734,1,29284
v55017,1,29284
v37406,1,29284
v55018,1,29284
v42054,1,29284
v2793,1,29284
v25408,1,29284
v55022,1,29284
v9113,1,29284
v30814,1,29284
v2787,1,29284
v55026,1,29284
v49602,1,29284
v49598,1,29284
v49590,1,29284
v55030,1,29284
v17045,1,29284
v42060,1,29284
v5407,1,29284
v34031,1,29284
v24093,1,29284
v49588,1,29284
v55037,1,29284
v38835,1,29284
v37693,1,29284
v55040,1,29284
v55043,1,29284
v55046,1,29284
v22565,1,29284
v55048,1,29284
v2781,1,29284
v55050,1,29284
v14009,1,29284
v22567,1,29284
v55053,1,29284
v24638,1,29284
v13517,1,29284
v20308,1,29284
v55057,1,29284
v9851,1,29284
v47831,1,29284
v45812,1,29284
v49585,1,29284
v28689,1,29284
v47829,1,29284
v45816,1,29284
v55065,1,29284
v55066,1,29284
v42074,1,29284
v30501,1,29284
v42076,1,29284
v60432,1,29284
v10912,1,29284
v6832,1,29284
v50033,1,29284
v49584,1,29284
v55075,1,29284
v42079,1,29284
v2771,1,29284
v49581,1,29284
v17541,1,29284
v55080,1,29284
v42081,1,29284
v38832,1,29284
v55083,1,29284
v24640,1,29284
v55085,1,29284
v9849,1,29284
v55087,1,29284
v23114,1,29284
v8547,1,29284
v47326,1,29284
v55092,1,29284
v25026,1,29284
v61949,1,29284
v55095,1,29284
v42088,1,29284
v47825,1,29284
v60439,1,29284
v9844,1,29284
v21363,1,29284
v2734,1,29284
v55102,1,29284
v10910,1,29284
v13525,1,29284
v55105,1,29284
v15245,1,29284
v55107,1,29284
v55108,1,29284
v55109,1,29284
v50045,1,29284
v55111,1,29284
v31584,1,29284
v24094,1,29284
v55114,1,29284
v2729,1,29284
v13988,1,29284
v47325,1,29284
v34054,1,29284
v55119,1,29284
v15244,1,29284
v45831,1,29284
v49574,1,29284
v8539,1,29284
v55124,1,29284
v55125,1,29284
v38826,1,29284
v23325,1,29284
v24643,1,29284
v37401,1,29284
v15240,1,29284
v37685,1,29284
v45834,1,29284
v5413,1,29284
v20205,1,29284
v28706,1,29284
v13984,1,29284
v37682,1,29284
v13982,1,29284
v55137,1,29284
v55138,1,29284
v47323,1,29284
v60456,1,29284
v28707,1,29284
v10906,1,29284
v34079,1,29284
v34080,1,29284
v34081,1,29284
v34082,1,29284
v55147,1,29284
v38823,1,29284
v34083,1,29284
v34084,1,29284
v47321,1,29284
v34086,1,29284
v37679,1,29284
v2679,1,29284
v34087,1,29284
v17535,1,29284
v36628,1,29284
v19041,1,29284
v55159,1,29284
v61550,1,29284
v22579,1,29284
v38821,1,29284
v10905,1,29284
v57522,1,29284
v28710,1,29284
v17532,1,29284
v55165,1,29284
v12746,1,29284
v45843,1,29284
v55169,1,29284
v55171,1,29284
v38819,1,29284
v34095,1,29284
v37678,1,29284
v38818,1,29284
v55176,1,29284
v45844,1,29284
v42138,1,29284
v42139,1,29284
v55180,1,29284
v47320,1,29284
v42142,1,29284
v47805,1,29284
v12749,1,29284
v55184,1,29284
v34099,1,29284
v34100,1,29284
v21352,1,29284
v42147,1,29284
v55189,1,29284
v49558,1,29284
v18356,1,29284
v27392,1,29284
v36633,1,29284
v13531,1,29284
v45851,1,29284
v31575,1,29284
v43225,1,29284
v55198,1,29284
v55199,1,29284
v21204,1,29284
v45852,1,29284
v34105,1,29284
v46799,1,29284
v34107,1,29284
v42156,1,29284
v55206,1,29284
v34108,1,29284
v42159,1,29284
v28718,1,29284
v34110,1,29284
v34111,1,29284
v15222,1,29284
v30176,1,29284
v25030,1,29284
v55215,1,29284
v17523,1,29284
v34115,1,29284
v34116,1,29284
v42168,1,29284
v49549,1,29284
v55222,1,29284
v47801,1,29284
v55224,1,29284
v37399,1,29284
v55226,1,29284
v42170,1,29284
v13978,1,29284
v60481,1,29284
v34120,1,29284
v55231,1,29284
v19022,1,29284
v49546,1,29284
v5422,1,29284
v55235,1,29284
v60482,1,29284
v28726,1,29284
v49541,1,29284
v55239,1,29284
v28728,1,29284
v61895,1,29284
v16537,1,29284
v45860,1,29284
v38800,1,29284
v55245,1,29284
v15215,1,29284
v49532,1,29284
v18136,1,29284
v28733,1,29284
v26039,1,29284
v10884,1,29284
v60485,1,29284
v30180,1,29284
v9120,1,29284
v42189,1,29284
v8523,1,29284
v42191,1,29284
v55258,1,29284
v10883,1,29284
v55260,1,29284
v30799,1,29284
v19020,1,29284
v15210,1,29284
v55265,1,29284
v10882,1,29284
v34141,1,29284
v61470,1,29284
v47793,1,29284
v55270,1,29284
v19015,1,29284
v45864,1,29284
v42202,1,29284
v49528,1,29284
v55276,1,29284
v31561,1,29284
v42205,1,29284
v42206,1,29284
v36645,1,29284
v31560,1,29284
v47792,1,29284
v42208,1,29284
v10879,1,29284
v37395,1,29284
v17509,1,29284
v13707,1,29284
v34278,1,29284
v55290,1,29284
v17508,1,29284
v42214,1,29284
v61415,1,29284
v45870,1,29284
v31552,1,29284
v55296,1,29284
v34152,1,29284
v34153,1,29284
v55299,1,29284
v10873,1,29284
v55301,1,29284
v55302,1,29284
v18444,1,29284
v28744,1,29284
v45872,1,29284
v31550,1,29284
v10872,1,29284
v25399,1,29284
v6146,1,29284
v55310,1,29284
v10871,1,29284
v49521,1,29284
v46802,1,29284
v38788,1,29284
v42227,1,29284
v42228,1,29284
v55318,1,29284
v38785,1,29284
v55320,1,29284
v45875,1,29284
v55322,1,29284
v20772,1,29284
v42229,1,29284
v25397,1,29284
v55326,1,29284
v55327,1,29284
v55328,1,29284
v55329,1,29284
v55330,1,29284
v55331,1,29284
v10870,1,29284
v55333,1,29284
v55334,1,29284
v13535,1,29284
v13975,1,29284
v55337,1,29284
v61820,1,29284
v55339,1,29284
v42233,1,29284
v21337,1,29284
v60505,1,29284
v5460,1,29284
v55344,1,29284
v55345,1,29284
v55346,1,29284
v55347,1,29284
v55348,1,29284
v34162,1,29284
v55350,1,29284
v26739,1,29284
v49507,1,29284
v55353,1,29284
v55354,1,29284
v55355,1,29284
v55356,1,29284
v2532,1,29284
v46804,1,29284
v2494,1,29284
v47783,1,29284
v2493,1,29284
v38779,1,29284
v37268,1,29284
v55364,1,29284
v55365,1,29284
v34167,1,29284
v42240,1,29284
v38778,1,29284
v25184,1,29284
v45882,1,29284
v55371,1,29284
v13973,1,29284
v55373,1,29284
v55374,1,29284
v55375,1,29284
v47781,1,29284
v42245,1,29284
v55379,1,29284
v55380,1,29284
v55381,1,29284
v55382,1,29284
v55383,1,29284
v55384,1,29284
v45885,1,29284
v55386,1,29284
v28749,1,29284
v34171,1,29284
v49502,1,29284
v47300,1,29284
v55391,1,29284
v45886,1,29284
v10864,1,29284
v49500,1,29284
v42253,1,29284
v31541,1,29284
v62164,1,29284
v37659,1,29284
v27375,1,29284
v13972,1,29284
v26048,1,29284
v49493,1,29284
v55403,1,29284
v6343,1,29284
v55405,1,29284
v45890,1,29284
v49492,1,29284
v34181,1,29284
v37151,1,29284
v60521,1,29284
v60522,1,29284
v25395,1,29284
v60523,1,29284
v25394,1,29284
v55415,1,29284
v55416,1,29284
v55417,1,29284
v62315,1,29284
v45891,1,29284
v20024,1,29284
v38769,1,29284
v34188,1,29284
v18139,1,29284
v8485,1,29284
v34190,1,29284
v55426,1,29284
v49482,1,29284
v34191,1,29284
v28760,1,29284
v42273,1,29284
v55431,1,29284
v20770,1,29284
v42275,1,29284
v38764,1,29284
v8476,1,29284
v42277,1,29284
v15199,1,29284
v37658,1,29284
v34195,1,29284
v49480,1,29284
v9536,1,29284
v55442,1,29284
v61991,1,29284
v61821,1,29284
v42285,1,29284
v34198,1,29284
v42287,1,29284
v49479,1,29284
v15198,1,29284
v8464,1,29284
v55451,1,29284
v42291,1,29284
v49477,1,29284
v46809,1,29284
v55455,1,29284
v20765,1,29284
v17496,1,29284
v37153,1,29284
v31532,1,29284
v45896,1,29284
v45897,1,29284
v55462,1,29284
v26059,1,29284
v26060,1,29284
v55465,1,29284
v55466,1,29284
v10857,1,29284
v26061,1,29284
v17493,1,29284
v18150,1,29284
v20206,1,29284
v2462,1,29284
v5490,1,29284
v10855,1,29284
v15197,1,29284
v12760,1,29284
v55476,1,29284
v45898,1,29284
v42310,1,29284
v55479,1,29284
v55480,1,29284
v37657,1,29284
v12761,1,29284
v55482,1,29284
v45900,1,29284
v7027,1,29284
v38748,1,29284
v50030,1,29284
v42317,1,29284
v31523,1,29284
v49451,1,29284
v42320,1,29284
v55491,1,29284
v18165,1,29284
v42321,1,29284
v6151,1,29284
v49446,1,29284
v5517,1,29284
v15195,1,29284
v55498,1,29284
v55499,1,29284
v42324,1,29284
v25153,1,29284
v60541,1,29284
v15193,1,29284
v55504,1,29284
v55505,1,29284
v55506,1,29284
v55507,1,29284
v12762,1,29284
v55509,1,29284
v42328,1,29284
v19000,1,29284
v55512,1,29284
v26069,1,29284
v27358,1,29284
v31512,1,29284
v34231,1,29284
v60542,1,29284
v55516,1,29284
v21313,1,29284
v37254,1,29284
v55520,1,29284
v31510,1,29284
v28785,1,29284
v60545,1,29284
v49430,1,29284
v42339,1,29284
v55526,1,29284
v61823,1,29284
v9824,1,29284
v60547,1,29284
v34238,1,29284
v17489,1,29284
v34240,1,29284
v55533,1,29284
v55534,1,29284
v55535,1,29284
v23581,1,29284
v28789,1,29284
v60548,1,29284
v2400,1,29284
v42349,1,29284
v5525,1,29284
v55542,1,29284
v18997,1,29284
v42351,1,29284
v34245,1,29284
v55546,1,29284
v55547,1,29284
v24279,1,29284
v21310,1,29284
v21308,1,29284
v7017,1,29284
v55552,1,29284
v10830,1,29284
v55554,1,29284
v15185,1,29284
v55556,1,29284
v34250,1,29284
v42359,1,29284
v30790,1,29284
v49421,1,29284
v13963,1,29284
v34281,1,29284
v15183,1,29284
v2373,1,29284
v28795,1,29284
v19835,1,29284
v34285,1,29284
v45912,1,29284
v13961,1,29284
v38725,1,29284
v60556,1,29284
v49418,1,29284
v15181,1,29284
v45914,1,29284
v13960,1,29284
v42372,1,29284
v46813,1,29284
v42373,1,29284
v10827,1,29284
v28801,1,29284
v46814,1,29284
v55580,1,29284
v55581,1,29284
v34293,1,29284
v26079,1,29284
v60561,1,29284
v9136,1,29284
v49416,1,29284
v26080,1,29284
v55588,1,29284
v34297,1,29284
v42383,1,29284
v42384,1,29284
v55592,1,29284
v22613,1,29284
v34299,1,29284
v28805,1,29284
v49415,1,29284
v47772,1,29284
v34302,1,29284
v42392,1,29284
v28807,1,29284
v9137,1,29284
v5545,1,29284
v7008,1,29284
v55604,1,29284
v28808,1,29284
v7007,1,29284
v55607,1,29284
v45919,1,29284
v34307,1,29284
v55610,1,29284
v38722,1,29284
v55612,1,29284
v30197,1,29284
v15158,1,29284
v31505,1,29284
v47768,1,29284
v55617,1,29284
v34312,1,29284
v36673,1,29284
v8443,1,29284
v42406,1,29284
v37156,1,29284
v12769,1,29284
v15154,1,29284
v36675,1,29284
v50002,1,29284
v6995,1,29284
v8428,1,29284
v38718,1,29284
v34318,1,29284
v8420,1,29284
v26082,1,29284
v42419,1,29284
v42420,1,29284
v31503,1,29284
v55636,1,29284
v26083,1,29284
v42423,1,29284
v30528,1,29284
v15151,1,29284
v15150,1,29284
v26084,1,29284
v42430,1,29284
v26085,1,29284
v34326,1,29284
v8416,1,29284
v26086,1,29284
v45926,1,29284
v55649,1,29284
v8414,1,29284
v55651,1,29284
v42436,1,29284
v60575,1,29284
v55654,1,29284
v60576,1,29284
v42439,1,29284
v28824,1,29284
v34331,1,29284
v30199,1,29284
v55661,1,29284
v34333,1,29284
v49402,1,29284
v36677,1,29284
v26089,1,29284
v31500,1,29284
v60579,1,29284
v15135,1,29284
v55669,1,29284
v55670,1,29284
v47765,1,29284
v34338,1,29284
v42450,1,29284
v55674,1,29284
v60581,1,29284
v42452,1,29284
v42453,1,29284
v60582,1,29284
v34340,1,29284
v49394,1,29284
v34342,1,29284
v49393,1,29284
v42460,1,29284
v23582,1,29284
v34344,1,29284
v17484,1,29284
v30200,1,29284
v49391,1,29284
v22615,1,29284
v55690,1,29284
v42466,1,29284
v34348,1,29284
v34349,1,29284
v42469,1,29284
v49388,1,29284
v8403,1,29284
v42472,1,29284
v42473,1,29284
v23583,1,29284
v60585,1,29284
v9820,1,29284
v55702,1,29284
v49387,1,29284
v17483,1,29284
v15126,1,29284
v16801,1,29284
v42481,1,29284
v34357,1,29284
v38710,1,29284
v30595,1,29284
v9436,1,29284
v55712,1,29284
v55713,1,29284
v55714,1,29284
v55716,1,29284
v55717,1,29284
v42485,1,29284
v55719,1,29284
v55720,1,29284
v55721,1,29284
v55722,1,29284
v55723,1,29284
v18180,1,29284
v2319,1,29284
v49379,1,29284
v49378,1,29284
v42489,1,29284
v34361,1,29284
v34362,1,29284
v55732,1,29284
v5573,1,29284
v45936,1,29284
v10790,1,29284
v45937,1,29284
v49376,1,29284
v34366,1,29284
v26095,1,29284
v17482,1,29284
v45938,1,29284
v42499,1,29284
v55743,1,29284
v45939,1,29284
v55745,1,29284
v9138,1,29284
v28840,1,29284
v6721,1,29284
v55749,1,29284
v34373,1,29284
v13950,1,29284
v46817,1,29284
v28841,1,29284
v23755,1,29284
v21285,1,29284
v60598,1,29284
v55757,1,29284
v42509,1,29284
v10772,1,29284
v47043,1,29284
v42512,1,29284
v15103,1,29284
v34382,1,29284
v34383,1,29284
v8398,1,29284
v55766,1,29284
v49370,1,29284
v25152,1,29284
v31492,1,29284
v42517,1,29284
v47754,1,29284
v61827,1,29284
v8396,1,29284
v31491,1,29284
v55775,1,29284
v55776,1,29284
v38699,1,29284
v15101,1,29284
v36688,1,29284
v36689,1,29284
v55781,1,29284
v55782,1,29284
v27345,1,29284
v60604,1,29284
v6161,1,29284
v49361,1,29284
v34391,1,29284
v17477,1,29284
v28850,1,29284
v55790,1,29284
v38697,1,29284
v28853,1,29284
v38695,1,29284
v55794,1,29284
v30530,1,29284
v15098,1,29284
v38694,1,29284
v15097,1,29284
v23939,1,29284
v49356,1,29284
v61606,1,29284
v42539,1,29284
v47097,1,29284
v55804,1,29284
v55805,1,29284
v21284,1,29284
v23940,1,29284
v19476,1,29284
v16569,1,29284
v55810,1,29284
v30593,1,29284
v30208,1,29284
v38688,1,29284
v55814,1,29284
v17475,1,29284
v55816,1,29284
v10762,1,29284
v6988,1,29284
v55819,1,29284
v17474,1,29284
v6987,1,29284
v55822,1,29284
v47752,1,29284
v55824,1,29284
v10760,1,29284
v16806,1,29284
v34412,1,29284
v30210,1,29284
v38682,1,29284
v49337,1,29284
v42556,1,29284
v8391,1,29284
v55833,1,29284
v42558,1,29284
v34416,1,29284
v20207,1,29284
v2256,1,29284
v60615,1,29284
v42560,1,29284
v55840,1,29284
v47293,1,29284
v27340,1,29284
v9140,1,29284
v55844,1,29284
v38676,1,29284
v30211,1,29284
v13934,1,29284
v13933,1,29284
v9141,1,29284
v5592,1,29284
v17473,1,29284
v34422,1,29284
v55853,1,29284
v30531,1,29284
v18981,1,29284
v49322,1,29284
v12868,1,29284
v5598,1,29284
v28867,1,29284
v15085,1,29284
v55861,1,29284
v42573,1,29284
v57532,1,29284
v49316,1,29284
v38669,1,29284
v49308,1,29284
v60620,1,29284
v47747,1,29284
v12879,1,29284
v27338,1,29284
v9811,1,29284
v49300,1,29284
v42580,1,29284
v10755,1,29284
v42582,1,29284
v9662,1,29284
v23347,1,29284
v18197,1,29284
v34436,1,29284
v13931,1,29284
v8375,1,29284
v18209,1,29284
v27332,1,29284
v15069,1,29284
v49288,1,29284
v49287,1,29284
v42590,1,29284
v49285,1,29284
v49283,1,29284
v2195,1,29284
v61682,1,29284
v42592,1,29284
v17469,1,29284
v19956,1,29284
v9143,1,29284
v47042,1,29284
v31454,1,29284
v34441,1,29284
v16574,1,29284
v55896,1,29284
v55897,1,29284
v55898,1,29284
v34442,1,29284
v34443,1,29284
v10750,1,29284
v60626,1,29284
v13930,1,29284
v42602,1,29284
v55906,1,29284
v13929,1,29284
v34447,1,29284
v12910,1,29284
v5605,1,29284
v49270,1,29284
v55912,1,29284
v55913,1,29284
v55914,1,29284
v8368,1,29284
v47746,1,29284
v55917,1,29284
v42609,1,29284
v55919,1,29284
v60630,1,29284
v55921,1,29284
v58999,1,29284
v34450,1,29284
v55924,1,29284
v15067,1,29284
v30467,1,29284
v36704,1,29284
v55928,1,29284
v36705,1,29284
v22628,1,29284
v13554,1,29284
v34453,1,29284
v55933,1,29284
v10747,1,29284
v55935,1,29284
v42618,1,29284
v45969,1,29284
v55938,1,29284
v45970,1,29284
v18217,1,29284
v34457,1,29284
v15066,1,29284
v47739,1,29284
v13928,1,29284
v55945,1,29284
v55946,1,29284
v47041,1,29284
v28883,1,29284
v34463,1,29284
v34464,1,29284
v10743,1,29284
v61997,1,29284
v55953,1,29284
v15063,1,29284
v55955,1,29284
v28885,1,29284
v55957,1,29284
v5610,1,29284
v55959,1,29284
v47737,1,29284
v8355,1,29284
v61999,1,29284
v55963,1,29284
v55964,1,29284
v60642,1,29284
v38641,1,29284
v12919,1,29284
v45974,1,29284
v43245,1,29284
v16576,1,29284
v27326,1,29284
v55972,1,29284
v49255,1,29284
v55974,1,29284
v55975,1,29284
v42640,1,29284
v34469,1,29284
v55978,1,29284
v55979,1,29284
v55980,1,29284
v42642,1,29284
v55982,1,29284
v34470,1,29284
v55984,1,29284
v28886,1,29284
v42645,1,29284
v55985,1,29284
v12921,1,29284
v27325,1,29284
v18980,1,29284
v15060,1,29284
v49252,1,29284
v55991,1,29284
v55992,1,29284
v34476,1,29284
v55994,1,29284
v34477,1,29284
v37640,1,29284
v34478,1,29284
v55998,1,29284
v60645,1,29284
v45976,1,29284
v56001,1,29284
v27324,1,29284
v56003,1,29284
v9146,1,29284
v56005,1,29284
v38626,1,29284
v8347,1,29284
v57538,1,29284
v34483,1,29284
v56009,1,29284
v42661,1,29284
v24680,1,29284
v28895,1,29284
v38625,1,29284
v42665,1,29284
v15051,1,29284
v49237,1,29284
v26995,1,29284
v34488,1,29284
v45978,1,29284
v56020,1,29284
v56021,1,29284
v56022,1,29284
v36711,1,29284
v49232,1,29284
v30468,1,29284
v56026,1,29284
v56027,1,29284
v56028,1,29284
v12945,1,29284
v20751,1,29284
v34493,1,29284
v56032,1,29284
v56033,1,29284
v42676,1,29284
v49221,1,29284
v56035,1,29284
v36714,1,29284
v42679,1,29284
v15046,1,29284
v34497,1,29284
v20594,1,29284
v28906,1,29284
v42684,1,29284
v28907,1,29284
v10741,1,29284
v13925,1,29284
v12946,1,29284
v34503,1,29284
v42690,1,29284
v45984,1,29284
v42691,1,29284
v34504,1,29284
v56052,1,29284
v34505,1,29284
v42694,1,29284
v22127,1,29284
v27323,1,29284
v45985,1,29284
v47732,1,29284
v60659,1,29284
v49215,1,29284
v28912,1,29284
v15044,1,29284
v42702,1,29284
v49214,1,29284
v26124,1,29284
v21257,1,29284
v45987,1,29284
v49213,1,29284
v21256,1,29284
v30223,1,29284
v12952,1,29284
v31426,1,29284
v56070,1,29284
v34517,1,29284
v26125,1,29284
v27322,1,29284
v30224,1,29284
v56075,1,29284
v26743,1,29284
v30776,1,29284
v15038,1,29284
v27321,1,29284
v47729,1,29284
v56081,1,29284
v25150,1,29284
v42716,1,29284
v38609,1,29284
v24682,1,29284
v30562,1,29284
v34525,1,29284
v45994,1,29284
v34527,1,29284
v18968,1,29284
v28926,1,29284
v26130,1,29284
v28928,1,29284
v47725,1,29284
v15029,1,29284
v6640,1,29284
v6981,1,29284
v26745,1,29284
v27320,1,29284
v28933,1,29284
v34537,1,29284
v45999,1,29284
v46000,1,29284
v28935,1,29284
v34542,1,29284
v15024,1,29284
v37271,1,29284
v56108,1,29284
v56109,1,29284
v60678,1,29284
v28937,1,29284
v37379,1,29284
v56113,1,29284
v56114,1,29284
v56115,1,29284
v42745,1,29284
v42746,1,29284
v9807,1,29284
v42748,1,29284
v21241,1,29284
v28939,1,29284
v42751,1,29284
v34550,1,29284
v34551,1,29284
v37164,1,29284
v31422,1,29284
v42755,1,29284
v49201,1,29284
v19591,1,29284
v42757,1,29284
v28941,1,29284
v42759,1,29284
v49198,1,29284
v9156,1,29284
v42760,1,29284
v38601,1,29284
v47095,1,29284
v34556,1,29284
v23001,1,29284
v49194,1,29284
v21238,1,29284
v36727,1,29284
v42765,1,29284
v26747,1,29284
v56143,1,29284
v31418,1,29284
v30768,1,29284
v34558,1,29284
v37628,1,29284
v56149,1,29284
v18222,1,29284
v42769,1,29284
v8343,1,29284
v26136,1,29284
v56154,1,29284
v15012,1,29284
v49189,1,29284
v56157,1,29284
v56158,1,29284
v56159,1,29284
v46012,1,29284
v49186,1,29284
v26986,1,29284
v15011,1,29284
v34566,1,29284
v42777,1,29284
v42778,1,29284
v19957,1,29284
v56168,1,29284
v10720,1,29284
v9802,1,29284
v13900,1,29284
v56172,1,29284
v56173,1,29284
v56174,1,29284
v47285,1,29284
v8341,1,29284
v34570,1,29284
v49184,1,29284
v62326,1,29284
v13897,1,29284
v12968,1,29284
v56182,1,29284
v34573,1,29284
v34574,1,29284
v15009,1,29284
v15007,1,29284
v42792,1,29284
v56188,1,29284
v36735,1,29284
v27311,1,29284
v60699,1,29284
v34579,1,29284
v18967,1,29284
v10719,1,29284
v28955,1,29284
v5644,1,29284
v42800,1,29284
v27290,1,29284
v28957,1,29284
v46019,1,29284
v49174,1,29284
v21229,1,29284
v2110,1,29284
v47717,1,29284
v49172,1,29284
v46022,1,29284
v56203,1,29284
v49170,1,29284
v10712,1,29284
v56206,1,29284
v46023,1,29284
v22647,1,29284
v24692,1,29284
v21226,1,29284
v34595,1,29284
v14996,1,29284
v56213,1,29284
v21224,1,29284
v34598,1,29284
v47284,1,29284
v56217,1,29284
v18965,1,29284
v38587,1,29284
v46962,1,29284
v47016,1,29284
v49167,1,29284
v56224,1,29284
v56225,1,29284
v28968,1,29284
v56227,1,29284
v34604,1,29284
v21219,1,29284
v6831,1,29284
v56231,1,29284
v37267,1,29284
v27289,1,29284
v56234,1,29284
v34606,1,29284
v5645,1,29284
v28969,1,29284
v46033,1,29284
v56242,1,29284
v14992,1,29284
v34610,1,29284
v56245,1,29284
v56246,1,29284
v56247,1,29284
v18964,1,29284
v2080,1,29284
v34612,1,29284
v18962,1,29284
v14989,1,29284
v2065,1,29284
v46034,1,29284
v56255,1,29284
v56256,1,29284
v26148,1,29284
v34617,1,29284
v34618,1,29284
v56260,1,29284
v46035,1,29284
v14986,1,29284
v5649,1,29284
v28378,1,29284
v42842,1,29284
v56266,1,29284
v49156,1,29284
v56268,1,29284
v13883,1,29284
v34623,1,29284
v42845,1,29284
v49153,1,29284
v21194,1,29284
v47716,1,29284
v10685,1,29284
v62153,1,29284
v16916,1,29284
v56278,1,29284
v13002,1,29284
v56280,1,29284
v38579,1,29284
v26153,1,29284
v56284,1,29284
v56285,1,29284
v5662,1,29284
v42854,1,29284
v31399,1,29284
v56289,1,29284
v42856,1,29284
v31397,1,29284
v49139,1,29284
v17444,1,29284
v18946,1,29284
v42861,1,29284
v42862,1,29284
v5676,1,29284
v16579,1,29284
v23586,1,29284
v49127,1,29284
v26985,1,29284
v10673,1,29284
v47713,1,29284
v8320,1,29284
v49123,1,29284
v13014,1,29284
v28986,1,29284
v49120,1,29284
v31391,1,29284
v23299,1,29284
v20279,1,29284
v46043,1,29284
v19961,1,29284
v42880,1,29284
v28993,1,29284
v56314,1,29284
v56315,1,29284
v20446,1,29284
v8318,1,29284
v8317,1,29284
v8314,1,29284
v8313,1,29284
v23328,1,29284
v8308,1,29284
v60727,1,29284
v49113,1,29284
v38558,1,29284
v34652,1,29284
v26169,1,29284
v46963,1,29284
v42895,1,29284
v9788,1,29284
v49104,1,29284
v42897,1,29284
v38556,1,29284
v42899,1,29284
v34655,1,29284
v29001,1,29284
v49100,1,29284
v56336,1,29284
v62006,1,29284
v25171,1,29284
v42905,1,29284
v46047,1,29284
v30764,1,29284
v2051,1,29284
v24708,1,29284
v37294,1,29284
v42910,1,29284
v34659,1,29284
v56347,1,29284
v46050,1,29284
v46966,1,29284
v56350,1,29284
v56351,1,29284
v60735,1,29284
v47090,1,29284
v9163,1,29284
v56355,1,29284
v9164,1,29284
v26174,1,29284
v56358,1,29284
v10663,1,29284
v56361,1,29284
v56362,1,29284
v14968,1,29284
v57557,1,29284
v38548,1,29284
v56365,1,29284
v42918,1,29284
v9782,1,29284
v37266,1,29284
v30762,1,29284
v47283,1,29284
v56372,1,29284
v56373,1,29284
v49092,1,29284
v42922,1,29284
v13025,1,29284
v46056,1,29284
v6961,1,29284
v49088,1,29284
v42926,1,29284
v56382,1,29284
v42927,1,29284
v37622,1,29284
v42929,1,29284
v56387,1,29284
v37376,1,29284
v34668,1,29284
v43260,1,29284
v49081,1,29284
v34671,1,29284
v6609,1,29284
v34672,1,29284
v38541,1,29284
v14946,1,29284
v49076,1,29284
v49075,1,29284
v49073,1,29284
v34675,1,29284
v56402,1,29284
v17031,1,29284
v31374,1,29284
v8299,1,29284
v9490,1,29284
v14941,1,29284
v56407,1,29284
v56408,1,29284
v22669,1,29284
v31373,1,29284
v8296,1,29284
v34680,1,29284
v34681,1,29284
v42952,1,29284
v38535,1,29284
v9179,1,29284
v42955,1,29284
v49067,1,29284
v37620,1,29284
v42957,1,29284
v60750,1,29284
v60751,1,29284
v30760,1,29284
v42961,1,29284
v42962,1,29284
v46832,1,29284
v42964,1,29284
v56433,1,29284
v49066,1,29284
v42965,1,29284
v60754,1,29284
v56437,1,29284
v56438,1,29284
v60755,1,29284
v56440,1,29284
v42966,1,29284
v9180,1,29284
v56443,1,29284
v60756,1,29284
v56445,1,29284
v47281,1,29284
v56447,1,29284
v56448,1,29284
v47705,1,29284
v17438,1,29284
v56451,1,29284
v22672,1,29284
v30246,1,29284
v49062,1,29284
v47704,1,29284
v31371,1,29284
v56457,1,29284
v6368,1,29284
v56459,1,29284
v56460,1,29284
v56461,1,29284
v47703,1,29284
v17437,1,29284
v29018,1,29284
v49059,1,29284
v42978,1,29284
v47274,1,29284
v16592,1,29284
v5702,1,29284
v49054,1,29284
v60765,1,29284
v31367,1,29284
v34700,1,29284
v34701,1,29284
v42987,1,29284
v60766,1,29284
v42989,1,29284
v31366,1,29284
v47272,1,29284
v6707,1,29284
v34706,1,29284
v56482,1,29284
v56483,1,29284
v60769,1,29284
v56485,1,29284
v60770,1,29284
v46124,1,29284
v56488,1,29284
v9181,1,29284
v56490,1,29284
v34709,1,29284
v10600,1,29284
v56493,1,29284
v19488,1,29284
v56495,1,29284
v46125,1,29284
v8258,1,29284
v23594,1,29284
v49043,1,29284
v56499,1,29284
v47270,1,29284
v37170,1,29284
v49039,1,29284
v19639,1,29284
v5719,1,29284
v43009,1,29284
v56506,1,29284
v61840,1,29284
v46129,1,29284
v18936,1,29284
v10592,1,29284
v49028,1,29284
v56512,1,29284
v56513,1,29284
v30248,1,29284
v23399,1,29284
v60778,1,29284
v60779,1,29284
v46131,1,29284
v1986,1,29284
v60781,1,29284
v60782,1,29284
v56522,1,29284
v43015,1,29284
v34720,1,29284
v43017,1,29284
v10589,1,29284
v8249,1,29284
v56528,1,29284
v56529,1,29284
v1978,1,29284
v56531,1,29284
v60783,1,29284
v56533,1,29284
v56534,1,29284
v43021,1,29284
v56536,1,29284
v1974,1,29284
v57561,1,29284
v18230,1,29284
v30249,1,29284
v56538,1,29284
v46133,1,29284
v43023,1,29284
v5726,1,29284
v10582,1,29284
v34724,1,29284
v46134,1,29284
v24256,1,29284
v43028,1,29284
v49023,1,29284
v43030,1,29284
v17434,1,29284
v49019,1,29284
v23173,1,29284
v61419,1,29284
v9568,1,29284
v49018,1,29284
v30759,1,29284
v56555,1,29284
v22683,1,29284
v56557,1,29284
v62371,1,29284
v31355,1,29284
v56560,1,29284
v56561,1,29284
v38508,1,29284
v56563,1,29284
v56564,1,29284
v38507,1,29284
v22684,1,29284
v46140,1,29284
v10554,1,29284
v28373,1,29284
v19966,1,29284
v29031,1,29284
v34740,1,29284
v38505,1,29284
v26190,1,29284
v49011,1,29284
v8244,1,29284
v29033,1,29284
v29034,1,29284
v60795,1,29284
v10553,1,29284
v8242,1,29284
v22685,1,29284
v38503,1,29284
v56584,1,29284
v62372,1,29284
v39792,1,29284
v56587,1,29284
v56588,1,29284
v46143,1,29284
v46144,1,29284
v60801,1,29284
v19973,1,29284
v8241,1,29284
v5735,1,29284
v46145,1,29284
v38501,1,29284
v25334,1,29284
v43061,1,29284
v6169,1,29284
v34749,1,29284
v29035,1,29284
v8238,1,29284
v13055,1,29284
v34751,1,29284
v31345,1,29284
v56613,1,29284
v31344,1,29284
v56617,1,29284
v48990,1,29284
v56619,1,29284
v56620,1,29284
v19977,1,29284
v56622,1,29284
v26882,1,29284
v6938,1,29284
v48986,1,29284
v48985,1,29284
v47696,1,29284
v6636,1,29284
v43076,1,29284
v18934,1,29284
v23020,1,29284
v62148,1,29284
v47265,1,29284
v46152,1,29284
v18503,1,29284
v1908,1,29284
v31341,1,29284
v43082,1,29284
v34763,1,29284
v34764,1,29284
v6381,1,29284
v56639,1,29284
v34766,1,29284
v43087,1,29284
v56642,1,29284
v29039,1,29284
v56644,1,29284
v56645,1,29284
v46155,1,29284
v43090,1,29284
v29040,1,29284
v47260,1,29284
v48979,1,29284
v43093,1,29284
v43094,1,29284
v10525,1,29284
v56655,1,29284
v29041,1,29284
v31339,1,29284
v56658,1,29284
v18931,1,29284
v56660,1,29284
v10521,1,29284
v13522,1,29284
v56663,1,29284
v31338,1,29284
v24248,1,29284
v13057,1,29284
v34777,1,29284
v43105,1,29284
v10520,1,29284
v29043,1,29284
v43108,1,29284
v43109,1,29284
v34780,1,29284
v1882,1,29284
v9660,1,29284
v34781,1,29284
v47085,1,29284
v48973,1,29284
v60819,1,29284
v56680,1,29284
v43115,1,29284
v24718,1,29284
v26759,1,29284
v43118,1,29284
v26983,1,29284
v43120,1,29284
v56687,1,29284
v46160,1,29284
v62146,1,29284
v30259,1,29284
v48967,1,29284
v56692,1,29284
v60824,1,29284
v56694,1,29284
v56695,1,29284
v29047,1,29284
v60825,1,29284
v56698,1,29284
v56699,1,29284
v35558,1,29284
v1822,1,29284
v10518,1,29284
v46162,1,29284
v56704,1,29284
v46163,1,29284
v56706,1,29284
v48964,1,29284
v8219,1,29284
v8218,1,29284
v56710,1,29284
v56711,1,29284
v56712,1,29284
v43132,1,29284
v30260,1,29284
v46165,1,29284
v48962,1,29284
v46064,1,29284
v29050,1,29284
v43137,1,29284
v56720,1,29284
v43138,1,29284
v43139,1,29284
v29051,1,29284
v43141,1,29284
v48961,1,29284
v8216,1,29284
v34796,1,29284
v26760,1,29284
v30262,1,29284
v34798,1,29284
v43147,1,29284
v25327,1,29284
v60832,1,29284
v56734,1,29284
v56735,1,29284
v43149,1,29284
v56737,1,29284
v56738,1,29284
v56739,1,29284
v56740,1,29284
v14863,1,29284
v60833,1,29284
v38475,1,29284
v46842,1,29284
v6388,1,29284
v46169,1,29284
v56747,1,29284
v46170,1,29284
v36779,1,29284
v1817,1,29284
v48952,1,29284
v38120,1,29284
v13867,1,29284
v62144,1,29284
v21099,1,29284
v28372,1,29284
v8210,1,29284
v13082,1,29284
v47248,1,29284
v56760,1,29284
v60843,1,29284
v48947,1,29284
v34807,1,29284
v43163,1,29284
v34808,1,29284
v43165,1,29284
v34809,1,29284
v48946,1,29284
v6934,1,29284
v34812,1,29284
v56773,1,29284
v56774,1,29284
v61416,1,29284
v43171,1,29284
v56777,1,29284
v56778,1,29284
v47084,1,29284
v43172,1,29284
v31322,1,29284
v43173,1,29284
v56783,1,29284
v47688,1,29284
v38119,1,29284
v1795,1,29284
v56788,1,29284
v48936,1,29284
v56790,1,29284
v24244,1,29284
v47241,1,29284
v31319,1,29284
v56794,1,29284
v37360,1,29284
v56796,1,29284
v47685,1,29284
v56798,1,29284
v46180,1,29284
v56800,1,29284
v46181,1,29284
v62014,1,29284
v48931,1,29284
v43182,1,29284
v56805,1,29284
v56806,1,29284
v6635,1,29284
v46183,1,29284
v56809,1,29284
v13864,1,29284
v56811,1,29284
v29063,1,29284
v25325,1,29284
v56814,1,29284
v29065,1,29284
v61848,1,29284
v46185,1,29284
v43188,1,29284
v8199,1,29284
v26875,1,29284
v25146,1,29284
v36788,1,29284
v48924,1,29284
v56824,1,29284
v56825,1,29284
v56826,1,29284
v56827,1,29284
v34828,1,29284
v37606,1,29284
v38458,1,29284
v43196,1,29284
v34830,1,29284
v46190,1,29284
v13085,1,29284
v21089,1,29284
v43199,1,29284
v14843,1,29284
v34833,1,29284
v56839,1,29284
v56840,1,29284
v34834,1,29284
v31313,1,29284
v56843,1,29284
v29069,1,29284
v34837,1,29284
v56846,1,29284
v29070,1,29284
v26203,1,29284
v36789,1,29284
v56850,1,29284
v56851,1,29284
v56852,1,29284
v46193,1,29284
v34842,1,29284
v56855,1,29284
v38453,1,29284
v48910,1,29284
v56858,1,29284
v56859,1,29284
v56860,1,29284
v46194,1,29284
v34844,1,29284
v34845,1,29284
v56864,1,29284
v46195,1,29284
v43215,1,29284
v6932,1,29284
v13664,1,29284
v6399,1,29284
v46846,1,29284
v56871,1,29284
v56872,1,29284
v8198,1,29284
v46200,1,29284
v56875,1,29284
v37603,1,29284
v56877,1,29284
v8197,1,29284
v6628,1,29284
v43224,1,29284
v17023,1,29284
v34853,1,29284
v18916,1,29284
v43296,1,29284
v9771,1,29284
v48909,1,29284
v22710,1,29284
v23960,1,29284
v43299,1,29284
v8184,1,29284
v43301,1,29284
v47079,1,29284
v56894,1,29284
v34859,1,29284
v29080,1,29284
v29081,1,29284
v26764,1,29284
v56899,1,29284
v37602,1,29284
v36796,1,29284
v38452,1,29284
v56902,1,29284
v34862,1,29284
v31310,1,29284
v43309,1,29284
v30746,1,29284
v37600,1,29284
v8166,1,29284
v21079,1,29284
v56910,1,29284
v38448,1,29284
v6931,1,29284
v46848,1,29284
v38446,1,29284
v18894,1,29284
v6183,1,29284
v13096,1,29284
v19504,1,29284
v10489,1,29284
v38442,1,29284
v34877,1,29284
v23961,1,29284
v46216,1,29284
v43327,1,29284
v46217,1,29284
v34880,1,29284
v14789,1,29284
v60889,1,29284
v23963,1,29284
v48892,1,29284
v5789,1,29284
v43336,1,29284
v6704,1,29284
v23964,1,29284
v56935,1,29284
v34885,1,29284
v26216,1,29284
v46218,1,29284
v14785,1,29284
v43343,1,29284
v37355,1,29284
v10487,1,29284
v29099,1,29284
v52495,1,29284
v24736,1,29284
v37598,1,29284
v23028,1,29284
v10486,1,29284
v56949,1,29284
v43352,1,29284
v47669,1,29284
v60896,1,29284
v26218,1,29284
v26219,1,29284
v27241,1,29284
v27240,1,29284
v24737,1,29284
v46223,1,29284
v43361,1,29284
v43362,1,29284
v43363,1,29284
v34903,1,29284
v8160,1,29284
v38428,1,29284
v34905,1,29284
v13128,1,29284
v9222,1,29284
v46224,1,29284
v6195,1,29284
v34909,1,29284
v29112,1,29284
v8159,1,29284
v38423,1,29284
v19505,1,29284
v43376,1,29284
v25320,1,29284
v31289,1,29284
v17021,1,29284
v26224,1,29284
v48865,1,29284
v56981,1,29284
v16618,1,29284
v1754,1,29284
v56984,1,29284
v19808,1,29284
v23075,1,29284
v46228,1,29284
v56988,1,29284
v56989,1,29284
v56990,1,29284
v46229,1,29284
v18243,1,29284
v62077,1,29284
v56994,1,29284
v9770,1,29284
v9439,1,29284
v37354,1,29284
v56998,1,29284
v46850,1,29284
v34924,1,29284
v20712,1,29284
v43394,1,29284
v9223,1,29284
v30579,1,29284
v21059,1,29284
v29125,1,29284
v9224,1,29284
v28363,1,29284
v48856,1,29284
v60912,1,29284
v48855,1,29284
v34934,1,29284
v23601,1,29284
v14752,1,29284
v34940,1,29284
v46233,1,29284
v6926,1,29284
v8157,1,29284
v37174,1,29284
v61616,1,29284
v29131,1,29284
v43414,1,29284
v37175,1,29284
v47664,1,29284
v29134,1,29284
v38409,1,29284
v8150,1,29284
v43419,1,29284
v34947,1,29284
v48853,1,29284
v43422,1,29284
v57031,1,29284
v34948,1,29284
v38408,1,29284
v46238,1,29284
v23401,1,29284
v48850,1,29284
v21052,1,29284
v18244,1,29284
v57039,1,29284
v21051,1,29284
v6921,1,29284
v46242,1,29284
v14751,1,29284
v43430,1,29284
v48847,1,29284
v30278,1,29284
v36821,1,29284
v43433,1,29284
v46245,1,29284
v57050,1,29284
v46246,1,29284
v31280,1,29284
v6703,1,29284
v57054,1,29284
v34958,1,29284
v57056,1,29284
v46248,1,29284
v34960,1,29284
v21044,1,29284
v6914,1,29284
v46251,1,29284
v48841,1,29284
v26234,1,29284
v9766,1,29284
v34965,1,29284
v31278,1,29284
v60933,1,29284
v18880,1,29284
v25044,1,29284
v43451,1,29284
v14746,1,29284
v43453,1,29284
v10467,1,29284
v61899,1,29284
v47662,1,29284
v43457,1,29284
v61684,1,29284
v60938,1,29284
v9765,1,29284
v31277,1,29284
v46855,1,29284
v25314,1,29284
v57083,1,29284
v48832,1,29284
v16812,1,29284
v5791,1,29284
v36827,1,29284
v34974,1,29284
v23176,1,29284
v30281,1,29284
v34975,1,29284
v5800,1,29284
v60945,1,29284
v43471,1,29284
v29151,1,29284
v34979,1,29284
v21041,1,29284
v13665,1,29284
v38392,1,29284
v6897,1,29284
v43478,1,29284
v43479,1,29284
v60949,1,29284
v8126,1,29284
v14744,1,29284
v43256,1,29284
v34986,1,29284
v48823,1,29284
v43485,1,29284
v27226,1,29284
v43487,1,29284
v57111,1,29284
v48819,1,29284
v34989,1,29284
v57114,1,29284
v43490,1,29284
v10456,1,29284
v47654,1,29284
v48817,1,29284
v9760,1,29284
v43494,1,29284
v18879,1,29284
v46973,1,29284
v16622,1,29284
v31267,1,29284
v22735,1,29284
v30282,1,29284
v43500,1,29284
v48811,1,29284
v57129,1,29284
v57130,1,29284
v8108,1,29284
v20040,1,29284
v20709,1,29284
v1630,1,29284
v25310,1,29284
v57136,1,29284
v57137,1,29284
v43505,1,29284
v43506,1,29284
v48806,1,29284
v61900,1,29284
v57142,1,29284
v6199,1,29284
v26971,1,29284
v25309,1,29284
v25308,1,29284
v38379,1,29284
v35002,1,29284
v24238,1,29284
v29167,1,29284
v13856,1,29284
v30519,1,29284
v9492,1,29284
v35008,1,29284
v8107,1,29284
v14740,1,29284
v43522,1,29284
v57158,1,29284
v61902,1,29284
v57160,1,29284
v6895,1,29284
v26770,1,29284
v31261,1,29284
v24237,1,29284
v14738,1,29284
v35013,1,29284
v35014,1,29284
v43530,1,29284
v25304,1,29284
v46284,1,29284
v30738,1,29284
v31258,1,29284
v31257,1,29284
v24755,1,29284
v27216,1,29284
v9753,1,29284
v6894,1,29284
v57178,1,29284
v60970,1,29284
v8100,1,29284
v46288,1,29284
v57182,1,29284
v35023,1,29284
v47224,1,29284
v57184,1,29284
v57185,1,29284
v23605,1,29284
v35025,1,29284
v16624,1,29284
v9478,1,29284
v48786,1,29284
v9240,1,29284
v43549,1,29284
v35027,1,29284
v20707,1,29284
v46292,1,29284
v9242,1,29284
v35028,1,29284
v43554,1,29284
v18871,1,29284
v57200,1,29284
v43556,1,29284
v21032,1,29284
v43557,1,29284
v57204,1,29284
v35030,1,29284
v13153,1,29284
v57207,1,29284
v35032,1,29284
v57209,1,29284
v36850,1,29284
v25303,1,29284
v36851,1,29284
v35036,1,29284
v26270,1,29284
v46296,1,29284
v46297,1,29284
v23738,1,29284
v61673,1,29284
v46299,1,29284
v13156,1,29284
v30290,1,29284
v14733,1,29284
v9564,1,29284
v35042,1,29284
v57225,1,29284
v43572,1,29284
v48775,1,29284
v43574,1,29284
v35044,1,29284
v18252,1,29284
v46071,1,29284
v31243,1,29284
v61674,1,29284
v13848,1,29284
v43580,1,29284
v43581,1,29284
v36857,1,29284
v43583,1,29284
v21028,1,29284
v23974,1,29284
v57239,1,29284
v57240,1,29284
v57241,1,29284
v26274,1,29284
v57243,1,29284
v14732,1,29284
v5811,1,29284
v35049,1,29284
v57247,1,29284
v57248,1,29284
v61707,1,29284
v14731,1,29284
v57251,1,29284
v6685,1,29284
v57253,1,29284
v6893,1,29284
v48763,1,29284
v10444,1,29284
v14726,1,29284
v35057,1,29284
v1589,1,29284
v38349,1,29284
v62117,1,29284
v57262,1,29284
v14724,1,29284
v20706,1,29284
v31236,1,29284
v48760,1,29284
v35063,1,29284
v35065,1,29284
v57269,1,29284
v26880,1,29284
v57271,1,29284
v13679,1,29284
v6210,1,29284
v35068,1,29284
v43608,1,29284
v29194,1,29284
v14722,1,29284
v38347,1,29284
v43611,1,29284
v57280,1,29284
v6891,1,29284
v43613,1,29284
v36863,1,29284
v36864,1,29284
v43616,1,29284
v1584,1,29284
v35073,1,29284
v35074,1,29284
v31235,1,29284
v35075,1,29284
v43620,1,29284
v38345,1,29284
v35077,1,29284
v48756,1,29284
v35079,1,29284
v29198,1,29284
v57297,1,29284
v61938,1,29284
v6213,1,29284
v46316,1,29284
v16815,1,29284
v17017,1,29284
v36866,1,29284
v31232,1,29284
v57305,1,29284
v20087,1,29284
v16819,1,29284
v57308,1,29284
v43634,1,29284
v61706,1,29284
v47218,1,29284
v57312,1,29284
v43637,1,29284
v57314,1,29284
v61007,1,29284
v35088,1,29284
v57317,1,29284
v57318,1,29284
v43639,1,29284
v46322,1,29284
v37256,1,29284
v35089,1,29284
v43642,1,29284
v24768,1,29284
v8066,1,29284
v61010,1,29284
v18862,1,29284
v35092,1,29284
v24102,1,29284
v43648,1,29284
v61012,1,29284
v26287,1,29284
v19984,1,29284
v38337,1,29284
v20086,1,29284
v57336,1,29284
v14715,1,29284
v57338,1,29284
v35099,1,29284
v22749,1,29284
v31224,1,29284
v26291,1,29284
v61014,1,29284
v37287,1,29284
v18256,1,29284
v62335,1,29284
v29218,1,29284
v43661,1,29284
v23981,1,29284
v38334,1,29284
v35106,1,29284
v35107,1,29284
v17390,1,29284
v8053,1,29284
v43668,1,29284
v9748,1,29284
v18840,1,29284
v35110,1,29284
v61017,1,29284
v35111,1,29284
v13830,1,29284
v57361,1,29284
v46075,1,29284
v50070,1,29284
v57363,1,29284
v35113,1,29284
v10437,1,29284
v57366,1,29284
v57367,1,29284
v47630,1,29284
v57369,1,29284
v14643,1,29284
v21018,1,29284
v13160,1,29284
v6887,1,29284
v57374,1,29284
v57375,1,29284
v57376,1,29284
v19664,1,29284
v13575,1,29284
v57378,1,29284
v21015,1,29284
v23982,1,29284
v61441,1,29284
v47626,1,29284
v16918,1,29284
v43687,1,29284
v48731,1,29284
v31218,1,29284
v29227,1,29284
v29228,1,29284
v17386,1,29284
v57390,1,29284
v48728,1,29284
v35125,1,29284
v14642,1,29284
v36876,1,29284
v57396,1,29284
v43694,1,29284
v35127,1,29284
v18839,1,29284
v29231,1,29284
v43698,1,29284
v14714,1,29284
v13168,1,29284
v57404,1,29284
v37578,1,29284
v14713,1,29284
v20588,1,29284
v35135,1,29284
v61029,1,29284
v48723,1,29284
v61030,1,29284
v26303,1,29284
v57413,1,29284
v14712,1,29284
v35138,1,29284
v43709,1,29284
v46337,1,29284
v35140,1,29284
v26304,1,29284
v48720,1,29284
v14701,1,29284
v48719,1,29284
v13829,1,29284
v61033,1,29284
v57425,1,29284
v48717,1,29284
v13169,1,29284
v14626,1,29284
v47038,1,29284
v57430,1,29284
v48715,1,29284
v24783,1,29284
v22757,1,29284
v9248,1,29284
v57435,1,29284
v23613,1,29284
v57437,1,29284
v57438,1,29284
v61036,1,29284
v47620,1,29284
v14617,1,29284
v29253,1,29284
v9746,1,29284
v43729,1,29284
v31215,1,29284
v48712,1,29284
v29257,1,29284
v13827,1,29284
v46342,1,29284
v61041,1,29284
v43735,1,29284
v9250,1,29284
v43736,1,29284
v48709,1,29284
v43738,1,29284
v57457,1,29284
v36881,1,29284
v47617,1,29284
v48708,1,29284
v38322,1,29284
v35172,1,29284
v6622,1,29284
v57464,1,29284
v29262,1,29284
v37573,1,29284
v24789,1,29284
v10422,1,29284
v29265,1,29284
v35179,1,29284
v48705,1,29284
v47613,1,29284
v57473,1,29284
v43753,1,29284
v26315,1,29284
v29268,1,29284
v62374,1,29284
v26317,1,29284
v48704,1,29284
v14599,1,29284
v17372,1,29284
v14588,1,29284
v61048,1,29284
v26319,1,29284
v14587,1,29284
v26775,1,29284
v18822,1,29284
v30476,1,29284
v8018,1,29284
v14584,1,29284
v22761,1,29284
v29282,1,29284
v57597,1,29284
v61052,1,29284
v10410,1,29284
v29283,1,29284
v29284,1,29284
v57602,1,29284
v17371,1,29284
v43778,1,29284
v36886,1,29284
v31213,1,29284
v14581,1,29284
v36887,1,29284
v43780,1,29284
v46353,1,29284
v57611,1,29284
v57612,1,29284
v30308,1,29284
v57614,1,29284
v36889,1,29284
v20262,1,29284
v57617,1,29284
v30309,1,29284
v57619,1,29284
v61059,1,29284
v43787,1,29284
v26328,1,29284
v57623,1,29284
v43789,1,29284
v23735,1,29284
v17370,1,29284
v61060,1,29284
v57628,1,29284
v57629,1,29284
v48699,1,29284
v30310,1,29284
v8001,1,29284
v46359,1,29284
v35215,1,29284
v29298,1,29284
v23263,1,29284
v57638,1,29284
v62096,1,29284
v14572,1,29284
v57641,1,29284
v25291,1,29284
v23621,1,29284
v46361,1,29284
v14569,1,29284
v10406,1,29284
v26334,1,29284
v48691,1,29284
v57650,1,29284
v36893,1,29284
v48690,1,29284
v7734,1,29284
v57654,1,29284
v38312,1,29284
v48688,1,29284
v13581,1,29284
v43810,1,29284
v26336,1,29284
v20435,1,29284
v38311,1,29284
v35230,1,29284
v14637,1,29284
v36895,1,29284
v18257,1,29284
v46365,1,29284
v48685,1,29284
v48684,1,29284
v43821,1,29284
v23045,1,29284
v35234,1,29284
v23073,1,29284
v57674,1,29284
v29309,1,29284
v14562,1,29284
v48679,1,29284
v61071,1,29284
v26340,1,29284
v13583,1,29284
v61073,1,29284
v61858,1,29284
v29316,1,29284
v61074,1,29284
v46367,1,29284
v43835,1,29284
v46368,1,29284
v17365,1,29284
v57689,1,29284
v43838,1,29284
v57691,1,29284
v48677,1,29284
v26345,1,29284
v19797,1,29284
v35250,1,29284
v48675,1,29284
v35252,1,29284
v35253,1,29284
v57699,1,29284
v43845,1,29284
v29323,1,29284
v29324,1,29284
v43848,1,29284
v29325,1,29284
v31203,1,29284
v36897,1,29284
v61078,1,29284
v43853,1,29284
v57709,1,29284
v48673,1,29284
v38296,1,29284
v57712,1,29284
v57713,1,29284
v10394,1,29284
v36898,1,29284
v61427,1,29284
v29332,1,29284
v17363,1,29284
v43860,1,29284
v57720,1,29284
v61080,1,29284
v61081,1,29284
v43863,1,29284
v37286,1,29284
v18782,1,29284
v29336,1,29284
v19776,1,29284
v43868,1,29284
v14545,1,29284
v35270,1,29284
v61083,1,29284
v35272,1,29284
v57733,1,29284
v35273,1,29284
v61084,1,29284
v25284,1,29284
v43875,1,29284
v26357,1,29284
v31197,1,29284
v61085,1,29284
v61086,1,29284
v43878,1,29284
v57743,1,29284
v61087,1,29284
v29342,1,29284
v43881,1,29284
v61088,1,29284
v43884,1,29284
v31196,1,29284
v35278,1,29284
v10390,1,29284
v9729,1,29284
v14635,1,29284
v7974,1,29284
v61090,1,29284
v43892,1,29284
v61091,1,29284
v31195,1,29284
v35284,1,29284
v13701,1,29284
v57762,1,29284
v57763,1,29284
v6875,1,29284
v48660,1,29284
v6872,1,29284
v48659,1,29284
v61859,1,29284
v48658,1,29284
v17006,1,29284
v36902,1,29284
v47073,1,29284
v57773,1,29284
v57774,1,29284
v29347,1,29284
v23183,1,29284
v57777,1,29284
v43902,1,29284
v47605,1,29284
v57780,1,29284
v18768,1,29284
v35292,1,29284
v48655,1,29284
v57784,1,29284
v47603,1,29284
v35295,1,29284
v57787,1,29284
v27189,1,29284
v37346,1,29284
v35297,1,29284
v5826,1,29284
v48649,1,29284
v35299,1,29284
v57794,1,29284
v43914,1,29284
v35300,1,29284
v48647,1,29284
v9720,1,29284
v57799,1,29284
v10366,1,29284
v48646,1,29284
v57802,1,29284
v25281,1,29284
v17358,1,29284
v46078,1,29284
v57806,1,29284
v10365,1,29284
v26365,1,29284
v38281,1,29284
v14670,1,29284
v47072,1,29284
v57812,1,29284
v57813,1,29284
v19774,1,29284
v29357,1,29284
v35312,1,29284
v35313,1,29284
v24149,1,29284
v17357,1,29284
v43931,1,29284
v43932,1,29284
v57822,1,29284
v29363,1,29284
v29364,1,29284
v30315,1,29284
v57826,1,29284
v35318,1,29284
v16641,1,29284
v29365,1,29284
v48638,1,29284
v16999,1,29284
v46387,1,29284
v23050,1,29284
v46389,1,29284
v5839,1,29284
v48636,1,29284
v43945,1,29284
v13589,1,29284
v47207,1,29284
v47206,1,29284
v14527,1,29284
v22777,1,29284
v57843,1,29284
v35327,1,29284
v43950,1,29284
v48635,1,29284
v57847,1,29284
v20965,1,29284
v57849,1,29284
v14632,1,29284
v43953,1,29284
v48634,1,29284
v57853,1,29284
v30320,1,29284
v26371,1,29284
v57856,1,29284
v43957,1,29284
v47071,1,29284
v13193,1,29284
v48632,1,29284
v14688,1,29284
v43961,1,29284
v43962,1,29284
v57864,1,29284
v61628,1,29284
v35337,1,29284
v57867,1,29284
v57868,1,29284
v35338,1,29284
v57870,1,29284
v13591,1,29284
v1265,1,29284
v29380,1,29284
v26373,1,29284
v61120,1,29284
v20005,1,29284
v23697,1,29284
v26955,1,29284
v30710,1,29284
v43972,1,29284
v46401,1,29284
v24228,1,29284
v57883,1,29284
v61629,1,29284
v35345,1,29284
v10353,1,29284
v30481,1,29284
v57888,1,29284
v25278,1,29284
v10350,1,29284
v16992,1,29284
v10349,1,29284
v7919,1,29284
v57894,1,29284
v10346,1,29284
v9256,1,29284
v30328,1,29284
v36927,1,29284
v57899,1,29284
v48623,1,29284
v7911,1,29284
v31183,1,29284
v57903,1,29284
v31182,1,29284
v57905,1,29284
v61129,1,29284
v30330,1,29284
v26378,1,29284
v5845,1,29284
v43991,1,29284
v46878,1,29284
v23730,1,29284
v36930,1,29284
v30332,1,29284
v57916,1,29284
v57917,1,29284
v9558,1,29284
v37551,1,29284
v46412,1,29284
v1255,1,29284
v23418,1,29284
v43994,1,29284
v57924,1,29284
v57925,1,29284
v57926,1,29284
v43995,1,29284
v43996,1,29284
v61905,1,29284
v43998,1,29284
v57931,1,29284
v20627,1,29284
v57933,1,29284
v30335,1,29284
v48615,1,29284
v44001,1,29284
v57937,1,29284
v57938,1,29284
v14513,1,29284
v44003,1,29284
v13207,1,29284
v57942,1,29284
v57943,1,29284
v36938,1,29284
v24226,1,29284
v18277,1,29284
v25052,1,29284
v57948,1,29284
v13819,1,29284
v1232,1,29284
v38258,1,29284
v57952,1,29284
v44010,1,29284
v47584,1,29284
v9713,1,29284
v44013,1,29284
v20562,1,29284
v46421,1,29284
v44015,1,29284
v7902,1,29284
v57961,1,29284
v20954,1,29284
v5863,1,29284
v44019,1,29284
v46080,1,29284
v48603,1,29284
v26787,1,29284
v57968,1,29284
v44022,1,29284
v31171,1,29284
v26788,1,29284
v6430,1,29284
v24824,1,29284
v57974,1,29284
v14506,1,29284
v31169,1,29284
v30341,1,29284
v6567,1,29284
v44030,1,29284
v44031,1,29284
v57981,1,29284
v57982,1,29284
v5864,1,29284
v30707,1,29284
v44032,1,29284
v47581,1,29284
v57988,1,29284
v48593,1,29284
v14504,1,29284
v44036,1,29284
v44037,1,29284
v35371,1,29284
v61155,1,29284
v46432,1,29284
v17341,1,29284
v48592,1,29284
v18385,1,29284
v57999,1,29284
v44043,1,29284
v46984,1,29284
v44044,1,29284
v37186,1,29284
v35376,1,29284
v44047,1,29284
v23055,1,29284
v58007,1,29284
v61630,1,29284
v48591,1,29284
v14489,1,29284
v47577,1,29284
v46437,1,29284
v14485,1,29284
v47575,1,29284
v25054,1,29284
v44054,1,29284
v46440,1,29284
v44056,1,29284
v46441,1,29284
v7892,1,29284
v46882,1,29284
v44060,1,29284
v36957,1,29284
v47574,1,29284
v58025,1,29284
v36958,1,29284
v31165,1,29284
v44063,1,29284
v20942,1,29284
v16979,1,29284
v35385,1,29284
v58032,1,29284
v58033,1,29284
v58034,1,29284
v48588,1,29284
v47568,1,29284
v25271,1,29284
v29426,1,29284
v13603,1,29284
v31163,1,29284
v58041,1,29284
v44071,1,29284
v48584,1,29284
v14481,1,29284
v9705,1,29284
v26386,1,29284
v36964,1,29284
v30699,1,29284
v62037,1,29284
v30355,1,29284
v29431,1,29284
v25270,1,29284
v46883,1,29284
v44083,1,29284
v58055,1,29284
v13241,1,29284
v44085,1,29284
v14477,1,29284
v7883,1,29284
v44088,1,29284
v24826,1,29284
v46455,1,29284
v44091,1,29284
v58064,1,29284
v7882,1,29284
v35399,1,29284
v35400,1,29284
v35401,1,29284
v23342,1,29284
v37337,1,29284
v16650,1,29284
v36968,1,29284
v29435,1,29284
v58992,1,29284
v48569,1,29284
v38234,1,29284
v58991,1,29284
v13251,1,29284
v7855,1,29284
v46458,1,29284
v20933,1,29284
v44110,1,29284
v46884,1,29284
v14476,1,29284
v58085,1,29284
v14475,1,29284
v7731,1,29284
v16660,1,29284
v13252,1,29284
v58090,1,29284
v6441,1,29284
v46083,1,29284
v14474,1,29284
v36972,1,29284
v36973,1,29284
v36974,1,29284
v35408,1,29284
v58098,1,29284
v44122,1,29284
v58100,1,29284
v17339,1,29284
v7817,1,29284
v36975,1,29284
v1147,1,29284
v46885,1,29284
v47565,1,29284
v58107,1,29284
v58108,1,29284
v44127,1,29284
v9701,1,29284
v58111,1,29284
v47563,1,29284
v58113,1,29284
v36980,1,29284
v58115,1,29284
v58116,1,29284
v48562,1,29284
v14471,1,29284
v16978,1,29284
v13797,1,29284
v44135,1,29284
v58122,1,29284
v44136,1,29284
v44137,1,29284
v58125,1,29284
v24009,1,29284
v58127,1,29284
v47562,1,29284
v58131,1,29284
v58132,1,29284
v47560,1,29284
v23206,1,29284
v16664,1,29284
v24146,1,29284
v58137,1,29284
v20925,1,29284
v26947,1,29284
v36988,1,29284
v16666,1,29284
v58142,1,29284
v58143,1,29284
v48558,1,29284
v37333,1,29284
v7800,1,29284
v46480,1,29284
v44147,1,29284
v48557,1,29284
v44149,1,29284
v46481,1,29284
v46482,1,29284
v44151,1,29284
v44152,1,29284
v44153,1,29284
v44154,1,29284
v18488,1,29284
v31143,1,29284
v6237,1,29284
v61544,1,29284
v46887,1,29284
v29452,1,29284
v30372,1,29284
v24830,1,29284
v48550,1,29284
v35427,1,29284
v44164,1,29284
v46487,1,29284
v35429,1,29284
v44168,1,29284
v44169,1,29284
v44170,1,29284
v38220,1,29284
v35430,1,29284
v58175,1,29284
v58176,1,29284
v7791,1,29284
v20015,1,29284
v48537,1,29284
v23696,1,29284
v48536,1,29284
v58182,1,29284
v58183,1,29284
v44177,1,29284
v46489,1,29284
v58186,1,29284
v44179,1,29284
v44180,1,29284
v22802,1,29284
v14465,1,29284
v38214,1,29284
v58192,1,29284
v48533,1,29284
v30375,1,29284
v44187,1,29284
v5882,1,29284
v35434,1,29284
v13270,1,29284
v16977,1,29284
v7756,1,29284
v61220,1,29284
v24010,1,29284
v13271,1,29284
v35438,1,29284
v44196,1,29284
v26800,1,29284
v7718,1,29284
v47550,1,29284
v37282,1,29284
v44201,1,29284
v27161,1,29284
v13274,1,29284
v58213,1,29284
v44204,1,29284
v44205,1,29284
v58216,1,29284
v9687,1,29284
v46496,1,29284
v6257,1,29284
v46498,1,29284
v7693,1,29284
v44211,1,29284
v62039,1,29284
v44213,1,29284
v58225,1,29284
v58226,1,29284
v35439,1,29284
v44215,1,29284
v23108,1,29284
v58230,1,29284
v35440,1,29284
v37000,1,29284
v27158,1,29284
v7728,1,29284
v47545,1,29284
v6868,1,29284
v61681,1,29284
v44220,1,29284
v35443,1,29284
v24836,1,29284
v46504,1,29284
v24837,1,29284
v35446,1,29284
v22806,1,29284
v27156,1,29284
v58246,1,29284
v58247,1,29284
v20531,1,29284
v1035,1,29284
v58250,1,29284
v37530,1,29284
v61633,1,29284
v44229,1,29284
v31121,1,29284
v27153,1,29284
v37263,1,29284
v44231,1,29284
v13301,1,29284
v44233,1,29284
v6867,1,29284
v29468,1,29284
v44236,1,29284
v9282,1,29284
v35452,1,29284
v7670,1,29284
v58266,1,29284
v9283,1,29284
v44241,1,29284
v14462,1,29284
v16679,1,29284
v46509,1,29284
v10333,1,29284
v48499,1,29284
v29471,1,29284
v7667,1,29284
v58276,1,29284
v25265,1,29284
v22809,1,29284
v44251,1,29284
v48497,1,29284
v58281,1,29284
v26804,1,29284
v46512,1,29284
v23724,1,29284
v58285,1,29284
v61243,1,29284
v61244,1,29284
v14457,1,29284
v14456,1,29284
v44259,1,29284
v61245,1,29284
v1033,1,29284
v62136,1,29284
v48496,1,29284
v18693,1,29284
v6862,1,29284
v37332,1,29284
v31106,1,29284
v48493,1,29284
v58300,1,29284
v58301,1,29284
v35468,1,29284
v13759,1,29284
v48492,1,29284
v35470,1,29284
v58306,1,29284
v24011,1,29284
v29480,1,29284
v24840,1,29284
v35474,1,29284
v14454,1,29284
v10330,1,29284
v44276,1,29284
v31105,1,29284
v26407,1,29284
v44279,1,29284
v58317,1,29284
v44280,1,29284
v9290,1,29284
v44282,1,29284
v46516,1,29284
v7651,1,29284
v48487,1,29284
v24012,1,29284
v61250,1,29284
v20618,1,29284
v14449,1,29284
v25060,1,29284
v20914,1,29284
v46520,1,29284
v6858,1,29284
v44293,1,29284
v44294,1,29284
v10327,1,29284
v5890,1,29284
v10321,1,29284
v14447,1,29284
v58339,1,29284
v13304,1,29284
v58342,1,29284
v46522,1,29284
v37011,1,29284
v38170,1,29284
v61935,1,29284
v44303,1,29284
v58348,1,29284
v58349,1,29284
v38167,1,29284
v58351,1,29284
v46524,1,29284
v17319,1,29284
v44307,1,29284
v62135,1,29284
v13322,1,29284
v37012,1,29284
v48466,1,29284
v61260,1,29284
v58360,1,29284
v9449,1,29284
v61262,1,29284
v15650,1,29284
v61908,1,29284
v10312,1,29284
v18278,1,29284
v14433,1,29284
v37526,1,29284
v9293,1,29284
v44320,1,29284
v14432,1,29284
v14431,1,29284
v44323,1,29284
v35511,1,29284
v9294,1,29284
v20913,1,29284
v58377,1,29284
v24217,1,29284
v9298,1,29284
v9299,1,29284
v61266,1,29284
v23188,1,29284
v35516,1,29284
v35517,1,29284
v29500,1,29284
v58386,1,29284
v13751,1,29284
v14430,1,29284
v58389,1,29284
v47538,1,29284
v58391,1,29284
v29504,1,29284
v58393,1,29284
v48455,1,29284
v29505,1,29284
v48452,1,29284
v58397,1,29284
v58398,1,29284
v26868,1,29284
v35525,1,29284
v7630,1,29284
v24843,1,29284
v61271,1,29284
v35529,1,29284
v58407,1,29284
v58408,1,29284
v48450,1,29284
v44345,1,29284
v62086,1,29284
v38105,1,29284
v47019,1,29284
v58414,1,29284
v22818,1,29284
v46537,1,29284
v29510,1,29284
v46538,1,29284
v29511,1,29284
v44352,1,29284
v61277,1,29284
v44354,1,29284
v29512,1,29284
v26807,1,29284
v38104,1,29284
v61279,1,29284
v17314,1,29284
v44360,1,29284
v14687,1,29284
v44362,1,29284
v24848,1,29284
v58432,1,29284
v14421,1,29284
v35545,1,29284
v62134,1,29284
v24849,1,29284
v24850,1,29284
v46892,1,29284
v46541,1,29284
v44371,1,29284
v58441,1,29284
v61282,1,29284
v29523,1,29284
v20677,1,29284
v5893,1,29284
v35569,1,29284
v35570,1,29284
v47183,1,29284
v61285,1,29284
v35573,1,29284
v30510,1,29284
v38102,1,29284
v44383,1,29284
v35576,1,29284
v29527,1,29284
v44386,1,29284
v22823,1,29284
v7591,1,29284
v44389,1,29284
v44390,1,29284
v35580,1,29284
v35581,1,29284
v44393,1,29284
v44394,1,29284
v6855,1,29284
v38101,1,29284
v58467,1,29284
v58468,1,29284
v46545,1,29284
v58470,1,29284
v61290,1,29284
v58472,1,29284
v61291,1,29284
v61292,1,29284
v13331,1,29284
v46546,1,29284
v14411,1,29284
v58478,1,29284
v58479,1,29284
v58480,1,29284
v58481,1,29284
v6853,1,29284
v37023,1,29284
v5899,1,29284
v38097,1,29284
v58486,1,29284
v37024,1,29284
v26426,1,29284
v17300,1,29284
v61297,1,29284
v46550,1,29284
v58492,1,29284
v26428,1,29284
v31087,1,29284
v35595,1,29284
v26429,1,29284
v46551,1,29284
v48433,1,29284
v17299,1,29284
v35599,1,29284
v27143,1,29284
v13749,1,29284
v44418,1,29284
v61524,1,29284
v44420,1,29284
v29543,1,29284
v35604,1,29284
v61635,1,29284
v47537,1,29284
v30688,1,29284
v37331,1,29284
v29547,1,29284
v13343,1,29284
v26809,1,29284
v44429,1,29284
v35610,1,29284
v48427,1,29284
v17296,1,29284
v29551,1,29284
v18665,1,29284
v58521,1,29284
v14396,1,29284
v44436,1,29284
v9451,1,29284
v61306,1,29284
v48426,1,29284
v35619,1,29284
v22825,1,29284
v38090,1,29284
v58530,1,29284
v35620,1,29284
v58532,1,29284
v16971,1,29284
v20903,1,29284
v10298,1,29284
v35625,1,29284
v9309,1,29284
v46560,1,29284
v61313,1,29284
v46561,1,29284
v44448,1,29284
v24018,1,29284
v38088,1,29284
v58544,1,29284
v58545,1,29284
v35630,1,29284
v46562,1,29284
v16970,1,29284
v17295,1,29284
v9310,1,29284
v29561,1,29284
v58552,1,29284
v30525,1,29284
v17294,1,29284
v13745,1,29284
v58556,1,29284
v58557,1,29284
v58558,1,29284
v5921,1,29284
v16969,1,29284
v29566,1,29284
v48418,1,29284
v5923,1,29284
v58565,1,29284
v17290,1,29284
v35642,1,29284
v58568,1,29284
v35643,1,29284
v61486,1,29284
v14378,1,29284
v30402,1,29284
v35647,1,29284
v26443,1,29284
v58575,1,29284
v61322,1,29284
v18294,1,29284
v14376,1,29284
v31081,1,29284
v19757,1,29284
v61447,1,29284
v37270,1,29284
v38084,1,29284
v58584,1,29284
v58585,1,29284
v29578,1,29284
v61639,1,29284
v44480,1,29284
v61640,1,29284
v20573,1,29284
v61325,1,29284
v20902,1,29284
v10281,1,29284
v46570,1,29284
v29583,1,29284
v58596,1,29284
v35666,1,29284
v44489,1,29284
v29584,1,29284
v44491,1,29284
v38083,1,29284
v13344,1,29284
v24861,1,29284
v5926,1,29284
v29587,1,29284
v44497,1,29284
v48407,1,29284
v58608,1,29284
v58609,1,29284
v44500,1,29284
v27141,1,29284
v44502,1,29284
v48405,1,29284
v16917,1,29284
v23695,1,29284
v13347,1,29284
v9452,1,29284
v48402,1,29284
v37041,1,29284
v58621,1,29284
v16696,1,29284
v46575,1,29284
v44511,1,29284
v48399,1,29284
v58626,1,29284
v58627,1,29284
v29589,1,29284
v58629,1,29284
v26450,1,29284
v24022,1,29284
v26815,1,29284
v58633,1,29284
v10266,1,29284
v48397,1,29284
v5952,1,29284
v58637,1,29284
v48394,1,29284
v35688,1,29284
v23126,1,29284
v62377,1,29284
v35690,1,29284
v35691,1,29284
v29593,1,29284
v58646,1,29284
v58647,1,29284
v58648,1,29284
v48393,1,29284
v918,1,29284
v24864,1,29284
v37512,1,29284
v25259,1,29284
v10262,1,29284
v24024,1,29284
v44529,1,29284
v35697,1,29284
v37044,1,29284
v61641,1,29284
v24026,1,29284
v58661,1,29284
v46580,1,29284
v58663,1,29284
v44535,1,29284
v31073,1,29284
v58666,1,29284
v29601,1,29284
v26459,1,29284
v30570,1,29284
v14361,1,29284
v35705,1,29284
v26460,1,29284
v58674,1,29284
v17275,1,29284
v10259,1,29284
v27138,1,29284
v35711,1,29284
v31071,1,29284
v61340,1,29284
v58681,1,29284
v13348,1,29284
v29608,1,29284
v29609,1,29284
v20674,1,29284
v44552,1,29284
v10253,1,29284
v44554,1,29284
v30405,1,29284
v26816,1,29284
v47173,1,29284
v46586,1,29284
v47522,1,29284
v17274,1,29284
v58695,1,29284
v44560,1,29284
v44561,1,29284
v24216,1,29284
v29613,1,29284
v35724,1,29284
v26879,1,29284
v27136,1,29284
v31064,1,29284
v61349,1,29284
v61350,1,29284
v44570,1,29284
v48378,1,29284
v17261,1,29284
v46588,1,29284
v46589,1,29284
v26466,1,29284
v26467,1,29284
v48376,1,29284
v23107,1,29284
v48372,1,29284
v37049,1,29284
v6848,1,29284
v26934,1,29284
v58719,1,29284
v61643,1,29284
v44583,1,29284
v44584,1,29284
v48371,1,29284
v20894,1,29284
v38061,1,29284
v48366,1,29284
v16836,1,29284
v61359,1,29284
v58729,1,29284
v13672,1,29284
v44592,1,29284
v58732,1,29284
v23128,1,29284
v18633,1,29284
v17255,1,29284
v37052,1,29284
v58737,1,29284
v24873,1,29284
v26932,1,29284
v58740,1,29284
v38059,1,29284
v58742,1,29284
v23638,1,29284
v48364,1,29284
v26479,1,29284
v10241,1,29284
v37054,1,29284
v31058,1,29284
v26481,1,29284
v6511,1,29284
v10235,1,29284
v24106,1,29284
v9314,1,29284
v10232,1,29284
v25065,1,29284
v31056,1,29284
v38054,1,29284
v20670,1,29284
v35764,1,29284
v44617,1,29284
v20080,1,29284
v25256,1,29284
v44620,1,29284
v44621,1,29284
v46602,1,29284
v44623,1,29284
v26931,1,29284
v35771,1,29284
v26487,1,29284
v9317,1,29284
v38045,1,29284
v58772,1,29284
v22842,1,29284
v7517,1,29284
v10208,1,29284
v22058,1,29284
v35776,1,29284
v58778,1,29284
v31049,1,29284
v46604,1,29284
v46605,1,29284
v48343,1,29284
v35781,1,29284
v48342,1,29284
v22048,1,29284
v13361,1,29284
v23641,1,29284
v29646,1,29284
v22843,1,29284
v38038,1,29284
v29649,1,29284
v61645,1,29284
v58794,1,29284
v58795,1,29284
v58796,1,29284
v58797,1,29284
v17235,1,29284
v29652,1,29284
v58800,1,29284
v29653,1,29284
v58802,1,29284
v58803,1,29284
v58804,1,29284
v58805,1,29284
v20887,1,29284
v9319,1,29284
v20666,1,29284
v14334,1,29284
v58810,1,29284
v46606,1,29284
v16698,1,29284
v35795,1,29284
v37506,1,29284
v35796,1,29284
v44655,1,29284
v44656,1,29284
v46607,1,29284
v29657,1,29284
v44659,1,29284
v18624,1,29284
v37059,1,29284
v13618,1,29284
v7512,1,29284
v35801,1,29284
v22070,1,29284
v10192,1,29284
v29660,1,29284
v18623,1,29284
v44669,1,29284
v58831,1,29284
v26856,1,29284
v44672,1,29284
v9555,1,29284
v35808,1,29284
v13366,1,29284
v10188,1,29284
v35811,1,29284
v26496,1,29284
v10187,1,29284
v22015,1,29284
v38032,1,29284
v10181,1,29284
v13368,1,29284
v58845,1,29284
v29664,1,29284
v26821,1,29284
v18297,1,29284
v38028,1,29284
v61873,1,29284
v48322,1,29284
v58853,1,29284
v48321,1,29284
v58855,1,29284
v58856,1,29284
v35824,1,29284
v22005,1,29284
v47510,1,29284
v5959,1,29284
v35829,1,29284
v26499,1,29284
v29668,1,29284
v25251,1,29284
v29669,1,29284
v35834,1,29284
v22077,1,29284
v9453,1,29284
v44702,1,29284
v13371,1,29284
v13372,1,29284
v35838,1,29284
v7497,1,29284
v46089,1,29284
v58875,1,29284
v13373,1,29284
v58877,1,29284
v58878,1,29284
v46090,1,29284
v58880,1,29284
v58881,1,29284
v47507,1,29284
v7483,1,29284
v18298,1,29284
v29673,1,29284
v20884,1,29284
v58887,1,29284
v46613,1,29284
v58889,1,29284
v25249,1,29284
v26503,1,29284
v22002,1,29284
v10176,1,29284
v18616,1,29284
v18615,1,29284
v37500,1,29284
v10174,1,29284
v18614,1,29284
v47164,1,29284
v44722,1,29284
v10172,1,29284
v58902,1,29284
v20616,1,29284
v13689,1,29284
v31031,1,29284
v58906,1,29284
v38012,1,29284
v58908,1,29284
v46616,1,29284
v44727,1,29284
v58911,1,29284
v7481,1,29284
v22088,1,29284
v9454,1,29284
v38011,1,29284
v38006,1,29284
v7478,1,29284
v58919,1,29284
v58920,1,29284
v44734,1,29284
v6263,1,29284
v35857,1,29284
v22091,1,29284
v27119,1,29284
v31024,1,29284
v58927,1,29284
v35862,1,29284
v35863,1,29284
v46617,1,29284
v9608,1,29284
v44744,1,29284
v38001,1,29284
v48285,1,29284
v13688,1,29284
v35868,1,29284
v22854,1,29284
v48284,1,29284
v35871,1,29284
v37064,1,29284
v58941,1,29284
v35874,1,29284
v16704,1,29284
v35876,1,29284
v21984,1,29284
v35878,1,29284
v37327,1,29284
v44759,1,29284
v24036,1,29284
v35880,1,29284
v20554,1,29284
v35883,1,29284
v35884,1,29284
v22099,1,29284
v46621,1,29284
v48282,1,29284
v35887,1,29284
v44769,1,29284
v25243,1,29284
v58960,1,29284
v37996,1,29284
v26512,1,29284
v22101,1,29284
v23193,1,29284
v35893,1,29284
v9552,1,29284
v48276,1,29284
v26514,1,29284
v58969,1,29284
v58970,1,29284
v48274,1,29284
v35898,1,29284
v58973,1,29284
v13377,1,29284
v35900,1,29284
v7466,1,29284
v47498,1,29284
v905,1,29284
v17225,1,29284
v5982,1,29284
v44785,1,29284
v31017,1,29284
v790,1,29284
v787,1,29284
v22160,1,29284
v62087,1,29284
v59031,1,29284
v10158,1,29284
v59033,1,29284
v758,1,29284
v35905,1,29284
v22162,1,29284
v14306,1,29284
v27305,1,29284
v21972,1,29284
v14301,1,29284
v59041,1,29284
v59042,1,29284
v24041,1,29284
v44796,1,29284
v5983,1,29284
v22164,1,29284
v30493,1,29284
v10157,1,29284
v22859,1,29284
v25240,1,29284
v37326,1,29284
v20858,1,29284
v26522,1,29284
v25239,1,29284
v5984,1,29284
v48257,1,29284
v14292,1,29284
v44807,1,29284
v46627,1,29284
v31011,1,29284
v9479,1,29284
v59062,1,29284
v14291,1,29284
v21950,1,29284
v35925,1,29284
v46628,1,29284
v29714,1,29284
v9480,1,29284
v59069,1,29284
v7465,1,29284
v44817,1,29284
v44818,1,29284
v21949,1,29284
v23339,1,29284
v47032,1,29284
v14290,1,29284
v5985,1,29284
v29720,1,29284
v35934,1,29284
v21947,1,29284
v35936,1,29284
v37982,1,29284
v48250,1,29284
v9510,1,29284
v24045,1,29284
v24046,1,29284
v59087,1,29284
v22177,1,29284
v35945,1,29284
v24047,1,29284
v44836,1,29284
v37979,1,29284
v7462,1,29284
v44839,1,29284
v59095,1,29284
v10145,1,29284
v29725,1,29284
v59098,1,29284
v21945,1,29284
v26926,1,29284
v48245,1,29284
v20851,1,29284
v29728,1,29284
v25235,1,29284
v20661,1,29284
v21939,1,29284
v14276,1,29284
v59108,1,29284
v44850,1,29284
v44851,1,29284
v14272,1,29284
v13387,1,29284
v59113,1,29284
v47496,1,29284
v31004,1,29284
v44856,1,29284
v37972,1,29284
v48237,1,29284
v7461,1,29284
v20655,1,29284
v21928,1,29284
v59122,1,29284
v20399,1,29284
v29738,1,29284
v39805,1,29284
v17208,1,29284
v61913,1,29284
v18579,1,29284
v35967,1,29284
v48236,1,29284
v61683,1,29284
v37971,1,29284
v46632,1,29284
v59134,1,29284
v26540,1,29284
v30417,1,29284
v5986,1,29284
v18578,1,29284
v24912,1,29284
v46914,1,29284
v59141,1,29284
v26543,1,29284
v26544,1,29284
v59144,1,29284
v59145,1,29284
v59146,1,29284
v21923,1,29284
v46915,1,29284
v24914,1,29284
v14255,1,29284
v35979,1,29284
v10143,1,29284
v23681,1,29284
v59154,1,29284
v7460,1,29284
v46636,1,29284
v9481,1,29284
v37965,1,29284
v47493,1,29284
v29753,1,29284
v31000,1,29284
v46916,1,29284
v37495,1,29284
v21909,1,29284
v18577,1,29284
v23648,1,29284
v59167,1,29284
v10141,1,29284
v29757,1,29284
v59170,1,29284
v59171,1,29284
v7452,1,29284
v35994,1,29284
v29758,1,29284
v46640,1,29284
v35997,1,29284
v9364,1,29284
v26552,1,29284
v30665,1,29284
v7451,1,29284
v29762,1,29284
v36001,1,29284
v22204,1,29284
v36003,1,29284
v47060,1,29284
v37960,1,29284
v59187,1,29284
v44909,1,29284
v24918,1,29284
v29765,1,29284
v62088,1,29284
v62358,1,29284
v44913,1,29284
v21900,1,29284
v46643,1,29284
v48218,1,29284
v37206,1,29284
v9455,1,29284
v30997,1,29284
v44920,1,29284
v6645,1,29284
v20841,1,29284
v47486,1,29284
v10135,1,29284
v21886,1,29284
v36018,1,29284
v14251,1,29284
v59209,1,29284
v29772,1,29284
v36021,1,29284
v59212,1,29284
v59213,1,29284
v30996,1,29284
v59215,1,29284
v24053,1,29284
v14249,1,29284
v59218,1,29284
v46649,1,29284
v59220,1,29284
v37489,1,29284
v29777,1,29284
v26560,1,29284
v44935,1,29284
v44936,1,29284
v59226,1,29284
v36028,1,29284
v25228,1,29284
v14247,1,29284
v59230,1,29284
v36030,1,29284
v14246,1,29284
v59234,1,29284
v24182,1,29284
v24923,1,29284
v50009,1,29284
v59239,1,29284
v59240,1,29284
v59241,1,29284
v707,1,29284
v48211,1,29284
v21882,1,29284
v36035,1,29284
v37074,1,29284
v59248,1,29284
v59249,1,29284
v24926,1,29284
v14242,1,29284
v44948,1,29284
v37488,1,29284
v59254,1,29284
v16930,1,29284
v10107,1,29284
v26566,1,29284
v46921,1,29284
v36044,1,29284
v59260,1,29284
v36045,1,29284
v48210,1,29284
v48209,1,29284
v20224,1,29284
v14235,1,29284
v59267,1,29284
v13399,1,29284
v39803,1,29284
v23651,1,29284
v44962,1,29284
v48206,1,29284
v46922,1,29284
v59274,1,29284
v13675,1,29284
v19563,1,29284
v30421,1,29284
v30990,1,29284
v25224,1,29284
v21878,1,29284
v59281,1,29284
v36057,1,29284
v22229,1,29284
v37947,1,29284
v14224,1,29284
v24932,1,29284
v29800,1,29284
v36063,1,29284
v7446,1,29284
v59290,1,29284
v30422,1,29284
v36065,1,29284
v13400,1,29284
v26921,1,29284
v37941,1,29284
v61655,1,29284
v14223,1,29284
v24058,1,29284
v24177,1,29284
v59300,1,29284
v37940,1,29284
v36073,1,29284
v6522,1,29284
v6577,1,29284
v20569,1,29284
v44992,1,29284
v44993,1,29284
v21867,1,29284
v36077,1,29284
v48187,1,29284
v48186,1,29284
v6822,1,29284
v36080,1,29284
v59314,1,29284
v59315,1,29284
v9606,1,29284
v23814,1,29284
v36081,1,29284
v23656,1,29284
v24940,1,29284
v39751,1,29284
v39752,1,29284
v59320,1,29284
v4552,1,29284
v59321,1,29284
v51157,1,29284
v23816,1,29284
v51147,1,29284
v4559,1,29284
v39743,1,29284
v23817,1,29284
v51163,1,29284
v25600,1,29284
v27723,1,29284
v25609,1,29284
v25610,1,29284
v32303,1,29284
v26579,1,29284
v59323,1,29284
v26580,1,29284
v13401,1,29284
v12044,1,29284
v51175,1,29284
v24393,1,29284
v51177,1,29284
v4546,1,29284
v4545,1,29284
v693,1,29284
v30424,1,29284
v45007,1,29284
v12040,1,29284
v21866,1,29284
v23819,1,29284
v4539,1,29284
v39812,1,29284
v24404,1,29284
v4537,1,29284
v8976,1,29284
v8968,1,29284
v8966,1,29284
v17893,1,29284
v21865,1,29284
v48183,1,29284
v51130,1,29284
v4536,1,29284
v51127,1,29284
v29817,1,29284
v8960,1,29284
v32314,1,29284
v51203,1,29284
v23433,1,29284
v8953,1,29284
v51206,1,29284
v39826,1,29284
v8952,1,29284
v26583,1,29284
v59335,1,29284
v21864,1,29284
v32315,1,29284
v59337,1,29284
v24405,1,29284
v59338,1,29284
v39833,1,29284
v39834,1,29284
v39835,1,29284
v37937,1,29284
v27089,1,29284
v9604,1,29284
v39781,1,29284
v23518,1,29284
v51223,1,29284
v19900,1,29284
v27732,1,29284
v23519,1,29284
v32321,1,29284
v39844,1,29284
v48173,1,29284
v51230,1,29284
v59344,1,29284
v12053,1,29284
v32324,1,29284
v32282,1,29284
v39850,1,29284
v32325,1,29284
v32326,1,29284
v4581,1,29284
v51239,1,29284
v59345,1,29284
v32328,1,29284
v59346,1,29284
v18537,1,29284
v9603,1,29284
v19377,1,29284
v51120,1,29284
v32334,1,29284
v47482,1,29284
v32279,1,29284
v39863,1,29284
v32335,1,29284
v45021,1,29284
v32278,1,29284
v12055,1,29284
v27741,1,29284
v45022,1,29284
v59352,1,29284
v19899,1,29284
v19898,1,29284
v22886,1,29284
v16264,1,29284
v27087,1,29284
v51263,1,29284
v51264,1,29284
v16252,1,29284
v39876,1,29284
v10069,1,29284
v25627,1,29284
v45026,1,29284
v32346,1,29284
v32347,1,29284
v4584,1,29284
v51299,1,29284
v16267,1,29284
v47147,1,29284
v9601,1,29284
v25628,1,29284
v51110,1,29284
v4531,1,29284
v25629,1,29284
v19690,1,29284
v21855,1,29284
v59361,1,29284
v32272,1,29284
v26873,1,29284
v62208,1,29284
v51105,1,29284
v51315,1,29284
v51316,1,29284
v39891,1,29284
v39892,1,29284
v51101,1,29284
v12063,1,29284
v39895,1,29284
v19393,1,29284
v51323,1,29284
v32358,1,29284
v32359,1,29284
v25630,1,29284
v8937,1,29284
v51328,1,29284
v51329,1,29284
v59363,1,29284
v39900,1,29284
v51332,1,29284
v39901,1,29284
v51093,1,29284
v39903,1,29284
v47481,1,29284
v32263,1,29284
v32262,1,29284
v19367,1,29284
v32363,1,29284
v36102,1,29284
v32364,1,29284
v32365,1,29284
v51341,1,29284
v12066,1,29284
v39910,1,29284
v25632,1,29284
v32367,1,29284
v39913,1,29284
v51347,1,29284
v32260,1,29284
v17860,1,29284
v4592,1,29284
v39918,1,29284
v8933,1,29284
v51354,1,29284
v24065,1,29284
v25590,1,29284
v25634,1,29284
v17916,1,29284
v17859,1,29284
v59367,1,29284
v24415,1,29284
v24389,1,29284
v60343,1,29284
v14219,1,29284
v32254,1,29284
v39927,1,29284
v22155,1,29284
v4514,1,29284
v20154,1,29284
v8931,1,29284
v51077,1,29284
v47475,1,29284
v37930,1,29284
v51370,1,29284
v51371,1,29284
v51372,1,29284
v27767,1,29284
v19364,1,29284
v59372,1,29284
v25641,1,29284
v36108,1,29284
v32250,1,29284
v23824,1,29284
v4593,1,29284
v16275,1,29284
v51067,1,29284
v9483,1,29284
v51065,1,29284
v51386,1,29284
v36109,1,29284
v4507,1,29284
v19906,1,29284
v6004,1,29284
v6006,1,29284
v20155,1,29284
v45040,1,29284
v27680,1,29284
v12009,1,29284
v39694,1,29284
v32241,1,29284
v16209,1,29284
v32240,1,29284
v32392,1,29284
v25644,1,29284
v8927,1,29284
v51403,1,29284
v51404,1,29284
v51057,1,29284
v59379,1,29284
v51407,1,29284
v23520,1,29284
v12069,1,29284
v12008,1,29284
v21843,1,29284
v51055,1,29284
v16183,1,29284
v51414,1,29284
v51415,1,29284
v32238,1,29284
v51417,1,29284
v17838,1,29284
v51049,1,29284
v39957,1,29284
v51421,1,29284
v32401,1,29284
v51423,1,29284
v32236,1,29284
v39959,1,29284
v29833,1,29284
v36112,1,29284
v39962,1,29284
v51429,1,29284
v51430,1,29284
v51431,1,29284
v16181,1,29284
v51433,1,29284
v51038,1,29284
v51435,1,29284
v51436,1,29284
v12074,1,29284
v19402,1,29284
v51033,1,29284
v39676,1,29284
v8989,1,29284
v39672,1,29284
v39967,1,29284
v16175,1,29284
v60333,1,29284
v45044,1,29284
v51447,1,29284
v51019,1,29284
v39970,1,29284
v45045,1,29284
v26918,1,29284
v23826,1,29284
v61966,1,29284
v43266,1,29284
v16172,1,29284
v4473,1,29284
v39975,1,29284
v39976,1,29284
v11998,1,29284
v16165,1,29284
v51457,1,29284
v32411,1,29284
v39664,1,29284
v16164,1,29284
v47143,1,29284
v39663,1,29284
v39982,1,29284
v51464,1,29284
v37313,1,29284
v39983,1,29284
v51467,1,29284
v32415,1,29284
v30977,1,29284
v45050,1,29284
v51471,1,29284
v51472,1,29284
v51475,1,29284
v4467,1,29284
v51013,1,29284
v55044,1,29284
v22892,1,29284
v25648,1,29284
v51481,1,29284
v8993,1,29284
v45051,1,29284
v39987,1,29284
v51485,1,29284
v46928,1,29284
v51487,1,29284
v51488,1,29284
v51489,1,29284
v51490,1,29284
v51491,1,29284
v32220,1,29284
v39989,1,29284
v39659,1,29284
v39991,1,29284
v39992,1,29284
v47468,1,29284
v39993,1,29284
v8994,1,29284
v18442,1,29284
v59395,1,29284
v36116,1,29284
v45054,1,29284
v32418,1,29284
v8907,1,29284
v27086,1,29284
v4446,1,29284
v29835,1,29284
v10061,1,29284
v51510,1,29284
v51511,1,29284
v32420,1,29284
v45058,1,29284
v51514,1,29284
v16160,1,29284
v45059,1,29284
v20362,1,29284
v16152,1,29284
v51519,1,29284
v51520,1,29284
v51521,1,29284
v22261,1,29284
v51523,1,29284
v51524,1,29284
v48156,1,29284
v37923,1,29284
v25651,1,29284
v16146,1,29284
v4438,1,29284
v32428,1,29284
v32429,1,29284
v16145,1,29284
v62362,1,29284
v22262,1,29284
v46671,1,29284
v40015,1,29284
v51536,1,29284
v7406,1,29284
v40016,1,29284
v40017,1,29284
v19897,1,29284
v687,1,29284
v37920,1,29284
v32218,1,29284
v51544,1,29284
v40022,1,29284
v6283,1,29284
v51547,1,29284
v59412,1,29284
v16139,1,29284
v40025,1,29284
v8902,1,29284
v51552,1,29284
v8901,1,29284
v16136,1,29284
v8899,1,29284
v46673,1,29284
v26916,1,29284
v32442,1,29284
v52466,1,29284
v16127,1,29284
v11947,1,29284
v4431,1,29284
v51562,1,29284
v51563,1,29284
v46675,1,29284
v11941,1,29284
v27308,1,29284
v51567,1,29284
v51003,1,29284
v61656,1,29284
v59418,1,29284
v39653,1,29284
v51572,1,29284
v11939,1,29284
v51574,1,29284
v40043,1,29284
v24067,1,29284
v40044,1,29284
v50997,1,29284
v59420,1,29284
v39652,1,29284
v51581,1,29284
v39651,1,29284
v46676,1,29284
v50994,1,29284
v50993,1,29284
v50991,1,29284
v50990,1,29284
v32457,1,29284
v50989,1,29284
v21832,1,29284
v29841,1,29284
v8889,1,29284
v11932,1,29284
v13624,1,29284
v50988,1,29284
v59425,1,29284
v22272,1,29284
v4348,1,29284
v23143,1,29284
v8887,1,29284
v32464,1,29284
v51604,1,29284
v50987,1,29284
v45077,1,29284
v4343,1,29284
v51608,1,29284
v50986,1,29284
v16120,1,29284
v29844,1,29284
v9456,1,29284
v13407,1,29284
v46678,1,29284
v26911,1,29284
v4649,1,29284
v47454,1,29284
v4341,1,29284
v40065,1,29284
v40066,1,29284
v45083,1,29284
v22280,1,29284
v16118,1,29284
v12082,1,29284
v23831,1,29284
v32471,1,29284
v8997,1,29284
v40073,1,29284
v17834,1,29284
v17833,1,29284
v25658,1,29284
v50980,1,29284
v13412,1,29284
v20824,1,29284
v48144,1,29284
v51634,1,29284
v51635,1,29284
v40080,1,29284
v8998,1,29284
v18533,1,29284
v29848,1,29284
v11923,1,29284
v39642,1,29284
v50974,1,29284
v10036,1,29284
v32480,1,29284
v32214,1,29284
v9484,1,29284
v40085,1,29284
v16112,1,29284
v27083,1,29284
v18313,1,29284
v32213,1,29284
v51651,1,29284
v21814,1,29284
v4326,1,29284
v27081,1,29284
v59448,1,29284
v51656,1,29284
v51657,1,29284
v50970,1,29284
v20654,1,29284
v51660,1,29284
v40092,1,29284
v32212,1,29284
v32488,1,29284
v51664,1,29284
v45094,1,29284
v50963,1,29284
v59451,1,29284
v21812,1,29284
v4663,1,29284
v39626,1,29284
v51671,1,29284
v51672,1,29284
v6285,1,29284
v32203,1,29284
v32201,1,29284
v4306,1,29284
v39621,1,29284
v32495,1,29284
v16098,1,29284
v30430,1,29284
v25660,1,29284
v39616,1,29284
v51684,1,29284
v51685,1,29284
v50943,1,29284
v59455,1,29284
v27832,1,29284
v12091,1,29284
v51690,1,29284
v51691,1,29284
v51692,1,29284
v650,1,29284
v51697,1,29284
v9003,1,29284
v21811,1,29284
v51700,1,29284
v51701,1,29284
v39611,1,29284
v50938,1,29284
v27834,1,29284
v50937,1,29284
v30966,1,29284
v51707,1,29284
v51708,1,29284
v47451,1,29284
v59460,1,29284
v50936,1,29284
v50934,1,29284
v13734,1,29284
v50933,1,29284
v39610,1,29284
v39609,1,29284
v51717,1,29284
v59462,1,29284
v12092,1,29284
v16586,1,29284
v39606,1,29284
v20360,1,29284
v25665,1,29284
v39603,1,29284
v39602,1,29284
v50922,1,29284
v11877,1,29284
v27667,1,29284
v59463,1,29284
v59464,1,29284
v16086,1,29284
v59465,1,29284
v29855,1,29284
v32521,1,29284
v36148,1,29284
v21807,1,29284
v50914,1,29284
v9509,1,29284
v48139,1,29284
v51741,1,29284
v51742,1,29284
v16076,1,29284
v50913,1,29284
v9485,1,29284
v19340,1,29284
v51747,1,29284
v32186,1,29284
v25668,1,29284
v23835,1,29284
v27663,1,29284
v32530,1,29284
v29859,1,29284
v17831,1,29284
v51757,1,29284
v45108,1,29284
v29860,1,29284
v51760,1,29284
v11873,1,29284
v12107,1,29284
v51763,1,29284
v51764,1,29284
v51765,1,29284
v10027,1,29284
v17830,1,29284
v22148,1,29284
v12115,1,29284
v50897,1,29284
v12117,1,29284
v51772,1,29284
v22900,1,29284
v7379,1,29284
v37092,1,29284
v4284,1,29284
v47450,1,29284
v12119,1,29284
v32539,1,29284
v32540,1,29284
v37909,1,29284
v40149,1,29284
v51783,1,29284
v51784,1,29284
v10024,1,29284
v20821,1,29284
v45116,1,29284
v32171,1,29284
v51789,1,29284
v4276,1,29284
v11871,1,29284
v45117,1,29284
v11867,1,29284
v21801,1,29284
v4270,1,29284
v4256,1,29284
v59486,1,29284
v21799,1,29284
v51799,1,29284
v10018,1,29284
v32547,1,29284
v45121,1,29284
v40157,1,29284
v12120,1,29284
v40158,1,29284
v25177,1,29284
v51807,1,29284
v37093,1,29284
v32169,1,29284
v51810,1,29284
v51811,1,29284
v51812,1,29284
v50885,1,29284
v32167,1,29284
v11860,1,29284
v32161,1,29284
v51817,1,29284
v51818,1,29284
v51819,1,29284
v25675,1,29284
v50872,1,29284
v39560,1,29284
v8880,1,29284
v21794,1,29284
v10015,1,29284
v50866,1,29284
v50865,1,29284
v21779,1,29284
v4706,1,29284
v30963,1,29284
v10014,1,29284
v23359,1,29284
v50862,1,29284
v50861,1,29284
v48133,1,29284
v19337,1,29284
v50860,1,29284
v36162,1,29284
v19333,1,29284
v59498,1,29284
v4222,1,29284
v45129,1,29284
v29863,1,29284
v32563,1,29284
v39556,1,29284
v11830,1,29284
v10011,1,29284
v51849,1,29284
v59502,1,29284
v10009,1,29284
v4709,1,29284
v32567,1,29284
v25120,1,29284
v51856,1,29284
v50856,1,29284
v45133,1,29284
v32569,1,29284
v51861,1,29284
v50855,1,29284
v50852,1,29284
v51864,1,29284
v36166,1,29284
v51866,1,29284
v31594,1,29284
v14204,1,29284
v32574,1,29284
v48131,1,29284
v7374,1,29284
v45138,1,29284
v51873,1,29284
v51874,1,29284
v51875,1,29284
v32576,1,29284
v10008,1,29284
v47445,1,29284
v40193,1,29284
v61657,1,29284
v51879,1,29284
v8878,1,29284
v59515,1,29284
v10007,1,29284
v50851,1,29284
v36173,1,29284
v51885,1,29284
v29867,1,29284
v51887,1,29284
v32582,1,29284
v19332,1,29284
v12143,1,29284
v51891,1,29284
v12144,1,29284
v32584,1,29284
v26604,1,29284
v51895,1,29284
v26605,1,29284
v59521,1,29284
v39548,1,29284
v10003,1,29284
v8869,1,29284
v20820,1,29284
v36179,1,29284
v32147,1,29284
v22904,1,29284
v4711,1,29284
v4712,1,29284
v40214,1,29284
v50831,1,29284
v27649,1,29284
v4195,1,29284
v50828,1,29284
v45151,1,29284
v50825,1,29284
v50822,1,29284
v51916,1,29284
v19407,1,29284
v50820,1,29284
v21763,1,29284
v32142,1,29284
v4176,1,29284
v25074,1,29284
v4714,1,29284
v32590,1,29284
v40220,1,29284
v25563,1,29284
v40221,1,29284
v59529,1,29284
v50813,1,29284
v32592,1,29284
v18528,1,29284
v23471,1,29284
v32593,1,29284
v32139,1,29284
v27645,1,29284
v11829,1,29284
v47444,1,29284
v11828,1,29284
v16075,1,29284
v9371,1,29284
v51942,1,29284
v47443,1,29284
v24436,1,29284
v39530,1,29284
v25214,1,29284
v59536,1,29284
v51948,1,29284
v32601,1,29284
v11826,1,29284
v51951,1,29284
v27860,1,29284
v27861,1,29284
v4108,1,29284
v4155,1,29284
v51956,1,29284
v32605,1,29284
v32606,1,29284
v29874,1,29284
v51960,1,29284
v8866,1,29284
v8865,1,29284
v8864,1,29284
v37902,1,29284
v51965,1,29284
v27862,1,29284
v40242,1,29284
v32136,1,29284
v23526,1,29284
v30958,1,29284
v51971,1,29284
v51972,1,29284
v27864,1,29284
v9008,1,29284
v51975,1,29284
v25682,1,29284
v13423,1,29284
v27866,1,29284
v16074,1,29284
v23360,1,29284
v47440,1,29284
v8858,1,29284
v8857,1,29284
v21750,1,29284
v59543,1,29284
v61970,1,29284
v24968,1,29284
v32617,1,29284
v32618,1,29284
v32619,1,29284
v23840,1,29284
v37898,1,29284
v29878,1,29284
v39783,1,29284
v51995,1,29284
v45167,1,29284
v59549,1,29284
v46689,1,29284
v38125,1,29284
v39525,1,29284
v52001,1,29284
v40268,1,29284
v11813,1,29284
v52004,1,29284
v52005,1,29284
v47438,1,29284
v52008,1,29284
v40271,1,29284
v12156,1,29284
v39522,1,29284
v25689,1,29284
v52013,1,29284
v11812,1,29284
v4084,1,29284
v48116,1,29284
v11811,1,29284
v36196,1,29284
v52019,1,29284
v32630,1,29284
v52022,1,29284
v52023,1,29284
v37464,1,29284
v52025,1,29284
v48111,1,29284
v52027,1,29284
v17167,1,29284
v52029,1,29284
v32632,1,29284
v52472,1,29284
v4078,1,29284
v9987,1,29284
v46690,1,29284
v61926,1,29284
v40282,1,29284
v32131,1,29284
v32634,1,29284
v40284,1,29284
v36203,1,29284
v52040,1,29284
v36204,1,29284
v17165,1,29284
v32637,1,29284
v16073,1,29284
v11808,1,29284
v32127,1,29284
v14193,1,29284
v50791,1,29284
v59565,1,29284
v32641,1,29284
v32642,1,29284
v11801,1,29284
v24448,1,29284
v16316,1,29284
v11798,1,29284
v32123,1,29284
v13426,1,29284
v11797,1,29284
v59567,1,29284
v50782,1,29284
v32648,1,29284
v50779,1,29284
v45183,1,29284
v16317,1,29284
v11793,1,29284
v32653,1,29284
v17807,1,29284
v11792,1,29284
v29891,1,29284
v37892,1,29284
v40308,1,29284
v17806,1,29284
v52069,1,29284
v59571,1,29284
v52071,1,29284
v16072,1,29284
v36210,1,29284
v59573,1,29284
v47135,1,29284
v40314,1,29284
v40315,1,29284
v52078,1,29284
v32119,1,29284
v29892,1,29284
v52081,1,29284
v17805,1,29284
v21728,1,29284
v23529,1,29284
v52085,1,29284
v11783,1,29284
v52087,1,29284
v27636,1,29284
v40321,1,29284
v48104,1,29284
v52091,1,29284
v59578,1,29284
v59580,1,29284
v22321,1,29284
v32665,1,29284
v37462,1,29284
v17799,1,29284
v59583,1,29284
v36215,1,29284
v52100,1,29284
v12162,1,29284
v40330,1,29284
v6050,1,29284
v11772,1,29284
v17796,1,29284
v27908,1,29284
v23362,1,29284
v52108,1,29284
v11770,1,29284
v11761,1,29284
v37889,1,29284
v32680,1,29284
v36218,1,29284
v32682,1,29284
v24973,1,29284
v27911,1,29284
v27635,1,29284
v40345,1,29284
v40346,1,29284
v24452,1,29284
v16055,1,29284
v22323,1,29284
v23287,1,29284
v52124,1,29284
v52125,1,29284
v19306,1,29284
v50771,1,29284
v27634,1,29284
v4729,1,29284
v21723,1,29284
v59591,1,29284
v30951,1,29284
v52133,1,29284
v52134,1,29284
v39501,1,29284
v36223,1,29284
v19296,1,29284
v40358,1,29284
v12170,1,29284
v23145,1,29284
v12173,1,29284
v11743,1,29284
v25075,1,29284
v52143,1,29284
v39497,1,29284
v4732,1,29284
v24457,1,29284
v24975,1,29284
v32705,1,29284
v52149,1,29284
v37886,1,29284
v16877,1,29284
v11735,1,29284
v50755,1,29284
v27924,1,29284
v52155,1,29284
v29903,1,29284
v9962,1,29284
v37884,1,29284
v52159,1,29284
v4733,1,29284
v27925,1,29284
v52162,1,29284
v23847,1,29284
v39496,1,29284
v52165,1,29284
v40376,1,29284
v12187,1,29284
v27632,1,29284
v52171,1,29284
v11731,1,29284
v23364,1,29284
v27928,1,29284
v32105,1,29284
v17786,1,29284
v52178,1,29284
v52179,1,29284
v24369,1,29284
v19279,1,29284
v6294,1,29284
v52185,1,29284
v52186,1,29284
v46934,1,29284
v40387,1,29284
v4013,1,29284
v27630,1,29284
v52191,1,29284
v14189,1,29284
v29907,1,29284
v22333,1,29284
v8855,1,29284
v45215,1,29284
v11723,1,29284
v27931,1,29284
v61925,1,29284
v20483,1,29284
v50742,1,29284
v6531,1,29284
v27629,1,29284
v40395,1,29284
v16035,1,29284
v50738,1,29284
v4742,1,29284
v25717,1,29284
v17784,1,29284
v51293,1,29284
v50732,1,29284
v32100,1,29284
v40403,1,29284
v19703,1,29284
v3996,1,29284
v37883,1,29284
v40405,1,29284
v27626,1,29284
v52213,1,29284
v3983,1,29284
v39481,1,29284
v52216,1,29284
v52217,1,29284
v52218,1,29284
v40406,1,29284
v52220,1,29284
v50724,1,29284
v32733,1,29284
v52223,1,29284
v32094,1,29284
v14185,1,29284
v52226,1,29284
v50722,1,29284
v36241,1,29284
v30947,1,29284
v32737,1,29284
v22910,1,29284
v52232,1,29284
v52233,1,29284
v13432,1,29284
v22337,1,29284
v50719,1,29284
v27942,1,29284
v14183,1,29284
v25210,1,29284
v32742,1,29284
v29918,1,29284
v29919,1,29284
v59622,1,29284
v39475,1,29284
v6295,1,29284
v26632,1,29284
v27944,1,29284
v37877,1,29284
v8848,1,29284
v32748,1,29284
v21707,1,29284
v48084,1,29284
v13433,1,29284
v52254,1,29284
v45233,1,29284
v32750,1,29284
v52485,1,29284
v8847,1,29284
v59631,1,29284
v50717,1,29284
v52260,1,29284
v52261,1,29284
v32091,1,29284
v11683,1,29284
v50711,1,29284
v39471,1,29284
v3976,1,29284
v50709,1,29284
v27946,1,29284
v23850,1,29284
v9956,1,29284
v11675,1,29284
v11674,1,29284
v8846,1,29284
v13434,1,29284
v16738,1,29284
v27948,1,29284
v22340,1,29284
v17776,1,29284
v52280,1,29284
v52281,1,29284
v27951,1,29284
v52283,1,29284
v17965,1,29284
v32089,1,29284
v52286,1,29284
v45238,1,29284
v37454,1,29284
v24466,1,29284
v26256,1,29284
v52291,1,29284
v13435,1,29284
v9954,1,29284
v39468,1,29284
v52295,1,29284
v60330,1,29284
v32088,1,29284
v28386,1,29284
v52299,1,29284
v52300,1,29284
v27065,1,29284
v32086,1,29284
v52303,1,29284
v52304,1,29284
v27955,1,29284
v45245,1,29284
v25119,1,29284
v52308,1,29284
v52309,1,29284
v23468,1,29284
v47132,1,29284
v40453,1,29284
v12197,1,29284
v59647,1,29284
v52315,1,29284
v52316,1,29284
v52317,1,29284
v16030,1,29284
v11663,1,29284
v45249,1,29284
v21703,1,29284
v39463,1,29284
v52323,1,29284
v11662,1,29284
v39462,1,29284
v27958,1,29284
v8844,1,29284
v32799,1,29284
v6587,1,29284
v52330,1,29284
v39459,1,29284
v9950,1,29284
v11658,1,29284
v52334,1,29284
v32803,1,29284
v30437,1,29284
v52337,1,29284
v11656,1,29284
v52339,1,29284
v52340,1,29284
v3948,1,29284
v32806,1,29284
v51290,1,29284
v11655,1,29284
v8842,1,29284
v4772,1,29284
v16741,1,29284
v3935,1,29284
v52350,1,29284
v20817,1,29284
v59655,1,29284
v59656,1,29284
v52354,1,29284
v50685,1,29284
v52356,1,29284
v12235,1,29284
v52358,1,29284
v61567,1,29284
v50681,1,29284
v52361,1,29284
v45256,1,29284
v52363,1,29284
v52364,1,29284
v50678,1,29284
v16012,1,29284
v6052,1,29284
v52368,1,29284
v8841,1,29284
v7348,1,29284
v52371,1,29284
v8840,1,29284
v17976,1,29284
v40485,1,29284
v52375,1,29284
v12238,1,29284
v20247,1,29284
v32821,1,29284
v13733,1,29284
v16007,1,29284
v50674,1,29284
v59662,1,29284
v59663,1,29284
v36264,1,29284
v23852,1,29284
v24469,1,29284
v52387,1,29284
v36265,1,29284
v24188,1,29284
v46936,1,29284
v61508,1,29284
v8839,1,29284
v52393,1,29284
v40502,1,29284
v52395,1,29284
v22350,1,29284
v50670,1,29284
v16950,1,29284
v32068,1,29284
v29925,1,29284
v50666,1,29284
v17996,1,29284
v52403,1,29284
v8836,1,29284
v22352,1,29284
v52406,1,29284
v40508,1,29284
v32063,1,29284
v61658,1,29284
v32838,1,29284
v52411,1,29284
v52412,1,29284
v50660,1,29284
v4800,1,29284
v52415,1,29284
v24361,1,29284
v52417,1,29284
v32840,1,29284
v50656,1,29284
v24981,1,29284
v32061,1,29284
v25541,1,29284
v52423,1,29284
v50649,1,29284
v40517,1,29284
v52426,1,29284
v40518,1,29284
v50647,1,29284
v52429,1,29284
v14177,1,29284
v52431,1,29284
v59675,1,29284
v52433,1,29284
v8829,1,29284
v8828,1,29284
v21689,1,29284
v37859,1,29284
v3878,1,29284
v45272,1,29284
v50642,1,29284
v3855,1,29284
v32843,1,29284
v40524,1,29284
v52444,1,29284
v30928,1,29284
v52446,1,29284
v32844,1,29284
v62192,1,29284
v23795,1,29284
v32846,1,29284
v47420,1,29284
v14174,1,29284
v23320,1,29284
v52454,1,29284
v52455,1,29284
v9015,1,29284
v52457,1,29284
v50636,1,29284
v52486,1,29284
v62190,1,29284
v52488,1,29284
v11628,1,29284
v37857,1,29284
v15996,1,29284
v37856,1,29284
v16325,1,29284
v13440,1,29284
v24474,1,29284
v13442,1,29284
v4843,1,29284
v52506,1,29284
v32051,1,29284
v52508,1,29284
v45280,1,29284
v32856,1,29284
v3835,1,29284
v9389,1,29284
v32857,1,29284
v40540,1,29284
v45282,1,29284
v8827,1,29284
v52517,1,29284
v24358,1,29284
v22141,1,29284
v25736,1,29284
v24476,1,29284
v59690,1,29284
v18025,1,29284
v40548,1,29284
v27599,1,29284
v19413,1,29284
v47130,1,29284
v27597,1,29284
v24117,1,29284
v52530,1,29284
v40552,1,29284
v32867,1,29284
v40554,1,29284
v50614,1,29284
v32869,1,29284
v50612,1,29284
v37105,1,29284
v50610,1,29284
v32039,1,29284
v50604,1,29284
v52541,1,29284
v52542,1,29284
v27999,1,29284
v24479,1,29284
v40562,1,29284
v20506,1,29284
v32877,1,29284
v30921,1,29284
v50603,1,29284
v27595,1,29284
v50600,1,29284
v19566,1,29284
v37841,1,29284
v15966,1,29284
v19415,1,29284
v59698,1,29284
v17764,1,29284
v24480,1,29284
v37838,1,29284
v24353,1,29284
v52562,1,29284
v52563,1,29284
v40574,1,29284
v15962,1,29284
v4858,1,29284
v36287,1,29284
v40578,1,29284
v52569,1,29284
v32890,1,29284
v52571,1,29284
v50590,1,29284
v11588,1,29284
v9020,1,29284
v32032,1,29284
v52576,1,29284
v32894,1,29284
v40584,1,29284
v8822,1,29284
v46702,1,29284
v52581,1,29284
v40587,1,29284
v59011,1,29284
v9021,1,29284
v52585,1,29284
v52586,1,29284
v59702,1,29284
v24482,1,29284
v39398,1,29284
v32897,1,29284
v17761,1,29284
v52592,1,29284
v32899,1,29284
v27056,1,29284
v50584,1,29284
v19252,1,29284
v32902,1,29284
v32031,1,29284
v48040,1,29284
v28017,1,29284
v36289,1,29284
v52602,1,29284
v40601,1,29284
v8819,1,29284
v50581,1,29284
v32907,1,29284
v21665,1,29284
v52608,1,29284
v32030,1,29284
v59707,1,29284
v28019,1,29284
v52612,1,29284
v32910,1,29284
v32911,1,29284
v9028,1,29284
v14167,1,29284
v3813,1,29284
v15952,1,29284
v32915,1,29284
v30633,1,29284
v40615,1,29284
v59711,1,29284
v32916,1,29284
v32917,1,29284
v17758,1,29284
v60317,1,29284
v23147,1,29284
v4882,1,29284
v61378,1,29284
v32029,1,29284
v3809,1,29284
v3806,1,29284
v59714,1,29284
v14165,1,29284
v15948,1,29284
v36294,1,29284
v32028,1,29284
v39389,1,29284
v40628,1,29284
v40629,1,29284
v50562,1,29284
v23148,1,29284
v22140,1,29284
v28027,1,29284
v32929,1,29284
v28028,1,29284
v15939,1,29284
v32932,1,29284
v52649,1,29284
v18484,1,29284
v4899,1,29284
v8808,1,29284
v52653,1,29284
v24485,1,29284
v17756,1,29284
v36298,1,29284
v45303,1,29284
v4900,1,29284
v15931,1,29284
v29949,1,29284
v4902,1,29284
v8803,1,29284
v11496,1,29284
v52664,1,29284
v52665,1,29284
v40648,1,29284
v3803,1,29284
v40649,1,29284
v52669,1,29284
v45305,1,29284
v45306,1,29284
v40652,1,29284
v50556,1,29284
v30442,1,29284
v50549,1,29284
v50548,1,29284
v52677,1,29284
v59725,1,29284
v11494,1,29284
v12276,1,29284
v30566,1,29284
v50544,1,29284
v22370,1,29284
v50543,1,29284
v28035,1,29284
v17119,1,29284
v52688,1,29284
v47128,1,29284
v16761,1,29284
v52691,1,29284
v52692,1,29284
v52693,1,29284
v17754,1,29284
v52695,1,29284
v25760,1,29284
v52697,1,29284
v52698,1,29284
v45313,1,29284
v52700,1,29284
v50542,1,29284
v32951,1,29284
v52703,1,29284
v59732,1,29284
v48038,1,29284
v25761,1,29284
v11478,1,29284
v11477,1,29284
v32018,1,29284
v3796,1,29284
v3795,1,29284
v50536,1,29284
v3791,1,29284
v40674,1,29284
v36305,1,29284
v36306,1,29284
v23228,1,29284
v11476,1,29284
v32957,1,29284
v59736,1,29284
v40679,1,29284
v20163,1,29284
v8795,1,29284
v50532,1,29284
v32960,1,29284
v3754,1,29284
v22372,1,29284
v36819,1,29284
v32014,1,29284
v52735,1,29284
v45319,1,29284
v52737,1,29284
v52738,1,29284
v17752,1,29284
v52740,1,29284
v20145,1,29284
v19876,1,29284
v47415,1,29284
v50530,1,29284
v3748,1,29284
v32966,1,29284
v21651,1,29284
v32968,1,29284
v45322,1,29284
v52750,1,29284
v9941,1,29284
v39373,1,29284
v25520,1,29284
v3747,1,29284
v32012,1,29284
v52756,1,29284
v32970,1,29284
v32971,1,29284
v47410,1,29284
v59745,1,29284
v28051,1,29284
v50524,1,29284
v4917,1,29284
v59746,1,29284
v47408,1,29284
v59748,1,29284
v52767,1,29284
v37833,1,29284
v24350,1,29284
v40702,1,29284
v32007,1,29284
v36313,1,29284
v36314,1,29284
v8792,1,29284
v61974,1,29284
v52776,1,29284
v3739,1,29284
v9393,1,29284
v8791,1,29284
v17744,1,29284
v22921,1,29284
v16762,1,29284
v27051,1,29284
v28058,1,29284
v12298,1,29284
v52785,1,29284
v52786,1,29284
v11470,1,29284
v45330,1,29284
v11467,1,29284
v39363,1,29284
v52792,1,29284
v52793,1,29284
v52794,1,29284
v11465,1,29284
v57486,1,29284
v3734,1,29284
v39362,1,29284
v8788,1,29284
v45331,1,29284
v32004,1,29284
v39360,1,29284
v3732,1,29284
v56237,1,29284
v25772,1,29284
v52804,1,29284
v26258,1,29284
v52806,1,29284
v24491,1,29284
v29957,1,29284
v59761,1,29284
v61460,1,29284
v36317,1,29284
v50507,1,29284
v36318,1,29284
v39358,1,29284
v4932,1,29284
v52814,1,29284
v52815,1,29284
v52816,1,29284
v36319,1,29284
v52818,1,29284
v52819,1,29284
v52820,1,29284
v59765,1,29284
v26651,1,29284
v45339,1,29284
v52824,1,29284
v21642,1,29284
v47030,1,29284
v52826,1,29284
v16330,1,29284
v52828,1,29284
v52829,1,29284
v20810,1,29284
v61659,1,29284
v11456,1,29284
v40737,1,29284
v14152,1,29284
v52835,1,29284
v36325,1,29284
v26652,1,29284
v18038,1,29284
v20499,1,29284
v39351,1,29284
v14151,1,29284
v52841,1,29284
v14150,1,29284
v33006,1,29284
v9396,1,29284
v33007,1,29284
v37824,1,29284
v52847,1,29284
v52848,1,29284
v59779,1,29284
v36332,1,29284
v23861,1,29284
v40747,1,29284
v50494,1,29284
v23862,1,29284
v30908,1,29284
v52853,1,29284
v48020,1,29284
v62253,1,29284
v59783,1,29284
v52857,1,29284
v50493,1,29284
v13456,1,29284
v36335,1,29284
v46715,1,29284
v59787,1,29284
v39349,1,29284
v36337,1,29284
v59789,1,29284
v52866,1,29284
v11445,1,29284
v50489,1,29284
v15894,1,29284
v28071,1,29284
v59790,1,29284
v40757,1,29284
v52873,1,29284
v52874,1,29284
v12304,1,29284
v17732,1,29284
v31992,1,29284
v48018,1,29284
v52879,1,29284
v52880,1,29284
v46716,1,29284
v40761,1,29284
v27049,1,29284
v24498,1,29284
v40764,1,29284
v50478,1,29284
v52887,1,29284
v33023,1,29284
v36340,1,29284
v46717,1,29284
v28077,1,29284
v45362,1,29284
v52893,1,29284
v24499,1,29284
v4951,1,29284
v40772,1,29284
v22384,1,29284
v50475,1,29284
v59798,1,29284
v17724,1,29284
v52901,1,29284
v40776,1,29284
v33032,1,29284
v33033,1,29284
v50472,1,29284
v28082,1,29284
v52907,1,29284
v61782,1,29284
v3680,1,29284
v11428,1,29284
v50471,1,29284
v52912,1,29284
v28083,1,29284
v50470,1,29284
v28084,1,29284
v15890,1,29284
v15888,1,29284
v29972,1,29284
v52919,1,29284
v59800,1,29284
v17720,1,29284
v40790,1,29284
v40792,1,29284
v17715,1,29284
v50469,1,29284
v45365,1,29284
v40794,1,29284
v59802,1,29284
v52929,1,29284
v40796,1,29284
v52931,1,29284
v52932,1,29284
v16763,1,29284
v62255,1,29284
v59804,1,29284
v62256,1,29284
v33045,1,29284
v3665,1,29284
v33046,1,29284
v33047,1,29284
v52941,1,29284
v16581,1,29284
v52943,1,29284
v52944,1,29284
v14146,1,29284
v29974,1,29284
v33050,1,29284
v30445,1,29284
v28092,1,29284
v31990,1,29284
v9655,1,29284
v52952,1,29284
v52953,1,29284
v52954,1,29284
v6061,1,29284
v15878,1,29284
v59809,1,29284
v28094,1,29284
v23370,1,29284
v50464,1,29284
v8775,1,29284
v28096,1,29284
v6302,1,29284
v24346,1,29284
v39337,1,29284
v28098,1,29284
v59811,1,29284
v52968,1,29284
v50458,1,29284
v17114,1,29284
v11401,1,29284
v11400,1,29284
v45371,1,29284
v33065,1,29284
v45372,1,29284
v52976,1,29284
v33067,1,29284
v25793,1,29284
v31987,1,29284
v18519,1,29284
v52980,1,29284
v25794,1,29284
v33069,1,29284
v36348,1,29284
v28104,1,29284
v4961,1,29284
v40832,1,29284
v52987,1,29284
v4966,1,29284
v52989,1,29284
v21629,1,29284
v19212,1,29284
v48010,1,29284
v52993,1,29284
v7295,1,29284
v19211,1,29284
v50450,1,29284
v59820,1,29284
v21628,1,29284
v28111,1,29284
v16332,1,29284
v53003,1,29284
v50446,1,29284
v53005,1,29284
v25510,1,29284
v45379,1,29284
v53008,1,29284
v53009,1,29284
v53010,1,29284
v59823,1,29284
v11397,1,29284
v53013,1,29284
v47405,1,29284
v9397,1,29284
v33085,1,29284
v33086,1,29284
v53018,1,29284
v40850,1,29284
v33087,1,29284
v18052,1,29284
v59826,1,29284
v50432,1,29284
v7294,1,29284
v6064,1,29284
v30899,1,29284
v18055,1,29284
v29980,1,29284
v23541,1,29284
v53030,1,29284
v36352,1,29284
v8764,1,29284
v24509,1,29284
v28119,1,29284
v50425,1,29284
v19210,1,29284
v50424,1,29284
v33097,1,29284
v50423,1,29284
v40864,1,29284
v18065,1,29284
v50418,1,29284
v36353,1,29284
v40867,1,29284
v50417,1,29284
v31972,1,29284
v19208,1,29284
v23868,1,29284
v31971,1,29284
v40873,1,29284
v27559,1,29284
v61660,1,29284
v50406,1,29284
v59834,1,29284
v59835,1,29284
v11393,1,29284
v11392,1,29284
v53058,1,29284
v33112,1,29284
v11386,1,29284
v50405,1,29284
v33115,1,29284
v53063,1,29284
v53731,1,29284
v59836,1,29284
v50403,1,29284
v15843,1,29284
v53067,1,29284
v53068,1,29284
v17683,1,29284
v53070,1,29284
v28129,1,29284
v45387,1,29284
v40889,1,29284
v45388,1,29284
v40890,1,29284
v31967,1,29284
v28132,1,29284
v28134,1,29284
v30629,1,29284
v22391,1,29284
v34259,1,29284
v12330,1,29284
v40898,1,29284
v53084,1,29284
v45391,1,29284
v14138,1,29284
v17682,1,29284
v53088,1,29284
v5051,1,29284
v40901,1,29284
v53091,1,29284
v28139,1,29284
v59843,1,29284
v50397,1,29284
v53095,1,29284
v11384,1,29284
v37809,1,29284
v59845,1,29284
v33132,1,29284
v9398,1,29284
v21624,1,29284
v53102,1,29284
v53103,1,29284
v62261,1,29284
v53105,1,29284
v53106,1,29284
v19207,1,29284
v14672,1,29284
v53109,1,29284
v34262,1,29284
v53111,1,29284
v15835,1,29284
v62264,1,29284
v11376,1,29284
v28142,1,29284
v29988,1,29284
v22395,1,29284
v46940,1,29284
v59852,1,29284
v27555,1,29284
v53121,1,29284
v46722,1,29284
v53123,1,29284
v60296,1,29284
v45398,1,29284
v17679,1,29284
v50394,1,29284
v59855,1,29284
v53129,1,29284
v11367,1,29284
v53131,1,29284
v59856,1,29284
v11366,1,29284
v36362,1,29284
v11364,1,29284
v11363,1,29284
v3636,1,29284
v3635,1,29284
v50393,1,29284
v15823,1,29284
v3629,1,29284
v14134,1,29284
v14133,1,29284
v25499,1,29284
v3627,1,29284
v31959,1,29284
v37216,1,29284
v11360,1,29284
v13680,1,29284
v23784,1,29284
v26660,1,29284
v3617,1,29284
v12342,1,29284
v33158,1,29284
v59863,1,29284
v53157,1,29284
v21615,1,29284
v40938,1,29284
v53160,1,29284
v45406,1,29284
v3614,1,29284
v50368,1,29284
v3613,1,29284
v50362,1,29284
v39282,1,29284
v5087,1,29284
v37115,1,29284
v22927,1,29284
v30898,1,29284
v40947,1,29284
v59869,1,29284
v53173,1,29284
v5091,1,29284
v53175,1,29284
v21610,1,29284
v7280,1,29284
v5092,1,29284
v59872,1,29284
v31942,1,29284
v17660,1,29284
v7279,1,29284
v61553,1,29284
v30448,1,29284
v17658,1,29284
v14132,1,29284
v24991,1,29284
v15807,1,29284
v28161,1,29284
v25818,1,29284
v53191,1,29284
v29996,1,29284
v53193,1,29284
v24078,1,29284
v33178,1,29284
v45418,1,29284
v3608,1,29284
v3607,1,29284
v50339,1,29284
v53200,1,29284
v3606,1,29284
v8762,1,29284
v3604,1,29284
v3601,1,29284
v53205,1,29284
v28164,1,29284
v18329,1,29284
v3600,1,29284
v53209,1,29284
v53210,1,29284
v31940,1,29284
v45420,1,29284
v20233,1,29284
v53215,1,29284
v24516,1,29284
v50334,1,29284
v53218,1,29284
v53219,1,29284
v53220,1,29284
v53221,1,29284
v46727,1,29284
v31939,1,29284
v45423,1,29284
v33185,1,29284
v9927,1,29284
v33187,1,29284
v53228,1,29284
v59886,1,29284
v53230,1,29284
v31938,1,29284
v19871,1,29284
v25194,1,29284
v20803,1,29284
v23542,1,29284
v40976,1,29284
v40977,1,29284
v50330,1,29284
v33193,1,29284
v31936,1,29284
v36381,1,29284
v53242,1,29284
v59890,1,29284
v27037,1,29284
v46729,1,29284
v40984,1,29284
v50327,1,29284
v5102,1,29284
v50323,1,29284
v33198,1,29284
v33199,1,29284
v15791,1,29284
v23544,1,29284
v40990,1,29284
v7274,1,29284
v3596,1,29284
v11352,1,29284
v45429,1,29284
v53261,1,29284
v53262,1,29284
v11348,1,29284
v59895,1,29284
v11347,1,29284
v33209,1,29284
v31933,1,29284
v50321,1,29284
v50320,1,29284
v11338,1,29284
v31932,1,29284
v33215,1,29284
v25828,1,29284
v50318,1,29284
v37793,1,29284
v5103,1,29284
v61791,1,29284
v47398,1,29284
v31928,1,29284
v47127,1,29284
v53280,1,29284
v19206,1,29284
v19204,1,29284
v23463,1,29284
v50314,1,29284
v53285,1,29284
v9487,1,29284
v15783,1,29284
v15782,1,29284
v15781,1,29284
v41019,1,29284
v3595,1,29284
v53292,1,29284
v53293,1,29284
v12348,1,29284
v50312,1,29284
v36386,1,29284
v36387,1,29284
v3590,1,29284
v18071,1,29284
v41022,1,29284
v50310,1,29284
v19203,1,29284
v3589,1,29284
v53305,1,29284
v53306,1,29284
v23352,1,29284
v14123,1,29284
v59904,1,29284
v33234,1,29284
v53311,1,29284
v39256,1,29284
v41028,1,29284
v28192,1,29284
v41030,1,29284
v53316,1,29284
v31921,1,29284
v25836,1,29284
v33239,1,29284
v33240,1,29284
v33241,1,29284
v33242,1,29284
v33243,1,29284
v37789,1,29284
v59906,1,29284
v3582,1,29284
v53327,1,29284
v37443,1,29284
v33244,1,29284
v53330,1,29284
v53331,1,29284
v33245,1,29284
v61661,1,29284
v53334,1,29284
v41041,1,29284
v14121,1,29284
v9926,1,29284
v31920,1,29284
v33248,1,29284
v53341,1,29284
v3576,1,29284
v11326,1,29284
v9488,1,29284
v15778,1,29284
v11325,1,29284
v3574,1,29284
v53348,1,29284
v53349,1,29284
v9925,1,29284
v31919,1,29284
v37442,1,29284
v53353,1,29284
v53354,1,29284
v3573,1,29284
v8753,1,29284
v41051,1,29284
v31918,1,29284
v25491,1,29284
v14116,1,29284
v19201,1,29284
v36396,1,29284
v53363,1,29284
v23504,1,29284
v41055,1,29284
v41056,1,29284
v24119,1,29284
v46942,1,29284
v41059,1,29284
v15776,1,29284
v36400,1,29284
v19197,1,29284
v53373,1,29284
v22418,1,29284
v20800,1,29284
v39247,1,29284
v47975,1,29284
v23092,1,29284
v62274,1,29284
v5117,1,29284
v53381,1,29284
v45455,1,29284
v16774,1,29284
v460,1,29284
v3568,1,29284
v22937,1,29284
v3566,1,29284
v50295,1,29284
v33264,1,29284
v7270,1,29284
v6072,1,29284
v11319,1,29284
v23546,1,29284
v12368,1,29284
v23877,1,29284
v53395,1,29284
v41074,1,29284
v53397,1,29284
v53398,1,29284
v45459,1,29284
v39242,1,29284
v41076,1,29284
v61575,1,29284
v15764,1,29284
v62276,1,29284
v23878,1,29284
v50288,1,29284
v3565,1,29284
v3559,1,29284
v30874,1,29284
v53410,1,29284
v50286,1,29284
v33274,1,29284
v53413,1,29284
v53414,1,29284
v37779,1,29284
v23373,1,29284
v15755,1,29284
v39241,1,29284
v53419,1,29284
v22421,1,29284
v7269,1,29284
v6073,1,29284
v23880,1,29284
v57493,1,29284
v11304,1,29284
v57496,1,29284
v28213,1,29284
v47390,1,29284
v41092,1,29284
v3552,1,29284
v61576,1,29284
v59937,1,29284
v41095,1,29284
v41096,1,29284
v11303,1,29284
v11302,1,29284
v33284,1,29284
v53437,1,29284
v24994,1,29284
v57497,1,29284
v5129,1,29284
v37217,1,29284
v53441,1,29284
v53442,1,29284
v33286,1,29284
v41102,1,29284
v53445,1,29284
v46944,1,29284
v53447,1,29284
v22940,1,29284
v39239,1,29284
v41104,1,29284
v61577,1,29284
v41106,1,29284
v22426,1,29284
v50279,1,29284
v39238,1,29284
v50276,1,29284
v53457,1,29284
v23664,1,29284
v19419,1,29284
v41109,1,29284
v30872,1,29284
v50272,1,29284
v53463,1,29284
v31909,1,29284
v59945,1,29284
v45469,1,29284
v53467,1,29284
v31908,1,29284
v53470,1,29284
v53472,1,29284
v15754,1,29284
v31907,1,29284
v53475,1,29284
v53476,1,29284
v23351,1,29284
v33297,1,29284
v53481,1,29284
v28220,1,29284
v24539,1,29284
v53484,1,29284
v45470,1,29284
v3545,1,29284
v26671,1,29284
v12381,1,29284
v53490,1,29284
v33301,1,29284
v3542,1,29284
v3540,1,29284
v24996,1,29284
v28222,1,29284
v36416,1,29284
v22427,1,29284
v45474,1,29284
v41124,1,29284
v25850,1,29284
v53501,1,29284
v45475,1,29284
v46736,1,29284
v41127,1,29284
v53505,1,29284
v3532,1,29284
v33307,1,29284
v20560,1,29284
v23665,1,29284
v5130,1,29284
v7266,1,29284
v41130,1,29284
v46098,1,29284
v8747,1,29284
v53515,1,29284
v46099,1,29284
v41133,1,29284
v37126,1,29284
v50262,1,29284
v23881,1,29284
v28225,1,29284
v33311,1,29284
v33312,1,29284
v23882,1,29284
v53526,1,29284
v53527,1,29284
v53528,1,29284
v41139,1,29284
v53530,1,29284
v61463,1,29284
v25854,1,29284
v53533,1,29284
v33317,1,29284
v22431,1,29284
v61696,1,29284
v51284,1,29284
v3522,1,29284
v31902,1,29284
v19870,1,29284
v22432,1,29284
v19650,1,29284
v31901,1,29284
v30497,1,29284
v6082,1,29284
v39228,1,29284
v6091,1,29284
v31899,1,29284
v36420,1,29284
v9924,1,29284
v28232,1,29284
v53552,1,29284
v28233,1,29284
v53555,1,29284
v61795,1,29284
v50248,1,29284
v20796,1,29284
v15750,1,29284
v45488,1,29284
v41155,1,29284
v62278,1,29284
v28237,1,29284
v25856,1,29284
v41158,1,29284
v15747,1,29284
v61580,1,29284
v30868,1,29284
v23884,1,29284
v53570,1,29284
v41163,1,29284
v27030,1,29284
v31897,1,29284
v27029,1,29284
v23886,1,29284
v59974,1,29284
v50245,1,29284
v53578,1,29284
v53579,1,29284
v61405,1,29284
v61581,1,29284
v28250,1,29284
v28251,1,29284
v45492,1,29284
v50244,1,29284
v45493,1,29284
v27028,1,29284
v23887,1,29284
v53592,1,29284
v47048,1,29284
v24998,1,29284
v31896,1,29284
v21599,1,29284
v18076,1,29284
v9404,1,29284
v3505,1,29284
v33346,1,29284
v33347,1,29284
v31889,1,29284
v53603,1,29284
v45498,1,29284
v41182,1,29284
v31888,1,29284
v27534,1,29284
v9920,1,29284
v25483,1,29284
v7250,1,29284
v33352,1,29284
v18079,1,29284
v50220,1,29284
v33353,1,29284
v50218,1,29284
v59986,1,29284
v41191,1,29284
v50214,1,29284
v33355,1,29284
v45501,1,29284
v30453,1,29284
v3488,1,29284
v41193,1,29284
v39202,1,29284
v37765,1,29284
v25861,1,29284
v15713,1,29284
v53627,1,29284
v15712,1,29284
v25480,1,29284
v15707,1,29284
v27529,1,29284
v15706,1,29284
v41202,1,29284
v28262,1,29284
v23152,1,29284
v53636,1,29284
v9917,1,29284
v3485,1,29284
v46947,1,29284
v7241,1,29284
v23888,1,29284
v9464,1,29284
v37129,1,29284
v50201,1,29284
v9063,1,29284
v59996,1,29284
v59997,1,29284
v33372,1,29284
v53649,1,29284
v53650,1,29284
v53651,1,29284
v53652,1,29284
v45509,1,29284
v53654,1,29284
v15700,1,29284
v53656,1,29284
v26841,1,29284
v28270,1,29284
v11279,1,29284
v36433,1,29284
v5200,1,29284
v33379,1,29284
v37764,1,29284
v11277,1,29284
v19927,1,29284
v50194,1,29284
v3478,1,29284
v15696,1,29284
v45513,1,29284
v6833,1,29284
v53674,1,29284
v53675,1,29284
v30035,1,29284
v45515,1,29284
v37763,1,29284
v53679,1,29284
v45517,1,29284
v27026,1,29284
v31875,1,29284
v53683,1,29284
v23375,1,29284
v45520,1,29284
v20355,1,29284
v18080,1,29284
v53688,1,29284
v33396,1,29284
v33397,1,29284
v53691,1,29284
v33398,1,29284
v33399,1,29284
v25869,1,29284
v23552,1,29284
v15682,1,29284
v53697,1,29284
v53698,1,29284
v31873,1,29284
v25872,1,29284
v53701,1,29284
v15678,1,29284
v25873,1,29284
v15677,1,29284
v28290,1,29284
v25874,1,29284
v33410,1,29284
v25875,1,29284
v50186,1,29284
v25477,1,29284
v33413,1,29284
v31871,1,29284
v25476,1,29284
v41254,1,29284
v41255,1,29284
v31869,1,29284
v53717,1,29284
v53718,1,29284
v41257,1,29284
v41258,1,29284
v41259,1,29284
v11274,1,29284
v37438,1,29284
v25877,1,29284
v28295,1,29284
v53733,1,29284
v6800,1,29284
v47379,1,29284
v15675,1,29284
v19161,1,29284
v53738,1,29284
v39185,1,29284
v53740,1,29284
v46746,1,29284
v46747,1,29284
v61384,1,29284
v53743,1,29284
v53744,1,29284
v31867,1,29284
v41271,1,29284
v25879,1,29284
v12454,1,29284
v30625,1,29284
v3467,1,29284
v47366,1,29284
v28303,1,29284
v53753,1,29284
v41276,1,29284
v53755,1,29284
v33431,1,29284
v53757,1,29284
v50172,1,29284
v47940,1,29284
v11271,1,29284
v33434,1,29284
v25881,1,29284
v19613,1,29284
v46748,1,29284
v53763,1,29284
v53764,1,29284
v41283,1,29284
v46749,1,29284
v25882,1,29284
v33437,1,29284
v15672,1,29284
v50062,1,29284
v41290,1,29284
v15671,1,29284
v53773,1,29284
v47121,1,29284
v22458,1,29284
v15669,1,29284
v23555,1,29284
v9405,1,29284
v41296,1,29284
v33443,1,29284
v25474,1,29284
v19158,1,29284
v13478,1,29284
v41301,1,29284
v11267,1,29284
v60028,1,29284
v16894,1,29284
v51283,1,29284
v53789,1,29284
v37756,1,29284
v33452,1,29284
v45538,1,29284
v3465,1,29284
v7210,1,29284
v23898,1,29284
v53796,1,29284
v53797,1,29284
v60033,1,29284
v33457,1,29284
v23556,1,29284
v11263,1,29284
v23255,1,29284
v16944,1,29284
v33462,1,29284
v33463,1,29284
v3462,1,29284
v15635,1,29284
v15632,1,29284
v53809,1,29284
v53810,1,29284
v41321,1,29284
v12457,1,29284
v57504,1,29284
v41323,1,29284
v3461,1,29284
v50167,1,29284
v46752,1,29284
v53816,1,29284
v50158,1,29284
v47930,1,29284
v53820,1,29284
v28329,1,29284
v37429,1,29284
v62283,1,29284
v16361,1,29284
v50150,1,29284
v7200,1,29284
v33470,1,29284
v33471,1,29284
v60039,1,29284
v45545,1,29284
v50149,1,29284
v22465,1,29284
v41331,1,29284
v28335,1,29284
v17091,1,29284
v19932,1,29284
v45548,1,29284
v53838,1,29284
v45549,1,29284
v47929,1,29284
v60047,1,29284
v50142,1,29284
v45552,1,29284
v18333,1,29284
v28339,1,29284
v60050,1,29284
v11262,1,29284
v25892,1,29284
v8728,1,29284
v39785,1,29284
v53851,1,29284
v47363,1,29284
v23094,1,29284
v53854,1,29284
v36451,1,29284
v41342,1,29284
v53857,1,29284
v33485,1,29284
v41344,1,29284
v41345,1,29284
v5260,1,29284
v23095,1,29284
v53864,1,29284
v25001,1,29284
v53866,1,29284
v16363,1,29284
v60329,1,29284
v27022,1,29284
v53870,1,29284
v25894,1,29284
v57505,1,29284
v31845,1,29284
v53873,1,29284
v50136,1,29284
v9654,1,29284
v53876,1,29284
v3426,1,29284
v25895,1,29284
v47926,1,29284
v53880,1,29284
v25115,1,29284
v25896,1,29284
v61729,1,29284
v24569,1,29284
v53885,1,29284
v33496,1,29284
v19155,1,29284
v53888,1,29284
v4139,1,29284
v60061,1,29284
v53891,1,29284
v4138,1,29284
v45563,1,29284
v53894,1,29284
v41361,1,29284
v15597,1,29284
v53897,1,29284
v39160,1,29284
v47925,1,29284
v14662,1,29284
v15595,1,29284
v53902,1,29284
v53903,1,29284
v53904,1,29284
v33502,1,29284
v36457,1,29284
v46756,1,29284
v3412,1,29284
v11255,1,29284
v53910,1,29284
v16366,1,29284
v24325,1,29284
v11254,1,29284
v53914,1,29284
v50129,1,29284
v33506,1,29284
v53917,1,29284
v39156,1,29284
v53919,1,29284
v53920,1,29284
v45568,1,29284
v25899,1,29284
v60068,1,29284
v20467,1,29284
v15579,1,29284
v60069,1,29284
v13496,1,29284
v50124,1,29284
v33514,1,29284
v45571,1,29284
v6532,1,29284
v33516,1,29284
v50121,1,29284
v61728,1,29284
v53935,1,29284
v24324,1,29284
v25904,1,29284
v61532,1,29284
v16371,1,29284
v53940,1,29284
v60074,1,29284
v41387,1,29284
v41388,1,29284
v41389,1,29284
v41390,1,29284
v41391,1,29284
v41392,1,29284
v50112,1,29284
v47922,1,29284
v6103,1,29284
v60077,1,29284
v15574,1,29284
v15568,1,29284
v36463,1,29284
v53955,1,29284
v60079,1,29284
v50106,1,29284
v21569,1,29284
v53959,1,29284
v39143,1,29284
v33532,1,29284
v53962,1,29284
v21568,1,29284
v33534,1,29284
v53965,1,29284
v41407,1,29284
v50102,1,29284
v41409,1,29284
v13497,1,29284
v36466,1,29284
v50101,1,29284
v21567,1,29284
v47918,1,29284
v39137,1,29284
v33540,1,29284
v8722,1,29284
v53977,1,29284
v41418,1,29284
v16383,1,29284
v53980,1,29284
v28406,1,29284
v31825,1,29284
v31822,1,29284
v22473,1,29284
v39130,1,29284
v36468,1,29284
v20783,1,29284
v60310,1,29284
v11240,1,29284
v41428,1,29284
v13498,1,29284
v15559,1,29284
v15558,1,29284
v53994,1,29284
v53995,1,29284
v53996,1,29284
v19152,1,29284
v33549,1,29284
v53999,1,29284
v41433,1,29284
v50083,1,29284
v15557,1,29284
v54003,1,29284
v8720,1,29284
v60299,1,29284
v50078,1,29284
v45585,1,29284
v36470,1,29284
v36471,1,29284
v33555,1,29284
v54011,1,29284
v41443,1,29284
v45588,1,29284
v5274,1,29284
v15553,1,29284
v30054,1,29284
v54017,1,29284
v54018,1,29284
v54019,1,29284
v45590,1,29284
v54021,1,29284
v54022,1,29284
v54023,1,29284
v39126,1,29284
v33559,1,29284
v39124,1,29284
v33560,1,29284
v33561,1,29284
v49995,1,29284
v8706,1,29284
v39121,1,29284
v47909,1,29284
v28415,1,29284
v33563,1,29284
v54035,1,29284
v49993,1,29284
v49988,1,29284
v49986,1,29284
v30846,1,29284
v54040,1,29284
v41459,1,29284
v33565,1,29284
v16393,1,29284
v49984,1,29284
v41463,1,29284
v54046,1,29284
v27296,1,29284
v45593,1,29284
v46760,1,29284
v8698,1,29284
v21562,1,29284
v60100,1,29284
v60101,1,29284
v54055,1,29284
v8692,1,29284
v28419,1,29284
v6325,1,29284
v54059,1,29284
v33571,1,29284
v41474,1,29284
v54062,1,29284
v54063,1,29284
v62380,1,29284
v46110,1,29284
v54066,1,29284
v12573,1,29284
v36476,1,29284
v41478,1,29284
v54071,1,29284
v49974,1,29284
v37741,1,29284
v11218,1,29284
v47905,1,29284
v11217,1,29284
v41483,1,29284
v19148,1,29284
v33579,1,29284
v31802,1,29284
v54081,1,29284
v20503,1,29284
v41488,1,29284
v30845,1,29284
v28428,1,29284
v9497,1,29284
v54088,1,29284
v3385,1,29284
v33583,1,29284
v49970,1,29284
v46762,1,29284
v3382,1,29284
v27496,1,29284
v54093,1,29284
v54094,1,29284
v54095,1,29284
v23769,1,29284
v31794,1,29284
v28432,1,29284
v17617,1,29284
v25457,1,29284
v28434,1,29284
v45600,1,29284
v54103,1,29284
v54104,1,29284
v39096,1,29284
v15547,1,29284
v15546,1,29284
v54109,1,29284
v21554,1,29284
v15545,1,29284
v28440,1,29284
v17616,1,29284
v41507,1,29284
v47902,1,29284
v39092,1,29284
v54117,1,29284
v30060,1,29284
v60115,1,29284
v41511,1,29284
v47359,1,29284
v22482,1,29284
v43237,1,29284
v18517,1,29284
v41514,1,29284
v11208,1,29284
v31786,1,29284
v22953,1,29284
v17612,1,29284
v25456,1,29284
v54136,1,29284
v47118,1,29284
v27489,1,29284
v22955,1,29284
v7171,1,29284
v22956,1,29284
v60124,1,29284
v28450,1,29284
v54149,1,29284
v31780,1,29284
v12597,1,29284
v21543,1,29284
v54153,1,29284
v54154,1,29284
v41526,1,29284
v61663,1,29284
v45613,1,29284
v54159,1,29284
v54160,1,29284
v47901,1,29284
v49941,1,29284
v15533,1,29284
v33617,1,29284
v33618,1,29284
v33619,1,29284
v33620,1,29284
v46949,1,29284
v54169,1,29284
v54170,1,29284
v47898,1,29284
v45617,1,29284
v47114,1,29284
v17607,1,29284
v49939,1,29284
v11197,1,29284
v33626,1,29284
v6123,1,29284
v54179,1,29284
v33627,1,29284
v41542,1,29284
v41543,1,29284
v54183,1,29284
v60134,1,29284
v31776,1,29284
v28458,1,29284
v3332,1,29284
v41546,1,29284
v54189,1,29284
v41547,1,29284
v28459,1,29284
v33631,1,29284
v8679,1,29284
v54194,1,29284
v15527,1,29284
v31774,1,29284
v15526,1,29284
v60135,1,29284
v54199,1,29284
v41554,1,29284
v60136,1,29284
v54202,1,29284
v49933,1,29284
v36489,1,29284
v8672,1,29284
v16410,1,29284
v51273,0,37187
v49529,0,37187
v49531,0,37187
v49533,0,37187
v49535,0,37187
v49536,0,37187
v5440,0,37187
v5439,0,37187
v49539,0,37187
v62168,0,37187
v5438,0,37187
v49545,0,37187
v49550,0,37187
v49551,0,37187
v62169,0,37187
v49553,0,37187
v49554,0,37187
v49555,0,37187
v49557,0,37187
v49559,0,37187
v5420,0,37187
v49561,0,37187
v49562,0,37187
v49564,0,37187
v49565,0,37187
v49566,0,37187
v5417,0,37187
v62170,0,37187
v5414,0,37187
v49573,0,37187
v57478,0,37187
v49575,0,37187
v49576,0,37187
v49577,0,37187
v49578,0,37187
v49579,0,37187
v49580,0,37187
v49586,0,37187
v49587,0,37187
v49593,0,37187
v49597,0,37187
v5383,0,37187
v5382,0,37187
v49603,0,37187
v49604,0,37187
v5377,0,37187
v49606,0,37187
v49607,0,37187
v49609,0,37187
v49610,0,37187
v51277,0,37187
v5376,0,37187
v49613,0,37187
v49615,0,37187
v49616,0,37187
v49617,0,37187
v49619,0,37187
v49621,0,37187
v49622,0,37187
v49624,0,37187
v49626,0,37187
v49627,0,37187
v49632,0,37187
v49633,0,37187
v49635,0,37187
v49637,0,37187
v49638,0,37187
v49639,0,37187
v5375,0,37187
v49641,0,37187
v49642,0,37187
v49643,0,37187
v49644,0,37187
v49645,0,37187
v49646,0,37187
v5374,0,37187
v49652,0,37187
v49653,0,37187
v51278,0,37187
v49656,0,37187
v49657,0,37187
v49658,0,37187
v62171,0,37187
v49660,0,37187
v49662,0,37187
v49663,0,37187
v49664,0,37187
v49671,0,37187
v49672,0,37187
v43242,0,37187
v49674,0,37187
v49675,0,37187
v49679,0,37187
v49680,0,37187
v49681,0,37187
v51281,0,37187
v43241,0,37187
v43240,0,37187
v49684,0,37187
v49685,0,37187
v43239,0,37187
v49690,0,37187
v49691,0,37187
v49692,0,37187
v49693,0,37187
v51282,0,37187
v49694,0,37187
v49695,0,37187
v49696,0,37187
v49697,0,37187
v49699,0,37187
v49702,0,37187
v49703,0,37187
v49704,0,37187
v49705,0,37187
v49707,0,37187
v49709,0,37187
v49710,0,37187
v49712,0,37187
v49713,0,37187
v49714,0,37187
v49716,0,37187
v49717,0,37187
v49718,0,37187
v49719,0,37187
v5359,0,37187
v49721,0,37187
v49722,0,37187
v49723,0,37187
v49727,0,37187
v49730,0,37187
v49731,0,37187
v49734,0,37187
v49735,0,37187
v49736,0,37187
v49737,0,37187
v62172,0,37187
v49740,0,37187
v49741,0,37187
v49742,0,37187
v49743,0,37187
v49744,0,37187
v49749,0,37187
v49750,0,37187
v49751,0,37187
v49752,0,37187
v49754,0,37187
v49755,0,37187
v49756,0,37187
v49757,0,37187
v49758,0,37187
v49759,0,37187
v49760,0,37187
v49761,0,37187
v62173,0,37187
v49764,0,37187
v49766,0,37187
v49767,0,37187
v49768,0,37187
v49769,0,37187
v49770,0,37187
v49771,0,37187
v49772,0,37187
v49773,0,37187
v49774,0,37187
v49775,0,37187
v49776,0,37187
v49777,0,37187
v49778,0,37187
v49779,0,37187
v49781,0,37187
v49782,0,37187
v49783,0,37187
v49784,0,37187
v49785,0,37187
v49786,0,37187
v49787,0,37187
v49788,0,37187
v49789,0,37187
v49790,0,37187
v49791,0,37187
v49792,0,37187
v62174,0,37187
v49796,0,37187
v49801,0,37187
v49804,0,37187
v49805,0,37187
v49806,0,37187
v49807,0,37187
v49808,0,37187
v49809,0,37187
v49810,0,37187
v49811,0,37187
v49812,0,37187
v49813,0,37187
v49814,0,37187
v49815,0,37187
v49816,0,37187
v49818,0,37187
v57479,0,37187
v49819,0,37187
v49820,0,37187
v49822,0,37187
v49824,0,37187
v49825,0,37187
v49827,0,37187
v5337,0,37187
v62176,0,37187
v49833,0,37187
v49834,0,37187
v49835,0,37187
v49836,0,37187
v49838,0,37187
v49840,0,37187
v5334,0,37187
v49843,0,37187
v49844,0,37187
v49845,0,37187
v49846,0,37187
v49847,0,37187
v49848,0,37187
v49849,0,37187
v5332,0,37187
v49853,0,37187
v57480,0,37187
v49856,0,37187
v49857,0,37187
v49858,0,37187
v49860,0,37187
v49863,0,37187
v49864,0,37187
v49865,0,37187
v49870,0,37187
v49871,0,37187
v49872,0,37187
v49873,0,37187
v49875,0,37187
v49876,0,37187
v49877,0,37187
v49878,0,37187
v49879,0,37187
v49880,0,37187
v49882,0,37187
v49884,0,37187
v49885,0,37187
v49886,0,37187
v49887,0,37187
v57481,0,37187
v49891,0,37187
v49892,0,37187
v49896,0,37187
v49899,0,37187
v49900,0,37187
v49901,0,37187
v49902,0,37187
v49906,0,37187
v49907,0,37187
v49908,0,37187
v49910,0,37187
v49911,0,37187
v49912,0,37187
v49913,0,37187
v49915,0,37187
v49916,0,37187
v49917,0,37187
v49919,0,37187
v49920,0,37187
v49921,0,37187
v49922,0,37187
v49923,0,37187
v49924,0,37187
v49925,0,37187
v49926,0,37187
v49927,0,37187
v49928,0,37187
v49931,0,37187
v57482,0,37187
v49932,0,37187
v49935,0,37187
v49936,0,37187
v49937,0,37187
v49938,0,37187
v49942,0,37187
v49944,0,37187
v49945,0,37187
v49946,0,37187
v49947,0,37187
v49948,0,37187
v49949,0,37187
v49950,0,37187
v5287,0,37187
v49952,0,37187
v49955,0,37187
v49956,0,37187
v49957,0,37187
v49958,0,37187
v49960,0,37187
v49961,0,37187
v49962,0,37187
v49963,0,37187
v43236,0,37187
v49966,0,37187
v49967,0,37187
v49968,0,37187
v49969,0,37187
v49971,0,37187
v49972,0,37187
v49973,0,37187
v5283,0,37187
v49976,0,37187
v49977,0,37187
v49978,0,37187
v49979,0,37187
v49980,0,37187
v49981,0,37187
v49983,0,37187
v49985,0,37187
v5276,0,37187
v49990,0,37187
v49992,0,37187
v49994,0,37187
v49996,0,37187
v49998,0,37187
v49999,0,37187
v50000,0,37187
v50001,0,37187
v50079,0,37187
v50080,0,37187
v50082,0,37187
v50084,0,37187
v50085,0,37187
v50086,0,37187
v50088,0,37187
v50089,0,37187
v50091,0,37187
v50094,0,37187
v50095,0,37187
v50096,0,37187
v50097,0,37187
v50098,0,37187
v50103,0,37187
v50104,0,37187
v50105,0,37187
v50107,0,37187
v50109,0,37187
v50110,0,37187
v50111,0,37187
v5265,0,37187
v50115,0,37187
v50116,0,37187
v50118,0,37187
v50119,0,37187
v50120,0,37187
v50125,0,37187
v50127,0,37187
v50131,0,37187
v62177,0,37187
v50133,0,37187
v62178,0,37187
v50135,0,37187
v5264,0,37187
v50139,0,37187
v5263,0,37187
v50145,0,37187
v50146,0,37187
v50147,0,37187
v43234,0,37187
v62179,0,37187
v50154,0,37187
v35556,0,37187
v62180,0,37187
v50157,0,37187
v50160,0,37187
v50163,0,37187
v50164,0,37187
v35555,0,37187
v50169,0,37187
v50170,0,37187
v50171,0,37187
v50173,0,37187
v50174,0,37187
v50176,0,37187
v50177,0,37187
v50178,0,37187
v50179,0,37187
v50180,0,37187
v50181,0,37187
v50182,0,37187
v50183,0,37187
v50189,0,37187
v50191,0,37187
v50192,0,37187
v50193,0,37187
v50195,0,37187
v50199,0,37187
v50200,0,37187
v50205,0,37187
v50206,0,37187
v50208,0,37187
v50209,0,37187
v50211,0,37187
v50219,0,37187
v50221,0,37187
v50225,0,37187
v62181,0,37187
v50228,0,37187
v50229,0,37187
v50230,0,37187
v50232,0,37187
v50234,0,37187
v62182,0,37187
v62183,0,37187
v50239,0,37187
v50240,0,37187
v50241,0,37187
v50243,0,37187
v50246,0,37187
v50247,0,37187
v50249,0,37187
v50250,0,37187
v50251,0,37187
v50253,0,37187
v50254,0,37187
v50256,0,37187
v50257,0,37187
v50258,0,37187
v50261,0,37187
v50264,0,37187
v50265,0,37187
v50266,0,37187
v50267,0,37187
v50268,0,37187
v50269,0,37187
v50270,0,37187
v50271,0,37187
v50273,0,37187
v50274,0,37187
v50275,0,37187
v50278,0,37187
v50280,0,37187
v50281,0,37187
v50285,0,37187
v50289,0,37187
v50290,0,37187
v50291,0,37187
v50294,0,37187
v50297,0,37187
v50298,0,37187
v50299,0,37187
v50300,0,37187
v50302,0,37187
v5116,0,37187
v51285,0,37187
v51286,0,37187
v5106,0,37187
v50306,0,37187
v50308,0,37187
v50309,0,37187
v50311,0,37187
v50313,0,37187
v50315,0,37187
v50316,0,37187
v51287,0,37187
v5104,0,37187
v50319,0,37187
v50322,0,37187
v62184,0,37187
v50326,0,37187
v50328,0,37187
v50329,0,37187
v50331,0,37187
v50332,0,37187
v50333,0,37187
v50335,0,37187
v50338,0,37187
v50340,0,37187
v50341,0,37187
v50344,0,37187
v50347,0,37187
v50349,0,37187
v50351,0,37187
v50354,0,37187
v50355,0,37187
v50358,0,37187
v50360,0,37187
v50361,0,37187
v62185,0,37187
v50370,0,37187
v50371,0,37187
v50372,0,37187
v50373,0,37187
v50374,0,37187
v50375,0,37187
v5060,0,37187
v50377,0,37187
v50379,0,37187
v50380,0,37187
v50381,0,37187
v50382,0,37187
v50383,0,37187
v50386,0,37187
v50387,0,37187
v50388,0,37187
v50389,0,37187
v50390,0,37187
v50396,0,37187
v50398,0,37187
v50401,0,37187
v50402,0,37187
v35553,0,37187
v50409,0,37187
v50410,0,37187
v50411,0,37187
v50412,0,37187
v50413,0,37187
v50414,0,37187
v5048,0,37187
v50419,0,37187
v50420,0,37187
v50422,0,37187
v50426,0,37187
v5003,0,37187
v5002,0,37187
v50433,0,37187
v50434,0,37187
v50435,0,37187
v50436,0,37187
v50437,0,37187
v50438,0,37187
v50440,0,37187
v50442,0,37187
v50443,0,37187
v50444,0,37187
v50445,0,37187
v62187,0,37187
v50449,0,37187
v50457,0,37187
v50461,0,37187
v50462,0,37187
v50463,0,37187
v50465,0,37187
v50467,0,37187
v50468,0,37187
v50480,0,37187
v50481,0,37187
v50482,0,37187
v50483,0,37187
v50484,0,37187
v50487,0,37187
v50491,0,37187
v50492,0,37187
v50497,0,37187
v4934,0,37187
v50499,0,37187
v50500,0,37187
v50501,0,37187
v4933,0,37187
v50505,0,37187
v50506,0,37187
v50508,0,37187
v50509,0,37187
v50510,0,37187
v50511,0,37187
v50513,0,37187
v50514,0,37187
v50515,0,37187
v50516,0,37187
v50517,0,37187
v50518,0,37187
v50519,0,37187
v4920,0,37187
v50526,0,37187
v50527,0,37187
v57483,0,37187
v50531,0,37187
v50533,0,37187
v50534,0,37187
v50537,0,37187
v50539,0,37187
v50540,0,37187
v50541,0,37187
v50545,0,37187
v50550,0,37187
v50551,0,37187
v50552,0,37187
v50553,0,37187
v50554,0,37187
v50555,0,37187
v50564,0,37187
v50565,0,37187
v50569,0,37187
v50571,0,37187
v50572,0,37187
v62188,0,37187
v62189,0,37187
v50580,0,37187
v50582,0,37187
v50583,0,37187
v50585,0,37187
v50586,0,37187
v50588,0,37187
v50589,0,37187
v50591,0,37187
v50593,0,37187
v50595,0,37187
v50598,0,37187
v4856,0,37187
v50601,0,37187
v50602,0,37187
v50607,0,37187
v50608,0,37187
v50609,0,37187
v50611,0,37187
v50613,0,37187
v50615,0,37187
v50617,0,37187
v50618,0,37187
v50619,0,37187
v50620,0,37187
v50624,0,37187
v50625,0,37187
v50626,0,37187
v50628,0,37187
v50629,0,37187
v50630,0,37187
v50631,0,37187
v50632,0,37187
v50637,0,37187
v50639,0,37187
v62191,0,37187
v50645,0,37187
v50646,0,37187
v50654,0,37187
v50655,0,37187
v50657,0,37187
v50661,0,37187
v50662,0,37187
v50663,0,37187
v50664,0,37187
v50665,0,37187
v50667,0,37187
v50668,0,37187
v50675,0,37187
v50676,0,37187
v50677,0,37187
v50679,0,37187
v4796,0,37187
v50683,0,37187
v50684,0,37187
v50686,0,37187
v50687,0,37187
v50688,0,37187
v50689,0,37187
v50690,0,37187
v50691,0,37187
v50692,0,37187
v50693,0,37187
v50696,0,37187
v50697,0,37187
v50698,0,37187
v50699,0,37187
v50700,0,37187
v50701,0,37187
v50702,0,37187
v50703,0,37187
v50704,0,37187
v50705,0,37187
v50707,0,37187
v50708,0,37187
v50710,0,37187
v50712,0,37187
v50714,0,37187
v50716,0,37187
v50718,0,37187
v50720,0,37187
v4749,0,37187
v50723,0,37187
v50725,0,37187
v50726,0,37187
v50727,0,37187
v50728,0,37187
v4748,0,37187
v4747,0,37187
v50731,0,37187
v50733,0,37187
v50737,0,37187
v50740,0,37187
v4735,0,37187
v62193,0,37187
v50747,0,37187
v50748,0,37187
v4734,0,37187
v50751,0,37187
v50752,0,37187
v50753,0,37187
v50758,0,37187
v50760,0,37187
v50761,0,37187
v50762,0,37187
v50763,0,37187
v50764,0,37187
v62194,0,37187
v50770,0,37187
v50772,0,37187
v50773,0,37187
v50774,0,37187
v50775,0,37187
v50776,0,37187
v50777,0,37187
v50778,0,37187
v50780,0,37187
v62195,0,37187
v50784,0,37187
v50785,0,37187
v50790,0,37187
v50792,0,37187
v50793,0,37187
v50794,0,37187
v50795,0,37187
v50796,0,37187
v50797,0,37187
v50798,0,37187
v50799,0,37187
v50801,0,37187
v50802,0,37187
v4717,0,37187
v50805,0,37187
v50806,0,37187
v50808,0,37187
v50809,0,37187
v4716,0,37187
v50811,0,37187
v50812,0,37187
v50815,0,37187
v50817,0,37187
v50818,0,37187
v50819,0,37187
v50821,0,37187
v50829,0,37187
v50835,0,37187
v50837,0,37187
v50838,0,37187
v50840,0,37187
v50841,0,37187
v62196,0,37187
v50844,0,37187
v50845,0,37187
v50846,0,37187
v50848,0,37187
v50849,0,37187
v50850,0,37187
v50853,0,37187
v50854,0,37187
v50858,0,37187
v50867,0,37187
v50869,0,37187
v50870,0,37187
v62197,0,37187
v50874,0,37187
v50875,0,37187
v50876,0,37187
v50877,0,37187
v50878,0,37187
v50881,0,37187
v50882,0,37187
v50884,0,37187
v50886,0,37187
v50887,0,37187
v50889,0,37187
v50890,0,37187
v50891,0,37187
v50892,0,37187
v50893,0,37187
v50894,0,37187
v50895,0,37187
v50896,0,37187
v50899,0,37187
v60306,0,37187
v50901,0,37187
v50902,0,37187
v50903,0,37187
v50904,0,37187
v50905,0,37187
v50906,0,37187
v50907,0,37187
v50908,0,37187
v50909,0,37187
v50910,0,37187
v50911,0,37187
v50912,0,37187
v50915,0,37187
v50916,0,37187
v50917,0,37187
v50918,0,37187
v50919,0,37187
v50920,0,37187
v50921,0,37187
v50923,0,37187
v50924,0,37187
v50925,0,37187
v50926,0,37187
v50927,0,37187
v50928,0,37187
v50929,0,37187
v50930,0,37187
v60305,0,37187
v50939,0,37187
v50940,0,37187
v50941,0,37187
v50942,0,37187
v50944,0,37187
v50945,0,37187
v50946,0,37187
v50947,0,37187
v50948,0,37187
v50949,0,37187
v50950,0,37187
v50951,0,37187
v50952,0,37187
v50953,0,37187
v50954,0,37187
v50955,0,37187
v50956,0,37187
v62198,0,37187
v50960,0,37187
v62199,0,37187
v50964,0,37187
v50965,0,37187
v50966,0,37187
v50967,0,37187
v50968,0,37187
v50969,0,37187
v50971,0,37187
v50972,0,37187
v50973,0,37187
v50975,0,37187
v50977,0,37187
v50978,0,37187
v50979,0,37187
v4659,0,37187
v50982,0,37187
v50983,0,37187
v60304,0,37187
v62200,0,37187
v50992,0,37187
v50995,0,37187
v50996,0,37187
v50999,0,37187
v51002,0,37187
v51004,0,37187
v51005,0,37187
v51006,0,37187
v51007,0,37187
v51008,0,37187
v60302,0,37187
v51011,0,37187
v51012,0,37187
v51014,0,37187
v51015,0,37187
v51016,0,37187
v27293,0,37187
v51018,0,37187
v27292,0,37187
v51025,0,37187
v51026,0,37187
v51027,0,37187
v51028,0,37187
v51029,0,37187
v51030,0,37187
v51031,0,37187
v51032,0,37187
v51035,0,37187
v51036,0,37187
v51037,0,37187
v51039,0,37187
v51040,0,37187
v51042,0,37187
v51043,0,37187
v51044,0,37187
v51045,0,37187
v51046,0,37187
v51047,0,37187
v27291,0,37187
v51054,0,37187
v51056,0,37187
v51058,0,37187
v51059,0,37187
v4595,0,37187
v51061,0,37187
v51062,0,37187
v51063,0,37187
v51064,0,37187
v51066,0,37187
v51068,0,37187
v62202,0,37187
v51072,0,37187
v51073,0,37187
v51076,0,37187
v51078,0,37187
v51079,0,37187
v51080,0,37187
v51081,0,37187
v51082,0,37187
v51083,0,37187
v51084,0,37187
v51085,0,37187
v51088,0,37187
v51090,0,37187
v62203,0,37187
v51092,0,37187
v51094,0,37187
v51095,0,37187
v51097,0,37187
v4590,0,37187
v51100,0,37187
v4589,0,37187
v51103,0,37187
v51107,0,37187
v51108,0,37187
v51109,0,37187
v51111,0,37187
v51113,0,37187
v51114,0,37187
v51115,0,37187
v51116,0,37187
v51117,0,37187
v51118,0,37187
v51119,0,37187
v60301,0,37187
v51124,0,37187
v51125,0,37187
v51126,0,37187
v51131,0,37187
v51133,0,37187
v51136,0,37187
v51137,0,37187
v57484,0,37187
v51139,0,37187
v51141,0,37187
v51142,0,37187
v51146,0,37187
v4554,0,37187
v51149,0,37187
v51151,0,37187
v51152,0,37187
v62204,0,37187
v51154,0,37187
v51158,0,37187
v51159,0,37187
v4551,0,37187
v51161,0,37187
v51162,0,37187
v4549,0,37187
v51165,0,37187
v51166,0,37187
v4548,0,37187
v51168,0,37187
v51170,0,37187
v51174,0,37187
v51176,0,37187
v51180,0,37187
v51181,0,37187
v51183,0,37187
v51184,0,37187
v51185,0,37187
v51187,0,37187
v51188,0,37187
v51190,0,37187
v51191,0,37187
v51192,0,37187
v51193,0,37187
v51194,0,37187
v51197,0,37187
v51200,0,37187
v62205,0,37187
v51202,0,37187
v51204,0,37187
v51205,0,37187
v51207,0,37187
v51208,0,37187
v51209,0,37187
v51210,0,37187
v51211,0,37187
v51212,0,37187
v60335,0,37187
v51215,0,37187
v51216,0,37187
v51217,0,37187
v51218,0,37187
v51219,0,37187
v62206,0,37187
v51222,0,37187
v51224,0,37187
v51225,0,37187
v51226,0,37187
v51227,0,37187
v51228,0,37187
v51229,0,37187
v51231,0,37187
v51232,0,37187
v51233,0,37187
v51234,0,37187
v51235,0,37187
v51236,0,37187
v51237,0,37187
v51238,0,37187
v51241,0,37187
v51242,0,37187
v51243,0,37187
v51244,0,37187
v51245,0,37187
v51246,0,37187
v51247,0,37187
v51248,0,37187
v51249,0,37187
v51250,0,37187
v51251,0,37187
v51252,0,37187
v51253,0,37187
v51254,0,37187
v51255,0,37187
v51256,0,37187
v51257,0,37187
v51258,0,37187
v51259,0,37187
v51261,0,37187
v51262,0,37187
v51265,0,37187
v51266,0,37187
v4535,0,37187
v51268,0,37187
v51269,0,37187
v62207,0,37187
v60337,0,37187
v51300,0,37187
v51302,0,37187
v51303,0,37187
v4532,0,37187
v51306,0,37187
v4528,0,37187
v51310,0,37187
v51311,0,37187
v51314,0,37187
v51317,0,37187
v51318,0,37187
v51319,0,37187
v51320,0,37187
v51321,0,37187
v51324,0,37187
v51325,0,37187
v51326,0,37187
v51327,0,37187
v51331,0,37187
v51333,0,37187
v51334,0,37187
v51335,0,37187
v51336,0,37187
v51337,0,37187
v60339,0,37187
v60340,0,37187
v51339,0,37187
v51340,0,37187
v51343,0,37187
v51344,0,37187
v51345,0,37187
v51346,0,37187
v51348,0,37187
v51349,0,37187
v51350,0,37187
v51351,0,37187
v51352,0,37187
v51356,0,37187
v51357,0,37187
v51359,0,37187
v51360,0,37187
v60341,0,37187
v60342,0,37187
v60344,0,37187
v62209,0,37187
v51366,0,37187
v51368,0,37187
v51373,0,37187
v62210,0,37187
v51377,0,37187
v51379,0,37187
v51380,0,37187
v51381,0,37187
v51385,0,37187
v51390,0,37187
v51392,0,37187
v51393,0,37187
v51394,0,37187
v51395,0,37187
v51396,0,37187
v51397,0,37187
v51398,0,37187
v51399,0,37187
v62211,0,37187
v51401,0,37187
v51402,0,37187
v51405,0,37187
v51406,0,37187
v51408,0,37187
v51409,0,37187
v51410,0,37187
v51412,0,37187
v51413,0,37187
v51418,0,37187
v51420,0,37187
v51422,0,37187
v51425,0,37187
v51426,0,37187
v51427,0,37187
v51428,0,37187
v51432,0,37187
v4489,0,37187
v51438,0,37187
v51439,0,37187
v51443,0,37187
v51444,0,37187
v51448,0,37187
v51449,0,37187
v51451,0,37187
v52459,0,37187
v52460,0,37187
v52461,0,37187
v52462,0,37187
v51453,0,37187
v51454,0,37187
v51455,0,37187
v51456,0,37187
v51458,0,37187
v13523,0,37187
v51462,0,37187
v51463,0,37187
v51466,0,37187
v51468,0,37187
v51479,0,37187
v51482,0,37187
v51484,0,37187
v51486,0,37187
v51493,0,37187
v51494,0,37187
v51495,0,37187
v51496,0,37187
v51498,0,37187
v51499,0,37187
v51502,0,37187
v51504,0,37187
v51505,0,37187
v51508,0,37187
v62212,0,37187
v62213,0,37187
v51513,0,37187
v51515,0,37187
v51516,0,37187
v51517,0,37187
v51518,0,37187
v51522,0,37187
v52465,0,37187
v51526,0,37187
v62214,0,37187
v51529,0,37187
v51530,0,37187
v51531,0,37187
v51532,0,37187
v51533,0,37187
v51535,0,37187
v51538,0,37187
v51539,0,37187
v4434,0,37187
v51541,0,37187
v51542,0,37187
v51543,0,37187
v51545,0,37187
v51546,0,37187
v51549,0,37187
v62215,0,37187
v51551,0,37187
v51553,0,37187
v51554,0,37187
v51555,0,37187
v51556,0,37187
v51557,0,37187
v51558,0,37187
v51559,0,37187
v51560,0,37187
v51564,0,37187
v62216,0,37187
v51568,0,37187
v51569,0,37187
v51570,0,37187
v51571,0,37187
v51573,0,37187
v51575,0,37187
v4388,0,37187
v51579,0,37187
v51580,0,37187
v51586,0,37187
v51587,0,37187
v51588,0,37187
v51589,0,37187
v51591,0,37187
v51592,0,37187
v62217,0,37187
v51594,0,37187
v51595,0,37187
v51596,0,37187
v51597,0,37187
v62218,0,37187
v4344,0,37187
v51610,0,37187
v51612,0,37187
v51615,0,37187
v51616,0,37187
v62219,0,37187
v51619,0,37187
v51620,0,37187
v51621,0,37187
v51623,0,37187
v51624,0,37187
v62220,0,37187
v51626,0,37187
v62221,0,37187
v51628,0,37187
v52467,0,37187
v52468,0,37187
v51629,0,37187
v51631,0,37187
v51632,0,37187
v51633,0,37187
v51636,0,37187
v62222,0,37187
v62223,0,37187
v51640,0,37187
v51644,0,37187
v51647,0,37187
v51648,0,37187
v62224,0,37187
v52469,0,37187
v51652,0,37187
v51655,0,37187
v51659,0,37187
v62225,0,37187
v51662,0,37187
v51663,0,37187
v51666,0,37187
v51667,0,37187
v51668,0,37187
v51669,0,37187
v4314,0,37187
v51678,0,37187
v51679,0,37187
v62226,0,37187
v51681,0,37187
v51682,0,37187
v51683,0,37187
v51688,0,37187
v62227,0,37187
v51698,0,37187
v51699,0,37187
v51703,0,37187
v51704,0,37187
v62228,0,37187
v62229,0,37187
v51712,0,37187
v51715,0,37187
v51718,0,37187
v51720,0,37187
v62230,0,37187
v51722,0,37187
v51723,0,37187
v51724,0,37187
v62231,0,37187
v51727,0,37187
v51728,0,37187
v51731,0,37187
v51732,0,37187
v51735,0,37187
v51736,0,37187
v51737,0,37187
v51740,0,37187
v51743,0,37187
v51745,0,37187
v51746,0,37187
v51751,0,37187
v51752,0,37187
v51754,0,37187
v51756,0,37187
v51758,0,37187
v51761,0,37187
v51762,0,37187
v51767,0,37187
v51768,0,37187
v62232,0,37187
v51771,0,37187
v62233,0,37187
v51779,0,37187
v51780,0,37187
v51781,0,37187
v51782,0,37187
v51785,0,37187
v51786,0,37187
v51791,0,37187
v51793,0,37187
v51794,0,37187
v35552,0,37187
v51801,0,37187
v51803,0,37187
v51805,0,37187
v51806,0,37187
v51271,0,37187
v51814,0,37187
v51815,0,37187
v51820,0,37187
v51821,0,37187
v51822,0,37187
v51823,0,37187
v51827,0,37187
v51828,0,37187
v51829,0,37187
v51833,0,37187
v51834,0,37187
v51837,0,37187
v51840,0,37187
v51841,0,37187
v51844,0,37187
v51845,0,37187
v51847,0,37187
v62235,0,37187
v51853,0,37187
v51857,0,37187
v51860,0,37187
v51863,0,37187
v51865,0,37187
v51867,0,37187
v51868,0,37187
v51869,0,37187
v51870,0,37187
v51871,0,37187
v51876,0,37187
v51877,0,37187
v51878,0,37187
v52470,0,37187
v62236,0,37187
v51880,0,37187
v51881,0,37187
v51882,0,37187
v51883,0,37187
v51886,0,37187
v51888,0,37187
v51889,0,37187
v4214,0,37187
v4213,0,37187
v51896,0,37187
v4212,0,37187
v51900,0,37187
v51901,0,37187
v51902,0,37187
v51908,0,37187
v62237,0,37187
v4177,0,37187
v51919,0,37187
v51920,0,37187
v51924,0,37187
v4168,0,37187
v51927,0,37187
v51929,0,37187
v51930,0,37187
v51933,0,37187
v51937,0,37187
v51938,0,37187
v51939,0,37187
v51940,0,37187
v51941,0,37187
v51943,0,37187
v51944,0,37187
v51949,0,37187
v51950,0,37187
v51952,0,37187
v4109,0,37187
v51957,0,37187
v62238,0,37187
v51961,0,37187
v51962,0,37187
v51963,0,37187
v51966,0,37187
v51967,0,37187
v51968,0,37187
v51969,0,37187
v51970,0,37187
v51973,0,37187
v51974,0,37187
v51976,0,37187
v51977,0,37187
v51978,0,37187
v51979,0,37187
v51980,0,37187
v51981,0,37187
v51982,0,37187
v51983,0,37187
v51984,0,37187
v51985,0,37187
v51986,0,37187
v51988,0,37187
v51989,0,37187
v51990,0,37187
v51991,0,37187
v51992,0,37187
v51994,0,37187
v51997,0,37187
v51998,0,37187
v60293,0,37187
v52002,0,37187
v52003,0,37187
v52006,0,37187
v52009,0,37187
v52010,0,37187
v52011,0,37187
v52012,0,37187
v52014,0,37187
v4082,0,37187
v4081,0,37187
v52021,0,37187
v52024,0,37187
v62239,0,37187
v52034,0,37187
v52035,0,37187
v52037,0,37187
v52038,0,37187
v52039,0,37187
v52041,0,37187
v43233,0,37187
v52043,0,37187
v52474,0,37187
v52475,0,37187
v52044,0,37187
v52048,0,37187
v52049,0,37187
v52050,0,37187
v52051,0,37187
v52053,0,37187
v52056,0,37187
v4035,0,37187
v52059,0,37187
v52476,0,37187
v52477,0,37187
v4034,0,37187
v52061,0,37187
v52062,0,37187
v52063,0,37187
v4033,0,37187
v52065,0,37187
v52067,0,37187
v52068,0,37187
v52070,0,37187
v52072,0,37187
v52074,0,37187
v52075,0,37187
v52076,0,37187
v52077,0,37187
v52082,0,37187
v52083,0,37187
v52084,0,37187
v52086,0,37187
v52088,0,37187
v52089,0,37187
v52092,0,37187
v52093,0,37187
v52095,0,37187
v52096,0,37187
v52097,0,37187
v52098,0,37187
v52099,0,37187
v52101,0,37187
v52102,0,37187
v52103,0,37187
v52104,0,37187
v52105,0,37187
v52106,0,37187
v52107,0,37187
v52109,0,37187
v52110,0,37187
v52111,0,37187
v52112,0,37187
v52113,0,37187
v52114,0,37187
v52115,0,37187
v52116,0,37187
v52117,0,37187
v52118,0,37187
v52119,0,37187
v52120,0,37187
v52121,0,37187
v52122,0,37187
v52123,0,37187
v52126,0,37187
v52127,0,37187
v52128,0,37187
v52130,0,37187
v52131,0,37187
v52132,0,37187
v52136,0,37187
v52137,0,37187
v52138,0,37187
v52139,0,37187
v52140,0,37187
v52141,0,37187
v52142,0,37187
v4024,0,37187
v52146,0,37187
v52147,0,37187
v52148,0,37187
v52151,0,37187
v62240,0,37187
v52153,0,37187
v62241,0,37187
v52157,0,37187
v52161,0,37187
v52163,0,37187
v52164,0,37187
v52166,0,37187
v52172,0,37187
v52173,0,37187
v52175,0,37187
v4014,0,37187
v52177,0,37187
v52182,0,37187
v52183,0,37187
v52187,0,37187
v52188,0,37187
v52190,0,37187
v52192,0,37187
v52195,0,37187
v52197,0,37187
v52198,0,37187
v52199,0,37187
v52200,0,37187
v52204,0,37187
v52205,0,37187
v4003,0,37187
v52480,0,37187
v52481,0,37187
v52482,0,37187
v52483,0,37187
v52484,0,37187
v52206,0,37187
v52207,0,37187
v52210,0,37187
v52211,0,37187
v52219,0,37187
v52221,0,37187
v52222,0,37187
v52227,0,37187
v52228,0,37187
v52229,0,37187
v52230,0,37187
v52231,0,37187
v52235,0,37187
v52237,0,37187
v52238,0,37187
v52240,0,37187
v52241,0,37187
v52242,0,37187
v52243,0,37187
v52246,0,37187
v52247,0,37187
v52248,0,37187
v52249,0,37187
v52250,0,37187
v52251,0,37187
v52253,0,37187
v52256,0,37187
v52257,0,37187
v52258,0,37187
v52262,0,37187
v52263,0,37187
v52264,0,37187
v52267,0,37187
v52268,0,37187
v62242,0,37187
v62243,0,37187
v52271,0,37187
v52272,0,37187
v52273,0,37187
v3966,0,37187
v52278,0,37187
v52279,0,37187
v52282,0,37187
v52285,0,37187
v3953,0,37187
v52289,0,37187
v52290,0,37187
v52305,0,37187
v52307,0,37187
v52310,0,37187
v3950,0,37187
v3949,0,37187
v52318,0,37187
v52319,0,37187
v52320,0,37187
v52322,0,37187
v52324,0,37187
v52325,0,37187
v52326,0,37187
v52327,0,37187
v52328,0,37187
v52329,0,37187
v52332,0,37187
v52333,0,37187
v52335,0,37187
v52336,0,37187
v52338,0,37187
v52342,0,37187
v52343,0,37187
v3937,0,37187
v52346,0,37187
v52347,0,37187
v52348,0,37187
v52353,0,37187
v52355,0,37187
v52357,0,37187
v3934,0,37187
v52365,0,37187
v52366,0,37187
v52367,0,37187
v52369,0,37187
v52372,0,37187
v52373,0,37187
v52374,0,37187
v62244,0,37187
v52377,0,37187
v52378,0,37187
v52379,0,37187
v52380,0,37187
v52381,0,37187
v52382,0,37187
v52383,0,37187
v52384,0,37187
v3932,0,37187
v52386,0,37187
v52388,0,37187
v52389,0,37187
v52390,0,37187
v52391,0,37187
v52392,0,37187
v52394,0,37187
v52398,0,37187
v3931,0,37187
v52400,0,37187
v52402,0,37187
v52404,0,37187
v52407,0,37187
v52408,0,37187
v52410,0,37187
v52414,0,37187
v52416,0,37187
v52418,0,37187
v52421,0,37187
v52422,0,37187
v52424,0,37187
v52425,0,37187
v52427,0,37187
v52432,0,37187
v52434,0,37187
v52435,0,37187
v3873,0,37187
v52442,0,37187
v3854,0,37187
v62245,0,37187
v52449,0,37187
v52450,0,37187
v52451,0,37187
v52458,0,37187
v52487,0,37187
v52489,0,37187
v52490,0,37187
v52491,0,37187
v52499,0,37187
v52500,0,37187
v62246,0,37187
v52505,0,37187
v52510,0,37187
v52513,0,37187
v52514,0,37187
v52516,0,37187
v52518,0,37187
v52519,0,37187
v52520,0,37187
v52521,0,37187
v52522,0,37187
v52523,0,37187
v52524,0,37187
v52525,0,37187
v52527,0,37187
v52529,0,37187
v52531,0,37187
v52532,0,37187
v52533,0,37187
v52534,0,37187
v52535,0,37187
v52536,0,37187
v52537,0,37187
v52540,0,37187
v52543,0,37187
v52544,0,37187
v62247,0,37187
v52546,0,37187
v52548,0,37187
v52549,0,37187
v52550,0,37187
v52552,0,37187
v52553,0,37187
v52555,0,37187
v52556,0,37187
v52558,0,37187
v52559,0,37187
v52561,0,37187
v52564,0,37187
v52565,0,37187
v52566,0,37187
v52567,0,37187
v52568,0,37187
v52570,0,37187
v52573,0,37187
v52574,0,37187
v52575,0,37187
v52577,0,37187
v52578,0,37187
v52579,0,37187
v52580,0,37187
v52582,0,37187
v52583,0,37187
v52584,0,37187
v52587,0,37187
v52588,0,37187
v52590,0,37187
v52591,0,37187
v52593,0,37187
v52595,0,37187
v52596,0,37187
v52597,0,37187
v52598,0,37187
v52599,0,37187
v52600,0,37187
v62248,0,37187
v52604,0,37187
v52605,0,37187
v52606,0,37187
v52607,0,37187
v52609,0,37187
v52610,0,37187
v62249,0,37187
v52613,0,37187
v52614,0,37187
v52615,0,37187
v52616,0,37187
v52618,0,37187
v52619,0,37187
v52621,0,37187
v52623,0,37187
v52624,0,37187
v52625,0,37187
v52626,0,37187
v52628,0,37187
v52629,0,37187
v52630,0,37187
v52633,0,37187
v52635,0,37187
v52636,0,37187
v52637,0,37187
v52638,0,37187
v52639,0,37187
v52640,0,37187
v52641,0,37187
v52642,0,37187
v52643,0,37187
v52644,0,37187
v52645,0,37187
v52646,0,37187
v52647,0,37187
v52648,0,37187
v52650,0,37187
v52652,0,37187
v52654,0,37187
v52655,0,37187
v52657,0,37187
v52659,0,37187
v52660,0,37187
v52661,0,37187
v52662,0,37187
v3805,0,37187
v62250,0,37187
v52668,0,37187
v52670,0,37187
v3802,0,37187
v52672,0,37187
v52674,0,37187
v52676,0,37187
v52679,0,37187
v52680,0,37187
v52681,0,37187
v52682,0,37187
v52683,0,37187
v52686,0,37187
v52687,0,37187
v3800,0,37187
v62251,0,37187
v52696,0,37187
v52699,0,37187
v3799,0,37187
v3798,0,37187
v52705,0,37187
v52706,0,37187
v52707,0,37187
v52708,0,37187
v52709,0,37187
v52712,0,37187
v52714,0,37187
v52717,0,37187
v3756,0,37187
v52719,0,37187
v52720,0,37187
v52721,0,37187
v52723,0,37187
v52724,0,37187
v52726,0,37187
v52727,0,37187
v52731,0,37187
v52736,0,37187
v52739,0,37187
v58984,0,37187
v52742,0,37187
v52743,0,37187
v52746,0,37187
v52747,0,37187
v52748,0,37187
v52752,0,37187
v52757,0,37187
v52758,0,37187
v52759,0,37187
v52760,0,37187
v52761,0,37187
v52763,0,37187
v52765,0,37187
v52770,0,37187
v52771,0,37187
v52772,0,37187
v52774,0,37187
v52775,0,37187
v3737,0,37187
v3736,0,37187
v3735,0,37187
v52780,0,37187
v52781,0,37187
v52782,0,37187
v52783,0,37187
v52784,0,37187
v52787,0,37187
v52788,0,37187
v52789,0,37187
v52791,0,37187
v52795,0,37187
v52796,0,37187
v52797,0,37187
v3733,0,37187
v3731,0,37187
v52803,0,37187
v52805,0,37187
v52807,0,37187
v57488,0,37187
v52808,0,37187
v52810,0,37187
v52811,0,37187
v52813,0,37187
v52825,0,37187
v52830,0,37187
v52831,0,37187
v52832,0,37187
v52833,0,37187
v52834,0,37187
v52836,0,37187
v52838,0,37187
v53726,0,37187
v52842,0,37187
v62252,0,37187
v52845,0,37187
v52849,0,37187
v52850,0,37187
v52851,0,37187
v52852,0,37187
v53727,0,37187
v53728,0,37187
v53729,0,37187
v52856,0,37187
v3722,0,37187
v52867,0,37187
v52868,0,37187
v52869,0,37187
v52870,0,37187
v52872,0,37187
v3721,0,37187
v52877,0,37187
v52878,0,37187
v52882,0,37187
v52883,0,37187
v52884,0,37187
v62254,0,37187
v52886,0,37187
v52888,0,37187
v52889,0,37187
v52890,0,37187
v52891,0,37187
v52894,0,37187
v52895,0,37187
v52896,0,37187
v52898,0,37187
v3701,0,37187
v52900,0,37187
v52902,0,37187
v3686,0,37187
v3685,0,37187
v3682,0,37187
v3681,0,37187
v3675,0,37187
v3668,0,37187
v52913,0,37187
v52915,0,37187
v52916,0,37187
v52917,0,37187
v52918,0,37187
v52920,0,37187
v52921,0,37187
v52922,0,37187
v52923,0,37187
v52924,0,37187
v52927,0,37187
v52928,0,37187
v52930,0,37187
v52933,0,37187
v52935,0,37187
v52937,0,37187
v52939,0,37187
v52940,0,37187
v52942,0,37187
v52945,0,37187
v62257,0,37187
v3664,0,37187
v52949,0,37187
v52950,0,37187
v52956,0,37187
v52957,0,37187
v52958,0,37187
v52959,0,37187
v3657,0,37187
v58983,0,37187
v52962,0,37187
v52964,0,37187
v52965,0,37187
v52966,0,37187
v52967,0,37187
v52969,0,37187
v3656,0,37187
v52972,0,37187
v52973,0,37187
v52974,0,37187
v3655,0,37187
v3654,0,37187
v52978,0,37187
v53730,0,37187
v52981,0,37187
v52982,0,37187
v3653,0,37187
v52984,0,37187
v52986,0,37187
v52988,0,37187
v62258,0,37187
v52991,0,37187
v52992,0,37187
v62259,0,37187
v3652,0,37187
v52996,0,37187
v52997,0,37187
v52999,0,37187
v53002,0,37187
v53006,0,37187
v53011,0,37187
v53012,0,37187
v53014,0,37187
v53015,0,37187
v53016,0,37187
v53017,0,37187
v53019,0,37187
v62260,0,37187
v53021,0,37187
v53023,0,37187
v53024,0,37187
v53025,0,37187
v53029,0,37187
v53031,0,37187
v53032,0,37187
v53033,0,37187
v53034,0,37187
v53036,0,37187
v53038,0,37187
v53039,0,37187
v53040,0,37187
v53042,0,37187
v53043,0,37187
v53044,0,37187
v53045,0,37187
v53046,0,37187
v53047,0,37187
v3651,0,37187
v53049,0,37187
v53050,0,37187
v3649,0,37187
v3648,0,37187
v53053,0,37187
v53054,0,37187
v53055,0,37187
v53056,0,37187
v53057,0,37187
v53059,0,37187
v53060,0,37187
v53061,0,37187
v53062,0,37187
v53066,0,37187
v53069,0,37187
v53071,0,37187
v53072,0,37187
v53073,0,37187
v3647,0,37187
v53076,0,37187
v53077,0,37187
v53078,0,37187
v53079,0,37187
v53080,0,37187
v53081,0,37187
v53082,0,37187
v53083,0,37187
v53086,0,37187
v3646,0,37187
v53090,0,37187
v53092,0,37187
v53094,0,37187
v53096,0,37187
v53097,0,37187
v53099,0,37187
v53100,0,37187
v53101,0,37187
v62262,0,37187
v53108,0,37187
v62263,0,37187
v53112,0,37187
v3640,0,37187
v53115,0,37187
v53116,0,37187
v53117,0,37187
v53118,0,37187
v53119,0,37187
v3639,0,37187
v62265,0,37187
v3638,0,37187
v53127,0,37187
v62266,0,37187
v53130,0,37187
v53132,0,37187
v53133,0,37187
v3637,0,37187
v53135,0,37187
v53136,0,37187
v53139,0,37187
v3633,0,37187
v53143,0,37187
v53146,0,37187
v53147,0,37187
v53148,0,37187
v53154,0,37187
v53156,0,37187
v53159,0,37187
v53161,0,37187
v53163,0,37187
v53165,0,37187
v53166,0,37187
v53167,0,37187
v53168,0,37187
v53169,0,37187
v53170,0,37187
v53171,0,37187
v53174,0,37187
v53178,0,37187
v53179,0,37187
v53180,0,37187
v3610,0,37187
v3609,0,37187
v53184,0,37187
v53185,0,37187
v53186,0,37187
v53188,0,37187
v53189,0,37187
v53190,0,37187
v53194,0,37187
v53195,0,37187
v53196,0,37187
v3605,0,37187
v53206,0,37187
v62267,0,37187
v53216,0,37187
v53222,0,37187
v53224,0,37187
v53225,0,37187
v53226,0,37187
v62268,0,37187
v62269,0,37187
v53232,0,37187
v53233,0,37187
v53235,0,37187
v53236,0,37187
v53237,0,37187
v53238,0,37187
v53239,0,37187
v53240,0,37187
v53241,0,37187
v53246,0,37187
v53247,0,37187
v53248,0,37187
v53251,0,37187
v53252,0,37187
v53253,0,37187
v53254,0,37187
v53255,0,37187
v53256,0,37187
v53257,0,37187
v53259,0,37187
v53260,0,37187
v53263,0,37187
v53264,0,37187
v53265,0,37187
v53266,0,37187
v53267,0,37187
v53268,0,37187
v53269,0,37187
v53270,0,37187
v53271,0,37187
v62270,0,37187
v57491,0,37187
v53274,0,37187
v53275,0,37187
v53276,0,37187
v53277,0,37187
v53278,0,37187
v53279,0,37187
v53281,0,37187
v53282,0,37187
v53283,0,37187
v53284,0,37187
v53286,0,37187
v53287,0,37187
v53288,0,37187
v62271,0,37187
v53290,0,37187
v3594,0,37187
v53300,0,37187
v53301,0,37187
v53302,0,37187
v53303,0,37187
v53309,0,37187
v3587,0,37187
v53312,0,37187
v53313,0,37187
v53314,0,37187
v53315,0,37187
v53317,0,37187
v3586,0,37187
v53319,0,37187
v53320,0,37187
v53321,0,37187
v3585,0,37187
v62272,0,37187
v53329,0,37187
v3577,0,37187
v53333,0,37187
v53335,0,37187
v53338,0,37187
v53339,0,37187
v53340,0,37187
v3575,0,37187
v53345,0,37187
v53346,0,37187
v53350,0,37187
v53351,0,37187
v53356,0,37187
v53357,0,37187
v62273,0,37187
v53361,0,37187
v53364,0,37187
v53365,0,37187
v53366,0,37187
v53367,0,37187
v53368,0,37187
v53369,0,37187
v53370,0,37187
v53372,0,37187
v53374,0,37187
v53375,0,37187
v53376,0,37187
v53377,0,37187
v53378,0,37187
v53384,0,37187
v53388,0,37187
v53389,0,37187
v53392,0,37187
v53393,0,37187
v57492,0,37187
v53394,0,37187
v53396,0,37187
v53400,0,37187
v53401,0,37187
v62275,0,37187
v53403,0,37187
v53405,0,37187
v53406,0,37187
v53412,0,37187
v53415,0,37187
v53416,0,37187
v53417,0,37187
v53418,0,37187
v53420,0,37187
v53421,0,37187
v58982,0,37187
v53423,0,37187
v57495,0,37187
v53424,0,37187
v53426,0,37187
v53428,0,37187
v53429,0,37187
v53430,0,37187
v53432,0,37187
v62277,0,37187
v3551,0,37187
v53436,0,37187
v53438,0,37187
v53443,0,37187
v53444,0,37187
v53449,0,37187
v53450,0,37187
v53451,0,37187
v53452,0,37187
v53454,0,37187
v53459,0,37187
v53460,0,37187
v53461,0,37187
v53464,0,37187
v53465,0,37187
v53466,0,37187
v53473,0,37187
v53477,0,37187
v53480,0,37187
v53482,0,37187
v53483,0,37187
v3546,0,37187
v53491,0,37187
v58981,0,37187
v53496,0,37187
v53498,0,37187
v53499,0,37187
v53500,0,37187
v53503,0,37187
v53504,0,37187
v3527,0,37187
v53509,0,37187
v53512,0,37187
v53513,0,37187
v53514,0,37187
v53517,0,37187
v53520,0,37187
v53521,0,37187
v53522,0,37187
v53524,0,37187
v53525,0,37187
v53529,0,37187
v53531,0,37187
v53532,0,37187
v53534,0,37187
v53535,0,37187
v53536,0,37187
v53537,0,37187
v53540,0,37187
v3520,0,37187
v53548,0,37187
v3513,0,37187
v53554,0,37187
v53556,0,37187
v53558,0,37187
v53559,0,37187
v53560,0,37187
v53561,0,37187
v53563,0,37187
v53564,0,37187
v53565,0,37187
v53566,0,37187
v53567,0,37187
v53568,0,37187
v53569,0,37187
v53571,0,37187
v62279,0,37187
v53573,0,37187
v53574,0,37187
v53575,0,37187
v53580,0,37187
v3512,0,37187
v53583,0,37187
v53584,0,37187
v53587,0,37187
v53588,0,37187
v53591,0,37187
v62280,0,37187
v53597,0,37187
v53598,0,37187
v53600,0,37187
v53601,0,37187
v53602,0,37187
v53604,0,37187
v53605,0,37187
v53606,0,37187
v53608,0,37187
v53609,0,37187
v53610,0,37187
v53611,0,37187
v53614,0,37187
v53615,0,37187
v57499,0,37187
v3492,0,37187
v53618,0,37187
v53622,0,37187
v53623,0,37187
v62281,0,37187
v53625,0,37187
v53626,0,37187
v53628,0,37187
v53630,0,37187
v53631,0,37187
v53632,0,37187
v53633,0,37187
v3487,0,37187
v53635,0,37187
v3486,0,37187
v53639,0,37187
v53641,0,37187
v53643,0,37187
v53644,0,37187
v53645,0,37187
v53646,0,37187
v53647,0,37187
v53648,0,37187
v53653,0,37187
v53655,0,37187
v53657,0,37187
v53660,0,37187
v53661,0,37187
v53663,0,37187
v53665,0,37187
v53666,0,37187
v53667,0,37187
v53668,0,37187
v53669,0,37187
v53671,0,37187
v53672,0,37187
v53676,0,37187
v53677,0,37187
v53678,0,37187
v3477,0,37187
v53682,0,37187
v3476,0,37187
v53685,0,37187
v53686,0,37187
v53687,0,37187
v3475,0,37187
v53690,0,37187
v53692,0,37187
v53693,0,37187
v53694,0,37187
v53695,0,37187
v53696,0,37187
v53699,0,37187
v53700,0,37187
v53702,0,37187
v3474,0,37187
v53704,0,37187
v53705,0,37187
v53706,0,37187
v53707,0,37187
v53708,0,37187
v53710,0,37187
v53711,0,37187
v53712,0,37187
v53714,0,37187
v53715,0,37187
v53716,0,37187
v53719,0,37187
v62282,0,37187
v53721,0,37187
v53722,0,37187
v53725,0,37187
v53732,0,37187
v3469,0,37187
v53735,0,37187
v53736,0,37187
v53737,0,37187
v53739,0,37187
v53741,0,37187
v57500,0,37187
v53745,0,37187
v53746,0,37187
v53747,0,37187
v53748,0,37187
v53749,0,37187
v3466,0,37187
v53752,0,37187
v53754,0,37187
v53756,0,37187
v53759,0,37187
v53760,0,37187
v57501,0,37187
v57502,0,37187
v53765,0,37187
v53766,0,37187
v53767,0,37187
v53768,0,37187
v53769,0,37187
v53770,0,37187
v53771,0,37187
v53772,0,37187
v53775,0,37187
v53776,0,37187
v53777,0,37187
v53778,0,37187
v53779,0,37187
v53780,0,37187
v53781,0,37187
v53782,0,37187
v53783,0,37187
v53784,0,37187
v53785,0,37187
v53786,0,37187
v53787,0,37187
v53788,0,37187
v53790,0,37187
v53791,0,37187
v53792,0,37187
v53794,0,37187
v3464,0,37187
v53798,0,37187
v53799,0,37187
v53800,0,37187
v53801,0,37187
v53802,0,37187
v53803,0,37187
v53804,0,37187
v53805,0,37187
v53807,0,37187
v53808,0,37187
v53811,0,37187
v57503,0,37187
v53812,0,37187
v53821,0,37187
v53824,0,37187
v53825,0,37187
v53827,0,37187
v3437,0,37187
v53830,0,37187
v53831,0,37187
v3436,0,37187
v53834,0,37187
v53839,0,37187
v53840,0,37187
v3431,0,37187
v53845,0,37187
v3430,0,37187
v53847,0,37187
v53848,0,37187
v53849,0,37187
v3429,0,37187
v3428,0,37187
v62284,0,37187
v53858,0,37187
v53860,0,37187
v53861,0,37187
v53862,0,37187
v53863,0,37187
v53868,0,37187
v53871,0,37187
v53872,0,37187
v53875,0,37187
v53878,0,37187
v53879,0,37187
v53881,0,37187
v53882,0,37187
v53883,0,37187
v53884,0,37187
v53886,0,37187
v53887,0,37187
v53890,0,37187
v58980,0,37187
v53896,0,37187
v53899,0,37187
v53901,0,37187
v53905,0,37187
v62285,0,37187
v53912,0,37187
v53913,0,37187
v53915,0,37187
v53916,0,37187
v53921,0,37187
v53922,0,37187
v53924,0,37187
v53925,0,37187
v53926,0,37187
v53927,0,37187
v53928,0,37187
v53929,0,37187
v53931,0,37187
v53932,0,37187
v53933,0,37187
v53934,0,37187
v53936,0,37187
v53937,0,37187
v53938,0,37187
v53941,0,37187
v53942,0,37187
v53944,0,37187
v53945,0,37187
v53946,0,37187
v53947,0,37187
v53948,0,37187
v57506,0,37187
v53950,0,37187
v53951,0,37187
v53952,0,37187
v53953,0,37187
v53954,0,37187
v53956,0,37187
v53957,0,37187
v53958,0,37187
v53960,0,37187
v53961,0,37187
v53963,0,37187
v53964,0,37187
v53966,0,37187
v53967,0,37187
v53968,0,37187
v53969,0,37187
v53970,0,37187
v53971,0,37187
v53972,0,37187
v53973,0,37187
v62286,0,37187
v53975,0,37187
v53976,0,37187
v53978,0,37187
v53979,0,37187
v53981,0,37187
v53982,0,37187
v53983,0,37187
v53984,0,37187
v53986,0,37187
v53987,0,37187
v53988,0,37187
v53989,0,37187
v53990,0,37187
v53992,0,37187
v53993,0,37187
v53997,0,37187
v53998,0,37187
v54000,0,37187
v54001,0,37187
v54002,0,37187
v54004,0,37187
v54005,0,37187
v54006,0,37187
v54007,0,37187
v54008,0,37187
v54009,0,37187
v54010,0,37187
v54012,0,37187
v54014,0,37187
v54015,0,37187
v54020,0,37187
v54024,0,37187
v54025,0,37187
v54026,0,37187
v54027,0,37187
v54028,0,37187
v54030,0,37187
v54032,0,37187
v54033,0,37187
v3399,0,37187
v54036,0,37187
v54037,0,37187
v54038,0,37187
v54041,0,37187
v54042,0,37187
v54043,0,37187
v54044,0,37187
v54045,0,37187
v3393,0,37187
v54049,0,37187
v3387,0,37187
v54051,0,37187
v54052,0,37187
v54053,0,37187
v54054,0,37187
v54056,0,37187
v3386,0,37187
v54060,0,37187
v54061,0,37187
v54065,0,37187
v54067,0,37187
v54068,0,37187
v62287,0,37187
v54073,0,37187
v54074,0,37187
v54075,0,37187
v54076,0,37187
v54077,0,37187
v54078,0,37187
v54079,0,37187
v54080,0,37187
v54082,0,37187
v54083,0,37187
v54084,0,37187
v54085,0,37187
v57507,0,37187
v57508,0,37187
v54090,0,37187
v54096,0,37187
v54097,0,37187
v54098,0,37187
v54099,0,37187
v54101,0,37187
v54102,0,37187
v54106,0,37187
v54107,0,37187
v54108,0,37187
v54110,0,37187
v54111,0,37187
v54112,0,37187
v54113,0,37187
v54114,0,37187
v54115,0,37187
v54116,0,37187
v54120,0,37187
v54121,0,37187
v54122,0,37187
v57509,0,37187
v54124,0,37187
v54125,0,37187
v54126,0,37187
v62288,0,37187
v54132,0,37187
v62289,0,37187
v58979,0,37187
v54141,0,37187
v54145,0,37187
v54146,0,37187
v62290,0,37187
v54148,0,37187
v54152,0,37187
v54155,0,37187
v54156,0,37187
v62291,0,37187
v54162,0,37187
v54163,0,37187
v54164,0,37187
v54165,0,37187
v54166,0,37187
v54167,0,37187
v54171,0,37187
v54173,0,37187
v54174,0,37187
v54175,0,37187
v54176,0,37187
v54177,0,37187
v54180,0,37187
v54181,0,37187
v54182,0,37187
v54185,0,37187
v54186,0,37187
v54188,0,37187
v54190,0,37187
v54191,0,37187
v54192,0,37187
v54193,0,37187
v54195,0,37187
v54196,0,37187
v54197,0,37187
v62292,0,37187
v3328,0,37187
v3299,0,37187
v54205,0,37187
v54206,0,37187
v54207,0,37187
v54208,0,37187
v54211,0,37187
v54212,0,37187
v54213,0,37187
v54214,0,37187
v54216,0,37187
v57510,0,37187
v54220,0,37187
v54221,0,37187
v54222,0,37187
v54223,0,37187
v54224,0,37187
v62293,0,37187
v54226,0,37187
v54227,0,37187
v54228,0,37187
v54229,0,37187
v54233,0,37187
v54234,0,37187
v54235,0,37187
v54236,0,37187
v54242,0,37187
v54245,0,37187
v54246,0,37187
v54247,0,37187
v54248,0,37187
v54253,0,37187
v54254,0,37187
v54255,0,37187
v54256,0,37187
v54258,0,37187
v54260,0,37187
v54261,0,37187
v54263,0,37187
v62294,0,37187
v54265,0,37187
v54269,0,37187
v54270,0,37187
v54271,0,37187
v54273,0,37187
v54274,0,37187
v54275,0,37187
v54276,0,37187
v54277,0,37187
v54280,0,37187
v54282,0,37187
v54283,0,37187
v54284,0,37187
v54285,0,37187
v54288,0,37187
v54290,0,37187
v54292,0,37187
v54300,0,37187
v54301,0,37187
v54302,0,37187
v54304,0,37187
v54312,0,37187
v54313,0,37187
v54315,0,37187
v54316,0,37187
v54318,0,37187
v54320,0,37187
v54321,0,37187
v54322,0,37187
v54323,0,37187
v54324,0,37187
v54331,0,37187
v54333,0,37187
v54334,0,37187
v54335,0,37187
v54337,0,37187
v54338,0,37187
v54339,0,37187
v54340,0,37187
v54341,0,37187
v54347,0,37187
v54348,0,37187
v54349,0,37187
v54350,0,37187
v54351,0,37187
v54352,0,37187
v54353,0,37187
v54354,0,37187
v54355,0,37187
v54356,0,37187
v54358,0,37187
v54359,0,37187
v54361,0,37187
v54362,0,37187
v54363,0,37187
v54364,0,37187
v54367,0,37187
v54369,0,37187
v54370,0,37187
v54371,0,37187
v54372,0,37187
v54373,0,37187
v54374,0,37187
v54375,0,37187
v54376,0,37187
v54377,0,37187
v54378,0,37187
v54379,0,37187
v54380,0,37187
v54381,0,37187
v54382,0,37187
v54383,0,37187
v54384,0,37187
v54385,0,37187
v54386,0,37187
v54387,0,37187
v54389,0,37187
v54390,0,37187
v54391,0,37187
v54392,0,37187
v54393,0,37187
v54394,0,37187
v54395,0,37187
v54397,0,37187
v54399,0,37187
v54400,0,37187
v54403,0,37187
v54404,0,37187
v54405,0,37187
v54406,0,37187
v54407,0,37187
v54409,0,37187
v62295,0,37187
v54411,0,37187
v54412,0,37187
v54414,0,37187
v54416,0,37187
v54417,0,37187
v54418,0,37187
v54419,0,37187
v54420,0,37187
v54421,0,37187
v54422,0,37187
v54423,0,37187
v54424,0,37187
v54425,0,37187
v54427,0,37187
v54428,0,37187
v54429,0,37187
v54430,0,37187
v54431,0,37187
v54432,0,37187
v54435,0,37187
v54436,0,37187
v54444,0,37187
v54445,0,37187
v54448,0,37187
v54450,0,37187
v54451,0,37187
v54452,0,37187
v54458,0,37187
v54460,0,37187
v54463,0,37187
v54464,0,37187
v54465,0,37187
v54466,0,37187
v54467,0,37187
v54468,0,37187
v54469,0,37187
v54471,0,37187
v54474,0,37187
v54477,0,37187
v54478,0,37187
v54479,0,37187
v54480,0,37187
v54481,0,37187
v54482,0,37187
v54483,0,37187
v54484,0,37187
v54485,0,37187
v62297,0,37187
v54487,0,37187
v54489,0,37187
v54490,0,37187
v62298,0,37187
v54494,0,37187
v54495,0,37187
v54496,0,37187
v54497,0,37187
v54498,0,37187
v54499,0,37187
v54500,0,37187
v54501,0,37187
v54504,0,37187
v54505,0,37187
v54508,0,37187
v54513,0,37187
v54514,0,37187
v54515,0,37187
v57511,0,37187
v57512,0,37187
v39777,0,37187
v39776,0,37187
v54530,0,37187
v54531,0,37187
v54532,0,37187
v54535,0,37187
v54537,0,37187
v54538,0,37187
v54539,0,37187
v54540,0,37187
v54541,0,37187
v54542,0,37187
v54543,0,37187
v54544,0,37187
v54545,0,37187
v54546,0,37187
v54547,0,37187
v54548,0,37187
v54549,0,37187
v54550,0,37187
v54551,0,37187
v54553,0,37187
v62299,0,37187
v54556,0,37187
v54558,0,37187
v54559,0,37187
v54560,0,37187
v54561,0,37187
v54562,0,37187
v54563,0,37187
v54564,0,37187
v54565,0,37187
v3146,0,37187
v54568,0,37187
v54569,0,37187
v54570,0,37187
v54572,0,37187
v54573,0,37187
v54574,0,37187
v54576,0,37187
v54578,0,37187
v54579,0,37187
v54582,0,37187
v54583,0,37187
v54584,0,37187
v54585,0,37187
v54586,0,37187
v54587,0,37187
v54590,0,37187
v54591,0,37187
v54592,0,37187
v39774,0,37187
v54594,0,37187
v54596,0,37187
v54597,0,37187
v54599,0,37187
v54600,0,37187
v54604,0,37187
v54605,0,37187
v54606,0,37187
v54608,0,37187
v54609,0,37187
v54612,0,37187
v54613,0,37187
v54614,0,37187
v54615,0,37187
v54617,0,37187
v39773,0,37187
v54619,0,37187
v54621,0,37187
v54622,0,37187
v54623,0,37187
v54624,0,37187
v54625,0,37187
v54626,0,37187
v54627,0,37187
v54628,0,37187
v54629,0,37187
v54631,0,37187
v54632,0,37187
v54633,0,37187
v54635,0,37187
v54636,0,37187
v54637,0,37187
v54638,0,37187
v62300,0,37187
v54641,0,37187
v54642,0,37187
v54643,0,37187
v54647,0,37187
v54649,0,37187
v54650,0,37187
v54652,0,37187
v54654,0,37187
v3085,0,37187
v54657,0,37187
v54658,0,37187
v54659,0,37187
v54660,0,37187
v62301,0,37187
v54663,0,37187
v54664,0,37187
v54665,0,37187
v54669,0,37187
v54670,0,37187
v54672,0,37187
v54674,0,37187
v54676,0,37187
v54678,0,37187
v54679,0,37187
v62302,0,37187
v54683,0,37187
v54686,0,37187
v54687,0,37187
v54690,0,37187
v54691,0,37187
v54692,0,37187
v54693,0,37187
v54694,0,37187
v54695,0,37187
v54696,0,37187
v54697,0,37187
v54699,0,37187
v54701,0,37187
v54702,0,37187
v3075,0,37187
v54705,0,37187
v57513,0,37187
v54708,0,37187
v54710,0,37187
v54711,0,37187
v62303,0,37187
v54713,0,37187
v54714,0,37187
v54715,0,37187
v54716,0,37187
v54717,0,37187
v54719,0,37187
v57514,0,37187
v39772,0,37187
v54721,0,37187
v54722,0,37187
v54726,0,37187
v54731,0,37187
v54733,0,37187
v54734,0,37187
v54735,0,37187
v54737,0,37187
v54738,0,37187
v54741,0,37187
v54742,0,37187
v54743,0,37187
v54751,0,37187
v57515,0,37187
v57516,0,37187
v54752,0,37187
v54753,0,37187
v54754,0,37187
v54755,0,37187
v54757,0,37187
v54758,0,37187
v54761,0,37187
v54762,0,37187
v54763,0,37187
v54766,0,37187
v62304,0,37187
v54769,0,37187
v54772,0,37187
v54774,0,37187
v39771,0,37187
v54779,0,37187
v54780,0,37187
v54782,0,37187
v54784,0,37187
v54786,0,37187
v54787,0,37187
v54788,0,37187
v54789,0,37187
v54790,0,37187
v62305,0,37187
v54793,0,37187
v54798,0,37187
v3012,0,37187
v54801,0,37187
v54802,0,37187
v54803,0,37187
v62306,0,37187
v54806,0,37187
v54808,0,37187
v54810,0,37187
v54811,0,37187
v54815,0,37187
v54816,0,37187
v54818,0,37187
v54820,0,37187
v54821,0,37187
v54822,0,37187
v54823,0,37187
v54830,0,37187
v2958,0,37187
v54833,0,37187
v2935,0,37187
v54837,0,37187
v54838,0,37187
v54839,0,37187
v54841,0,37187
v54848,0,37187
v54852,0,37187
v57517,0,37187
v54859,0,37187
v54860,0,37187
v54862,0,37187
v54864,0,37187
v54866,0,37187
v54867,0,37187
v54868,0,37187
v54869,0,37187
v54871,0,37187
v2830,0,37187
v54873,0,37187
v54876,0,37187
v54877,0,37187
v54879,0,37187
v54880,0,37187
v54881,0,37187
v54882,0,37187
v54884,0,37187
v54885,0,37187
v54886,0,37187
v54887,0,37187
v54889,0,37187
v54890,0,37187
v54891,0,37187
v54893,0,37187
v54894,0,37187
v54898,0,37187
v54899,0,37187
v54900,0,37187
v54901,0,37187
v54902,0,37187
v54903,0,37187
v54905,0,37187
v54909,0,37187
v54911,0,37187
v54912,0,37187
v54913,0,37187
v54915,0,37187
v54916,0,37187
v54917,0,37187
v54921,0,37187
v54922,0,37187
v54924,0,37187
v54926,0,37187
v54927,0,37187
v54928,0,37187
v62307,0,37187
v54932,0,37187
v54934,0,37187
v54935,0,37187
v54938,0,37187
v54940,0,37187
v54941,0,37187
v54942,0,37187
v54952,0,37187
v54953,0,37187
v62308,0,37187
v54959,0,37187
v54963,0,37187
v54964,0,37187
v54965,0,37187
v54966,0,37187
v54967,0,37187
v54968,0,37187
v54969,0,37187
v54970,0,37187
v54972,0,37187
v54973,0,37187
v54974,0,37187
v54975,0,37187
v54977,0,37187
v54978,0,37187
v54979,0,37187
v54980,0,37187
v54983,0,37187
v54984,0,37187
v54985,0,37187
v54986,0,37187
v54987,0,37187
v54988,0,37187
v54989,0,37187
v54990,0,37187
v54991,0,37187
v54992,0,37187
v54993,0,37187
v2812,0,37187
v54995,0,37187
v54997,0,37187
v54998,0,37187
v55000,0,37187
v2802,0,37187
v55006,0,37187
v55007,0,37187
v55009,0,37187
v55011,0,37187
v55012,0,37187
v55015,0,37187
v55016,0,37187
v57518,0,37187
v55019,0,37187
v55021,0,37187
v55023,0,37187
v2788,0,37187
v55027,0,37187
v55028,0,37187
v55032,0,37187
v55033,0,37187
v55034,0,37187
v55035,0,37187
v55036,0,37187
v55038,0,37187
v55039,0,37187
v55047,0,37187
v55054,0,37187
v55056,0,37187
v55061,0,37187
v55062,0,37187
v55063,0,37187
v55064,0,37187
v55067,0,37187
v55068,0,37187
v55069,0,37187
v55071,0,37187
v55072,0,37187
v62309,0,37187
v55079,0,37187
v55081,0,37187
v55082,0,37187
v55084,0,37187
v55088,0,37187
v55089,0,37187
v55090,0,37187
v55094,0,37187
v55096,0,37187
v55097,0,37187
v55098,0,37187
v55099,0,37187
v55100,0,37187
v55103,0,37187
v55106,0,37187
v55112,0,37187
v55116,0,37187
v55118,0,37187
v55120,0,37187
v55121,0,37187
v55122,0,37187
v55123,0,37187
v57519,0,37187
v57520,0,37187
v2690,0,37187
v55128,0,37187
v55129,0,37187
v62310,0,37187
v55131,0,37187
v55132,0,37187
v55133,0,37187
v55134,0,37187
v55135,0,37187
v55140,0,37187
v55141,0,37187
v55142,0,37187
v55143,0,37187
v55144,0,37187
v55145,0,37187
v55146,0,37187
v55149,0,37187
v55150,0,37187
v55151,0,37187
v55152,0,37187
v55155,0,37187
v55156,0,37187
v62311,0,37187
v55158,0,37187
v55160,0,37187
v57521,0,37187
v55163,0,37187
v55164,0,37187
v55166,0,37187
v55172,0,37187
v55173,0,37187
v55174,0,37187
v55177,0,37187
v55178,0,37187
v55179,0,37187
v55181,0,37187
v55182,0,37187
v57523,0,37187
v55183,0,37187
v55185,0,37187
v55186,0,37187
v55188,0,37187
v55190,0,37187
v55195,0,37187
v55196,0,37187
v55200,0,37187
v55201,0,37187
v55202,0,37187
v55203,0,37187
v55204,0,37187
v55205,0,37187
v55207,0,37187
v55208,0,37187
v55209,0,37187
v55210,0,37187
v55211,0,37187
v55212,0,37187
v55214,0,37187
v55216,0,37187
v55217,0,37187
v55219,0,37187
v55220,0,37187
v55225,0,37187
v55227,0,37187
v55228,0,37187
v55229,0,37187
v55230,0,37187
v55232,0,37187
v55236,0,37187
v55237,0,37187
v55238,0,37187
v55240,0,37187
v55241,0,37187
v55242,0,37187
v55244,0,37187
v55246,0,37187
v55248,0,37187
v55249,0,37187
v55250,0,37187
v55251,0,37187
v55253,0,37187
v55254,0,37187
v55255,0,37187
v2594,0,37187
v55257,0,37187
v55259,0,37187
v55261,0,37187
v55263,0,37187
v55264,0,37187
v55266,0,37187
v55267,0,37187
v55268,0,37187
v55271,0,37187
v55272,0,37187
v55273,0,37187
v55275,0,37187
v55278,0,37187
v55279,0,37187
v55280,0,37187
v55282,0,37187
v62312,0,37187
v55285,0,37187
v55287,0,37187
v55288,0,37187
v55289,0,37187
v55291,0,37187
v55292,0,37187
v55294,0,37187
v55295,0,37187
v55297,0,37187
v55298,0,37187
v55300,0,37187
v55304,0,37187
v55305,0,37187
v55306,0,37187
v55307,0,37187
v55309,0,37187
v55312,0,37187
v62313,0,37187
v55316,0,37187
v55317,0,37187
v62314,0,37187
v55332,0,37187
v55336,0,37187
v55338,0,37187
v55340,0,37187
v55349,0,37187
v55351,0,37187
v55352,0,37187
v55362,0,37187
v55363,0,37187
v55366,0,37187
v55367,0,37187
v55368,0,37187
v55369,0,37187
v55372,0,37187
v55376,0,37187
v55377,0,37187
v55387,0,37187
v55388,0,37187
v55389,0,37187
v55390,0,37187
v55392,0,37187
v55393,0,37187
v55394,0,37187
v55395,0,37187
v55396,0,37187
v55399,0,37187
v55401,0,37187
v55402,0,37187
v55404,0,37187
v55406,0,37187
v55407,0,37187
v55408,0,37187
v55410,0,37187
v55411,0,37187
v55412,0,37187
v55414,0,37187
v55419,0,37187
v55420,0,37187
v55421,0,37187
v55422,0,37187
v55423,0,37187
v55424,0,37187
v55425,0,37187
v55428,0,37187
v55429,0,37187
v55430,0,37187
v55432,0,37187
v55433,0,37187
v55435,0,37187
v55436,0,37187
v55437,0,37187
v55438,0,37187
v55439,0,37187
v55440,0,37187
v62316,0,37187
v55443,0,37187
v55444,0,37187
v55445,0,37187
v55446,0,37187
v55447,0,37187
v55448,0,37187
v55449,0,37187
v55450,0,37187
v55452,0,37187
v55453,0,37187
v55454,0,37187
v55456,0,37187
v55457,0,37187
v55458,0,37187
v55460,0,37187
v55461,0,37187
v55463,0,37187
v55464,0,37187
v55467,0,37187
v2464,0,37187
v55469,0,37187
v57524,0,37187
v55470,0,37187
v55473,0,37187
v55474,0,37187
v55475,0,37187
v55477,0,37187
v55478,0,37187
v57525,0,37187
v55481,0,37187
v55483,0,37187
v55484,0,37187
v55485,0,37187
v55486,0,37187
v55487,0,37187
v55488,0,37187
v55489,0,37187
v55490,0,37187
v55493,0,37187
v55495,0,37187
v55497,0,37187
v55500,0,37187
v55501,0,37187
v55502,0,37187
v55503,0,37187
v55510,0,37187
v55511,0,37187
v55513,0,37187
v57526,0,37187
v57527,0,37187
v55514,0,37187
v55515,0,37187
v62317,0,37187
v55521,0,37187
v55522,0,37187
v55523,0,37187
v55525,0,37187
v55527,0,37187
v55528,0,37187
v55529,0,37187
v55530,0,37187
v55531,0,37187
v55532,0,37187
v55536,0,37187
v55537,0,37187
v55538,0,37187
v55540,0,37187
v55543,0,37187
v55544,0,37187
v55545,0,37187
v55548,0,37187
v55549,0,37187
v55551,0,37187
v55553,0,37187
v55555,0,37187
v55557,0,37187
v55558,0,37187
v55559,0,37187
v55560,0,37187
v55561,0,37187
v55562,0,37187
v55563,0,37187
v55565,0,37187
v55566,0,37187
v55567,0,37187
v55568,0,37187
v57528,0,37187
v57529,0,37187
v55573,0,37187
v55574,0,37187
v55576,0,37187
v55577,0,37187
v55578,0,37187
v55579,0,37187
v55582,0,37187
v55583,0,37187
v55584,0,37187
v55586,0,37187
v62318,0,37187
v55589,0,37187
v55590,0,37187
v55591,0,37187
v55593,0,37187
v55594,0,37187
v55595,0,37187
v55596,0,37187
v55597,0,37187
v55598,0,37187
v55599,0,37187
v55600,0,37187
v55601,0,37187
v55602,0,37187
v55603,0,37187
v55605,0,37187
v55608,0,37187
v55609,0,37187
v55611,0,37187
v55613,0,37187
v55614,0,37187
v55615,0,37187
v55618,0,37187
v55620,0,37187
v55621,0,37187
v55622,0,37187
v55623,0,37187
v55624,0,37187
v55625,0,37187
v55626,0,37187
v55627,0,37187
v55628,0,37187
v55629,0,37187
v55630,0,37187
v55631,0,37187
v55632,0,37187
v55633,0,37187
v55634,0,37187
v55635,0,37187
v55637,0,37187
v55638,0,37187
v55639,0,37187
v55640,0,37187
v55641,0,37187
v55642,0,37187
v55643,0,37187
v55644,0,37187
v55645,0,37187
v55646,0,37187
v55647,0,37187
v55650,0,37187
v55652,0,37187
v55653,0,37187
v55655,0,37187
v55657,0,37187
v55658,0,37187
v55659,0,37187
v55660,0,37187
v55662,0,37187
v55663,0,37187
v55664,0,37187
v55665,0,37187
v55666,0,37187
v62319,0,37187
v55672,0,37187
v55673,0,37187
v55675,0,37187
v55676,0,37187
v55677,0,37187
v55678,0,37187
v55679,0,37187
v55680,0,37187
v55681,0,37187
v55682,0,37187
v55683,0,37187
v55684,0,37187
v55685,0,37187
v55686,0,37187
v55687,0,37187
v55689,0,37187
v55691,0,37187
v55692,0,37187
v55693,0,37187
v55694,0,37187
v55695,0,37187
v55696,0,37187
v55697,0,37187
v55698,0,37187
v55699,0,37187
v55700,0,37187
v55701,0,37187
v55703,0,37187
v55704,0,37187
v55705,0,37187
v55706,0,37187
v55707,0,37187
v55708,0,37187
v55709,0,37187
v55710,0,37187
v62320,0,37187
v55724,0,37187
v55726,0,37187
v55728,0,37187
v55730,0,37187
v55731,0,37187
v55735,0,37187
v55736,0,37187
v55737,0,37187
v55738,0,37187
v55739,0,37187
v55740,0,37187
v55741,0,37187
v2303,0,37187
v55746,0,37187
v55747,0,37187
v55748,0,37187
v55750,0,37187
v55752,0,37187
v55753,0,37187
v55754,0,37187
v55755,0,37187
v55756,0,37187
v55758,0,37187
v55759,0,37187
v55760,0,37187
v55761,0,37187
v55762,0,37187
v55763,0,37187
v55764,0,37187
v55765,0,37187
v55770,0,37187
v55772,0,37187
v55773,0,37187
v55777,0,37187
v55778,0,37187
v55780,0,37187
v55783,0,37187
v55784,0,37187
v55785,0,37187
v55786,0,37187
v55787,0,37187
v55788,0,37187
v55789,0,37187
v55791,0,37187
v55792,0,37187
v55795,0,37187
v62321,0,37187
v55798,0,37187
v62322,0,37187
v55800,0,37187
v55801,0,37187
v55802,0,37187
v55803,0,37187
v55806,0,37187
v57530,0,37187
v55807,0,37187
v55812,0,37187
v55813,0,37187
v55815,0,37187
v55817,0,37187
v55818,0,37187
v55820,0,37187
v55825,0,37187
v55826,0,37187
v55827,0,37187
v55828,0,37187
v55829,0,37187
v55830,0,37187
v55831,0,37187
v55832,0,37187
v55834,0,37187
v55835,0,37187
v55839,0,37187
v55841,0,37187
v55845,0,37187
v55846,0,37187
v55849,0,37187
v55851,0,37187
v55852,0,37187
v2241,0,37187
v55855,0,37187
v55856,0,37187
v55858,0,37187
v55859,0,37187
v55860,0,37187
v57531,0,37187
v57533,0,37187
v55862,0,37187
v55863,0,37187
v55864,0,37187
v55866,0,37187
v55867,0,37187
v55870,0,37187
v55871,0,37187
v55872,0,37187
v55874,0,37187
v55875,0,37187
v55876,0,37187
v57534,0,37187
v57535,0,37187
v55879,0,37187
v55880,0,37187
v55882,0,37187
v55884,0,37187
v55887,0,37187
v55888,0,37187
v55890,0,37187
v62323,0,37187
v55894,0,37187
v39770,0,37187
v55900,0,37187
v55901,0,37187
v55902,0,37187
v55905,0,37187
v55907,0,37187
v55908,0,37187
v55909,0,37187
v55910,0,37187
v55911,0,37187
v55915,0,37187
v55918,0,37187
v55920,0,37187
v55922,0,37187
v55923,0,37187
v55925,0,37187
v55926,0,37187
v55930,0,37187
v55932,0,37187
v55934,0,37187
v55936,0,37187
v55937,0,37187
v62324,0,37187
v55940,0,37187
v55941,0,37187
v55942,0,37187
v55943,0,37187
v55944,0,37187
v55947,0,37187
v55948,0,37187
v55949,0,37187
v55950,0,37187
v55951,0,37187
v55952,0,37187
v55954,0,37187
v55956,0,37187
v55961,0,37187
v55962,0,37187
v55966,0,37187
v55967,0,37187
v55969,0,37187
v55970,0,37187
v55976,0,37187
v55977,0,37187
v55981,0,37187
v55983,0,37187
v57536,0,37187
v57537,0,37187
v55986,0,37187
v55988,0,37187
v55989,0,37187
v55990,0,37187
v55993,0,37187
v55995,0,37187
v55996,0,37187
v55997,0,37187
v55999,0,37187
v56000,0,37187
v56002,0,37187
v56004,0,37187
v56006,0,37187
v56007,0,37187
v56008,0,37187
v56010,0,37187
v56011,0,37187
v56012,0,37187
v56013,0,37187
v56014,0,37187
v56015,0,37187
v56016,0,37187
v56017,0,37187
v56018,0,37187
v56019,0,37187
v56023,0,37187
v56024,0,37187
v56029,0,37187
v56030,0,37187
v62325,0,37187
v56034,0,37187
v57539,0,37187
v56036,0,37187
v56037,0,37187
v56038,0,37187
v56039,0,37187
v56040,0,37187
v56041,0,37187
v56042,0,37187
v56043,0,37187
v56044,0,37187
v56045,0,37187
v56046,0,37187
v56047,0,37187
v56048,0,37187
v56050,0,37187
v56051,0,37187
v56053,0,37187
v57540,0,37187
v57541,0,37187
v56054,0,37187
v56055,0,37187
v56056,0,37187
v56058,0,37187
v56059,0,37187
v56060,0,37187
v56061,0,37187
v56062,0,37187
v56063,0,37187
v56066,0,37187
v56067,0,37187
v56068,0,37187
v57542,0,37187
v56069,0,37187
v56071,0,37187
v56072,0,37187
v56077,0,37187
v56078,0,37187
v56080,0,37187
v57543,0,37187
v56082,0,37187
v56083,0,37187
v56084,0,37187
v56085,0,37187
v56086,0,37187
v56087,0,37187
v56088,0,37187
v56089,0,37187
v56090,0,37187
v56091,0,37187
v56092,0,37187
v56093,0,37187
v56094,0,37187
v56095,0,37187
v56096,0,37187
v56097,0,37187
v56099,0,37187
v56100,0,37187
v56101,0,37187
v56102,0,37187
v56103,0,37187
v56104,0,37187
v56105,0,37187
v56106,0,37187
v56107,0,37187
v56110,0,37187
v56111,0,37187
v56112,0,37187
v57544,0,37187
v57545,0,37187
v57546,0,37187
v56116,0,37187
v56117,0,37187
v56118,0,37187
v56119,0,37187
v56120,0,37187
v56121,0,37187
v56122,0,37187
v56124,0,37187
v56126,0,37187
v56127,0,37187
v56128,0,37187
v56129,0,37187
v56132,0,37187
v56134,0,37187
v56135,0,37187
v56139,0,37187
v56140,0,37187
v56141,0,37187
v56144,0,37187
v56147,0,37187
v56150,0,37187
v56151,0,37187
v56152,0,37187
v56153,0,37187
v56155,0,37187
v56156,0,37187
v56161,0,37187
v56163,0,37187
v56164,0,37187
v56165,0,37187
v56166,0,37187
v56167,0,37187
v56169,0,37187
v56170,0,37187
v56171,0,37187
v56176,0,37187
v56177,0,37187
v56178,0,37187
v2115,0,37187
v56181,0,37187
v56183,0,37187
v56184,0,37187
v56185,0,37187
v56186,0,37187
v56187,0,37187
v56190,0,37187
v56191,0,37187
v56192,0,37187
v56193,0,37187
v56194,0,37187
v56195,0,37187
v57548,0,37187
v57549,0,37187
v57550,0,37187
v57551,0,37187
v56196,0,37187
v56197,0,37187
v56198,0,37187
v56200,0,37187
v56202,0,37187
v56204,0,37187
v56205,0,37187
v56207,0,37187
v56209,0,37187
v56211,0,37187
v56212,0,37187
v56214,0,37187
v56215,0,37187
v56218,0,37187
v56219,0,37187
v56220,0,37187
v56221,0,37187
v56226,0,37187
v56228,0,37187
v56229,0,37187
v56230,0,37187
v56232,0,37187
v56233,0,37187
v62327,0,37187
v56240,0,37187
v56241,0,37187
v56243,0,37187
v56244,0,37187
v56248,0,37187
v56250,0,37187
v56251,0,37187
v56252,0,37187
v56254,0,37187
v56257,0,37187
v56258,0,37187
v56259,0,37187
v56261,0,37187
v56262,0,37187
v56264,0,37187
v56265,0,37187
v56269,0,37187
v56270,0,37187
v56271,0,37187
v56273,0,37187
v56275,0,37187
v56276,0,37187
v56277,0,37187
v56279,0,37187
v56281,0,37187
v56282,0,37187
v56286,0,37187
v56287,0,37187
v56288,0,37187
v56290,0,37187
v56291,0,37187
v56292,0,37187
v56293,0,37187
v56294,0,37187
v56295,0,37187
v56296,0,37187
v56297,0,37187
v56298,0,37187
v56299,0,37187
v56300,0,37187
v56301,0,37187
v56302,0,37187
v56303,0,37187
v56304,0,37187
v56305,0,37187
v56306,0,37187
v56307,0,37187
v56308,0,37187
v56309,0,37187
v56310,0,37187
v56311,0,37187
v57552,0,37187
v57553,0,37187
v56312,0,37187
v56313,0,37187
v56316,0,37187
v56317,0,37187
v56318,0,37187
v56319,0,37187
v56320,0,37187
v56321,0,37187
v56322,0,37187
v56323,0,37187
v56324,0,37187
v56325,0,37187
v56326,0,37187
v56327,0,37187
v56328,0,37187
v56329,0,37187
v56331,0,37187
v56332,0,37187
v57554,0,37187
v57555,0,37187
v56333,0,37187
v56334,0,37187
v56335,0,37187
v56337,0,37187
v56338,0,37187
v56339,0,37187
v62328,0,37187
v56341,0,37187
v56343,0,37187
v56344,0,37187
v56345,0,37187
v56346,0,37187
v56348,0,37187
v56352,0,37187
v56357,0,37187
v56360,0,37187
v57556,0,37187
v56367,0,37187
v56368,0,37187
v56369,0,37187
v56370,0,37187
v56375,0,37187
v56376,0,37187
v56377,0,37187
v56378,0,37187
v56381,0,37187
v56383,0,37187
v56385,0,37187
v56386,0,37187
v56388,0,37187
v56389,0,37187
v56390,0,37187
v56391,0,37187
v56392,0,37187
v56393,0,37187
v56394,0,37187
v56397,0,37187
v56398,0,37187
v62329,0,37187
v56400,0,37187
v56401,0,37187
v57558,0,37187
v56403,0,37187
v56404,0,37187
v56405,0,37187
v56406,0,37187
v56409,0,37187
v56410,0,37187
v56411,0,37187
v56412,0,37187
v56413,0,37187
v3231,0,37187
v56416,0,37187
v56417,0,37187
v56418,0,37187
v56420,0,37187
v56421,0,37187
v56422,0,37187
v56423,0,37187
v56424,0,37187
v56425,0,37187
v56426,0,37187
v56431,0,37187
v56432,0,37187
v56435,0,37187
v56441,0,37187
v56444,0,37187
v56446,0,37187
v56449,0,37187
v56450,0,37187
v56452,0,37187
v56454,0,37187
v56455,0,37187
v56456,0,37187
v56463,0,37187
v56464,0,37187
v56465,0,37187
v56466,0,37187
v62330,0,37187
v56468,0,37187
v56469,0,37187
v56470,0,37187
v56471,0,37187
v56472,0,37187
v56473,0,37187
v56474,0,37187
v56475,0,37187
v56476,0,37187
v56477,0,37187
v56478,0,37187
v56479,0,37187
v56480,0,37187
v56481,0,37187
v56484,0,37187
v56487,0,37187
v56489,0,37187
v56491,0,37187
v56492,0,37187
v56494,0,37187
v56496,0,37187
v57559,0,37187
v56497,0,37187
v56498,0,37187
v56500,0,37187
v56501,0,37187
v56502,0,37187
v56503,0,37187
v56504,0,37187
v56505,0,37187
v56507,0,37187
v56508,0,37187
v56509,0,37187
v56510,0,37187
v56515,0,37187
v56523,0,37187
v56524,0,37187
v1979,0,37187
v56526,0,37187
v56527,0,37187
v56532,0,37187
v56535,0,37187
v57562,0,37187
v56540,0,37187
v56542,0,37187
v56543,0,37187
v56544,0,37187
v56545,0,37187
v56546,0,37187
v56547,0,37187
v56548,0,37187
v56549,0,37187
v56550,0,37187
v56551,0,37187
v56552,0,37187
v56553,0,37187
v56554,0,37187
v57564,0,37187
v56558,0,37187
v56562,0,37187
v56565,0,37187
v56567,0,37187
v56568,0,37187
v56571,0,37187
v56572,0,37187
v56573,0,37187
v56574,0,37187
v56575,0,37187
v56576,0,37187
v56577,0,37187
v56578,0,37187
v56579,0,37187
v56580,0,37187
v56581,0,37187
v56582,0,37187
v56583,0,37187
v56586,0,37187
v56591,0,37187
v56593,0,37187
v56594,0,37187
v56595,0,37187
v56599,0,37187
v56600,0,37187
v56602,0,37187
v56603,0,37187
v56604,0,37187
v56605,0,37187
v1927,0,37187
v56607,0,37187
v56616,0,37187
v56618,0,37187
v56621,0,37187
v57565,0,37187
v57566,0,37187
v57567,0,37187
v56625,0,37187
v56626,0,37187
v56627,0,37187
v56630,0,37187
v56631,0,37187
v56632,0,37187
v56634,0,37187
v56635,0,37187
v56636,0,37187
v56637,0,37187
v56638,0,37187
v56640,0,37187
v56641,0,37187
v56643,0,37187
v56646,0,37187
v56647,0,37187
v56648,0,37187
v56649,0,37187
v56652,0,37187
v56653,0,37187
v56654,0,37187
v56656,0,37187
v56657,0,37187
v56659,0,37187
v56661,0,37187
v56662,0,37187
v56664,0,37187
v56665,0,37187
v56667,0,37187
v56668,0,37187
v56669,0,37187
v56670,0,37187
v56671,0,37187
v56672,0,37187
v56673,0,37187
v62331,0,37187
v56677,0,37187
v56678,0,37187
v56679,0,37187
v56681,0,37187
v56682,0,37187
v56683,0,37187
v56684,0,37187
v56685,0,37187
v56686,0,37187
v56688,0,37187
v56689,0,37187
v56691,0,37187
v56693,0,37187
v38121,0,37187
v56702,0,37187
v56703,0,37187
v56705,0,37187
v56707,0,37187
v56708,0,37187
v56709,0,37187
v56713,0,37187
v56714,0,37187
v56715,0,37187
v56716,0,37187
v56717,0,37187
v56718,0,37187
v56719,0,37187
v56721,0,37187
v56722,0,37187
v56723,0,37187
v56724,0,37187
v56725,0,37187
v56726,0,37187
v56727,0,37187
v56728,0,37187
v56730,0,37187
v56731,0,37187
v62332,0,37187
v56736,0,37187
v56741,0,37187
v56742,0,37187
v56743,0,37187
v56748,0,37187
v56749,0,37187
v56751,0,37187
v56754,0,37187
v56755,0,37187
v56757,0,37187
v56758,0,37187
v56759,0,37187
v1815,0,37187
v56762,0,37187
v56763,0,37187
v56766,0,37187
v56767,0,37187
v56768,0,37187
v56769,0,37187
v56770,0,37187
v56771,0,37187
v56772,0,37187
v56775,0,37187
v56776,0,37187
v56780,0,37187
v56782,0,37187
v56789,0,37187
v56791,0,37187
v56792,0,37187
v56793,0,37187
v56795,0,37187
v56797,0,37187
v56799,0,37187
v56802,0,37187
v56803,0,37187
v56804,0,37187
v56808,0,37187
v56812,0,37187
v56813,0,37187
v56815,0,37187
v56816,0,37187
v56818,0,37187
v56819,0,37187
v56820,0,37187
v56822,0,37187
v56823,0,37187
v56828,0,37187
v56829,0,37187
v56830,0,37187
v56831,0,37187
v56832,0,37187
v56833,0,37187
v56836,0,37187
v56837,0,37187
v38118,0,37187
v56841,0,37187
v56842,0,37187
v56844,0,37187
v56845,0,37187
v56847,0,37187
v56848,0,37187
v56853,0,37187
v56854,0,37187
v56856,0,37187
v56857,0,37187
v56862,0,37187
v56863,0,37187
v56865,0,37187
v56866,0,37187
v56867,0,37187
v56868,0,37187
v56870,0,37187
v56873,0,37187
v56874,0,37187
v56876,0,37187
v56878,0,37187
v56879,0,37187
v56880,0,37187
v56881,0,37187
v56882,0,37187
v56883,0,37187
v56884,0,37187
v56887,0,37187
v56888,0,37187
v56889,0,37187
v56890,0,37187
v56892,0,37187
v56893,0,37187
v56895,0,37187
v56896,0,37187
v56897,0,37187
v56900,0,37187
v56903,0,37187
v56904,0,37187
v56905,0,37187
v56906,0,37187
v56907,0,37187
v56908,0,37187
v56909,0,37187
v56911,0,37187
v56912,0,37187
v56913,0,37187
v56914,0,37187
v56915,0,37187
v56916,0,37187
v56917,0,37187
v56918,0,37187
v56919,0,37187
v56920,0,37187
v56921,0,37187
v56922,0,37187
v56923,0,37187
v56924,0,37187
v56925,0,37187
v56926,0,37187
v56927,0,37187
v56928,0,37187
v56929,0,37187
v56930,0,37187
v56931,0,37187
v56932,0,37187
v56933,0,37187
v56934,0,37187
v56936,0,37187
v56937,0,37187
v56938,0,37187
v56939,0,37187
v56940,0,37187
v56941,0,37187
v56942,0,37187
v56943,0,37187
v56944,0,37187
v56945,0,37187
v56946,0,37187
v56947,0,37187
v56948,0,37187
v56950,0,37187
v56951,0,37187
v56952,0,37187
v56953,0,37187
v56954,0,37187
v56955,0,37187
v56956,0,37187
v56957,0,37187
v56958,0,37187
v56959,0,37187
v56960,0,37187
v56961,0,37187
v56962,0,37187
v56963,0,37187
v56964,0,37187
v56965,0,37187
v56967,0,37187
v56968,0,37187
v56969,0,37187
v56970,0,37187
v56971,0,37187
v56972,0,37187
v56973,0,37187
v56974,0,37187
v56975,0,37187
v56976,0,37187
v56977,0,37187
v56978,0,37187
v56979,0,37187
v56980,0,37187
v56982,0,37187
v56985,0,37187
v56986,0,37187
v56987,0,37187
v56991,0,37187
v56992,0,37187
v56995,0,37187
v56996,0,37187
v56997,0,37187
v56999,0,37187
v57000,0,37187
v57001,0,37187
v57002,0,37187
v57003,0,37187
v57004,0,37187
v57005,0,37187
v57569,0,37187
v57006,0,37187
v57007,0,37187
v57008,0,37187
v57009,0,37187
v57010,0,37187
v57011,0,37187
v57012,0,37187
v57013,0,37187
v57014,0,37187
v57015,0,37187
v57016,0,37187
v57017,0,37187
v57018,0,37187
v57019,0,37187
v57020,0,37187
v57021,0,37187
v57022,0,37187
v57023,0,37187
v57024,0,37187
v57025,0,37187
v57026,0,37187
v57027,0,37187
v57028,0,37187
v57029,0,37187
v57030,0,37187
v57032,0,37187
v57033,0,37187
v57035,0,37187
v57040,0,37187
v57041,0,37187
v57042,0,37187
v57043,0,37187
v57044,0,37187
v57045,0,37187
v57046,0,37187
v57048,0,37187
v57049,0,37187
v57051,0,37187
v57052,0,37187
v57053,0,37187
v57055,0,37187
v57057,0,37187
v57058,0,37187
v57059,0,37187
v57060,0,37187
v57061,0,37187
v57063,0,37187
v57064,0,37187
v57065,0,37187
v57066,0,37187
v57067,0,37187
v57068,0,37187
v57070,0,37187
v57071,0,37187
v57072,0,37187
v57073,0,37187
v57074,0,37187
v57075,0,37187
v57076,0,37187
v57077,0,37187
v57080,0,37187
v57081,0,37187
v57082,0,37187
v57084,0,37187
v57085,0,37187
v57086,0,37187
v57087,0,37187
v57088,0,37187
v57089,0,37187
v57090,0,37187
v57091,0,37187
v57092,0,37187
v57093,0,37187
v57094,0,37187
v57095,0,37187
v57096,0,37187
v57097,0,37187
v57098,0,37187
v57099,0,37187
v57100,0,37187
v57101,0,37187
v57102,0,37187
v57103,0,37187
v57104,0,37187
v57105,0,37187
v57106,0,37187
v57108,0,37187
v57109,0,37187
v57110,0,37187
v57112,0,37187
v57113,0,37187
v57115,0,37187
v57116,0,37187
v57118,0,37187
v57119,0,37187
v57120,0,37187
v57121,0,37187
v57122,0,37187
v57123,0,37187
v57124,0,37187
v57125,0,37187
v57126,0,37187
v57127,0,37187
v57131,0,37187
v57132,0,37187
v57133,0,37187
v57135,0,37187
v57138,0,37187
v57139,0,37187
v57140,0,37187
v57141,0,37187
v57143,0,37187
v57144,0,37187
v57145,0,37187
v57146,0,37187
v57147,0,37187
v57148,0,37187
v57149,0,37187
v57150,0,37187
v57151,0,37187
v57152,0,37187
v57154,0,37187
v57155,0,37187
v57156,0,37187
v57157,0,37187
v57159,0,37187
v57161,0,37187
v57162,0,37187
v57163,0,37187
v57165,0,37187
v57166,0,37187
v57167,0,37187
v57168,0,37187
v57169,0,37187
v57170,0,37187
v57171,0,37187
v57172,0,37187
v57173,0,37187
v57174,0,37187
v57175,0,37187
v57176,0,37187
v57177,0,37187
v57179,0,37187
v57180,0,37187
v57181,0,37187
v57183,0,37187
v57571,0,37187
v57186,0,37187
v57187,0,37187
v57190,0,37187
v57191,0,37187
v57192,0,37187
v57193,0,37187
v57195,0,37187
v57196,0,37187
v57197,0,37187
v62333,0,37187
v57199,0,37187
v57201,0,37187
v57203,0,37187
v57205,0,37187
v57206,0,37187
v57208,0,37187
v57210,0,37187
v57211,0,37187
v57212,0,37187
v57213,0,37187
v57214,0,37187
v57215,0,37187
v57218,0,37187
v57219,0,37187
v57220,0,37187
v57221,0,37187
v57222,0,37187
v57223,0,37187
v57224,0,37187
v57572,0,37187
v57573,0,37187
v57226,0,37187
v57227,0,37187
v57228,0,37187
v57229,0,37187
v57230,0,37187
v57231,0,37187
v57232,0,37187
v57233,0,37187
v57234,0,37187
v57235,0,37187
v57236,0,37187
v57237,0,37187
v57238,0,37187
v57242,0,37187
v57244,0,37187
v57245,0,37187
v57246,0,37187
v57249,0,37187
v57250,0,37187
v57254,0,37187
v57255,0,37187
v57256,0,37187
v57257,0,37187
v57258,0,37187
v57260,0,37187
v57261,0,37187
v57263,0,37187
v57264,0,37187
v57265,0,37187
v57266,0,37187
v57267,0,37187
v57268,0,37187
v57270,0,37187
v57272,0,37187
v57273,0,37187
v57274,0,37187
v57275,0,37187
v57276,0,37187
v57277,0,37187
v57279,0,37187
v57281,0,37187
v57282,0,37187
v57283,0,37187
v57284,0,37187
v57285,0,37187
v57287,0,37187
v57288,0,37187
v57290,0,37187
v57291,0,37187
v57292,0,37187
v57293,0,37187
v57294,0,37187
v57295,0,37187
v57296,0,37187
v57299,0,37187
v57300,0,37187
v57301,0,37187
v57302,0,37187
v57303,0,37187
v57304,0,37187
v57306,0,37187
v57307,0,37187
v57309,0,37187
v57310,0,37187
v57311,0,37187
v62334,0,37187
v57316,0,37187
v57319,0,37187
v57321,0,37187
v57322,0,37187
v57323,0,37187
v57324,0,37187
v57325,0,37187
v57327,0,37187
v57328,0,37187
v57329,0,37187
v57330,0,37187
v57331,0,37187
v57332,0,37187
v57333,0,37187
v57334,0,37187
v57335,0,37187
v57337,0,37187
v57339,0,37187
v57340,0,37187
v57341,0,37187
v57342,0,37187
v57343,0,37187
v57344,0,37187
v57345,0,37187
v57346,0,37187
v57347,0,37187
v57348,0,37187
v57349,0,37187
v57350,0,37187
v57351,0,37187
v57352,0,37187
v57353,0,37187
v62336,0,37187
v57356,0,37187
v57357,0,37187
v57359,0,37187
v57360,0,37187
v57362,0,37187
v57575,0,37187
v57364,0,37187
v57365,0,37187
v57368,0,37187
v57370,0,37187
v57371,0,37187
v57372,0,37187
v57373,0,37187
v57377,0,37187
v57379,0,37187
v57380,0,37187
v57381,0,37187
v57382,0,37187
v57383,0,37187
v57384,0,37187
v57386,0,37187
v57387,0,37187
v57388,0,37187
v57389,0,37187
v57393,0,37187
v57394,0,37187
v57397,0,37187
v57398,0,37187
v57399,0,37187
v57400,0,37187
v57401,0,37187
v57402,0,37187
v57403,0,37187
v57405,0,37187
v57406,0,37187
v57407,0,37187
v57408,0,37187
v57411,0,37187
v62337,0,37187
v57414,0,37187
v57415,0,37187
v57416,0,37187
v57417,0,37187
v57418,0,37187
v57419,0,37187
v57420,0,37187
v57421,0,37187
v57422,0,37187
v57423,0,37187
v57426,0,37187
v57427,0,37187
v57428,0,37187
v57429,0,37187
v57431,0,37187
v57432,0,37187
v57436,0,37187
v57439,0,37187
v57441,0,37187
v57442,0,37187
v57443,0,37187
v57444,0,37187
v57445,0,37187
v57446,0,37187
v57447,0,37187
v57448,0,37187
v57449,0,37187
v57450,0,37187
v57452,0,37187
v57454,0,37187
v57455,0,37187
v57456,0,37187
v62338,0,37187
v57459,0,37187
v57460,0,37187
v57461,0,37187
v57462,0,37187
v57463,0,37187
v57465,0,37187
v57466,0,37187
v57467,0,37187
v57468,0,37187
v57469,0,37187
v57470,0,37187
v57471,0,37187
v57472,0,37187
v57474,0,37187
v57475,0,37187
v57580,0,37187
v57581,0,37187
v57582,0,37187
v57583,0,37187
v57584,0,37187
v57585,0,37187
v57586,0,37187
v57587,0,37187
v57588,0,37187
v57589,0,37187
v57590,0,37187
v57591,0,37187
v57592,0,37187
v57593,0,37187
v57594,0,37187
v57595,0,37187
v57596,0,37187
v57598,0,37187
v57599,0,37187
v57600,0,37187
v57601,0,37187
v57603,0,37187
v57604,0,37187
v57606,0,37187
v57607,0,37187
v57608,0,37187
v57609,0,37187
v57610,0,37187
v57613,0,37187
v57615,0,37187
v57616,0,37187
v57618,0,37187
v57620,0,37187
v57621,0,37187
v57622,0,37187
v57624,0,37187
v57626,0,37187
v57630,0,37187
v57631,0,37187
v57632,0,37187
v57633,0,37187
v57635,0,37187
v57636,0,37187
v57637,0,37187
v57639,0,37187
v57640,0,37187
v57642,0,37187
v57644,0,37187
v57645,0,37187
v57646,0,37187
v57647,0,37187
v57648,0,37187
v57651,0,37187
v57655,0,37187
v57656,0,37187
v57657,0,37187
v57658,0,37187
v57660,0,37187
v57661,0,37187
v57662,0,37187
v57663,0,37187
v57664,0,37187
v57666,0,37187
v57667,0,37187
v57668,0,37187
v57669,0,37187
v57670,0,37187
v57671,0,37187
v57672,0,37187
v57673,0,37187
v57675,0,37187
v57676,0,37187
v57677,0,37187
v57678,0,37187
v57679,0,37187
v57680,0,37187
v60292,0,37187
v57682,0,37187
v57683,0,37187
v57685,0,37187
v57686,0,37187
v57687,0,37187
v57688,0,37187
v57690,0,37187
v57693,0,37187
v57694,0,37187
v57695,0,37187
v57696,0,37187
v57697,0,37187
v57698,0,37187
v57700,0,37187
v57701,0,37187
v57702,0,37187
v57703,0,37187
v57704,0,37187
v57705,0,37187
v57706,0,37187
v57707,0,37187
v57708,0,37187
v57711,0,37187
v57714,0,37187
v57715,0,37187
v57716,0,37187
v57717,0,37187
v57718,0,37187
v57719,0,37187
v57721,0,37187
v57722,0,37187
v57723,0,37187
v57724,0,37187
v57725,0,37187
v57726,0,37187
v57727,0,37187
v57728,0,37187
v57729,0,37187
v57730,0,37187
v57731,0,37187
v57732,0,37187
v57734,0,37187
v57735,0,37187
v57737,0,37187
v57738,0,37187
v57741,0,37187
v57742,0,37187
v57744,0,37187
v57745,0,37187
v57746,0,37187
v57747,0,37187
v57748,0,37187
v57749,0,37187
v57750,0,37187
v57751,0,37187
v57752,0,37187
v57753,0,37187
v57754,0,37187
v57755,0,37187
v57756,0,37187
v57757,0,37187
v62339,0,37187
v57760,0,37187
v62340,0,37187
v57765,0,37187
v57768,0,37187
v57770,0,37187
v57771,0,37187
v57775,0,37187
v57778,0,37187
v57779,0,37187
v57781,0,37187
v57782,0,37187
v57783,0,37187
v57785,0,37187
v57786,0,37187
v57788,0,37187
v57790,0,37187
v57791,0,37187
v57792,0,37187
v57793,0,37187
v57795,0,37187
v57796,0,37187
v57797,0,37187
v57798,0,37187
v57800,0,37187
v57801,0,37187
v57803,0,37187
v57804,0,37187
v57805,0,37187
v57807,0,37187
v57808,0,37187
v57809,0,37187
v1393,0,37187
v57814,0,37187
v57815,0,37187
v57816,0,37187
v57817,0,37187
v57818,0,37187
v57819,0,37187
v57820,0,37187
v57821,0,37187
v57823,0,37187
v57824,0,37187
v57825,0,37187
v57827,0,37187
v62341,0,37187
v57830,0,37187
v57831,0,37187
v57832,0,37187
v57833,0,37187
v57834,0,37187
v57835,0,37187
v57836,0,37187
v57837,0,37187
v57838,0,37187
v57841,0,37187
v57842,0,37187
v57844,0,37187
v57845,0,37187
v1370,0,37187
v62342,0,37187
v57851,0,37187
v57852,0,37187
v51270,0,37187
v1302,0,37187
v57857,0,37187
v57859,0,37187
v57860,0,37187
v38117,0,37187
v57862,0,37187
v57863,0,37187
v57865,0,37187
v57866,0,37187
v57869,0,37187
v57873,0,37187
v57874,0,37187
v57875,0,37187
v57877,0,37187
v57878,0,37187
v62343,0,37187
v57880,0,37187
v62344,0,37187
v57885,0,37187
v57886,0,37187
v57887,0,37187
v57889,0,37187
v57890,0,37187
v57891,0,37187
v57892,0,37187
v57893,0,37187
v57895,0,37187
v57896,0,37187
v57897,0,37187
v57900,0,37187
v57901,0,37187
v57902,0,37187
v62345,0,37187
v57909,0,37187
v57910,0,37187
v57911,0,37187
v57914,0,37187
v57922,0,37187
v57923,0,37187
v57927,0,37187
v57928,0,37187
v57929,0,37187
v57930,0,37187
v57932,0,37187
v57935,0,37187
v57936,0,37187
v62346,0,37187
v57940,0,37187
v57941,0,37187
v38116,0,37187
v57945,0,37187
v57946,0,37187
v57949,0,37187
v57951,0,37187
v57953,0,37187
v57954,0,37187
v57955,0,37187
v57956,0,37187
v57958,0,37187
v57959,0,37187
v57960,0,37187
v57962,0,37187
v57963,0,37187
v57964,0,37187
v57965,0,37187
v57966,0,37187
v57967,0,37187
v57969,0,37187
v57970,0,37187
v57972,0,37187
v57973,0,37187
v57975,0,37187
v57976,0,37187
v38115,0,37187
v57978,0,37187
v57979,0,37187
v57980,0,37187
v57985,0,37187
v57987,0,37187
v57989,0,37187
v57990,0,37187
v57991,0,37187
v57992,0,37187
v57993,0,37187
v57994,0,37187
v57995,0,37187
v57996,0,37187
v57998,0,37187
v58000,0,37187
v58002,0,37187
v58003,0,37187
v58004,0,37187
v58005,0,37187
v58008,0,37187
v58010,0,37187
v58011,0,37187
v58012,0,37187
v58013,0,37187
v58015,0,37187
v58016,0,37187
v58017,0,37187
v58018,0,37187
v58019,0,37187
v58020,0,37187
v58021,0,37187
v58022,0,37187
v58023,0,37187
v58024,0,37187
v58026,0,37187
v58027,0,37187
v58028,0,37187
v58029,0,37187
v58031,0,37187
v58035,0,37187
v58036,0,37187
v58037,0,37187
v58038,0,37187
v58040,0,37187
v58042,0,37187
v58043,0,37187
v58044,0,37187
v58045,0,37187
v58046,0,37187
v58047,0,37187
v58048,0,37187
v58049,0,37187
v58050,0,37187
v58051,0,37187
v58052,0,37187
v58053,0,37187
v58054,0,37187
v58056,0,37187
v58057,0,37187
v58058,0,37187
v58059,0,37187
v58060,0,37187
v58061,0,37187
v58062,0,37187
v62347,0,37187
v58065,0,37187
v58066,0,37187
v58067,0,37187
v58068,0,37187
v58069,0,37187
v58070,0,37187
v58071,0,37187
v58072,0,37187
v58073,0,37187
v58074,0,37187
v58075,0,37187
v58076,0,37187
v58077,0,37187
v58078,0,37187
v58079,0,37187
v58080,0,37187
v58081,0,37187
v58082,0,37187
v58083,0,37187
v58084,0,37187
v58086,0,37187
v58088,0,37187
v58089,0,37187
v58091,0,37187
v58092,0,37187
v58093,0,37187
v58094,0,37187
v58095,0,37187
v58096,0,37187
v58097,0,37187
v58099,0,37187
v58101,0,37187
v58102,0,37187
v58105,0,37187
v58106,0,37187
v58109,0,37187
v58110,0,37187
v58112,0,37187
v58114,0,37187
v58117,0,37187
v58118,0,37187
v58119,0,37187
v58120,0,37187
v58121,0,37187
v62348,0,37187
v58124,0,37187
v58126,0,37187
v58129,0,37187
v58134,0,37187
v58138,0,37187
v58139,0,37187
v58141,0,37187
v58144,0,37187
v58145,0,37187
v58146,0,37187
v58148,0,37187
v58149,0,37187
v58150,0,37187
v58151,0,37187
v58153,0,37187
v58154,0,37187
v58155,0,37187
v58156,0,37187
v58157,0,37187
v58158,0,37187
v58159,0,37187
v58160,0,37187
v58161,0,37187
v58162,0,37187
v58164,0,37187
v58165,0,37187
v58166,0,37187
v58167,0,37187
v58168,0,37187
v58169,0,37187
v58170,0,37187
v58171,0,37187
v58172,0,37187
v58173,0,37187
v58174,0,37187
v58177,0,37187
v38114,0,37187
v58180,0,37187
v58181,0,37187
v58184,0,37187
v58185,0,37187
v58187,0,37187
v58188,0,37187
v58189,0,37187
v58190,0,37187
v58191,0,37187
v58193,0,37187
v58194,0,37187
v58195,0,37187
v58196,0,37187
v58197,0,37187
v58198,0,37187
v58199,0,37187
v58200,0,37187
v58201,0,37187
v58202,0,37187
v58203,0,37187
v58204,0,37187
v58205,0,37187
v58206,0,37187
v58207,0,37187
v58208,0,37187
v58209,0,37187
v58210,0,37187
v58211,0,37187
v58212,0,37187
v58214,0,37187
v58215,0,37187
v58217,0,37187
v58218,0,37187
v58219,0,37187
v58220,0,37187
v58221,0,37187
v58222,0,37187
v58223,0,37187
v58224,0,37187
v58227,0,37187
v58228,0,37187
v7729,0,37187
v58232,0,37187
v58233,0,37187
v58235,0,37187
v58238,0,37187
v58239,0,37187
v58240,0,37187
v58242,0,37187
v58243,0,37187
v58244,0,37187
v58248,0,37187
v58251,0,37187
v58252,0,37187
v58253,0,37187
v58254,0,37187
v58255,0,37187
v58256,0,37187
v58257,0,37187
v58258,0,37187
v58259,0,37187
v58260,0,37187
v58261,0,37187
v58262,0,37187
v58263,0,37187
v58264,0,37187
v58265,0,37187
v58267,0,37187
v58268,0,37187
v58269,0,37187
v58270,0,37187
v58271,0,37187
v58272,0,37187
v58273,0,37187
v58274,0,37187
v58275,0,37187
v58277,0,37187
v58278,0,37187
v58279,0,37187
v58280,0,37187
v58282,0,37187
v58283,0,37187
v58284,0,37187
v58287,0,37187
v58288,0,37187
v58289,0,37187
v58290,0,37187
v58291,0,37187
v58293,0,37187
v58294,0,37187
v58295,0,37187
v58297,0,37187
v58298,0,37187
v58302,0,37187
v58303,0,37187
v50005,0,37187
v58307,0,37187
v58308,0,37187
v58309,0,37187
v62349,0,37187
v58311,0,37187
v58312,0,37187
v58313,0,37187
v50004,0,37187
v58315,0,37187
v58316,0,37187
v58318,0,37187
v58319,0,37187
v58320,0,37187
v58321,0,37187
v58322,0,37187
v58323,0,37187
v58324,0,37187
v58326,0,37187
v58327,0,37187
v58328,0,37187
v58329,0,37187
v58330,0,37187
v58331,0,37187
v58332,0,37187
v58333,0,37187
v58334,0,37187
v58335,0,37187
v58336,0,37187
v58338,0,37187
v62350,0,37187
v58344,0,37187
v58345,0,37187
v58346,0,37187
v58347,0,37187
v58350,0,37187
v58352,0,37187
v58353,0,37187
v58354,0,37187
v58355,0,37187
v58356,0,37187
v58357,0,37187
v58358,0,37187
v58361,0,37187
v50003,0,37187
v58364,0,37187
v58365,0,37187
v58366,0,37187
v58367,0,37187
v58368,0,37187
v58369,0,37187
v58370,0,37187
v58371,0,37187
v58372,0,37187
v58373,0,37187
v58374,0,37187
v58375,0,37187
v58376,0,37187
v58379,0,37187
v58380,0,37187
v58381,0,37187
v58382,0,37187
v58383,0,37187
v58384,0,37187
v58385,0,37187
v58387,0,37187
v58388,0,37187
v58392,0,37187
v58395,0,37187
v58399,0,37187
v937,0,37187
v62351,0,37187
v58404,0,37187
v58405,0,37187
v58406,0,37187
v58409,0,37187
v58410,0,37187
v58412,0,37187
v58413,0,37187
v58415,0,37187
v58416,0,37187
v58417,0,37187
v58419,0,37187
v58420,0,37187
v58421,0,37187
v58422,0,37187
v58423,0,37187
v58424,0,37187
v58425,0,37187
v58426,0,37187
v58427,0,37187
v58428,0,37187
v58429,0,37187
v58430,0,37187
v58431,0,37187
v58433,0,37187
v58434,0,37187
v58435,0,37187
v58436,0,37187
v58437,0,37187
v58438,0,37187
v58439,0,37187
v58440,0,37187
v58442,0,37187
v58443,0,37187
v58444,0,37187
v58445,0,37187
v58446,0,37187
v58447,0,37187
v58448,0,37187
v58449,0,37187
v58450,0,37187
v58451,0,37187
v58452,0,37187
v58453,0,37187
v58454,0,37187
v58455,0,37187
v58456,0,37187
v58457,0,37187
v58458,0,37187
v58459,0,37187
v58460,0,37187
v58461,0,37187
v58462,0,37187
v58463,0,37187
v58464,0,37187
v58465,0,37187
v58466,0,37187
v58473,0,37187
v58474,0,37187
v58475,0,37187
v58476,0,37187
v58477,0,37187
v58482,0,37187
v58483,0,37187
v58485,0,37187
v58487,0,37187
v58488,0,37187
v58489,0,37187
v58493,0,37187
v935,0,37187
v58495,0,37187
v58496,0,37187
v58497,0,37187
v58498,0,37187
v58499,0,37187
v58500,0,37187
v58501,0,37187
v58502,0,37187
v58503,0,37187
v58504,0,37187
v58505,0,37187
v58506,0,37187
v58507,0,37187
v58508,0,37187
v58509,0,37187
v58510,0,37187
v934,0,37187
v58512,0,37187
v58513,0,37187
v58515,0,37187
v58516,0,37187
v58517,0,37187
v58518,0,37187
v58519,0,37187
v58520,0,37187
v58522,0,37187
v58523,0,37187
v58525,0,37187
v58526,0,37187
v58527,0,37187
v58528,0,37187
v58531,0,37187
v58533,0,37187
v58534,0,37187
v58535,0,37187
v58536,0,37187
v58537,0,37187
v58540,0,37187
v58541,0,37187
v58542,0,37187
v58543,0,37187
v62352,0,37187
v58548,0,37187
v58549,0,37187
v58550,0,37187
v58551,0,37187
v58553,0,37187
v58554,0,37187
v58555,0,37187
v58559,0,37187
v58560,0,37187
v58561,0,37187
v58562,0,37187
v58566,0,37187
v58567,0,37187
v58569,0,37187
v58570,0,37187
v58571,0,37187
v58572,0,37187
v58573,0,37187
v58574,0,37187
v58576,0,37187
v58577,0,37187
v58578,0,37187
v58579,0,37187
v58580,0,37187
v58581,0,37187
v58582,0,37187
v58583,0,37187
v58586,0,37187
v58587,0,37187
v58588,0,37187
v58589,0,37187
v58590,0,37187
v58591,0,37187
v58592,0,37187
v58593,0,37187
v58594,0,37187
v58595,0,37187
v58597,0,37187
v921,0,37187
v58599,0,37187
v58600,0,37187
v58601,0,37187
v58602,0,37187
v58603,0,37187
v58604,0,37187
v58605,0,37187
v58606,0,37187
v58607,0,37187
v58610,0,37187
v58611,0,37187
v58612,0,37187
v920,0,37187
v58614,0,37187
v58615,0,37187
v58616,0,37187
v58617,0,37187
v58618,0,37187
v58622,0,37187
v58623,0,37187
v58624,0,37187
v58625,0,37187
v58628,0,37187
v58630,0,37187
v58631,0,37187
v58632,0,37187
v58634,0,37187
v58635,0,37187
v58636,0,37187
v58638,0,37187
v58639,0,37187
v58642,0,37187
v58643,0,37187
v58644,0,37187
v58645,0,37187
v58649,0,37187
v58651,0,37187
v58654,0,37187
v62353,0,37187
v58656,0,37187
v58657,0,37187
v58658,0,37187
v58659,0,37187
v58660,0,37187
v58662,0,37187
v58664,0,37187
v58665,0,37187
v58668,0,37187
v58669,0,37187
v58671,0,37187
v58672,0,37187
v58673,0,37187
v58675,0,37187
v58676,0,37187
v58677,0,37187
v58678,0,37187
v58679,0,37187
v58680,0,37187
v58682,0,37187
v58683,0,37187
v58684,0,37187
v58685,0,37187
v58686,0,37187
v58687,0,37187
v58688,0,37187
v58689,0,37187
v58690,0,37187
v58691,0,37187
v58693,0,37187
v58694,0,37187
v58696,0,37187
v58697,0,37187
v58698,0,37187
v58699,0,37187
v58700,0,37187
v58701,0,37187
v58702,0,37187
v58703,0,37187
v58704,0,37187
v58705,0,37187
v58706,0,37187
v58708,0,37187
v58709,0,37187
v58710,0,37187
v58711,0,37187
v58712,0,37187
v58713,0,37187
v58714,0,37187
v58715,0,37187
v58716,0,37187
v58717,0,37187
v58718,0,37187
v58720,0,37187
v58721,0,37187
v58722,0,37187
v58723,0,37187
v58724,0,37187
v58725,0,37187
v58726,0,37187
v58727,0,37187
v58728,0,37187
v58730,0,37187
v58731,0,37187
v58733,0,37187
v58734,0,37187
v58735,0,37187
v58738,0,37187
v58739,0,37187
v58741,0,37187
v58743,0,37187
v58744,0,37187
v58745,0,37187
v58746,0,37187
v58747,0,37187
v58748,0,37187
v58749,0,37187
v58750,0,37187
v58751,0,37187
v58752,0,37187
v58753,0,37187
v58754,0,37187
v58755,0,37187
v58756,0,37187
v58757,0,37187
v58758,0,37187
v58759,0,37187
v58760,0,37187
v58761,0,37187
v910,0,37187
v58763,0,37187
v58764,0,37187
v58765,0,37187
v58766,0,37187
v58767,0,37187
v58768,0,37187
v58769,0,37187
v58773,0,37187
v58774,0,37187
v58775,0,37187
v58777,0,37187
v58779,0,37187
v58780,0,37187
v58781,0,37187
v58782,0,37187
v58783,0,37187
v58784,0,37187
v58785,0,37187
v58786,0,37187
v58787,0,37187
v58788,0,37187
v58790,0,37187
v58791,0,37187
v58792,0,37187
v58793,0,37187
v58798,0,37187
v58799,0,37187
v58801,0,37187
v58806,0,37187
v62354,0,37187
v58811,0,37187
v58812,0,37187
v58813,0,37187
v58814,0,37187
v58815,0,37187
v58816,0,37187
v58817,0,37187
v58818,0,37187
v58819,0,37187
v58820,0,37187
v58821,0,37187
v58822,0,37187
v58823,0,37187
v58824,0,37187
v58825,0,37187
v58826,0,37187
v58827,0,37187
v58828,0,37187
v58829,0,37187
v58830,0,37187
v58832,0,37187
v58833,0,37187
v58834,0,37187
v58835,0,37187
v58836,0,37187
v58837,0,37187
v909,0,37187
v58839,0,37187
v58840,0,37187
v58841,0,37187
v58842,0,37187
v58843,0,37187
v58844,0,37187
v58846,0,37187
v58847,0,37187
v906,0,37187
v58850,0,37187
v58851,0,37187
v58854,0,37187
v58857,0,37187
v58858,0,37187
v58859,0,37187
v58860,0,37187
v58861,0,37187
v58862,0,37187
v58863,0,37187
v58864,0,37187
v58865,0,37187
v58866,0,37187
v58867,0,37187
v58868,0,37187
v58869,0,37187
v58870,0,37187
v58871,0,37187
v58872,0,37187
v58873,0,37187
v62355,0,37187
v58879,0,37187
v58882,0,37187
v58883,0,37187
v58884,0,37187
v58885,0,37187
v58886,0,37187
v58888,0,37187
v58890,0,37187
v58891,0,37187
v58892,0,37187
v58893,0,37187
v58894,0,37187
v58895,0,37187
v58897,0,37187
v58898,0,37187
v58899,0,37187
v58900,0,37187
v58901,0,37187
v58903,0,37187
v58904,0,37187
v58907,0,37187
v58910,0,37187
v58913,0,37187
v58914,0,37187
v58915,0,37187
v58916,0,37187
v58917,0,37187
v58918,0,37187
v58921,0,37187
v58922,0,37187
v58923,0,37187
v58924,0,37187
v58925,0,37187
v58926,0,37187
v58928,0,37187
v58929,0,37187
v58930,0,37187
v58931,0,37187
v58932,0,37187
v58933,0,37187
v58934,0,37187
v58935,0,37187
v58936,0,37187
v58937,0,37187
v58938,0,37187
v58939,0,37187
v58940,0,37187
v58942,0,37187
v58943,0,37187
v58944,0,37187
v58945,0,37187
v58946,0,37187
v58947,0,37187
v58948,0,37187
v58949,0,37187
v58950,0,37187
v58951,0,37187
v58952,0,37187
v58953,0,37187
v58954,0,37187
v58955,0,37187
v58956,0,37187
v58957,0,37187
v58958,0,37187
v58959,0,37187
v58961,0,37187
v58962,0,37187
v58963,0,37187
v58964,0,37187
v58965,0,37187
v58966,0,37187
v58967,0,37187
v58968,0,37187
v58971,0,37187
v58972,0,37187
v58974,0,37187
v58975,0,37187
v58976,0,37187
v904,0,37187
v62356,0,37187
v848,0,37187
v59029,0,37187
v59032,0,37187
v59035,0,37187
v59036,0,37187
v59037,0,37187
v59038,0,37187
v59039,0,37187
v59040,0,37187
v59043,0,37187
v756,0,37187
v59048,0,37187
v59049,0,37187
v59050,0,37187
v59051,0,37187
v59052,0,37187
v59053,0,37187
v59054,0,37187
v59055,0,37187
v59056,0,37187
v59057,0,37187
v59058,0,37187
v59059,0,37187
v59060,0,37187
v59061,0,37187
v59063,0,37187
v59064,0,37187
v59065,0,37187
v59066,0,37187
v59067,0,37187
v59070,0,37187
v59071,0,37187
v59072,0,37187
v59073,0,37187
v59074,0,37187
v59075,0,37187
v59076,0,37187
v59077,0,37187
v59078,0,37187
v59079,0,37187
v59080,0,37187
v59081,0,37187
v59082,0,37187
v59083,0,37187
v59084,0,37187
v59085,0,37187
v59086,0,37187
v59088,0,37187
v59089,0,37187
v59090,0,37187
v59091,0,37187
v59092,0,37187
v59093,0,37187
v754,0,37187
v59096,0,37187
v59097,0,37187
v59099,0,37187
v59100,0,37187
v59101,0,37187
v59102,0,37187
v59103,0,37187
v59104,0,37187
v59106,0,37187
v59107,0,37187
v59109,0,37187
v59110,0,37187
v59111,0,37187
v59112,0,37187
v59114,0,37187
v59115,0,37187
v59116,0,37187
v62357,0,37187
v59119,0,37187
v59120,0,37187
v59121,0,37187
v59123,0,37187
v59124,0,37187
v59125,0,37187
v59126,0,37187
v59128,0,37187
v59129,0,37187
v59130,0,37187
v59135,0,37187
v59136,0,37187
v59138,0,37187
v59139,0,37187
v59142,0,37187
v59143,0,37187
v59147,0,37187
v59148,0,37187
v59149,0,37187
v59150,0,37187
v59151,0,37187
v58978,0,37187
v59153,0,37187
v59155,0,37187
v59156,0,37187
v59157,0,37187
v59158,0,37187
v59159,0,37187
v59160,0,37187
v59161,0,37187
v59162,0,37187
v59163,0,37187
v59164,0,37187
v59165,0,37187
v59166,0,37187
v59168,0,37187
v59169,0,37187
v59172,0,37187
v59173,0,37187
v59174,0,37187
v59175,0,37187
v59176,0,37187
v59177,0,37187
v59178,0,37187
v59180,0,37187
v59181,0,37187
v59182,0,37187
v59183,0,37187
v59184,0,37187
v59185,0,37187
v59186,0,37187
v59188,0,37187
v59189,0,37187
v59190,0,37187
v59191,0,37187
v59193,0,37187
v59194,0,37187
v59195,0,37187
v59197,0,37187
v59198,0,37187
v59199,0,37187
v59200,0,37187
v59201,0,37187
v59202,0,37187
v59203,0,37187
v59204,0,37187
v59205,0,37187
v59207,0,37187
v59208,0,37187
v59210,0,37187
v62359,0,37187
v59216,0,37187
v62360,0,37187
v59219,0,37187
v59221,0,37187
v59222,0,37187
v59223,0,37187
v59224,0,37187
v59225,0,37187
v59227,0,37187
v59229,0,37187
v59231,0,37187
v59232,0,37187
v59236,0,37187
v59237,0,37187
v62361,0,37187
v59246,0,37187
v59247,0,37187
v59250,0,37187
v59251,0,37187
v59252,0,37187
v59253,0,37187
v59255,0,37187
v59256,0,37187
v59257,0,37187
v59258,0,37187
v59259,0,37187
v59261,0,37187
v59262,0,37187
v59263,0,37187
v59264,0,37187
v59265,0,37187
v59269,0,37187
v59270,0,37187
v59271,0,37187
v59272,0,37187
v59273,0,37187
v59275,0,37187
v59276,0,37187
v59277,0,37187
v59279,0,37187
v59280,0,37187
v59282,0,37187
v59283,0,37187
v59284,0,37187
v59285,0,37187
v59286,0,37187
v59287,0,37187
v59288,0,37187
v59289,0,37187
v59291,0,37187
v59292,0,37187
v59293,0,37187
v59294,0,37187
v59295,0,37187
v59296,0,37187
v59297,0,37187
v59298,0,37187
v59299,0,37187
v59301,0,37187
v59302,0,37187
v59303,0,37187
v59304,0,37187
v59305,0,37187
v59306,0,37187
v59307,0,37187
v59308,0,37187
v59309,0,37187
v59310,0,37187
v59311,0,37187
v59312,0,37187
v59313,0,37187
v59316,0,37187
v59317,0,37187
v59318,0,37187
v59319,0,37187
v59322,0,37187
v59324,0,37187
v59325,0,37187
v59328,0,37187
v59330,0,37187
v59331,0,37187
v59332,0,37187
v59333,0,37187
v59334,0,37187
v59336,0,37187
v59339,0,37187
v59340,0,37187
v59342,0,37187
v59343,0,37187
v59347,0,37187
v59349,0,37187
v59350,0,37187
v59351,0,37187
v59353,0,37187
v59354,0,37187
v59355,0,37187
v59356,0,37187
v59359,0,37187
v59362,0,37187
v59364,0,37187
v59365,0,37187
v59366,0,37187
v59368,0,37187
v59369,0,37187
v59370,0,37187
v59371,0,37187
v59373,0,37187
v59374,0,37187
v59375,0,37187
v59376,0,37187
v59378,0,37187
v59380,0,37187
v59381,0,37187
v59382,0,37187
v59383,0,37187
v59384,0,37187
v59385,0,37187
v59386,0,37187
v59387,0,37187
v59388,0,37187
v59389,0,37187
v59391,0,37187
v59392,0,37187
v59396,0,37187
v59397,0,37187
v59398,0,37187
v59399,0,37187
v59400,0,37187
v59401,0,37187
v59402,0,37187
v59403,0,37187
v59404,0,37187
v59405,0,37187
v59406,0,37187
v59408,0,37187
v59410,0,37187
v59413,0,37187
v59415,0,37187
v59416,0,37187
v59417,0,37187
v59419,0,37187
v59422,0,37187
v59423,0,37187
v59424,0,37187
v59426,0,37187
v59427,0,37187
v59428,0,37187
v59429,0,37187
v59430,0,37187
v59431,0,37187
v59432,0,37187
v59433,0,37187
v59434,0,37187
v59435,0,37187
v59438,0,37187
v59439,0,37187
v59440,0,37187
v59441,0,37187
v59442,0,37187
v59443,0,37187
v59444,0,37187
v59445,0,37187
v59446,0,37187
v59449,0,37187
v59450,0,37187
v59452,0,37187
v59453,0,37187
v59454,0,37187
v59458,0,37187
v59459,0,37187
v59461,0,37187
v59466,0,37187
v59467,0,37187
v59468,0,37187
v59469,0,37187
v59470,0,37187
v59471,0,37187
v59472,0,37187
v59473,0,37187
v59474,0,37187
v59475,0,37187
v59477,0,37187
v59478,0,37187
v59479,0,37187
v59481,0,37187
v59482,0,37187
v59483,0,37187
v59484,0,37187
v59485,0,37187
v59487,0,37187
v59488,0,37187
v59489,0,37187
v59490,0,37187
v59491,0,37187
v59492,0,37187
v59493,0,37187
v59494,0,37187
v59495,0,37187
v59497,0,37187
v59499,0,37187
v59500,0,37187
v59501,0,37187
v59503,0,37187
v59505,0,37187
v59506,0,37187
v59507,0,37187
v59508,0,37187
v59510,0,37187
v59511,0,37187
v59512,0,37187
v59513,0,37187
v59514,0,37187
v59516,0,37187
v59517,0,37187
v59518,0,37187
v59519,0,37187
v59520,0,37187
v59522,0,37187
v59523,0,37187
v59524,0,37187
v59525,0,37187
v59526,0,37187
v59527,0,37187
v62363,0,37187
v59530,0,37187
v59531,0,37187
v59532,0,37187
v59537,0,37187
v59538,0,37187
v59539,0,37187
v59540,0,37187
v59541,0,37187
v59542,0,37187
v59544,0,37187
v59545,0,37187
v59546,0,37187
v59547,0,37187
v59548,0,37187
v59550,0,37187
v59551,0,37187
v59552,0,37187
v59553,0,37187
v59554,0,37187
v59555,0,37187
v59557,0,37187
v59558,0,37187
v59559,0,37187
v59560,0,37187
v59561,0,37187
v59562,0,37187
v59563,0,37187
v59564,0,37187
v59566,0,37187
v59568,0,37187
v59569,0,37187
v59570,0,37187
v59572,0,37187
v59575,0,37187
v59576,0,37187
v59577,0,37187
v59581,0,37187
v59582,0,37187
v59584,0,37187
v59585,0,37187
v59586,0,37187
v59587,0,37187
v59588,0,37187
v59589,0,37187
v59590,0,37187
v59592,0,37187
v59593,0,37187
v59594,0,37187
v59596,0,37187
v59597,0,37187
v59598,0,37187
v59599,0,37187
v59600,0,37187
v59601,0,37187
v59602,0,37187
v59603,0,37187
v59604,0,37187
v59605,0,37187
v59606,0,37187
v59607,0,37187
v59608,0,37187
v59609,0,37187
v59610,0,37187
v59611,0,37187
v59612,0,37187
v59613,0,37187
v59614,0,37187
v59615,0,37187
v59617,0,37187
v59618,0,37187
v59620,0,37187
v59621,0,37187
v59623,0,37187
v59624,0,37187
v59625,0,37187
v59627,0,37187
v59629,0,37187
v59632,0,37187
v59633,0,37187
v59634,0,37187
v59635,0,37187
v59636,0,37187
v59637,0,37187
v59638,0,37187
v59639,0,37187
v59640,0,37187
v59641,0,37187
v59642,0,37187
v59643,0,37187
v59644,0,37187
v59645,0,37187
v59646,0,37187
v59648,0,37187
v59649,0,37187
v59650,0,37187
v59651,0,37187
v59652,0,37187
v559,0,37187
v59654,0,37187
v59657,0,37187
v59658,0,37187
v59659,0,37187
v59660,0,37187
v59661,0,37187
v59664,0,37187
v59665,0,37187
v59666,0,37187
v59667,0,37187
v59668,0,37187
v59669,0,37187
v59670,0,37187
v59671,0,37187
v59672,0,37187
v59673,0,37187
v59674,0,37187
v59676,0,37187
v59678,0,37187
v59679,0,37187
v59680,0,37187
v59681,0,37187
v59682,0,37187
v59684,0,37187
v59685,0,37187
v59686,0,37187
v59687,0,37187
v59688,0,37187
v59689,0,37187
v59692,0,37187
v59693,0,37187
v59694,0,37187
v59695,0,37187
v59696,0,37187
v59697,0,37187
v59699,0,37187
v59700,0,37187
v59703,0,37187
v59704,0,37187
v59705,0,37187
v59706,0,37187
v59708,0,37187
v59710,0,37187
v59713,0,37187
v59715,0,37187
v59716,0,37187
v59717,0,37187
v59718,0,37187
v59719,0,37187
v59720,0,37187
v59721,0,37187
v59722,0,37187
v59723,0,37187
v59724,0,37187
v59726,0,37187
v59727,0,37187
v59728,0,37187
v59729,0,37187
v59730,0,37187
v59731,0,37187
v59733,0,37187
v59734,0,37187
v59735,0,37187
v59737,0,37187
v59738,0,37187
v59739,0,37187
v59740,0,37187
v59741,0,37187
v59742,0,37187
v59743,0,37187
v59744,0,37187
v59749,0,37187
v59750,0,37187
v59751,0,37187
v59752,0,37187
v59755,0,37187
v59756,0,37187
v59757,0,37187
v59758,0,37187
v62364,0,37187
v59760,0,37187
v59762,0,37187
v59763,0,37187
v59764,0,37187
v59766,0,37187
v59767,0,37187
v59768,0,37187
v59769,0,37187
v59770,0,37187
v59771,0,37187
v59772,0,37187
v59773,0,37187
v59774,0,37187
v59775,0,37187
v59776,0,37187
v59777,0,37187
v59778,0,37187
v62365,0,37187
v59782,0,37187
v59785,0,37187
v59786,0,37187
v59788,0,37187
v59791,0,37187
v59793,0,37187
v59794,0,37187
v59795,0,37187
v59796,0,37187
v59797,0,37187
v59799,0,37187
v59801,0,37187
v59803,0,37187
v59805,0,37187
v62366,0,37187
v59810,0,37187
v59812,0,37187
v59813,0,37187
v59814,0,37187
v59815,0,37187
v59816,0,37187
v59817,0,37187
v59818,0,37187
v59819,0,37187
v59821,0,37187
v59822,0,37187
v59825,0,37187
v52492,0,37187
v59828,0,37187
v59829,0,37187
v59830,0,37187
v59831,0,37187
v59832,0,37187
v59833,0,37187
v59837,0,37187
v59838,0,37187
v59839,0,37187
v59840,0,37187
v59841,0,37187
v59842,0,37187
v59844,0,37187
v59846,0,37187
v59847,0,37187
v59848,0,37187
v59849,0,37187
v59854,0,37187
v59857,0,37187
v59858,0,37187
v59859,0,37187
v59860,0,37187
v59861,0,37187
v59862,0,37187
v59864,0,37187
v59865,0,37187
v59866,0,37187
v59867,0,37187
v59868,0,37187
v59870,0,37187
v59871,0,37187
v59873,0,37187
v59874,0,37187
v59875,0,37187
v59876,0,37187
v59877,0,37187
v59878,0,37187
v59879,0,37187
v59880,0,37187
v59881,0,37187
v59882,0,37187
v59883,0,37187
v59884,0,37187
v59885,0,37187
v59887,0,37187
v59888,0,37187
v59889,0,37187
v59892,0,37187
v59893,0,37187
v59894,0,37187
v62367,0,37187
v59897,0,37187
v59898,0,37187
v59899,0,37187
v59900,0,37187
v59901,0,37187
v59902,0,37187
v59903,0,37187
v59905,0,37187
v59907,0,37187
v59908,0,37187
v59909,0,37187
v59910,0,37187
v59912,0,37187
v59913,0,37187
v59914,0,37187
v59915,0,37187
v59916,0,37187
v59917,0,37187
v59918,0,37187
v59920,0,37187
v59921,0,37187
v59922,0,37187
v59923,0,37187
v59924,0,37187
v59928,0,37187
v59929,0,37187
v59930,0,37187
v59931,0,37187
v59932,0,37187
v59933,0,37187
v59934,0,37187
v59935,0,37187
v59936,0,37187
v59938,0,37187
v59939,0,37187
v59941,0,37187
v59942,0,37187
v59943,0,37187
v59946,0,37187
v59947,0,37187
v59948,0,37187
v59949,0,37187
v59950,0,37187
v59952,0,37187
v59953,0,37187
v59954,0,37187
v59955,0,37187
v59956,0,37187
v59957,0,37187
v59958,0,37187
v59959,0,37187
v59960,0,37187
v59961,0,37187
v59962,0,37187
v59963,0,37187
v59964,0,37187
v59966,0,37187
v59967,0,37187
v59968,0,37187
v59969,0,37187
v59970,0,37187
v59972,0,37187
v59973,0,37187
v59975,0,37187
v59976,0,37187
v59977,0,37187
v59978,0,37187
v59979,0,37187
v59980,0,37187
v59981,0,37187
v59982,0,37187
v59983,0,37187
v59984,0,37187
v59985,0,37187
v59987,0,37187
v59988,0,37187
v59989,0,37187
v59990,0,37187
v59991,0,37187
v59992,0,37187
v59993,0,37187
v59994,0,37187
v59995,0,37187
v59998,0,37187
v59999,0,37187
v60000,0,37187
v60001,0,37187
v60002,0,37187
v60004,0,37187
v62368,0,37187
v60006,0,37187
v60007,0,37187
v60008,0,37187
v60009,0,37187
v60010,0,37187
v60011,0,37187
v60012,0,37187
v60013,0,37187
v60015,0,37187
v60016,0,37187
v60017,0,37187
v60018,0,37187
v60019,0,37187
v60021,0,37187
v60022,0,37187
v60023,0,37187
v60025,0,37187
v60026,0,37187
v60027,0,37187
v60029,0,37187
v60030,0,37187
v60031,0,37187
v60032,0,37187
v60034,0,37187
v60035,0,37187
v60036,0,37187
v60038,0,37187
v60040,0,37187
v60041,0,37187
v60042,0,37187
v60043,0,37187
v60044,0,37187
v60045,0,37187
v60048,0,37187
v60049,0,37187
v60051,0,37187
v60052,0,37187
v60053,0,37187
v60054,0,37187
v60055,0,37187
v60056,0,37187
v60057,0,37187
v60058,0,37187
v60059,0,37187
v60062,0,37187
v60063,0,37187
v60064,0,37187
v60065,0,37187
v60066,0,37187
v60067,0,37187
v60070,0,37187
v60071,0,37187
v60072,0,37187
v60073,0,37187
v60075,0,37187
v60076,0,37187
v60078,0,37187
v60080,0,37187
v60081,0,37187
v60082,0,37187
v60083,0,37187
v60084,0,37187
v60085,0,37187
v60086,0,37187
v60087,0,37187
v60088,0,37187
v60089,0,37187
v60090,0,37187
v60091,0,37187
v60092,0,37187
v60093,0,37187
v60094,0,37187
v60095,0,37187
v60096,0,37187
v60097,0,37187
v60102,0,37187
v60103,0,37187
v60105,0,37187
v60106,0,37187
v60109,0,37187
v60110,0,37187
v60111,0,37187
v60112,0,37187
v60113,0,37187
v60114,0,37187
v60116,0,37187
v60117,0,37187
v60118,0,37187
v60119,0,37187
v60120,0,37187
v60121,0,37187
v60122,0,37187
v60123,0,37187
v60126,0,37187
v60127,0,37187
v60128,0,37187
v60129,0,37187
v60130,0,37187
v60131,0,37187
v60132,0,37187
v60133,0,37187
v60137,0,37187
v60138,0,37187
v60139,0,37187
v60140,0,37187
v60141,0,37187
v60143,0,37187
v60145,0,37187
v60146,0,37187
v60147,0,37187
v60148,0,37187
v60149,0,37187
v60150,0,37187
v60151,0,37187
v60152,0,37187
v60153,0,37187
v60154,0,37187
v60155,0,37187
v60156,0,37187
v60157,0,37187
v60158,0,37187
v60159,0,37187
v60160,0,37187
v60161,0,37187
v60162,0,37187
v60163,0,37187
v60164,0,37187
v60165,0,37187
v60166,0,37187
v60167,0,37187
v60168,0,37187
v60169,0,37187
v60170,0,37187
v60172,0,37187
v62369,0,37187
v60174,0,37187
v60175,0,37187
v60176,0,37187
v60179,0,37187
v60181,0,37187
v60183,0,37187
v60185,0,37187
v60187,0,37187
v60188,0,37187
v60191,0,37187
v60192,0,37187
v60193,0,37187
v60196,0,37187
v60197,0,37187
v60198,0,37187
v60200,0,37187
v60203,0,37187
v60204,0,37187
v60205,0,37187
v60206,0,37187
v60207,0,37187
v60208,0,37187
v60209,0,37187
v60210,0,37187
v60211,0,37187
v60213,0,37187
v60214,0,37187
v60218,0,37187
v60220,0,37187
v60221,0,37187
v60222,0,37187
v60224,0,37187
v60225,0,37187
v60227,0,37187
v60229,0,37187
v60300,0,37187
v60230,0,37187
v60232,0,37187
v60233,0,37187
v60234,0,37187
v60235,0,37187
v60236,0,37187
v60237,0,37187
v60238,0,37187
v60239,0,37187
v61637,0,37187
v60241,0,37187
v60242,0,37187
v60243,0,37187
v60245,0,37187
v60246,0,37187
v60247,0,37187
v60248,0,37187
v60249,0,37187
v60251,0,37187
v60253,0,37187
v60255,0,37187
v60257,0,37187
v60259,0,37187
v60260,0,37187
v60261,0,37187
v60262,0,37187
v60263,0,37187
v60264,0,37187
v60266,0,37187
v60267,0,37187
v60269,0,37187
v60270,0,37187
v60272,0,37187
v60273,0,37187
v60275,0,37187
v60279,0,37187
v60280,0,37187
v60281,0,37187
v60282,0,37187
v60283,0,37187
v60284,0,37187
v60285,0,37187
v60286,0,37187
v60287,0,37187
v60288,0,37187
v60289,0,37187
v60290,0,37187
v60346,0,37187
v60348,0,37187
v60349,0,37187
v60350,0,37187
v60351,0,37187
v60352,0,37187
v60353,0,37187
v60354,0,37187
v60355,0,37187
v60356,0,37187
v60357,0,37187
v60358,0,37187
v60359,0,37187
v60361,0,37187
v60362,0,37187
v60363,0,37187
v60364,0,37187
v60365,0,37187
v60366,0,37187
v60367,0,37187
v60368,0,37187
v60370,0,37187
v60371,0,37187
v60372,0,37187
v60373,0,37187
v60374,0,37187
v60375,0,37187
v60376,0,37187
v60377,0,37187
v60378,0,37187
v60379,0,37187
v60380,0,37187
v60381,0,37187
v60382,0,37187
v60383,0,37187
v60384,0,37187
v60385,0,37187
v60386,0,37187
v60387,0,37187
v60389,0,37187
v60390,0,37187
v60391,0,37187
v60392,0,37187
v60393,0,37187
v60394,0,37187
v60395,0,37187
v60396,0,37187
v60397,0,37187
v60398,0,37187
v60399,0,37187
v60400,0,37187
v60402,0,37187
v60403,0,37187
v60404,0,37187
v60406,0,37187
v60408,0,37187
v60409,0,37187
v60410,0,37187
v60413,0,37187
v60417,0,37187
v60418,0,37187
v60419,0,37187
v60420,0,37187
v60421,0,37187
v60422,0,37187
v60423,0,37187
v60424,0,37187
v60425,0,37187
v60426,0,37187
v60427,0,37187
v60428,0,37187
v60429,0,37187
v60430,0,37187
v60431,0,37187
v60433,0,37187
v60434,0,37187
v60435,0,37187
v60436,0,37187
v60437,0,37187
v60438,0,37187
v60440,0,37187
v60441,0,37187
v60442,0,37187
v60443,0,37187
v60444,0,37187
v60445,0,37187
v60446,0,37187
v60447,0,37187
v60448,0,37187
v60449,0,37187
v60451,0,37187
v60452,0,37187
v60453,0,37187
v60454,0,37187
v60455,0,37187
v60457,0,37187
v60458,0,37187
v60459,0,37187
v60460,0,37187
v60461,0,37187
v60463,0,37187
v60464,0,37187
v60465,0,37187
v60466,0,37187
v60467,0,37187
v61636,0,37187
v60469,0,37187
v60470,0,37187
v60472,0,37187
v60473,0,37187
v60474,0,37187
v60475,0,37187
v60476,0,37187
v60477,0,37187
v60480,0,37187
v60483,0,37187
v60484,0,37187
v60486,0,37187
v60487,0,37187
v60488,0,37187
v60489,0,37187
v60490,0,37187
v60491,0,37187
v60492,0,37187
v60493,0,37187
v60494,0,37187
v60495,0,37187
v60496,0,37187
v60497,0,37187
v60498,0,37187
v60499,0,37187
v60500,0,37187
v60501,0,37187
v60503,0,37187
v60506,0,37187
v60507,0,37187
v60508,0,37187
v60509,0,37187
v60510,0,37187
v60511,0,37187
v60512,0,37187
v60513,0,37187
v60515,0,37187
v60516,0,37187
v60517,0,37187
v60518,0,37187
v60519,0,37187
v60524,0,37187
v60525,0,37187
v60526,0,37187
v60528,0,37187
v60530,0,37187
v60532,0,37187
v60533,0,37187
v60534,0,37187
v60535,0,37187
v60536,0,37187
v60537,0,37187
v60538,0,37187
v60539,0,37187
v60540,0,37187
v60543,0,37187
v60544,0,37187
v60546,0,37187
v60549,0,37187
v60551,0,37187
v60552,0,37187
v60553,0,37187
v60554,0,37187
v60555,0,37187
v60557,0,37187
v60558,0,37187
v60563,0,37187
v60564,0,37187
v60565,0,37187
v60566,0,37187
v60567,0,37187
v60568,0,37187
v60569,0,37187
v60570,0,37187
v60571,0,37187
v60573,0,37187
v60574,0,37187
v60577,0,37187
v60578,0,37187
v60580,0,37187
v60583,0,37187
v60584,0,37187
v60586,0,37187
v60587,0,37187
v60588,0,37187
v60589,0,37187
v60590,0,37187
v60591,0,37187
v60592,0,37187
v60593,0,37187
v60595,0,37187
v60596,0,37187
v60597,0,37187
v60599,0,37187
v60600,0,37187
v60601,0,37187
v60602,0,37187
v60603,0,37187
v60605,0,37187
v60606,0,37187
v60607,0,37187
v60608,0,37187
v60609,0,37187
v60610,0,37187
v60611,0,37187
v60613,0,37187
v60614,0,37187
v60616,0,37187
v60617,0,37187
v60618,0,37187
v60619,0,37187
v60622,0,37187
v60623,0,37187
v60627,0,37187
v60628,0,37187
v60632,0,37187
v60633,0,37187
v60634,0,37187
v60635,0,37187
v60636,0,37187
v60637,0,37187
v60638,0,37187
v60639,0,37187
v60640,0,37187
v60643,0,37187
v60644,0,37187
v60646,0,37187
v60647,0,37187
v60648,0,37187
v60649,0,37187
v60650,0,37187
v60651,0,37187
v60653,0,37187
v60655,0,37187
v60656,0,37187
v60657,0,37187
v60658,0,37187
v60661,0,37187
v60662,0,37187
v60663,0,37187
v39769,0,37187
v60665,0,37187
v60667,0,37187
v60668,0,37187
v60670,0,37187
v60671,0,37187
v60672,0,37187
v60673,0,37187
v60674,0,37187
v60675,0,37187
v60676,0,37187
v60677,0,37187
v60679,0,37187
v60680,0,37187
v60681,0,37187
v60683,0,37187
v60684,0,37187
v60686,0,37187
v60688,0,37187
v60689,0,37187
v60691,0,37187
v60692,0,37187
v60693,0,37187
v60694,0,37187
v60695,0,37187
v60696,0,37187
v60697,0,37187
v60698,0,37187
v60700,0,37187
v60701,0,37187
v60702,0,37187
v60703,0,37187
v60704,0,37187
v60705,0,37187
v60706,0,37187
v60707,0,37187
v60708,0,37187
v60709,0,37187
v60710,0,37187
v60711,0,37187
v60712,0,37187
v60713,0,37187
v60714,0,37187
v60715,0,37187
v60716,0,37187
v60718,0,37187
v60719,0,37187
v60720,0,37187
v60721,0,37187
v60722,0,37187
v60723,0,37187
v60724,0,37187
v60725,0,37187
v60726,0,37187
v60728,0,37187
v60729,0,37187
v60730,0,37187
v62370,0,37187
v60732,0,37187
v60733,0,37187
v60734,0,37187
v60736,0,37187
v60737,0,37187
v60739,0,37187
v60740,0,37187
v60741,0,37187
v60742,0,37187
v60743,0,37187
v60744,0,37187
v60745,0,37187
v60746,0,37187
v60747,0,37187
v60748,0,37187
v60749,0,37187
v60752,0,37187
v60753,0,37187
v60757,0,37187
v60758,0,37187
v60759,0,37187
v60760,0,37187
v60761,0,37187
v60762,0,37187
v60763,0,37187
v60764,0,37187
v60767,0,37187
v60768,0,37187
v60771,0,37187
v60772,0,37187
v60773,0,37187
v60774,0,37187
v60775,0,37187
v60776,0,37187
v60777,0,37187
v60780,0,37187
v60784,0,37187
v60785,0,37187
v60786,0,37187
v60787,0,37187
v60788,0,37187
v60789,0,37187
v60790,0,37187
v60793,0,37187
v60794,0,37187
v60796,0,37187
v60798,0,37187
v60799,0,37187
v60800,0,37187
v60802,0,37187
v60803,0,37187
v60804,0,37187
v60805,0,37187
v60808,0,37187
v60809,0,37187
v60810,0,37187
v60811,0,37187
v60812,0,37187
v60813,0,37187
v60816,0,37187
v60818,0,37187
v60820,0,37187
v60821,0,37187
v60822,0,37187
v60823,0,37187
v60826,0,37187
v60827,0,37187
v60828,0,37187
v60829,0,37187
v60830,0,37187
v60831,0,37187
v60835,0,37187
v60837,0,37187
v60838,0,37187
v60839,0,37187
v60840,0,37187
v60842,0,37187
v60844,0,37187
v60845,0,37187
v60846,0,37187
v60847,0,37187
v60848,0,37187
v60849,0,37187
v60851,0,37187
v60852,0,37187
v60853,0,37187
v60854,0,37187
v60855,0,37187
v60856,0,37187
v60857,0,37187
v60858,0,37187
v62373,0,37187
v60860,0,37187
v60861,0,37187
v60862,0,37187
v60863,0,37187
v60864,0,37187
v60865,0,37187
v60866,0,37187
v60867,0,37187
v60868,0,37187
v60869,0,37187
v60870,0,37187
v60871,0,37187
v60872,0,37187
v60873,0,37187
v60874,0,37187
v60875,0,37187
v60876,0,37187
v60877,0,37187
v60878,0,37187
v60879,0,37187
v60880,0,37187
v60881,0,37187
v60882,0,37187
v60883,0,37187
v60884,0,37187
v60885,0,37187
v60886,0,37187
v60887,0,37187
v60888,0,37187
v60891,0,37187
v60892,0,37187
v60893,0,37187
v60894,0,37187
v60895,0,37187
v60897,0,37187
v60898,0,37187
v60899,0,37187
v60900,0,37187
v60901,0,37187
v60902,0,37187
v60903,0,37187
v60904,0,37187
v60905,0,37187
v60906,0,37187
v60913,0,37187
v60914,0,37187
v60915,0,37187
v60916,0,37187
v60917,0,37187
v60918,0,37187
v60919,0,37187
v60920,0,37187
v60921,0,37187
v60922,0,37187
v60923,0,37187
v60924,0,37187
v60925,0,37187
v60926,0,37187
v60927,0,37187
v60928,0,37187
v60929,0,37187
v60930,0,37187
v60931,0,37187
v60932,0,37187
v60934,0,37187
v60935,0,37187
v60936,0,37187
v60937,0,37187
v60939,0,37187
v60940,0,37187
v60941,0,37187
v60942,0,37187
v60943,0,37187
v60944,0,37187
v60946,0,37187
v60947,0,37187
v60948,0,37187
v60950,0,37187
v60951,0,37187
v60952,0,37187
v60953,0,37187
v60954,0,37187
v60955,0,37187
v60956,0,37187
v60957,0,37187
v60958,0,37187
v60959,0,37187
v60960,0,37187
v60961,0,37187
v60962,0,37187
v60963,0,37187
v60964,0,37187
v60965,0,37187
v60966,0,37187
v60967,0,37187
v60968,0,37187
v60969,0,37187
v60971,0,37187
v60972,0,37187
v60973,0,37187
v60974,0,37187
v60975,0,37187
v60976,0,37187
v60977,0,37187
v60978,0,37187
v60979,0,37187
v60980,0,37187
v60981,0,37187
v60982,0,37187
v60983,0,37187
v60984,0,37187
v60985,0,37187
v60986,0,37187
v60987,0,37187
v60988,0,37187
v60990,0,37187
v60991,0,37187
v60992,0,37187
v60993,0,37187
v60995,0,37187
v60996,0,37187
v60997,0,37187
v60998,0,37187
v60999,0,37187
v61000,0,37187
v61001,0,37187
v61002,0,37187
v61003,0,37187
v61004,0,37187
v61005,0,37187
v61006,0,37187
v61008,0,37187
v61009,0,37187
v61011,0,37187
v61013,0,37187
v61016,0,37187
v61018,0,37187
v61019,0,37187
v61021,0,37187
v61022,0,37187
v61023,0,37187
v61024,0,37187
v61025,0,37187
v61026,0,37187
v61027,0,37187
v61028,0,37187
v61031,0,37187
v61032,0,37187
v61034,0,37187
v58977,0,37187
v61038,0,37187
v61039,0,37187
v61040,0,37187
v61042,0,37187
v61043,0,37187
v61044,0,37187
v61045,0,37187
v61046,0,37187
v61049,0,37187
v61050,0,37187
v61051,0,37187
v61053,0,37187
v61054,0,37187
v61055,0,37187
v61056,0,37187
v61057,0,37187
v61058,0,37187
v43229,0,37187
v61062,0,37187
v61063,0,37187
v61064,0,37187
v61065,0,37187
v61066,0,37187
v61067,0,37187
v61068,0,37187
v61072,0,37187
v61075,0,37187
v61076,0,37187
v61077,0,37187
v61079,0,37187
v61089,0,37187
v61092,0,37187
v61093,0,37187
v61094,0,37187
v61095,0,37187
v61096,0,37187
v61097,0,37187
v61099,0,37187
v61100,0,37187
v61101,0,37187
v61102,0,37187
v61104,0,37187
v61105,0,37187
v61106,0,37187
v61107,0,37187
v61108,0,37187
v61109,0,37187
v61110,0,37187
v61111,0,37187
v61112,0,37187
v61113,0,37187
v61114,0,37187
v61115,0,37187
v61116,0,37187
v61117,0,37187
v61118,0,37187
v61119,0,37187
v61121,0,37187
v61122,0,37187
v61123,0,37187
v61124,0,37187
v61125,0,37187
v61126,0,37187
v61127,0,37187
v61128,0,37187
v61130,0,37187
v61131,0,37187
v61132,0,37187
v61133,0,37187
v61134,0,37187
v61135,0,37187
v61136,0,37187
v61137,0,37187
v61138,0,37187
v61139,0,37187
v61140,0,37187
v61141,0,37187
v61142,0,37187
v61144,0,37187
v61145,0,37187
v61146,0,37187
v61147,0,37187
v61148,0,37187
v61149,0,37187
v61150,0,37187
v61151,0,37187
v61152,0,37187
v61153,0,37187
v61154,0,37187
v61156,0,37187
v61157,0,37187
v61159,0,37187
v61160,0,37187
v61161,0,37187
v61162,0,37187
v61163,0,37187
v61164,0,37187
v61165,0,37187
v61166,0,37187
v61167,0,37187
v61168,0,37187
v61169,0,37187
v61170,0,37187
v61171,0,37187
v61172,0,37187
v61173,0,37187
v61174,0,37187
v61175,0,37187
v61176,0,37187
v61177,0,37187
v61178,0,37187
v61179,0,37187
v61180,0,37187
v61181,0,37187
v61182,0,37187
v61183,0,37187
v61184,0,37187
v61185,0,37187
v61186,0,37187
v61187,0,37187
v61188,0,37187
v61189,0,37187
v61190,0,37187
v61191,0,37187
v61192,0,37187
v61193,0,37187
v61194,0,37187
v61195,0,37187
v61196,0,37187
v61197,0,37187
v61198,0,37187
v61199,0,37187
v61200,0,37187
v61201,0,37187
v61202,0,37187
v61204,0,37187
v61205,0,37187
v61206,0,37187
v61207,0,37187
v61208,0,37187
v61209,0,37187
v61210,0,37187
v61211,0,37187
v61212,0,37187
v61213,0,37187
v61214,0,37187
v61215,0,37187
v61216,0,37187
v61218,0,37187
v61219,0,37187
v61221,0,37187
v62375,0,37187
v61224,0,37187
v61225,0,37187
v61226,0,37187
v61227,0,37187
v61228,0,37187
v61229,0,37187
v61230,0,37187
v61231,0,37187
v61232,0,37187
v61233,0,37187
v61235,0,37187
v61236,0,37187
v61237,0,37187
v61238,0,37187
v61239,0,37187
v61240,0,37187
v61241,0,37187
v61242,0,37187
v43228,0,37187
v61247,0,37187
v61248,0,37187
v61249,0,37187
v61251,0,37187
v61252,0,37187
v61253,0,37187
v61254,0,37187
v61255,0,37187
v61256,0,37187
v61257,0,37187
v61258,0,37187
v61259,0,37187
v61261,0,37187
v61263,0,37187
v61264,0,37187
v61265,0,37187
v61268,0,37187
v61269,0,37187
v61270,0,37187
v61272,0,37187
v61273,0,37187
v61274,0,37187
v61275,0,37187
v61276,0,37187
v61278,0,37187
v61280,0,37187
v61281,0,37187
v61286,0,37187
v61287,0,37187
v61288,0,37187
v61289,0,37187
v61293,0,37187
v61294,0,37187
v61295,0,37187
v61296,0,37187
v61298,0,37187
v61299,0,37187
v61300,0,37187
v61302,0,37187
v61303,0,37187
v61304,0,37187
v62376,0,37187
v61309,0,37187
v61310,0,37187
v61311,0,37187
v61314,0,37187
v61315,0,37187
v61316,0,37187
v61317,0,37187
v61318,0,37187
v61319,0,37187
v61320,0,37187
v61321,0,37187
v61323,0,37187
v61327,0,37187
v61328,0,37187
v61329,0,37187
v61330,0,37187
v61331,0,37187
v61332,0,37187
v61333,0,37187
v61334,0,37187
v61336,0,37187
v61337,0,37187
v61338,0,37187
v61339,0,37187
v61341,0,37187
v61342,0,37187
v61343,0,37187
v61344,0,37187
v61346,0,37187
v61347,0,37187
v61351,0,37187
v61352,0,37187
v61353,0,37187
v61354,0,37187
v61355,0,37187
v61356,0,37187
v61360,0,37187
v61361,0,37187
v61362,0,37187
v61363,0,37187
v61364,0,37187
v61365,0,37187
v61366,0,37187
v22052,0,37187
v22055,0,37187
v22056,0,37187
v61367,0,37187
v22060,0,37187
v22023,0,37187
v22018,0,37187
v22068,0,37187
v22071,0,37187
v22006,0,37187
v22004,0,37187
v22080,0,37187
v22003,0,37187
v21997,0,37187
v61368,0,37187
v21994,0,37187
v21991,0,37187
v22093,0,37187
v21987,0,37187
v22096,0,37187
v21977,0,37187
v21975,0,37187
v21973,0,37187
v21965,0,37187
v21961,0,37187
v61369,0,37187
v22168,0,37187
v22171,0,37187
v21942,0,37187
v21927,0,37187
v21926,0,37187
v61370,0,37187
v21925,0,37187
v21924,0,37187
v21912,0,37187
v21911,0,37187
v22197,0,37187
v21910,0,37187
v22200,0,37187
v22202,0,37187
v21907,0,37187
v21906,0,37187
v21893,0,37187
v21892,0,37187
v21888,0,37187
v22213,0,37187
v21887,0,37187
v21884,0,37187
v21883,0,37187
v22220,0,37187
v21881,0,37187
v21880,0,37187
v21879,0,37187
v21873,0,37187
v21870,0,37187
v21868,0,37187
v61371,0,37187
v22236,0,37187
v61372,0,37187
v21863,0,37187
v21860,0,37187
v21859,0,37187
v21858,0,37187
v21856,0,37187
v21851,0,37187
v21846,0,37187
v61373,0,37187
v21842,0,37187
v22258,0,37187
v21841,0,37187
v22263,0,37187
v22264,0,37187
v21840,0,37187
v22267,0,37187
v21834,0,37187
v22269,0,37187
v22274,0,37187
v21829,0,37187
v61374,0,37187
v21810,0,37187
v21806,0,37187
v22295,0,37187
v61375,0,37187
v21778,0,37187
v21777,0,37187
v21762,0,37187
v21761,0,37187
v21751,0,37187
v21749,0,37187
v21733,0,37187
v21732,0,37187
v21722,0,37187
v22327,0,37187
v22336,0,37187
v21704,0,37187
v21702,0,37187
v22346,0,37187
v61376,0,37187
v21699,0,37187
v21684,0,37187
v21683,0,37187
v22360,0,37187
v61377,0,37187
v22364,0,37187
v21662,0,37187
v22368,0,37187
v21660,0,37187
v21658,0,37187
v21654,0,37187
v21650,0,37187
v21643,0,37187
v22377,0,37187
v21634,0,37187
v21633,0,37187
v22382,0,37187
v61379,0,37187
v21632,0,37187
v21627,0,37187
v21626,0,37187
v21623,0,37187
v61380,0,37187
v22399,0,37187
v21612,0,37187
v21611,0,37187
v21609,0,37187
v21608,0,37187
v22406,0,37187
v22407,0,37187
v22411,0,37187
v21605,0,37187
v21604,0,37187
v22419,0,37187
v22423,0,37187
v21602,0,37187
v21601,0,37187
v61381,0,37187
v21600,0,37187
v21598,0,37187
v22441,0,37187
v22443,0,37187
v21594,0,37187
v21593,0,37187
v22447,0,37187
v21591,0,37187
v61383,0,37187
v21590,0,37187
v21582,0,37187
v23083,0,37187
v22459,0,37187
v61385,0,37187
v22462,0,37187
v22463,0,37187
v21571,0,37187
v23096,0,37187
v22468,0,37187
v21570,0,37187
v22474,0,37187
v21566,0,37187
v21559,0,37187
v21555,0,37187
v22484,0,37187
v22489,0,37187
v21513,0,37187
v21509,0,37187
v21508,0,37187
v21504,0,37187
v21488,0,37187
v21487,0,37187
v21485,0,37187
v22509,0,37187
v21484,0,37187
v22510,0,37187
v21483,0,37187
v21471,0,37187
v22524,0,37187
v23098,0,37187
v21454,0,37187
v22529,0,37187
v22530,0,37187
v21449,0,37187
v21448,0,37187
v22535,0,37187
v61386,0,37187
v21443,0,37187
v21423,0,37187
v22550,0,37187
v22551,0,37187
v21398,0,37187
v21389,0,37187
v21382,0,37187
v22564,0,37187
v21371,0,37187
v61387,0,37187
v22572,0,37187
v61388,0,37187
v21351,0,37187
v21348,0,37187
v22585,0,37187
v21341,0,37187
v21340,0,37187
v21334,0,37187
v21324,0,37187
v21323,0,37187
v21320,0,37187
v21319,0,37187
v21317,0,37187
v21314,0,37187
v61389,0,37187
v21312,0,37187
v21307,0,37187
v22612,0,37187
v21299,0,37187
v22617,0,37187
v21298,0,37187
v22620,0,37187
v21275,0,37187
v22625,0,37187
v21274,0,37187
v21264,0,37187
v21263,0,37187
v21248,0,37187
v21240,0,37187
v21223,0,37187
v22654,0,37187
v21193,0,37187
v21182,0,37187
v61390,0,37187
v21143,0,37187
v21127,0,37187
v21110,0,37187
v61392,0,37187
v21109,0,37187
v22686,0,37187
v22687,0,37187
v22688,0,37187
v22689,0,37187
v22690,0,37187
v22691,0,37187
v22694,0,37187
v22696,0,37187
v61393,0,37187
v21091,0,37187
v22708,0,37187
v21078,0,37187
v21077,0,37187
v21060,0,37187
v21058,0,37187
v21053,0,37187
v21048,0,37187
v22729,0,37187
v61394,0,37187
v22737,0,37187
v23101,0,37187
v23102,0,37187
v21035,0,37187
v22740,0,37187
v21027,0,37187
v21026,0,37187
v22744,0,37187
v21023,0,37187
v22750,0,37187
v21016,0,37187
v21011,0,37187
v23074,0,37187
v21006,0,37187
v21005,0,37187
v20995,0,37187
v61396,0,37187
v20987,0,37187
v20985,0,37187
v20977,0,37187
v20963,0,37187
v22781,0,37187
v22782,0,37187
v20962,0,37187
v20952,0,37187
v20946,0,37187
v20944,0,37187
v20937,0,37187
v20930,0,37187
v23103,0,37187
v20927,0,37187
v20923,0,37187
v61397,0,37187
v20917,0,37187
v22815,0,37187
v22816,0,37187
v20906,0,37187
v22821,0,37187
v22827,0,37187
v22828,0,37187
v20897,0,37187
v20896,0,37187
v61398,0,37187
v20890,0,37187
v20886,0,37187
v20885,0,37187
v20880,0,37187
v22852,0,37187
v22853,0,37187
v20873,0,37187
v20872,0,37187
v20867,0,37187
v61399,0,37187
v22860,0,37187
v61400,0,37187
v22864,0,37187
v20852,0,37187
v22868,0,37187
v22872,0,37187
v20849,0,37187
v20848,0,37187
v20845,0,37187
v20844,0,37187
v20843,0,37187
v20836,0,37187
v20835,0,37187
v61401,0,37187
v22883,0,37187
v22884,0,37187
v20834,0,37187
v20826,0,37187
v22893,0,37187
v20825,0,37187
v20823,0,37187
v61402,0,37187
v20819,0,37187
v20818,0,37187
v22911,0,37187
v20816,0,37187
v20815,0,37187
v20814,0,37187
v20811,0,37187
v20809,0,37187
v61404,0,37187
v22932,0,37187
v22938,0,37187
v22939,0,37187
v20797,0,37187
v20794,0,37187
v20785,0,37187
v22952,0,37187
v22957,0,37187
v22961,0,37187
v20779,0,37187
v20778,0,37187
v22975,0,37187
v22976,0,37187
v22980,0,37187
v22982,0,37187
v22983,0,37187
v20766,0,37187
v20759,0,37187
v22992,0,37187
v22996,0,37187
v20748,0,37187
v61408,0,37187
v22999,0,37187
v61409,0,37187
v20742,0,37187
v61410,0,37187
v20740,0,37187
v20722,0,37187
v61411,0,37187
v20718,0,37187
v20715,0,37187
v20714,0,37187
v20711,0,37187
v23032,0,37187
v20708,0,37187
v20700,0,37187
v23040,0,37187
v23041,0,37187
v23044,0,37187
v20694,0,37187
v23049,0,37187
v23051,0,37187
v20686,0,37187
v23053,0,37187
v61412,0,37187
v23056,0,37187
v20682,0,37187
v20678,0,37187
v23122,0,37187
v23123,0,37187
v61413,0,37187
v23139,0,37187
v23140,0,37187
v23142,0,37187
v24175,0,37187
v23146,0,37187
v20648,0,37187
v23153,0,37187
v23155,0,37187
v23156,0,37187
v23159,0,37187
v61414,0,37187
v23163,0,37187
v23164,0,37187
v23165,0,37187
v23168,0,37187
v20636,0,37187
v20635,0,37187
v20633,0,37187
v20628,0,37187
v23182,0,37187
v23186,0,37187
v61417,0,37187
v20617,0,37187
v61418,0,37187
v23194,0,37187
v23198,0,37187
v20605,0,37187
v23202,0,37187
v20597,0,37187
v23207,0,37187
v23217,0,37187
v23218,0,37187
v23222,0,37187
v20590,0,37187
v23225,0,37187
v23226,0,37187
v62378,0,37187
v23231,0,37187
v23232,0,37187
v23233,0,37187
v23235,0,37187
v20576,0,37187
v61421,0,37187
v23247,0,37187
v20557,0,37187
v23256,0,37187
v23257,0,37187
v23260,0,37187
v23261,0,37187
v23262,0,37187
v23264,0,37187
v61422,0,37187
v20552,0,37187
v20550,0,37187
v20548,0,37187
v20547,0,37187
v20523,0,37187
v61423,0,37187
v23278,0,37187
v20500,0,37187
v20489,0,37187
v20479,0,37187
v20468,0,37187
v20465,0,37187
v23294,0,37187
v20460,0,37187
v23296,0,37187
v20456,0,37187
v20450,0,37187
v20437,0,37187
v61424,0,37187
v20417,0,37187
v20413,0,37187
v20409,0,37187
v23318,0,37187
v23321,0,37187
v23322,0,37187
v23324,0,37187
v23326,0,37187
v23327,0,37187
v20392,0,37187
v23332,0,37187
v23334,0,37187
v23336,0,37187
v23340,0,37187
v30545,0,37187
v23345,0,37187
v23346,0,37187
v23348,0,37187
v23349,0,37187
v61425,0,37187
v23353,0,37187
v23354,0,37187
v23355,0,37187
v23363,0,37187
v23365,0,37187
v23366,0,37187
v20334,0,37187
v20332,0,37187
v23382,0,37187
v23385,0,37187
v20323,0,37187
v20312,0,37187
v20311,0,37187
v20298,0,37187
v20280,0,37187
v20274,0,37187
v20269,0,37187
v23400,0,37187
v61426,0,37187
v20263,0,37187
v23411,0,37187
v23413,0,37187
v23414,0,37187
v23415,0,37187
v23420,0,37187
v20259,0,37187
v23424,0,37187
v23427,0,37187
v23429,0,37187
v23430,0,37187
v23431,0,37187
v23432,0,37187
v24178,0,37187
v24179,0,37187
v20248,0,37187
v23440,0,37187
v20246,0,37187
v23442,0,37187
v23445,0,37187
v24180,0,37187
v20240,0,37187
v20239,0,37187
v23453,0,37187
v23454,0,37187
v23455,0,37187
v23457,0,37187
v20235,0,37187
v23459,0,37187
v23461,0,37187
v20229,0,37187
v23469,0,37187
v23470,0,37187
v24172,0,37187
v23479,0,37187
v23481,0,37187
v20210,0,37187
v23483,0,37187
v23484,0,37187
v23486,0,37187
v23487,0,37187
v23490,0,37187
v23498,0,37187
v23499,0,37187
v23502,0,37187
v23503,0,37187
v23505,0,37187
v20181,0,37187
v23510,0,37187
v23513,0,37187
v23514,0,37187
v23521,0,37187
v20150,0,37187
v20149,0,37187
v23527,0,37187
v23528,0,37187
v23530,0,37187
v23531,0,37187
v24166,0,37187
v23534,0,37187
v23535,0,37187
v20143,0,37187
v20142,0,37187
v23539,0,37187
v20133,0,37187
v23545,0,37187
v23547,0,37187
v23548,0,37187
v23550,0,37187
v23551,0,37187
v23557,0,37187
v23559,0,37187
v23560,0,37187
v23563,0,37187
v23564,0,37187
v23565,0,37187
v23566,0,37187
v23567,0,37187
v20123,0,37187
v20120,0,37187
v23574,0,37187
v23575,0,37187
v23576,0,37187
v20112,0,37187
v61428,0,37187
v23580,0,37187
v23587,0,37187
v23589,0,37187
v23590,0,37187
v61429,0,37187
v23595,0,37187
v61430,0,37187
v23599,0,37187
v23602,0,37187
v20098,0,37187
v23606,0,37187
v23607,0,37187
v23608,0,37187
v23610,0,37187
v23612,0,37187
v23618,0,37187
v23619,0,37187
v23620,0,37187
v23622,0,37187
v23623,0,37187
v23624,0,37187
v23625,0,37187
v23627,0,37187
v23628,0,37187
v23632,0,37187
v23633,0,37187
v20084,0,37187
v23635,0,37187
v23636,0,37187
v20082,0,37187
v23639,0,37187
v20078,0,37187
v23643,0,37187
v20055,0,37187
v23646,0,37187
v23647,0,37187
v20054,0,37187
v20050,0,37187
v23653,0,37187
v23654,0,37187
v23655,0,37187
v20049,0,37187
v23658,0,37187
v23659,0,37187
v23660,0,37187
v23661,0,37187
v23662,0,37187
v20048,0,37187
v23667,0,37187
v23668,0,37187
v23669,0,37187
v23671,0,37187
v61431,0,37187
v23673,0,37187
v61432,0,37187
v23679,0,37187
v23682,0,37187
v23683,0,37187
v61433,0,37187
v23686,0,37187
v23687,0,37187
v23688,0,37187
v20028,0,37187
v23690,0,37187
v23692,0,37187
v23698,0,37187
v20019,0,37187
v23700,0,37187
v23701,0,37187
v23702,0,37187
v23703,0,37187
v23704,0,37187
v23708,0,37187
v23709,0,37187
v23711,0,37187
v23712,0,37187
v20017,0,37187
v23715,0,37187
v23716,0,37187
v23717,0,37187
v23718,0,37187
v23721,0,37187
v23722,0,37187
v24165,0,37187
v61434,0,37187
v20014,0,37187
v23729,0,37187
v23739,0,37187
v19978,0,37187
v23746,0,37187
v23748,0,37187
v19947,0,37187
v19942,0,37187
v23757,0,37187
v19941,0,37187
v23759,0,37187
v23764,0,37187
v23767,0,37187
v23768,0,37187
v61435,0,37187
v19936,0,37187
v23776,0,37187
v23777,0,37187
v23779,0,37187
v23780,0,37187
v23781,0,37187
v23782,0,37187
v19924,0,37187
v19921,0,37187
v23789,0,37187
v23790,0,37187
v23794,0,37187
v23798,0,37187
v23799,0,37187
v23800,0,37187
v23801,0,37187
v23802,0,37187
v23807,0,37187
v23809,0,37187
v23812,0,37187
v23821,0,37187
v23825,0,37187
v23827,0,37187
v23830,0,37187
v23832,0,37187
v23834,0,37187
v23837,0,37187
v23838,0,37187
v23839,0,37187
v61436,0,37187
v23843,0,37187
v23844,0,37187
v19894,0,37187
v23846,0,37187
v23848,0,37187
v23849,0,37187
v23855,0,37187
v19877,0,37187
v23859,0,37187
v23864,0,37187
v23865,0,37187
v23866,0,37187
v23870,0,37187
v23871,0,37187
v23872,0,37187
v23875,0,37187
v23876,0,37187
v23879,0,37187
v23885,0,37187
v23889,0,37187
v23892,0,37187
v23893,0,37187
v23894,0,37187
v23895,0,37187
v23896,0,37187
v23897,0,37187
v23899,0,37187
v23900,0,37187
v19867,0,37187
v23902,0,37187
v23903,0,37187
v23906,0,37187
v23907,0,37187
v24163,0,37187
v23910,0,37187
v23911,0,37187
v23912,0,37187
v19840,0,37187
v23915,0,37187
v23916,0,37187
v23917,0,37187
v19838,0,37187
v23920,0,37187
v23925,0,37187
v23926,0,37187
v23927,0,37187
v23928,0,37187
v23929,0,37187
v23930,0,37187
v23931,0,37187
v23933,0,37187
v23934,0,37187
v23936,0,37187
v23937,0,37187
v23938,0,37187
v19821,0,37187
v23946,0,37187
v23947,0,37187
v23948,0,37187
v23949,0,37187
v23950,0,37187
v61437,0,37187
v61438,0,37187
v19820,0,37187
v61439,0,37187
v23956,0,37187
v23957,0,37187
v23958,0,37187
v23962,0,37187
v23966,0,37187
v23968,0,37187
v19807,0,37187
v23970,0,37187
v23971,0,37187
v23972,0,37187
v23973,0,37187
v23976,0,37187
v23977,0,37187
v23978,0,37187
v19803,0,37187
v23984,0,37187
v19802,0,37187
v23986,0,37187
v23987,0,37187
v23988,0,37187
v23989,0,37187
v23990,0,37187
v23991,0,37187
v23992,0,37187
v23993,0,37187
v23994,0,37187
v23995,0,37187
v23998,0,37187
v23999,0,37187
v19791,0,37187
v24001,0,37187
v24003,0,37187
v24005,0,37187
v61442,0,37187
v24007,0,37187
v24014,0,37187
v24015,0,37187
v19747,0,37187
v24023,0,37187
v61443,0,37187
v24030,0,37187
v24031,0,37187
v24032,0,37187
v24033,0,37187
v24034,0,37187
v24037,0,37187
v24040,0,37187
v24042,0,37187
v24044,0,37187
v24049,0,37187
v24051,0,37187
v24052,0,37187
v19723,0,37187
v24056,0,37187
v24057,0,37187
v24059,0,37187
v43227,0,37187
v19722,0,37187
v24062,0,37187
v24063,0,37187
v24068,0,37187
v24070,0,37187
v61445,0,37187
v24074,0,37187
v24075,0,37187
v24076,0,37187
v24079,0,37187
v24080,0,37187
v24081,0,37187
v24082,0,37187
v24083,0,37187
v24086,0,37187
v24089,0,37187
v24090,0,37187
v24092,0,37187
v61446,0,37187
v24096,0,37187
v24099,0,37187
v24100,0,37187
v19694,0,37187
v24104,0,37187
v24107,0,37187
v24108,0,37187
v24109,0,37187
v24111,0,37187
v24112,0,37187
v24118,0,37187
v24122,0,37187
v19669,0,37187
v24125,0,37187
v24126,0,37187
v24135,0,37187
v24136,0,37187
v24137,0,37187
v24138,0,37187
v19610,0,37187
v24142,0,37187
v19597,0,37187
v19596,0,37187
v19594,0,37187
v24154,0,37187
v24156,0,37187
v24157,0,37187
v61448,0,37187
v24159,0,37187
v24160,0,37187
v24161,0,37187
v24162,0,37187
v24183,0,37187
v24185,0,37187
v24187,0,37187
v24190,0,37187
v24191,0,37187
v24192,0,37187
v24193,0,37187
v24194,0,37187
v24198,0,37187
v19557,0,37187
v61449,0,37187
v19552,0,37187
v24206,0,37187
v24207,0,37187
v19527,0,37187
v19523,0,37187
v19522,0,37187
v24219,0,37187
v24220,0,37187
v61450,0,37187
v24222,0,37187
v24225,0,37187
v24227,0,37187
v24229,0,37187
v19521,0,37187
v19520,0,37187
v24232,0,37187
v24233,0,37187
v24234,0,37187
v24235,0,37187
v24236,0,37187
v19510,0,37187
v24245,0,37187
v19503,0,37187
v24249,0,37187
v19490,0,37187
v19489,0,37187
v24253,0,37187
v24254,0,37187
v24257,0,37187
v24263,0,37187
v19482,0,37187
v19481,0,37187
v24269,0,37187
v24270,0,37187
v19480,0,37187
v19479,0,37187
v19478,0,37187
v19469,0,37187
v24283,0,37187
v24284,0,37187
v24285,0,37187
v62379,0,37187
v19462,0,37187
v24292,0,37187
v24303,0,37187
v24304,0,37187
v24307,0,37187
v61453,0,37187
v24316,0,37187
v24318,0,37187
v24319,0,37187
v24321,0,37187
v24326,0,37187
v19424,0,37187
v19423,0,37187
v24330,0,37187
v19422,0,37187
v19421,0,37187
v24334,0,37187
v24335,0,37187
v24337,0,37187
v24338,0,37187
v24339,0,37187
v24341,0,37187
v19418,0,37187
v61454,0,37187
v24347,0,37187
v24348,0,37187
v24349,0,37187
v19416,0,37187
v24352,0,37187
v19414,0,37187
v19412,0,37187
v24360,0,37187
v19410,0,37187
v19409,0,37187
v61455,0,37187
v24367,0,37187
v24368,0,37187
v24371,0,37187
v24373,0,37187
v61456,0,37187
v24377,0,37187
v19403,0,37187
v24382,0,37187
v24383,0,37187
v24384,0,37187
v19394,0,37187
v61457,0,37187
v24392,0,37187
v61458,0,37187
v19386,0,37187
v24398,0,37187
v19381,0,37187
v24400,0,37187
v24401,0,37187
v24403,0,37187
v24406,0,37187
v24407,0,37187
v24412,0,37187
v24413,0,37187
v19363,0,37187
v19362,0,37187
v19361,0,37187
v19360,0,37187
v24419,0,37187
v19359,0,37187
v19358,0,37187
v19357,0,37187
v24423,0,37187
v19356,0,37187
v19353,0,37187
v24429,0,37187
v24431,0,37187
v19329,0,37187
v24438,0,37187
v19328,0,37187
v24444,0,37187
v24449,0,37187
v24450,0,37187
v24451,0,37187
v19312,0,37187
v24458,0,37187
v24459,0,37187
v24460,0,37187
v24462,0,37187
v61459,0,37187
v24465,0,37187
v24468,0,37187
v19259,0,37187
v19254,0,37187
v24486,0,37187
v24487,0,37187
v24488,0,37187
v19228,0,37187
v24490,0,37187
v24494,0,37187
v19227,0,37187
v19226,0,37187
v19225,0,37187
v19224,0,37187
v19213,0,37187
v24508,0,37187
v19209,0,37187
v61461,0,37187
v24517,0,37187
v24518,0,37187
v24519,0,37187
v24520,0,37187
v24523,0,37187
v24524,0,37187
v19202,0,37187
v61462,0,37187
v24535,0,37187
v19181,0,37187
v19180,0,37187
v19179,0,37187
v19177,0,37187
v24541,0,37187
v19176,0,37187
v24543,0,37187
v24544,0,37187
v24545,0,37187
v24546,0,37187
v19175,0,37187
v19174,0,37187
v24550,0,37187
v24551,0,37187
v19172,0,37187
v19171,0,37187
v19170,0,37187
v19162,0,37187
v19160,0,37187
v19159,0,37187
v24562,0,37187
v24563,0,37187
v19157,0,37187
v19156,0,37187
v24568,0,37187
v24571,0,37187
v24572,0,37187
v24573,0,37187
v19149,0,37187
v61464,0,37187
v24587,0,37187
v24589,0,37187
v19126,0,37187
v61465,0,37187
v19117,0,37187
v24600,0,37187
v24601,0,37187
v61466,0,37187
v19115,0,37187
v24607,0,37187
v61467,0,37187
v24613,0,37187
v24614,0,37187
v24615,0,37187
v24616,0,37187
v19091,0,37187
v19056,0,37187
v61468,0,37187
v19051,0,37187
v19049,0,37187
v24637,0,37187
v24639,0,37187
v24642,0,37187
v24645,0,37187
v19026,0,37187
v61469,0,37187
v24664,0,37187
v18993,0,37187
v24669,0,37187
v18987,0,37187
v18984,0,37187
v18983,0,37187
v18982,0,37187
v24678,0,37187
v18973,0,37187
v24690,0,37187
v61471,0,37187
v18958,0,37187
v18940,0,37187
v24704,0,37187
v18938,0,37187
v24706,0,37187
v24707,0,37187
v24709,0,37187
v18937,0,37187
v24711,0,37187
v24712,0,37187
v24713,0,37187
v24715,0,37187
v18917,0,37187
v24723,0,37187
v24724,0,37187
v24726,0,37187
v24732,0,37187
v24733,0,37187
v24734,0,37187
v24735,0,37187
v24740,0,37187
v24741,0,37187
v24742,0,37187
v24745,0,37187
v18886,0,37187
v18878,0,37187
v61472,0,37187
v18868,0,37187
v24759,0,37187
v24760,0,37187
v24761,0,37187
v24765,0,37187
v61473,0,37187
v18854,0,37187
v18853,0,37187
v18848,0,37187
v18847,0,37187
v61474,0,37187
v24778,0,37187
v24780,0,37187
v24784,0,37187
v18824,0,37187
v24791,0,37187
v24792,0,37187
v24795,0,37187
v24796,0,37187
v24797,0,37187
v18811,0,37187
v24799,0,37187
v61475,0,37187
v23066,0,37187
v23065,0,37187
v18801,0,37187
v18799,0,37187
v18787,0,37187
v18785,0,37187
v18784,0,37187
v18779,0,37187
v18765,0,37187
v28366,0,37187
v18764,0,37187
v24818,0,37187
v24822,0,37187
v18702,0,37187
v28367,0,37187
v24833,0,37187
v24839,0,37187
v24841,0,37187
v24847,0,37187
v18677,0,37187
v18669,0,37187
v18668,0,37187
v18663,0,37187
v28368,0,37187
v18661,0,37187
v24860,0,37187
v18659,0,37187
v24863,0,37187
v18653,0,37187
v18652,0,37187
v24867,0,37187
v24869,0,37187
v28369,0,37187
v24874,0,37187
v61476,0,37187
v18632,0,37187
v18630,0,37187
v18627,0,37187
v18626,0,37187
v18621,0,37187
v24893,0,37187
v24894,0,37187
v18610,0,37187
v24897,0,37187
v24898,0,37187
v24900,0,37187
v24901,0,37187
v24902,0,37187
v24904,0,37187
v24905,0,37187
v24906,0,37187
v24907,0,37187
v24908,0,37187
v18602,0,37187
v24913,0,37187
v18566,0,37187
v24919,0,37187
v24920,0,37187
v24921,0,37187
v24922,0,37187
v24927,0,37187
v24929,0,37187
v24930,0,37187
v18545,0,37187
v18544,0,37187
v24937,0,37187
v18543,0,37187
v18542,0,37187
v61477,0,37187
v24943,0,37187
v24947,0,37187
v24948,0,37187
v24954,0,37187
v24959,0,37187
v24960,0,37187
v24970,0,37187
v24977,0,37187
v24978,0,37187
v24979,0,37187
v24980,0,37187
v24982,0,37187
v61478,0,37187
v24989,0,37187
v24993,0,37187
v61479,0,37187
v61480,0,37187
v24999,0,37187
v61481,0,37187
v25008,0,37187
v61482,0,37187
v61483,0,37187
v25013,0,37187
v25014,0,37187
v25016,0,37187
v61484,0,37187
v25018,0,37187
v25019,0,37187
v25020,0,37187
v25024,0,37187
v25027,0,37187
v25028,0,37187
v25031,0,37187
v25042,0,37187
v25043,0,37187
v25045,0,37187
v18502,0,37187
v18500,0,37187
v25048,0,37187
v18492,0,37187
v61485,0,37187
v25061,0,37187
v25064,0,37187
v25066,0,37187
v25067,0,37187
v25068,0,37187
v25069,0,37187
v25070,0,37187
v25071,0,37187
v25072,0,37187
v25073,0,37187
v25076,0,37187
v25077,0,37187
v25079,0,37187
v25081,0,37187
v25082,0,37187
v25083,0,37187
v18483,0,37187
v25085,0,37187
v18473,0,37187
v25089,0,37187
v61487,0,37187
v61488,0,37187
v61489,0,37187
v25098,0,37187
v25099,0,37187
v25100,0,37187
v25101,0,37187
v25104,0,37187
v18447,0,37187
v25106,0,37187
v25111,0,37187
v25113,0,37187
v25116,0,37187
v18436,0,37187
v18416,0,37187
v25128,0,37187
v25129,0,37187
v18405,0,37187
v18388,0,37187
v25133,0,37187
v18386,0,37187
v25136,0,37187
v25138,0,37187
v25141,0,37187
v25148,0,37187
v25149,0,37187
v25158,0,37187
v25165,0,37187
v18341,0,37187
v18332,0,37187
v18331,0,37187
v25192,0,37187
v18330,0,37187
v25195,0,37187
v18328,0,37187
v25199,0,37187
v25200,0,37187
v25201,0,37187
v25202,0,37187
v25203,0,37187
v61490,0,37187
v25206,0,37187
v25207,0,37187
v25208,0,37187
v25212,0,37187
v25213,0,37187
v25215,0,37187
v25220,0,37187
v25225,0,37187
v25226,0,37187
v25229,0,37187
v25232,0,37187
v28370,0,37187
v25234,0,37187
v61491,0,37187
v25238,0,37187
v25244,0,37187
v18300,0,37187
v18299,0,37187
v25248,0,37187
v25252,0,37187
v25254,0,37187
v25255,0,37187
v25257,0,37187
v25258,0,37187
v25262,0,37187
v25264,0,37187
v25266,0,37187
v25267,0,37187
v61492,0,37187
v25269,0,37187
v25272,0,37187
v25274,0,37187
v25276,0,37187
v25277,0,37187
v25279,0,37187
v18264,0,37187
v25283,0,37187
v25285,0,37187
v25290,0,37187
v25292,0,37187
v18255,0,37187
v25295,0,37187
v25302,0,37187
v25305,0,37187
v25307,0,37187
v25311,0,37187
v25313,0,37187
v25321,0,37187
v61493,0,37187
v18235,0,37187
v28371,0,37187
v18234,0,37187
v25330,0,37187
v25331,0,37187
v25332,0,37187
v25333,0,37187
v25335,0,37187
v25336,0,37187
v61494,0,37187
v25338,0,37187
v25339,0,37187
v28374,0,37187
v25340,0,37187
v61495,0,37187
v18227,0,37187
v25346,0,37187
v25347,0,37187
v18226,0,37187
v18225,0,37187
v25352,0,37187
v25353,0,37187
v25354,0,37187
v25356,0,37187
v61496,0,37187
v61497,0,37187
v18215,0,37187
v25369,0,37187
v25372,0,37187
v25373,0,37187
v25374,0,37187
v25375,0,37187
v18176,0,37187
v25381,0,37187
v25382,0,37187
v18166,0,37187
v25388,0,37187
v18156,0,37187
v25396,0,37187
v25398,0,37187
v18137,0,37187
v18127,0,37187
v25406,0,37187
v25411,0,37187
v25412,0,37187
v18126,0,37187
v25416,0,37187
v18118,0,37187
v18108,0,37187
v18107,0,37187
v25426,0,37187
v25428,0,37187
v18104,0,37187
v18103,0,37187
v18100,0,37187
v25434,0,37187
v18099,0,37187
v18097,0,37187
v18096,0,37187
v18095,0,37187
v25443,0,37187
v18094,0,37187
v25445,0,37187
v25446,0,37187
v25447,0,37187
v25448,0,37187
v25449,0,37187
v18093,0,37187
v18092,0,37187
v18089,0,37187
v25455,0,37187
v25458,0,37187
v25459,0,37187
v61498,0,37187
v18088,0,37187
v25465,0,37187
v18085,0,37187
v25467,0,37187
v25468,0,37187
v25469,0,37187
v25470,0,37187
v25471,0,37187
v61499,0,37187
v61500,0,37187
v25481,0,37187
v25484,0,37187
v25486,0,37187
v25487,0,37187
v25488,0,37187
v18075,0,37187
v18073,0,37187
v18072,0,37187
v18070,0,37187
v25496,0,37187
v25497,0,37187
v25498,0,37187
v25503,0,37187
v25508,0,37187
v18041,0,37187
v25511,0,37187
v25512,0,37187
v18040,0,37187
v25517,0,37187
v25519,0,37187
v18033,0,37187
v61501,0,37187
v25525,0,37187
v25526,0,37187
v25527,0,37187
v25529,0,37187
v25530,0,37187
v18024,0,37187
v18021,0,37187
v25539,0,37187
v18000,0,37187
v25543,0,37187
v17975,0,37187
v17970,0,37187
v61502,0,37187
v17961,0,37187
v17958,0,37187
v17957,0,37187
v17950,0,37187
v17942,0,37187
v25562,0,37187
v60334,0,37187
v17938,0,37187
v17937,0,37187
v17934,0,37187
v17929,0,37187
v17928,0,37187
v17926,0,37187
v17925,0,37187
v17923,0,37187
v17922,0,37187
v17921,0,37187
v25582,0,37187
v17919,0,37187
v17918,0,37187
v61503,0,37187
v17917,0,37187
v25588,0,37187
v25592,0,37187
v17905,0,37187
v17901,0,37187
v17891,0,37187
v25601,0,37187
v25602,0,37187
v25603,0,37187
v25604,0,37187
v61504,0,37187
v17890,0,37187
v25608,0,37187
v17885,0,37187
v25613,0,37187
v25614,0,37187
v25615,0,37187
v17878,0,37187
v17877,0,37187
v25620,0,37187
v17871,0,37187
v17864,0,37187
v17862,0,37187
v25624,0,37187
v25625,0,37187
v25631,0,37187
v25637,0,37187
v17842,0,37187
v17841,0,37187
v25645,0,37187
v25647,0,37187
v25649,0,37187
v25652,0,37187
v25653,0,37187
v61505,0,37187
v17837,0,37187
v25659,0,37187
v25662,0,37187
v25663,0,37187
v25664,0,37187
v25666,0,37187
v25667,0,37187
v25669,0,37187
v17822,0,37187
v25674,0,37187
v25676,0,37187
v25677,0,37187
v25678,0,37187
v25679,0,37187
v17819,0,37187
v25681,0,37187
v17818,0,37187
v25683,0,37187
v17817,0,37187
v25686,0,37187
v25687,0,37187
v17816,0,37187
v17815,0,37187
v25692,0,37187
v17812,0,37187
v17811,0,37187
v17808,0,37187
v17801,0,37187
v17795,0,37187
v25705,0,37187
v25706,0,37187
v17793,0,37187
v17792,0,37187
v17791,0,37187
v17789,0,37187
v61506,0,37187
v17788,0,37187
v17787,0,37187
v61507,0,37187
v25715,0,37187
v17778,0,37187
v17777,0,37187
v25722,0,37187
v17775,0,37187
v26257,0,37187
v17772,0,37187
v25726,0,37187
v25728,0,37187
v17771,0,37187
v17770,0,37187
v17767,0,37187
v25734,0,37187
v25735,0,37187
v61509,0,37187
v25739,0,37187
v25742,0,37187
v25743,0,37187
v25745,0,37187
v25746,0,37187
v17762,0,37187
v25749,0,37187
v25754,0,37187
v25755,0,37187
v25763,0,37187
v17751,0,37187
v25766,0,37187
v17747,0,37187
v17740,0,37187
v17739,0,37187
v17738,0,37187
v17737,0,37187
v25777,0,37187
v25778,0,37187
v25780,0,37187
v25781,0,37187
v25782,0,37187
v25783,0,37187
v17723,0,37187
v17709,0,37187
v17707,0,37187
v17686,0,37187
v25797,0,37187
v25799,0,37187
v25800,0,37187
v25801,0,37187
v61510,0,37187
v25804,0,37187
v26259,0,37187
v25808,0,37187
v17681,0,37187
v22128,0,37187
v25822,0,37187
v25823,0,37187
v25824,0,37187
v25825,0,37187
v25826,0,37187
v25827,0,37187
v25829,0,37187
v25830,0,37187
v25831,0,37187
v17650,0,37187
v25833,0,37187
v25834,0,37187
v25837,0,37187
v17648,0,37187
v25840,0,37187
v25841,0,37187
v25842,0,37187
v25843,0,37187
v25844,0,37187
v25846,0,37187
v17645,0,37187
v25851,0,37187
v25852,0,37187
v25853,0,37187
v25855,0,37187
v25857,0,37187
v61511,0,37187
v25859,0,37187
v25860,0,37187
v25862,0,37187
v25863,0,37187
v25864,0,37187
v25865,0,37187
v25866,0,37187
v25867,0,37187
v17644,0,37187
v25870,0,37187
v25871,0,37187
v25876,0,37187
v25878,0,37187
v25880,0,37187
v25883,0,37187
v17643,0,37187
v25885,0,37187
v25886,0,37187
v17637,0,37187
v17629,0,37187
v25890,0,37187
v25891,0,37187
v25893,0,37187
v25897,0,37187
v25898,0,37187
v25901,0,37187
v17625,0,37187
v25906,0,37187
v25907,0,37187
v25908,0,37187
v25909,0,37187
v17624,0,37187
v17623,0,37187
v17622,0,37187
v61512,0,37187
v17610,0,37187
v17603,0,37187
v25927,0,37187
v17597,0,37187
v17593,0,37187
v17592,0,37187
v17591,0,37187
v17590,0,37187
v61513,0,37187
v17589,0,37187
v17585,0,37187
v17584,0,37187
v25945,0,37187
v17583,0,37187
v17582,0,37187
v17581,0,37187
v17580,0,37187
v25952,0,37187
v25953,0,37187
v25954,0,37187
v25955,0,37187
v17579,0,37187
v25959,0,37187
v17578,0,37187
v17577,0,37187
v17576,0,37187
v25969,0,37187
v25970,0,37187
v25971,0,37187
v25972,0,37187
v25973,0,37187
v25975,0,37187
v25976,0,37187
v25979,0,37187
v17573,0,37187
v17571,0,37187
v17570,0,37187
v17569,0,37187
v25986,0,37187
v25991,0,37187
v17563,0,37187
v17562,0,37187
v25997,0,37187
v25998,0,37187
v17551,0,37187
v26003,0,37187
v17550,0,37187
v17549,0,37187
v17548,0,37187
v17547,0,37187
v26009,0,37187
v17545,0,37187
v17544,0,37187
v26012,0,37187
v17543,0,37187
v17542,0,37187
v61514,0,37187
v17539,0,37187
v26023,0,37187
v26024,0,37187
v17538,0,37187
v17537,0,37187
v17536,0,37187
v17534,0,37187
v26260,0,37187
v17530,0,37187
v17527,0,37187
v17522,0,37187
v17519,0,37187
v17518,0,37187
v26040,0,37187
v17511,0,37187
v17510,0,37187
v26047,0,37187
v26049,0,37187
v17506,0,37187
v17505,0,37187
v17503,0,37187
v17495,0,37187
v26066,0,37187
v26068,0,37187
v17490,0,37187
v17487,0,37187
v26076,0,37187
v26077,0,37187
v26078,0,37187
v17486,0,37187
v17485,0,37187
v26092,0,37187
v17480,0,37187
v26102,0,37187
v26103,0,37187
v17476,0,37187
v17472,0,37187
v17471,0,37187
v17470,0,37187
v17468,0,37187
v17467,0,37187
v17463,0,37187
v26118,0,37187
v26126,0,37187
v17456,0,37187
v26128,0,37187
v17455,0,37187
v17454,0,37187
v26134,0,37187
v43226,0,37187
v17453,0,37187
v17452,0,37187
v17451,0,37187
v17450,0,37187
v26144,0,37187
v17449,0,37187
v17448,0,37187
v17447,0,37187
v26149,0,37187
v17446,0,37187
v17445,0,37187
v26158,0,37187
v26160,0,37187
v61517,0,37187
v17443,0,37187
v26163,0,37187
v17442,0,37187
v26165,0,37187
v17439,0,37187
v26175,0,37187
v26261,0,37187
v17436,0,37187
v26181,0,37187
v26182,0,37187
v17435,0,37187
v26184,0,37187
v26191,0,37187
v26193,0,37187
v26195,0,37187
v26197,0,37187
v26198,0,37187
v26199,0,37187
v26200,0,37187
v26201,0,37187
v26204,0,37187
v17419,0,37187
v26207,0,37187
v26208,0,37187
v61518,0,37187
v17418,0,37187
v26211,0,37187
v26212,0,37187
v26213,0,37187
v26214,0,37187
v17417,0,37187
v26217,0,37187
v26220,0,37187
v26221,0,37187
v17416,0,37187
v26225,0,37187
v26226,0,37187
v26227,0,37187
v26228,0,37187
v26229,0,37187
v26230,0,37187
v26231,0,37187
v17415,0,37187
v26233,0,37187
v17414,0,37187
v61519,0,37187
v17413,0,37187
v26239,0,37187
v17412,0,37187
v26264,0,37187
v17411,0,37187
v17410,0,37187
v17409,0,37187
v17406,0,37187
v17405,0,37187
v17404,0,37187
v17403,0,37187
v26276,0,37187
v17402,0,37187
v17401,0,37187
v17400,0,37187
v26281,0,37187
v17399,0,37187
v26284,0,37187
v26285,0,37187
v17397,0,37187
v26288,0,37187
v26289,0,37187
v26290,0,37187
v26292,0,37187
v26295,0,37187
v26297,0,37187
v17389,0,37187
v17384,0,37187
v17383,0,37187
v17382,0,37187
v17379,0,37187
v61520,0,37187
v26309,0,37187
v17375,0,37187
v26311,0,37187
v26312,0,37187
v17374,0,37187
v26320,0,37187
v26321,0,37187
v26322,0,37187
v26324,0,37187
v26325,0,37187
v26326,0,37187
v26327,0,37187
v61521,0,37187
v26331,0,37187
v26335,0,37187
v26337,0,37187
v17366,0,37187
v26339,0,37187
v26341,0,37187
v26342,0,37187
v26343,0,37187
v17364,0,37187
v26347,0,37187
v26348,0,37187
v26349,0,37187
v26350,0,37187
v61522,0,37187
v17362,0,37187
v17361,0,37187
v17360,0,37187
v26361,0,37187
v61523,0,37187
v26366,0,37187
v17353,0,37187
v26369,0,37187
v26372,0,37187
v17350,0,37187
v26377,0,37187
v17348,0,37187
v26381,0,37187
v17347,0,37187
v17346,0,37187
v17340,0,37187
v26389,0,37187
v17338,0,37187
v26392,0,37187
v17328,0,37187
v17327,0,37187
v17326,0,37187
v17325,0,37187
v26398,0,37187
v17324,0,37187
v17323,0,37187
v26401,0,37187
v17322,0,37187
v26403,0,37187
v17321,0,37187
v26406,0,37187
v26408,0,37187
v17320,0,37187
v26412,0,37187
v17318,0,37187
v17317,0,37187
v17316,0,37187
v17315,0,37187
v17313,0,37187
v17312,0,37187
v17311,0,37187
v26422,0,37187
v17310,0,37187
v17309,0,37187
v17308,0,37187
v17297,0,37187
v26436,0,37187
v26437,0,37187
v17280,0,37187
v17278,0,37187
v26447,0,37187
v17277,0,37187
v26449,0,37187
v26451,0,37187
v17276,0,37187
v26453,0,37187
v26455,0,37187
v26456,0,37187
v26457,0,37187
v26458,0,37187
v17260,0,37187
v17259,0,37187
v26470,0,37187
v17258,0,37187
v17256,0,37187
v17254,0,37187
v17253,0,37187
v17252,0,37187
v27304,0,37187
v17251,0,37187
v17250,0,37187
v17241,0,37187
v17240,0,37187
v17237,0,37187
v17234,0,37187
v26493,0,37187
v17233,0,37187
v26497,0,37187
v17231,0,37187
v17230,0,37187
v26504,0,37187
v26505,0,37187
v17229,0,37187
v17228,0,37187
v17227,0,37187
v26509,0,37187
v26510,0,37187
v17226,0,37187
v17224,0,37187
v61525,0,37187
v17223,0,37187
v61526,0,37187
v17222,0,37187
v17221,0,37187
v26526,0,37187
v26527,0,37187
v17220,0,37187
v17219,0,37187
v17216,0,37187
v17213,0,37187
v17209,0,37187
v26539,0,37187
v17207,0,37187
v17206,0,37187
v26546,0,37187
v17204,0,37187
v26549,0,37187
v26550,0,37187
v17201,0,37187
v17200,0,37187
v26557,0,37187
v17199,0,37187
v26559,0,37187
v17198,0,37187
v26562,0,37187
v17197,0,37187
v17196,0,37187
v26565,0,37187
v17195,0,37187
v17194,0,37187
v17193,0,37187
v17192,0,37187
v61527,0,37187
v26572,0,37187
v17191,0,37187
v26574,0,37187
v26575,0,37187
v26576,0,37187
v17190,0,37187
v17189,0,37187
v17188,0,37187
v26582,0,37187
v26584,0,37187
v26585,0,37187
v17187,0,37187
v17186,0,37187
v17185,0,37187
v17184,0,37187
v17183,0,37187
v17182,0,37187
v17181,0,37187
v27309,0,37187
v27310,0,37187
v17180,0,37187
v26595,0,37187
v26596,0,37187
v26597,0,37187
v26599,0,37187
v26600,0,37187
v26601,0,37187
v17179,0,37187
v17178,0,37187
v26606,0,37187
v17174,0,37187
v17173,0,37187
v17172,0,37187
v17171,0,37187
v17170,0,37187
v17168,0,37187
v17164,0,37187
v17163,0,37187
v17162,0,37187
v17161,0,37187
v60332,0,37187
v60331,0,37187
v26625,0,37187
v26626,0,37187
v26635,0,37187
v26636,0,37187
v17134,0,37187
v26641,0,37187
v26645,0,37187
v26649,0,37187
v26650,0,37187
v26653,0,37187
v17112,0,37187
v26657,0,37187
v26658,0,37187
v26661,0,37187
v26662,0,37187
v61528,0,37187
v17105,0,37187
v61529,0,37187
v26673,0,37187
v17097,0,37187
v17096,0,37187
v26679,0,37187
v61530,0,37187
v61531,0,37187
v26692,0,37187
v26693,0,37187
v26694,0,37187
v26698,0,37187
v26700,0,37187
v61534,0,37187
v26709,0,37187
v26710,0,37187
v26712,0,37187
v26713,0,37187
v26717,0,37187
v26718,0,37187
v26719,0,37187
v17060,0,37187
v17059,0,37187
v17054,0,37187
v26725,0,37187
v17053,0,37187
v17052,0,37187
v17047,0,37187
v26729,0,37187
v17044,0,37187
v17043,0,37187
v17042,0,37187
v17041,0,37187
v17040,0,37187
v17039,0,37187
v26737,0,37187
v26740,0,37187
v17034,0,37187
v61535,0,37187
v61536,0,37187
v26751,0,37187
v26753,0,37187
v26754,0,37187
v26755,0,37187
v17026,0,37187
v17025,0,37187
v17020,0,37187
v26768,0,37187
v26769,0,37187
v17019,0,37187
v17016,0,37187
v17015,0,37187
v28381,0,37187
v26780,0,37187
v26781,0,37187
v16985,0,37187
v16981,0,37187
v16980,0,37187
v26798,0,37187
v28382,0,37187
v26801,0,37187
v16975,0,37187
v16973,0,37187
v16972,0,37187
v26808,0,37187
v26810,0,37187
v16966,0,37187
v26818,0,37187
v16959,0,37187
v26820,0,37187
v26822,0,37187
v26823,0,37187
v26824,0,37187
v26825,0,37187
v26826,0,37187
v26827,0,37187
v26828,0,37187
v26829,0,37187
v26830,0,37187
v26831,0,37187
v16949,0,37187
v26835,0,37187
v26836,0,37187
v16948,0,37187
v16947,0,37187
v16946,0,37187
v26840,0,37187
v26847,0,37187
v26848,0,37187
v26851,0,37187
v16938,0,37187
v26854,0,37187
v16924,0,37187
v26861,0,37187
v16920,0,37187
v26863,0,37187
v26864,0,37187
v26866,0,37187
v26871,0,37187
v26872,0,37187
v26874,0,37187
v26877,0,37187
v26878,0,37187
v26881,0,37187
v26883,0,37187
v26884,0,37187
v26885,0,37187
v26886,0,37187
v26887,0,37187
v16914,0,37187
v16913,0,37187
v16912,0,37187
v16911,0,37187
v16903,0,37187
v16899,0,37187
v16898,0,37187
v16897,0,37187
v26899,0,37187
v16892,0,37187
v26904,0,37187
v16879,0,37187
v16878,0,37187
v16876,0,37187
v26913,0,37187
v16864,0,37187
v26919,0,37187
v26249,0,37187
v16840,0,37187
v16838,0,37187
v26927,0,37187
v16837,0,37187
v26935,0,37187
v16834,0,37187
v26940,0,37187
v16833,0,37187
v26945,0,37187
v16832,0,37187
v16830,0,37187
v16829,0,37187
v26956,0,37187
v16828,0,37187
v26958,0,37187
v16827,0,37187
v26962,0,37187
v16824,0,37187
v16822,0,37187
v16821,0,37187
v61537,0,37187
v26978,0,37187
v26979,0,37187
v16811,0,37187
v16807,0,37187
v26991,0,37187
v26992,0,37187
v26998,0,37187
v27000,0,37187
v27002,0,37187
v27003,0,37187
v27004,0,37187
v27005,0,37187
v27006,0,37187
v27007,0,37187
v27008,0,37187
v27009,0,37187
v27010,0,37187
v27011,0,37187
v27013,0,37187
v16790,0,37187
v27021,0,37187
v27023,0,37187
v27024,0,37187
v27025,0,37187
v27031,0,37187
v16775,0,37187
v27035,0,37187
v27036,0,37187
v27038,0,37187
v27041,0,37187
v61538,0,37187
v16764,0,37187
v27045,0,37187
v27046,0,37187
v27050,0,37187
v27054,0,37187
v16747,0,37187
v16745,0,37187
v27060,0,37187
v61539,0,37187
v27062,0,37187
v61540,0,37187
v16740,0,37187
v16739,0,37187
v16728,0,37187
v16726,0,37187
v16725,0,37187
v16724,0,37187
v27076,0,37187
v27077,0,37187
v27078,0,37187
v27080,0,37187
v27082,0,37187
v27084,0,37187
v27088,0,37187
v27090,0,37187
v27093,0,37187
v27094,0,37187
v27095,0,37187
v16706,0,37187
v27097,0,37187
v27098,0,37187
v27099,0,37187
v27100,0,37187
v27101,0,37187
v27102,0,37187
v27103,0,37187
v27104,0,37187
v27105,0,37187
v27106,0,37187
v27107,0,37187
v27108,0,37187
v27109,0,37187
v27110,0,37187
v27111,0,37187
v27112,0,37187
v27114,0,37187
v27115,0,37187
v27116,0,37187
v16701,0,37187
v27120,0,37187
v27121,0,37187
v27122,0,37187
v27123,0,37187
v27124,0,37187
v27125,0,37187
v27126,0,37187
v27127,0,37187
v27128,0,37187
v27129,0,37187
v27131,0,37187
v61541,0,37187
v27135,0,37187
v27137,0,37187
v27139,0,37187
v27142,0,37187
v27144,0,37187
v27145,0,37187
v27146,0,37187
v16686,0,37187
v61542,0,37187
v27150,0,37187
v27163,0,37187
v27171,0,37187
v61545,0,37187
v16649,0,37187
v27175,0,37187
v27176,0,37187
v27177,0,37187
v27178,0,37187
v27179,0,37187
v27180,0,37187
v27181,0,37187
v27182,0,37187
v27183,0,37187
v16646,0,37187
v27187,0,37187
v27188,0,37187
v27190,0,37187
v27191,0,37187
v27192,0,37187
v16634,0,37187
v27194,0,37187
v27197,0,37187
v27198,0,37187
v27199,0,37187
v27200,0,37187
v27201,0,37187
v27202,0,37187
v27203,0,37187
v27204,0,37187
v27205,0,37187
v27206,0,37187
v27207,0,37187
v27208,0,37187
v27209,0,37187
v27210,0,37187
v16631,0,37187
v61546,0,37187
v27217,0,37187
v27218,0,37187
v27219,0,37187
v27220,0,37187
v27221,0,37187
v27222,0,37187
v27223,0,37187
v27224,0,37187
v27228,0,37187
v27229,0,37187
v27230,0,37187
v27231,0,37187
v27232,0,37187
v27233,0,37187
v27234,0,37187
v27237,0,37187
v27238,0,37187
v27239,0,37187
v27242,0,37187
v27243,0,37187
v27244,0,37187
v27245,0,37187
v27246,0,37187
v27247,0,37187
v27249,0,37187
v27250,0,37187
v27251,0,37187
v27252,0,37187
v27253,0,37187
v27254,0,37187
v27255,0,37187
v27256,0,37187
v27257,0,37187
v27258,0,37187
v27259,0,37187
v27260,0,37187
v27261,0,37187
v27262,0,37187
v27263,0,37187
v61547,0,37187
v16614,0,37187
v27266,0,37187
v27267,0,37187
v27268,0,37187
v27269,0,37187
v16613,0,37187
v16601,0,37187
v27277,0,37187
v27278,0,37187
v27279,0,37187
v27280,0,37187
v27281,0,37187
v27282,0,37187
v27283,0,37187
v16578,0,37187
v27287,0,37187
v27288,0,37187
v27313,0,37187
v27314,0,37187
v61548,0,37187
v27316,0,37187
v27317,0,37187
v27318,0,37187
v27319,0,37187
v27328,0,37187
v27330,0,37187
v16573,0,37187
v16572,0,37187
v27334,0,37187
v27335,0,37187
v27337,0,37187
v16571,0,37187
v27341,0,37187
v27342,0,37187
v27344,0,37187
v27346,0,37187
v27347,0,37187
v27348,0,37187
v27349,0,37187
v27352,0,37187
v27353,0,37187
v27354,0,37187
v27356,0,37187
v27357,0,37187
v27359,0,37187
v27360,0,37187
v27362,0,37187
v27363,0,37187
v27364,0,37187
v16562,0,37187
v16551,0,37187
v16548,0,37187
v27371,0,37187
v27372,0,37187
v27373,0,37187
v27374,0,37187
v16547,0,37187
v27378,0,37187
v16543,0,37187
v27382,0,37187
v16542,0,37187
v16513,0,37187
v27388,0,37187
v27390,0,37187
v27393,0,37187
v27395,0,37187
v27396,0,37187
v27397,0,37187
v27400,0,37187
v27401,0,37187
v27402,0,37187
v27403,0,37187
v27404,0,37187
v27405,0,37187
v27406,0,37187
v27408,0,37187
v27410,0,37187
v27411,0,37187
v27412,0,37187
v27413,0,37187
v27415,0,37187
v27424,0,37187
v27425,0,37187
v27426,0,37187
v27431,0,37187
v27432,0,37187
v27435,0,37187
v16500,0,37187
v27438,0,37187
v16496,0,37187
v27443,0,37187
v27445,0,37187
v61552,0,37187
v16472,0,37187
v27454,0,37187
v16457,0,37187
v16455,0,37187
v16453,0,37187
v16452,0,37187
v27459,0,37187
v16436,0,37187
v27463,0,37187
v27464,0,37187
v27466,0,37187
v27467,0,37187
v27469,0,37187
v16417,0,37187
v27474,0,37187
v27475,0,37187
v27476,0,37187
v27477,0,37187
v27479,0,37187
v27481,0,37187
v27482,0,37187
v27483,0,37187
v27490,0,37187
v16396,0,37187
v27494,0,37187
v27497,0,37187
v27498,0,37187
v27500,0,37187
v27501,0,37187
v27508,0,37187
v16373,0,37187
v27510,0,37187
v27513,0,37187
v27514,0,37187
v27515,0,37187
v27518,0,37187
v16362,0,37187
v27520,0,37187
v27522,0,37187
v16360,0,37187
v27524,0,37187
v27525,0,37187
v27526,0,37187
v27527,0,37187
v27528,0,37187
v27530,0,37187
v27531,0,37187
v27532,0,37187
v27533,0,37187
v27535,0,37187
v27536,0,37187
v27537,0,37187
v27540,0,37187
v27541,0,37187
v27542,0,37187
v27543,0,37187
v27544,0,37187
v27545,0,37187
v27546,0,37187
v27547,0,37187
v27550,0,37187
v27551,0,37187
v61554,0,37187
v27554,0,37187
v27560,0,37187
v27561,0,37187
v27562,0,37187
v27564,0,37187
v16333,0,37187
v27566,0,37187
v27567,0,37187
v27568,0,37187
v27569,0,37187
v27570,0,37187
v27572,0,37187
v27573,0,37187
v27574,0,37187
v27575,0,37187
v16331,0,37187
v16329,0,37187
v16328,0,37187
v27581,0,37187
v27582,0,37187
v27583,0,37187
v27584,0,37187
v27585,0,37187
v27588,0,37187
v27589,0,37187
v61555,0,37187
v27591,0,37187
v27593,0,37187
v27594,0,37187
v27596,0,37187
v27598,0,37187
v27600,0,37187
v27601,0,37187
v27602,0,37187
v27603,0,37187
v27604,0,37187
v16324,0,37187
v16323,0,37187
v27611,0,37187
v27612,0,37187
v27613,0,37187
v27614,0,37187
v27615,0,37187
v27616,0,37187
v27617,0,37187
v27618,0,37187
v27619,0,37187
v27620,0,37187
v27621,0,37187
v27622,0,37187
v16319,0,37187
v16318,0,37187
v27625,0,37187
v27627,0,37187
v27631,0,37187
v27638,0,37187
v27639,0,37187
v16313,0,37187
v27644,0,37187
v61556,0,37187
v27648,0,37187
v27652,0,37187
v16303,0,37187
v16302,0,37187
v16301,0,37187
v27657,0,37187
v16300,0,37187
v16299,0,37187
v27664,0,37187
v61557,0,37187
v27666,0,37187
v16288,0,37187
v27671,0,37187
v27672,0,37187
v27675,0,37187
v27677,0,37187
v27678,0,37187
v27679,0,37187
v61558,0,37187
v27683,0,37187
v16278,0,37187
v27689,0,37187
v27690,0,37187
v16271,0,37187
v27692,0,37187
v27693,0,37187
v27694,0,37187
v27695,0,37187
v27700,0,37187
v27701,0,37187
v27703,0,37187
v27709,0,37187
v27710,0,37187
v27711,0,37187
v27712,0,37187
v27713,0,37187
v27714,0,37187
v27715,0,37187
v27716,0,37187
v27717,0,37187
v27718,0,37187
v27719,0,37187
v27720,0,37187
v27721,0,37187
v27724,0,37187
v27725,0,37187
v27726,0,37187
v27727,0,37187
v27728,0,37187
v27729,0,37187
v27730,0,37187
v61559,0,37187
v27733,0,37187
v27734,0,37187
v60328,0,37187
v27738,0,37187
v27739,0,37187
v27740,0,37187
v27742,0,37187
v27743,0,37187
v27744,0,37187
v27745,0,37187
v16247,0,37187
v16236,0,37187
v16233,0,37187
v27757,0,37187
v27758,0,37187
v27759,0,37187
v27760,0,37187
v27761,0,37187
v27762,0,37187
v27763,0,37187
v27764,0,37187
v27765,0,37187
v27766,0,37187
v27768,0,37187
v27769,0,37187
v27771,0,37187
v25188,0,37187
v16203,0,37187
v16188,0,37187
v16182,0,37187
v16174,0,37187
v16162,0,37187
v27799,0,37187
v16148,0,37187
v27802,0,37187
v22119,0,37187
v16140,0,37187
v27812,0,37187
v16119,0,37187
v16116,0,37187
v16115,0,37187
v27822,0,37187
v16113,0,37187
v27828,0,37187
v16095,0,37187
v61560,0,37187
v27836,0,37187
v27837,0,37187
v27838,0,37187
v27839,0,37187
v27843,0,37187
v27844,0,37187
v27845,0,37187
v27846,0,37187
v27847,0,37187
v27848,0,37187
v27849,0,37187
v27850,0,37187
v27851,0,37187
v27852,0,37187
v27853,0,37187
v27854,0,37187
v27855,0,37187
v27856,0,37187
v27857,0,37187
v27859,0,37187
v27863,0,37187
v27865,0,37187
v27868,0,37187
v27869,0,37187
v27870,0,37187
v27871,0,37187
v27872,0,37187
v27873,0,37187
v27874,0,37187
v27875,0,37187
v27876,0,37187
v27877,0,37187
v27879,0,37187
v61561,0,37187
v27881,0,37187
v27884,0,37187
v61562,0,37187
v27887,0,37187
v27888,0,37187
v16071,0,37187
v27890,0,37187
v27895,0,37187
v27909,0,37187
v16063,0,37187
v27915,0,37187
v16053,0,37187
v27917,0,37187
v16052,0,37187
v27921,0,37187
v61563,0,37187
v27926,0,37187
v16045,0,37187
v27929,0,37187
v27930,0,37187
v27933,0,37187
v61564,0,37187
v27936,0,37187
v27937,0,37187
v27939,0,37187
v61565,0,37187
v27947,0,37187
v27949,0,37187
v61566,0,37187
v27953,0,37187
v27954,0,37187
v27957,0,37187
v27971,0,37187
v27972,0,37187
v27975,0,37187
v27979,0,37187
v27980,0,37187
v27982,0,37187
v27983,0,37187
v15999,0,37187
v15998,0,37187
v15995,0,37187
v15994,0,37187
v15993,0,37187
v15992,0,37187
v15991,0,37187
v61568,0,37187
v61569,0,37187
v15971,0,37187
v15970,0,37187
v28005,0,37187
v15965,0,37187
v28008,0,37187
v28010,0,37187
v61570,0,37187
v15956,0,37187
v15953,0,37187
v28018,0,37187
v60327,0,37187
v61571,0,37187
v28026,0,37187
v15938,0,37187
v15937,0,37187
v15936,0,37187
v15930,0,37187
v28036,0,37187
v28037,0,37187
v28038,0,37187
v28040,0,37187
v15924,0,37187
v15923,0,37187
v15922,0,37187
v15921,0,37187
v15920,0,37187
v28052,0,37187
v28053,0,37187
v28055,0,37187
v28056,0,37187
v28059,0,37187
v28060,0,37187
v28061,0,37187
v28062,0,37187
v15917,0,37187
v28066,0,37187
v28067,0,37187
v28068,0,37187
v28072,0,37187
v28073,0,37187
v61572,0,37187
v28078,0,37187
v22112,0,37187
v28081,0,37187
v15887,0,37187
v28088,0,37187
v15882,0,37187
v28090,0,37187
v15880,0,37187
v28095,0,37187
v15877,0,37187
v28100,0,37187
v28102,0,37187
v15875,0,37187
v15868,0,37187
v15863,0,37187
v15858,0,37187
v28115,0,37187
v28116,0,37187
v15850,0,37187
v28120,0,37187
v28121,0,37187
v15849,0,37187
v15848,0,37187
v15847,0,37187
v15846,0,37187
v15841,0,37187
v28135,0,37187
v28138,0,37187
v61573,0,37187
v15829,0,37187
v15828,0,37187
v28147,0,37187
v15819,0,37187
v28153,0,37187
v15811,0,37187
v15809,0,37187
v28162,0,37187
v28165,0,37187
v28166,0,37187
v28167,0,37187
v15805,0,37187
v28169,0,37187
v15801,0,37187
v28174,0,37187
v15790,0,37187
v28177,0,37187
v28178,0,37187
v28180,0,37187
v15788,0,37187
v15787,0,37187
v15786,0,37187
v15780,0,37187
v28191,0,37187
v28193,0,37187
v15779,0,37187
v15777,0,37187
v28197,0,37187
v15774,0,37187
v61574,0,37187
v15766,0,37187
v15765,0,37187
v15758,0,37187
v15756,0,37187
v28211,0,37187
v28212,0,37187
v61578,0,37187
v28219,0,37187
v28221,0,37187
v28223,0,37187
v15752,0,37187
v28226,0,37187
v28227,0,37187
v28229,0,37187
v28231,0,37187
v62381,0,37187
v15741,0,37187
v15728,0,37187
v28246,0,37187
v15725,0,37187
v15714,0,37187
v28265,0,37187
v61582,0,37187
v15701,0,37187
v28276,0,37187
v28277,0,37187
v15689,0,37187
v15688,0,37187
v15686,0,37187
v28282,0,37187
v28284,0,37187
v15681,0,37187
v28288,0,37187
v28291,0,37187
v28292,0,37187
v28293,0,37187
v15676,0,37187
v28299,0,37187
v28301,0,37187
v15674,0,37187
v28305,0,37187
v15673,0,37187
v15668,0,37187
v15665,0,37187
v15644,0,37187
v15642,0,37187
v60326,0,37187
v15623,0,37187
v28336,0,37187
v28337,0,37187
v28338,0,37187
v15622,0,37187
v15616,0,37187
v15611,0,37187
v15608,0,37187
v29424,0,37187
v15607,0,37187
v15599,0,37187
v60325,0,37187
v60324,0,37187
v28355,0,37187
v28356,0,37187
v15578,0,37187
v15566,0,37187
v15561,0,37187
v28409,0,37187
v61583,0,37187
v28416,0,37187
v61584,0,37187
v61585,0,37187
v61586,0,37187
v15549,0,37187
v28433,0,37187
v28441,0,37187
v15541,0,37187
v15536,0,37187
v15535,0,37187
v28447,0,37187
v15532,0,37187
v61587,0,37187
v15510,0,37187
v61588,0,37187
v15508,0,37187
v60323,0,37187
v60322,0,37187
v28480,0,37187
v60321,0,37187
v28488,0,37187
v28489,0,37187
v28491,0,37187
v28492,0,37187
v28493,0,37187
v28494,0,37187
v28495,0,37187
v28496,0,37187
v28500,0,37187
v15490,0,37187
v28502,0,37187
v15488,0,37187
v15487,0,37187
v15481,0,37187
v15467,0,37187
v28514,0,37187
v28515,0,37187
v28522,0,37187
v28526,0,37187
v15449,0,37187
v28528,0,37187
v15445,0,37187
v52497,0,37187
v15434,0,37187
v23117,0,37187
v28549,0,37187
v15424,0,37187
v28551,0,37187
v28552,0,37187
v15421,0,37187
v28554,0,37187
v15399,0,37187
v15385,0,37187
v61589,0,37187
v15383,0,37187
v15382,0,37187
v28578,0,37187
v15381,0,37187
v15380,0,37187
v15378,0,37187
v15377,0,37187
v15376,0,37187
v15375,0,37187
v28588,0,37187
v15363,0,37187
v15362,0,37187
v28599,0,37187
v30527,0,37187
v28602,0,37187
v61591,0,37187
v28611,0,37187
v61592,0,37187
v61593,0,37187
v30549,0,37187
v30550,0,37187
v15341,0,37187
v15335,0,37187
v15334,0,37187
v28629,0,37187
v15333,0,37187
v28637,0,37187
v61594,0,37187
v15325,0,37187
v15320,0,37187
v15292,0,37187
v28655,0,37187
v61597,0,37187
v28661,0,37187
v15280,0,37187
v15279,0,37187
v15267,0,37187
v15266,0,37187
v15261,0,37187
v28675,0,37187
v15260,0,37187
v28677,0,37187
v15258,0,37187
v28679,0,37187
v28680,0,37187
v28681,0,37187
v15249,0,37187
v28685,0,37187
v28687,0,37187
v28688,0,37187
v28692,0,37187
v28693,0,37187
v15247,0,37187
v61598,0,37187
v28699,0,37187
v28702,0,37187
v15236,0,37187
v28708,0,37187
v15235,0,37187
v15232,0,37187
v15230,0,37187
v15227,0,37187
v28720,0,37187
v28721,0,37187
v28723,0,37187
v28724,0,37187
v61599,0,37187
v28729,0,37187
v15218,0,37187
v28734,0,37187
v28735,0,37187
v15209,0,37187
v28738,0,37187
v28740,0,37187
v15207,0,37187
v28743,0,37187
v28745,0,37187
v28748,0,37187
v15203,0,37187
v15202,0,37187
v15201,0,37187
v15200,0,37187
v28756,0,37187
v28759,0,37187
v28761,0,37187
v28763,0,37187
v28765,0,37187
v61600,0,37187
v28767,0,37187
v28768,0,37187
v28769,0,37187
v28770,0,37187
v61601,0,37187
v28772,0,37187
v28773,0,37187
v15196,0,37187
v15192,0,37187
v15190,0,37187
v28783,0,37187
v15187,0,37187
v15186,0,37187
v28787,0,37187
v28788,0,37187
v28790,0,37187
v28791,0,37187
v28796,0,37187
v28802,0,37187
v15171,0,37187
v61602,0,37187
v15152,0,37187
v61603,0,37187
v28819,0,37187
v15146,0,37187
v15142,0,37187
v28822,0,37187
v15141,0,37187
v28827,0,37187
v28829,0,37187
v28830,0,37187
v30529,0,37187
v15133,0,37187
v15129,0,37187
v61604,0,37187
v28838,0,37187
v15113,0,37187
v28846,0,37187
v15100,0,37187
v15099,0,37187
v28851,0,37187
v61605,0,37187
v15091,0,37187
v15089,0,37187
v15088,0,37187
v15087,0,37187
v15086,0,37187
v21203,0,37187
v28872,0,37187
v28878,0,37187
v61607,0,37187
v61608,0,37187
v15055,0,37187
v15054,0,37187
v61609,0,37187
v28899,0,37187
v15049,0,37187
v15048,0,37187
v15047,0,37187
v28908,0,37187
v28911,0,37187
v15039,0,37187
v28916,0,37187
v28920,0,37187
v15035,0,37187
v15033,0,37187
v28923,0,37187
v15031,0,37187
v15030,0,37187
v28932,0,37187
v28938,0,37187
v15014,0,37187
v28944,0,37187
v36803,0,37187
v28947,0,37187
v28949,0,37187
v28954,0,37187
v28958,0,37187
v28959,0,37187
v28960,0,37187
v28962,0,37187
v28964,0,37187
v14993,0,37187
v14991,0,37187
v28972,0,37187
v28974,0,37187
v28976,0,37187
v28977,0,37187
v14985,0,37187
v28979,0,37187
v28980,0,37187
v14982,0,37187
v61611,0,37187
v14981,0,37187
v28984,0,37187
v28988,0,37187
v14976,0,37187
v28990,0,37187
v28991,0,37187
v28994,0,37187
v28997,0,37187
v28998,0,37187
v14974,0,37187
v29000,0,37187
v30532,0,37187
v29002,0,37187
v29003,0,37187
v14971,0,37187
v29014,0,37187
v14930,0,37187
v29016,0,37187
v29017,0,37187
v14916,0,37187
v29022,0,37187
v29023,0,37187
v29024,0,37187
v14912,0,37187
v14907,0,37187
v61612,0,37187
v14899,0,37187
v29425,0,37187
v14898,0,37187
v14883,0,37187
v29036,0,37187
v29037,0,37187
v29042,0,37187
v29044,0,37187
v29045,0,37187
v29046,0,37187
v14856,0,37187
v29058,0,37187
v61613,0,37187
v14853,0,37187
v14848,0,37187
v29064,0,37187
v29071,0,37187
v14821,0,37187
v14820,0,37187
v20296,0,37187
v29078,0,37187
v29083,0,37187
v14801,0,37187
v14800,0,37187
v29088,0,37187
v29091,0,37187
v29092,0,37187
v29094,0,37187
v29095,0,37187
v61614,0,37187
v29101,0,37187
v29106,0,37187
v18583,0,37187
v29109,0,37187
v29110,0,37187
v61615,0,37187
v29113,0,37187
v29115,0,37187
v29116,0,37187
v29117,0,37187
v29119,0,37187
v14755,0,37187
v29127,0,37187
v29128,0,37187
v29136,0,37187
v29142,0,37187
v14748,0,37187
v14747,0,37187
v61617,0,37187
v61618,0,37187
v29150,0,37187
v29157,0,37187
v29158,0,37187
v29159,0,37187
v29160,0,37187
v29163,0,37187
v29164,0,37187
v29165,0,37187
v29166,0,37187
v61619,0,37187
v29174,0,37187
v29175,0,37187
v29177,0,37187
v29178,0,37187
v29179,0,37187
v29180,0,37187
v29183,0,37187
v29185,0,37187
v14727,0,37187
v14725,0,37187
v14723,0,37187
v14721,0,37187
v14717,0,37187
v29201,0,37187
v29202,0,37187
v29203,0,37187
v29204,0,37187
v29205,0,37187
v29206,0,37187
v29207,0,37187
v29208,0,37187
v29209,0,37187
v29210,0,37187
v29211,0,37187
v29217,0,37187
v29219,0,37187
v29220,0,37187
v29221,0,37187
v29222,0,37187
v29224,0,37187
v29225,0,37187
v29226,0,37187
v29229,0,37187
v29230,0,37187
v29233,0,37187
v29236,0,37187
v29237,0,37187
v61621,0,37187
v29241,0,37187
v14699,0,37187
v14625,0,37187
v61622,0,37187
v14620,0,37187
v29258,0,37187
v29260,0,37187
v29261,0,37187
v29264,0,37187
v14607,0,37187
v14606,0,37187
v14605,0,37187
v14604,0,37187
v14589,0,37187
v29274,0,37187
v14586,0,37187
v14585,0,37187
v61623,0,37187
v14582,0,37187
v14580,0,37187
v14579,0,37187
v29291,0,37187
v29293,0,37187
v29294,0,37187
v14578,0,37187
v14577,0,37187
v14571,0,37187
v29303,0,37187
v14566,0,37187
v14565,0,37187
v29307,0,37187
v14563,0,37187
v14561,0,37187
v14560,0,37187
v14555,0,37187
v29317,0,37187
v29318,0,37187
v29319,0,37187
v29320,0,37187
v29321,0,37187
v29322,0,37187
v29328,0,37187
v14546,0,37187
v29331,0,37187
v29333,0,37187
v29335,0,37187
v61624,0,37187
v14544,0,37187
v14543,0,37187
v29341,0,37187
v29343,0,37187
v14540,0,37187
v61625,0,37187
v14539,0,37187
v61626,0,37187
v29352,0,37187
v14538,0,37187
v29354,0,37187
v14689,0,37187
v14532,0,37187
v29366,0,37187
v14530,0,37187
v29375,0,37187
v61627,0,37187
v29377,0,37187
v29382,0,37187
v14518,0,37187
v29384,0,37187
v14517,0,37187
v14516,0,37187
v14515,0,37187
v29395,0,37187
v30534,0,37187
v14499,0,37187
v14490,0,37187
v14483,0,37187
v29429,0,37187
v14479,0,37187
v29434,0,37187
v29436,0,37187
v29441,0,37187
v14472,0,37187
v14469,0,37187
v14468,0,37187
v14467,0,37187
v29453,0,37187
v61631,0,37187
v29459,0,37187
v14464,0,37187
v29461,0,37187
v29462,0,37187
v29463,0,37187
v14463,0,37187
v29477,0,37187
v29478,0,37187
v29479,0,37187
v29481,0,37187
v14453,0,37187
v29485,0,37187
v61634,0,37187
v29492,0,37187
v14437,0,37187
v14429,0,37187
v29507,0,37187
v29508,0,37187
v29509,0,37187
v29513,0,37187
v29515,0,37187
v14422,0,37187
v29519,0,37187
v29520,0,37187
v14420,0,37187
v29524,0,37187
v14416,0,37187
v29530,0,37187
v14409,0,37187
v29534,0,37187
v14407,0,37187
v14406,0,37187
v14404,0,37187
v29540,0,37187
v14403,0,37187
v29542,0,37187
v29548,0,37187
v14399,0,37187
v14398,0,37187
v14397,0,37187
v14395,0,37187
v14394,0,37187
v14390,0,37187
v14380,0,37187
v29567,0,37187
v29570,0,37187
v29571,0,37187
v14377,0,37187
v29574,0,37187
v61638,0,37187
v14375,0,37187
v14374,0,37187
v29586,0,37187
v29590,0,37187
v29591,0,37187
v14371,0,37187
v29594,0,37187
v14370,0,37187
v14369,0,37187
v29599,0,37187
v14364,0,37187
v14363,0,37187
v61642,0,37187
v29605,0,37187
v14358,0,37187
v29614,0,37187
v29615,0,37187
v29616,0,37187
v29617,0,37187
v29618,0,37187
v29619,0,37187
v29620,0,37187
v29623,0,37187
v29624,0,37187
v29625,0,37187
v61644,0,37187
v29627,0,37187
v29628,0,37187
v29630,0,37187
v14357,0,37187
v29632,0,37187
v29633,0,37187
v29634,0,37187
v29635,0,37187
v29637,0,37187
v14354,0,37187
v14353,0,37187
v14352,0,37187
v14347,0,37187
v29643,0,37187
v29644,0,37187
v29645,0,37187
v14335,0,37187
v14333,0,37187
v14331,0,37187
v14324,0,37187
v14322,0,37187
v14320,0,37187
v29665,0,37187
v14318,0,37187
v14317,0,37187
v29670,0,37187
v14316,0,37187
v14315,0,37187
v14313,0,37187
v29677,0,37187
v14311,0,37187
v29679,0,37187
v14310,0,37187
v29683,0,37187
v29685,0,37187
v61647,0,37187
v14309,0,37187
v14308,0,37187
v29690,0,37187
v29691,0,37187
v29693,0,37187
v29695,0,37187
v14307,0,37187
v29697,0,37187
v14302,0,37187
v29700,0,37187
v29702,0,37187
v14300,0,37187
v14299,0,37187
v29708,0,37187
v29710,0,37187
v61648,0,37187
v29715,0,37187
v35554,0,37187
v29717,0,37187
v14287,0,37187
v14286,0,37187
v14285,0,37187
v14281,0,37187
v29729,0,37187
v29736,0,37187
v29737,0,37187
v29739,0,37187
v29740,0,37187
v14258,0,37187
v29743,0,37187
v29744,0,37187
v61651,0,37187
v29746,0,37187
v29747,0,37187
v14257,0,37187
v14256,0,37187
v29751,0,37187
v29755,0,37187
v29756,0,37187
v14254,0,37187
v14252,0,37187
v29763,0,37187
v29764,0,37187
v29767,0,37187
v61652,0,37187
v61653,0,37187
v14250,0,37187
v14248,0,37187
v61654,0,37187
v14245,0,37187
v14244,0,37187
v29783,0,37187
v14243,0,37187
v29786,0,37187
v29787,0,37187
v29788,0,37187
v29792,0,37187
v14227,0,37187
v29795,0,37187
v29799,0,37187
v29801,0,37187
v29802,0,37187
v29804,0,37187
v29805,0,37187
v14222,0,37187
v14221,0,37187
v29810,0,37187
v29811,0,37187
v29812,0,37187
v14220,0,37187
v29815,0,37187
v29816,0,37187
v29818,0,37187
v29819,0,37187
v29820,0,37187
v29821,0,37187
v29823,0,37187
v29826,0,37187
v29828,0,37187
v29830,0,37187
v29832,0,37187
v14218,0,37187
v14217,0,37187
v14216,0,37187
v14215,0,37187
v29840,0,37187
v14214,0,37187
v14213,0,37187
v14212,0,37187
v14211,0,37187
v14210,0,37187
v14209,0,37187
v29854,0,37187
v14208,0,37187
v14207,0,37187
v29861,0,37187
v29862,0,37187
v14203,0,37187
v29868,0,37187
v29869,0,37187
v14202,0,37187
v14200,0,37187
v29873,0,37187
v29875,0,37187
v14199,0,37187
v29879,0,37187
v29880,0,37187
v14198,0,37187
v14196,0,37187
v14195,0,37187
v29886,0,37187
v29893,0,37187
v29895,0,37187
v14192,0,37187
v29899,0,37187
v29900,0,37187
v29901,0,37187
v14191,0,37187
v14190,0,37187
v14188,0,37187
v14187,0,37187
v14186,0,37187
v29914,0,37187
v14184,0,37187
v29916,0,37187
v14182,0,37187
v14181,0,37187
v14180,0,37187
v14179,0,37187
v14178,0,37187
v14176,0,37187
v14175,0,37187
v14173,0,37187
v14172,0,37187
v14171,0,37187
v14170,0,37187
v14169,0,37187
v14168,0,37187
v14166,0,37187
v14164,0,37187
v14158,0,37187
v14157,0,37187
v14156,0,37187
v14155,0,37187
v14153,0,37187
v29963,0,37187
v14149,0,37187
v14147,0,37187
v14145,0,37187
v14139,0,37187
v29977,0,37187
v29979,0,37187
v14137,0,37187
v29991,0,37187
v14130,0,37187
v29997,0,37187
v14124,0,37187
v30014,0,37187
v30015,0,37187
v30016,0,37187
v30017,0,37187
v30020,0,37187
v30023,0,37187
v14107,0,37187
v14106,0,37187
v30028,0,37187
v14105,0,37187
v14104,0,37187
v30033,0,37187
v30034,0,37187
v14103,0,37187
v61662,0,37187
v30043,0,37187
v14102,0,37187
v30047,0,37187
v30048,0,37187
v30049,0,37187
v30050,0,37187
v30051,0,37187
v30052,0,37187
v30053,0,37187
v30056,0,37187
v14101,0,37187
v14098,0,37187
v14085,0,37187
v14083,0,37187
v61664,0,37187
v61665,0,37187
v14070,0,37187
v61666,0,37187
v30075,0,37187
v30076,0,37187
v14052,0,37187
v14051,0,37187
v61667,0,37187
v14049,0,37187
v30109,0,37187
v30114,0,37187
v30115,0,37187
v14048,0,37187
v30117,0,37187
v14047,0,37187
v30120,0,37187
v30121,0,37187
v14045,0,37187
v30125,0,37187
v14043,0,37187
v14041,0,37187
v14040,0,37187
v14038,0,37187
v14036,0,37187
v14035,0,37187
v14034,0,37187
v14029,0,37187
v14028,0,37187
v30144,0,37187
v30150,0,37187
v61668,0,37187
v30152,0,37187
v14017,0,37187
v14012,0,37187
v14011,0,37187
v30159,0,37187
v30164,0,37187
v30165,0,37187
v61669,0,37187
v30173,0,37187
v30177,0,37187
v13974,0,37187
v30187,0,37187
v13964,0,37187
v30196,0,37187
v30225,0,37187
v30226,0,37187
v13915,0,37187
v13910,0,37187
v30536,0,37187
v13909,0,37187
v30236,0,37187
v30241,0,37187
v13876,0,37187
v13875,0,37187
v13874,0,37187
v30245,0,37187
v13873,0,37187
v30251,0,37187
v30252,0,37187
v30255,0,37187
v30256,0,37187
v13869,0,37187
v30261,0,37187
v30264,0,37187
v13866,0,37187
v30269,0,37187
v30270,0,37187
v30272,0,37187
v30273,0,37187
v30274,0,37187
v13857,0,37187
v30277,0,37187
v61672,0,37187
v30283,0,37187
v30285,0,37187
v13846,0,37187
v13844,0,37187
v30299,0,37187
v30300,0,37187
v13831,0,37187
v13826,0,37187
v30311,0,37187
v13825,0,37187
v30318,0,37187
v30319,0,37187
v30322,0,37187
v30323,0,37187
v30327,0,37187
v30331,0,37187
v13821,0,37187
v13820,0,37187
v30338,0,37187
v30339,0,37187
v13818,0,37187
v13808,0,37187
v30345,0,37187
v13803,0,37187
v13800,0,37187
v30353,0,37187
v30354,0,37187
v30360,0,37187
v30367,0,37187
v30369,0,37187
v61676,0,37187
v30376,0,37187
v30377,0,37187
v61677,0,37187
v30379,0,37187
v13775,0,37187
v30381,0,37187
v13757,0,37187
v30384,0,37187
v30390,0,37187
v13747,0,37187
v30393,0,37187
v13746,0,37187
v30395,0,37187
v30396,0,37187
v30397,0,37187
v30399,0,37187
v30401,0,37187
v30404,0,37187
v13744,0,37187
v30408,0,37187
v30412,0,37187
v30413,0,37187
v30414,0,37187
v30415,0,37187
v30418,0,37187
v30419,0,37187
v61678,0,37187
v30426,0,37187
v30428,0,37187
v30429,0,37187
v30432,0,37187
v30433,0,37187
v30434,0,37187
v30435,0,37187
v30436,0,37187
v30439,0,37187
v30440,0,37187
v13731,0,37187
v30444,0,37187
v13721,0,37187
v30451,0,37187
v30452,0,37187
v61679,0,37187
v30455,0,37187
v13719,0,37187
v13709,0,37187
v13708,0,37187
v61680,0,37187
v30464,0,37187
v30466,0,37187
v30470,0,37187
v30471,0,37187
v30473,0,37187
v30474,0,37187
v30475,0,37187
v30486,0,37187
v30488,0,37187
v30489,0,37187
v30492,0,37187
v30494,0,37187
v30495,0,37187
v30496,0,37187
v30499,0,37187
v30500,0,37187
v30502,0,37187
v30503,0,37187
v30506,0,37187
v30507,0,37187
v30508,0,37187
v30517,0,37187
v30521,0,37187
v30522,0,37187
v30523,0,37187
v30524,0,37187
v30558,0,37187
v13678,0,37187
v13677,0,37187
v30563,0,37187
v13676,0,37187
v30569,0,37187
v30577,0,37187
v61685,0,37187
v13657,0,37187
v30587,0,37187
v30590,0,37187
v14669,0,37187
v30592,0,37187
v30594,0,37187
v61686,0,37187
v30597,0,37187
v30598,0,37187
v13653,0,37187
v30600,0,37187
v30601,0,37187
v30602,0,37187
v30606,0,37187
v30607,0,37187
v30611,0,37187
v30613,0,37187
v30614,0,37187
v61687,0,37187
v30621,0,37187
v30623,0,37187
v30624,0,37187
v13642,0,37187
v30630,0,37187
v30631,0,37187
v30634,0,37187
v30638,0,37187
v61688,0,37187
v30642,0,37187
v30643,0,37187
v30644,0,37187
v30645,0,37187
v30646,0,37187
v30648,0,37187
v13623,0,37187
v30651,0,37187
v30659,0,37187
v30660,0,37187
v30661,0,37187
v13622,0,37187
v13621,0,37187
v13620,0,37187
v30666,0,37187
v30667,0,37187
v30668,0,37187
v30669,0,37187
v30670,0,37187
v30671,0,37187
v13619,0,37187
v61689,0,37187
v13612,0,37187
v30677,0,37187
v30678,0,37187
v30679,0,37187
v30680,0,37187
v13611,0,37187
v30682,0,37187
v13610,0,37187
v13609,0,37187
v30689,0,37187
v30691,0,37187
v13608,0,37187
v13607,0,37187
v13606,0,37187
v30696,0,37187
v30697,0,37187
v13605,0,37187
v30702,0,37187
v61690,0,37187
v13595,0,37187
v30706,0,37187
v13592,0,37187
v30711,0,37187
v30713,0,37187
v30714,0,37187
v30718,0,37187
v30720,0,37187
v30722,0,37187
v13584,0,37187
v13582,0,37187
v13580,0,37187
v30728,0,37187
v13578,0,37187
v30731,0,37187
v30732,0,37187
v30734,0,37187
v30736,0,37187
v30737,0,37187
v30739,0,37187
v30740,0,37187
v30741,0,37187
v30742,0,37187
v30743,0,37187
v13574,0,37187
v30745,0,37187
v61692,0,37187
v13573,0,37187
v30750,0,37187
v13572,0,37187
v13571,0,37187
v30756,0,37187
v13562,0,37187
v13561,0,37187
v30766,0,37187
v30767,0,37187
v30769,0,37187
v30770,0,37187
v13560,0,37187
v30772,0,37187
v30774,0,37187
v30775,0,37187
v13558,0,37187
v13557,0,37187
v30782,0,37187
v30783,0,37187
v13552,0,37187
v30785,0,37187
v30786,0,37187
v13551,0,37187
v13550,0,37187
v30791,0,37187
v30795,0,37187
v13534,0,37187
v30802,0,37187
v30815,0,37187
v30816,0,37187
v13514,0,37187
v30823,0,37187
v14667,0,37187
v14663,0,37187
v30829,0,37187
v30831,0,37187
v13507,0,37187
v13505,0,37187
v13504,0,37187
v13502,0,37187
v30840,0,37187
v30843,0,37187
v13500,0,37187
v13499,0,37187
v13481,0,37187
v30854,0,37187
v13479,0,37187
v30857,0,37187
v13477,0,37187
v13476,0,37187
v13475,0,37187
v61694,0,37187
v61695,0,37187
v30870,0,37187
v30873,0,37187
v13473,0,37187
v61697,0,37187
v13465,0,37187
v13464,0,37187
v30885,0,37187
v30886,0,37187
v30888,0,37187
v13462,0,37187
v13461,0,37187
v30891,0,37187
v30892,0,37187
v13459,0,37187
v30896,0,37187
v30897,0,37187
v30901,0,37187
v30902,0,37187
v13458,0,37187
v13457,0,37187
v30911,0,37187
v30912,0,37187
v13452,0,37187
v13451,0,37187
v30915,0,37187
v30916,0,37187
v13450,0,37187
v13449,0,37187
v13448,0,37187
v13443,0,37187
v30929,0,37187
v61698,0,37187
v30930,0,37187
v30932,0,37187
v30934,0,37187
v30935,0,37187
v30936,0,37187
v13439,0,37187
v30939,0,37187
v30943,0,37187
v30945,0,37187
v13427,0,37187
v30952,0,37187
v30954,0,37187
v30955,0,37187
v30959,0,37187
v13422,0,37187
v30961,0,37187
v30964,0,37187
v30967,0,37187
v13421,0,37187
v13416,0,37187
v30971,0,37187
v30975,0,37187
v30976,0,37187
v30978,0,37187
v30979,0,37187
v30980,0,37187
v30981,0,37187
v30983,0,37187
v30984,0,37187
v30985,0,37187
v30987,0,37187
v30988,0,37187
v30991,0,37187
v30993,0,37187
v13397,0,37187
v30995,0,37187
v13395,0,37187
v13394,0,37187
v13393,0,37187
v31599,0,37187
v13392,0,37187
v13391,0,37187
v13389,0,37187
v13379,0,37187
v13378,0,37187
v31008,0,37187
v31010,0,37187
v31013,0,37187
v31014,0,37187
v31015,0,37187
v31016,0,37187
v31018,0,37187
v31020,0,37187
v31022,0,37187
v31023,0,37187
v13376,0,37187
v31027,0,37187
v31028,0,37187
v13375,0,37187
v31030,0,37187
v13374,0,37187
v31033,0,37187
v13370,0,37187
v13369,0,37187
v31041,0,37187
v13363,0,37187
v13362,0,37187
v31050,0,37187
v61699,0,37187
v13354,0,37187
v31063,0,37187
v13350,0,37187
v31068,0,37187
v31072,0,37187
v31074,0,37187
v31075,0,37187
v13346,0,37187
v31082,0,37187
v31084,0,37187
v31086,0,37187
v13323,0,37187
v31094,0,37187
v31107,0,37187
v31109,0,37187
v31110,0,37187
v31111,0,37187
v31112,0,37187
v31113,0,37187
v13299,0,37187
v13295,0,37187
v31119,0,37187
v13282,0,37187
v13277,0,37187
v13276,0,37187
v13273,0,37187
v31128,0,37187
v13272,0,37187
v31134,0,37187
v13266,0,37187
v31140,0,37187
v31142,0,37187
v31144,0,37187
v13254,0,37187
v31147,0,37187
v31148,0,37187
v61700,0,37187
v61701,0,37187
v31154,0,37187
v61702,0,37187
v31164,0,37187
v13226,0,37187
v31172,0,37187
v13225,0,37187
v61703,0,37187
v31176,0,37187
v13201,0,37187
v31186,0,37187
v31187,0,37187
v31188,0,37187
v31190,0,37187
v13192,0,37187
v31191,0,37187
v31192,0,37187
v31193,0,37187
v31194,0,37187
v13181,0,37187
v31200,0,37187
v31201,0,37187
v13180,0,37187
v13179,0,37187
v13178,0,37187
v31207,0,37187
v13177,0,37187
v61704,0,37187
v13173,0,37187
v31223,0,37187
v35562,0,37187
v61705,0,37187
v31231,0,37187
v31237,0,37187
v31239,0,37187
v31241,0,37187
v61708,0,37187
v31245,0,37187
v31246,0,37187
v31247,0,37187
v31248,0,37187
v31253,0,37187
v31254,0,37187
v13147,0,37187
v13144,0,37187
v31260,0,37187
v13143,0,37187
v31263,0,37187
v35564,0,37187
v31264,0,37187
v31265,0,37187
v13142,0,37187
v13141,0,37187
v13139,0,37187
v13138,0,37187
v31273,0,37187
v31274,0,37187
v31275,0,37187
v31279,0,37187
v61709,0,37187
v31282,0,37187
v31284,0,37187
v61710,0,37187
v13134,0,37187
v61711,0,37187
v13133,0,37187
v13129,0,37187
v31295,0,37187
v31296,0,37187
v13097,0,37187
v61712,0,37187
v31314,0,37187
v61713,0,37187
v31318,0,37187
v31321,0,37187
v13084,0,37187
v31325,0,37187
v61714,0,37187
v31332,0,37187
v13058,0,37187
v31335,0,37187
v31337,0,37187
v31340,0,37187
v31342,0,37187
v13054,0,37187
v31348,0,37187
v31349,0,37187
v13053,0,37187
v31351,0,37187
v31352,0,37187
v31353,0,37187
v31356,0,37187
v13052,0,37187
v31358,0,37187
v13051,0,37187
v13050,0,37187
v31362,0,37187
v31364,0,37187
v31365,0,37187
v31368,0,37187
v31369,0,37187
v31372,0,37187
v13041,0,37187
v31377,0,37187
v31383,0,37187
v31384,0,37187
v13016,0,37187
v31386,0,37187
v31387,0,37187
v31388,0,37187
v31389,0,37187
v61715,0,37187
v31604,0,37187
v31398,0,37187
v31403,0,37187
v31405,0,37187
v31407,0,37187
v12971,0,37187
v31411,0,37187
v61716,0,37187
v31413,0,37187
v31414,0,37187
v31415,0,37187
v31416,0,37187
v31419,0,37187
v31420,0,37187
v31421,0,37187
v12964,0,37187
v12963,0,37187
v12953,0,37187
v31606,0,37187
v61717,0,37187
v61718,0,37187
v31444,0,37187
v31445,0,37187
v31446,0,37187
v31450,0,37187
v12909,0,37187
v31456,0,37187
v12908,0,37187
v61719,0,37187
v12905,0,37187
v12904,0,37187
v12903,0,37187
v31465,0,37187
v12895,0,37187
v31468,0,37187
v31470,0,37187
v12866,0,37187
v12864,0,37187
v12816,0,37187
v12804,0,37187
v12803,0,37187
v12802,0,37187
v12801,0,37187
v31494,0,37187
v61720,0,37187
v12778,0,37187
v31497,0,37187
v31502,0,37187
v31507,0,37187
v31508,0,37187
v31511,0,37187
v31513,0,37187
v31514,0,37187
v12763,0,37187
v31516,0,37187
v31518,0,37187
v31519,0,37187
v31520,0,37187
v31521,0,37187
v31522,0,37187
v31525,0,37187
v31529,0,37187
v31530,0,37187
v31531,0,37187
v12757,0,37187
v12756,0,37187
v31535,0,37187
v31536,0,37187
v31537,0,37187
v31538,0,37187
v31539,0,37187
v31540,0,37187
v31542,0,37187
v31543,0,37187
v31546,0,37187
v31547,0,37187
v31548,0,37187
v31549,0,37187
v31562,0,37187
v31563,0,37187
v31564,0,37187
v31565,0,37187
v12753,0,37187
v31568,0,37187
v31569,0,37187
v14658,0,37187
v31572,0,37187
v14657,0,37187
v14656,0,37187
v31577,0,37187
v31581,0,37187
v31582,0,37187
v31583,0,37187
v61721,0,37187
v31589,0,37187
v31592,0,37187
v31593,0,37187
v31609,0,37187
v31612,0,37187
v31617,0,37187
v31618,0,37187
v14655,0,37187
v31628,0,37187
v31629,0,37187
v61722,0,37187
v31638,0,37187
v31640,0,37187
v31646,0,37187
v31647,0,37187
v31648,0,37187
v31649,0,37187
v31650,0,37187
v31651,0,37187
v31652,0,37187
v31653,0,37187
v31655,0,37187
v31656,0,37187
v12700,0,37187
v12699,0,37187
v12688,0,37187
v12687,0,37187
v12685,0,37187
v31664,0,37187
v31666,0,37187
v31668,0,37187
v12683,0,37187
v12682,0,37187
v12681,0,37187
v31674,0,37187
v12679,0,37187
v31676,0,37187
v31677,0,37187
v12676,0,37187
v31679,0,37187
v61723,0,37187
v31687,0,37187
v12655,0,37187
v31691,0,37187
v31692,0,37187
v31693,0,37187
v31695,0,37187
v31697,0,37187
v31702,0,37187
v31703,0,37187
v31704,0,37187
v31705,0,37187
v31707,0,37187
v31708,0,37187
v31709,0,37187
v31710,0,37187
v31711,0,37187
v31714,0,37187
v31715,0,37187
v31716,0,37187
v31717,0,37187
v31720,0,37187
v31723,0,37187
v31724,0,37187
v31726,0,37187
v31728,0,37187
v31729,0,37187
v31730,0,37187
v31732,0,37187
v31733,0,37187
v31737,0,37187
v31738,0,37187
v31744,0,37187
v31746,0,37187
v31747,0,37187
v31748,0,37187
v31749,0,37187
v31752,0,37187
v61725,0,37187
v31756,0,37187
v31757,0,37187
v31758,0,37187
v31762,0,37187
v31763,0,37187
v31765,0,37187
v31768,0,37187
v31769,0,37187
v31771,0,37187
v31772,0,37187
v31775,0,37187
v31781,0,37187
v31783,0,37187
v31791,0,37187
v31792,0,37187
v31793,0,37187
v61727,0,37187
v31798,0,37187
v31799,0,37187
v31800,0,37187
v12576,0,37187
v31803,0,37187
v12566,0,37187
v31810,0,37187
v31811,0,37187
v12548,0,37187
v31823,0,37187
v31824,0,37187
v31826,0,37187
v31827,0,37187
v31828,0,37187
v12498,0,37187
v31831,0,37187
v12497,0,37187
v31837,0,37187
v31838,0,37187
v31839,0,37187
v31841,0,37187
v31842,0,37187
v31843,0,37187
v31847,0,37187
v31848,0,37187
v31849,0,37187
v31852,0,37187
v12468,0,37187
v31856,0,37187
v12456,0,37187
v61730,0,37187
v12453,0,37187
v61732,0,37187
v61733,0,37187
v31877,0,37187
v31878,0,37187
v12452,0,37187
v12434,0,37187
v12415,0,37187
v31885,0,37187
v31887,0,37187
v31890,0,37187
v31891,0,37187
v31892,0,37187
v31894,0,37187
v31903,0,37187
v31904,0,37187
v31906,0,37187
v31910,0,37187
v31916,0,37187
v31917,0,37187
v31924,0,37187
v12360,0,37187
v12344,0,37187
v61734,0,37187
v12343,0,37187
v12341,0,37187
v61735,0,37187
v31962,0,37187
v61736,0,37187
v12327,0,37187
v61737,0,37187
v12325,0,37187
v12322,0,37187
v61738,0,37187
v31977,0,37187
v31978,0,37187
v31979,0,37187
v31980,0,37187
v31981,0,37187
v31982,0,37187
v31983,0,37187
v31984,0,37187
v31985,0,37187
v61739,0,37187
v61740,0,37187
v61741,0,37187
v61742,0,37187
v32000,0,37187
v32001,0,37187
v32002,0,37187
v32006,0,37187
v32008,0,37187
v32009,0,37187
v12295,0,37187
v32011,0,37187
v32013,0,37187
v12291,0,37187
v32022,0,37187
v32023,0,37187
v32024,0,37187
v12270,0,37187
v12269,0,37187
v32033,0,37187
v32034,0,37187
v32035,0,37187
v32036,0,37187
v32037,0,37187
v32038,0,37187
v12255,0,37187
v32045,0,37187
v32046,0,37187
v32047,0,37187
v32048,0,37187
v32049,0,37187
v32050,0,37187
v12251,0,37187
v32053,0,37187
v12249,0,37187
v61743,0,37187
v32056,0,37187
v32057,0,37187
v32058,0,37187
v32059,0,37187
v32060,0,37187
v12248,0,37187
v32065,0,37187
v12247,0,37187
v32072,0,37187
v12234,0,37187
v32077,0,37187
v32078,0,37187
v32079,0,37187
v32080,0,37187
v32090,0,37187
v32092,0,37187
v32093,0,37187
v32096,0,37187
v32097,0,37187
v32098,0,37187
v32099,0,37187
v61744,0,37187
v32103,0,37187
v12191,0,37187
v61745,0,37187
v32111,0,37187
v20290,0,37187
v12163,0,37187
v32118,0,37187
v61746,0,37187
v61747,0,37187
v32122,0,37187
v32124,0,37187
v32125,0,37187
v32126,0,37187
v12157,0,37187
v32138,0,37187
v12154,0,37187
v32144,0,37187
v32145,0,37187
v32146,0,37187
v12152,0,37187
v32152,0,37187
v32154,0,37187
v12138,0,37187
v12137,0,37187
v32159,0,37187
v32160,0,37187
v12127,0,37187
v32164,0,37187
v38122,0,37187
v61748,0,37187
v32179,0,37187
v12098,0,37187
v32184,0,37187
v12094,0,37187
v32190,0,37187
v32191,0,37187
v32192,0,37187
v32204,0,37187
v32205,0,37187
v32206,0,37187
v12087,0,37187
v32870,0,37187
v32224,0,37187
v32225,0,37187
v12080,0,37187
v61749,0,37187
v32232,0,37187
v32233,0,37187
v32234,0,37187
v32243,0,37187
v32244,0,37187
v32245,0,37187
v32246,0,37187
v32247,0,37187
v32248,0,37187
v32249,0,37187
v12068,0,37187
v12067,0,37187
v32256,0,37187
v32257,0,37187
v32258,0,37187
v61750,0,37187
v12064,0,37187
v61751,0,37187
v12062,0,37187
v12060,0,37187
v32270,0,37187
v32271,0,37187
v12059,0,37187
v12056,0,37187
v32280,0,37187
v12054,0,37187
v32284,0,37187
v32285,0,37187
v32287,0,37187
v32288,0,37187
v32290,0,37187
v32291,0,37187
v32292,0,37187
v32293,0,37187
v32294,0,37187
v12047,0,37187
v32297,0,37187
v32298,0,37187
v32299,0,37187
v32300,0,37187
v32301,0,37187
v32302,0,37187
v12045,0,37187
v12041,0,37187
v12031,0,37187
v61752,0,37187
v12024,0,37187
v12023,0,37187
v32319,0,37187
v12022,0,37187
v12017,0,37187
v32323,0,37187
v32327,0,37187
v32329,0,37187
v32330,0,37187
v32331,0,37187
v32332,0,37187
v32336,0,37187
v32338,0,37187
v32339,0,37187
v32340,0,37187
v32341,0,37187
v12012,0,37187
v32343,0,37187
v32344,0,37187
v32348,0,37187
v32350,0,37187
v32351,0,37187
v32352,0,37187
v32353,0,37187
v32354,0,37187
v32355,0,37187
v32356,0,37187
v32357,0,37187
v12011,0,37187
v32362,0,37187
v32366,0,37187
v32368,0,37187
v32370,0,37187
v32371,0,37187
v32372,0,37187
v32373,0,37187
v32374,0,37187
v32375,0,37187
v32376,0,37187
v32377,0,37187
v32378,0,37187
v32379,0,37187
v32380,0,37187
v32381,0,37187
v32382,0,37187
v32383,0,37187
v32384,0,37187
v61753,0,37187
v32388,0,37187
v32389,0,37187
v32390,0,37187
v61754,0,37187
v61755,0,37187
v32394,0,37187
v32396,0,37187
v32399,0,37187
v61756,0,37187
v38123,0,37187
v61757,0,37187
v32403,0,37187
v32405,0,37187
v32406,0,37187
v12007,0,37187
v32408,0,37187
v61758,0,37187
v32412,0,37187
v32414,0,37187
v32416,0,37187
v11987,0,37187
v32422,0,37187
v32423,0,37187
v11982,0,37187
v32425,0,37187
v11972,0,37187
v32427,0,37187
v32430,0,37187
v11954,0,37187
v11952,0,37187
v11950,0,37187
v32438,0,37187
v32439,0,37187
v32440,0,37187
v32443,0,37187
v32449,0,37187
v32450,0,37187
v32453,0,37187
v32454,0,37187
v32455,0,37187
v32465,0,37187
v32466,0,37187
v61759,0,37187
v32469,0,37187
v32470,0,37187
v61760,0,37187
v11926,0,37187
v32475,0,37187
v32481,0,37187
v61761,0,37187
v32486,0,37187
v32489,0,37187
v32490,0,37187
v32494,0,37187
v32496,0,37187
v61762,0,37187
v32500,0,37187
v61763,0,37187
v11894,0,37187
v11893,0,37187
v32506,0,37187
v32511,0,37187
v32512,0,37187
v32513,0,37187
v32519,0,37187
v11875,0,37187
v32525,0,37187
v32526,0,37187
v32527,0,37187
v61764,0,37187
v32529,0,37187
v32531,0,37187
v32534,0,37187
v32535,0,37187
v11861,0,37187
v32548,0,37187
v32552,0,37187
v11836,0,37187
v11835,0,37187
v11834,0,37187
v61765,0,37187
v61766,0,37187
v32597,0,37187
v32600,0,37187
v11824,0,37187
v61767,0,37187
v61768,0,37187
v11822,0,37187
v11821,0,37187
v11820,0,37187
v32614,0,37187
v32615,0,37187
v11815,0,37187
v32620,0,37187
v32621,0,37187
v61769,0,37187
v32625,0,37187
v32626,0,37187
v32627,0,37187
v32631,0,37187
v61770,0,37187
v32635,0,37187
v32638,0,37187
v32640,0,37187
v11799,0,37187
v11796,0,37187
v32649,0,37187
v32651,0,37187
v61771,0,37187
v32657,0,37187
v32658,0,37187
v38126,0,37187
v38128,0,37187
v11777,0,37187
v61772,0,37187
v32668,0,37187
v61773,0,37187
v32671,0,37187
v32673,0,37187
v11771,0,37187
v32676,0,37187
v32679,0,37187
v32684,0,37187
v32686,0,37187
v32687,0,37187
v32689,0,37187
v11753,0,37187
v32692,0,37187
v32694,0,37187
v11748,0,37187
v32698,0,37187
v32703,0,37187
v61774,0,37187
v32708,0,37187
v32709,0,37187
v11733,0,37187
v11732,0,37187
v11730,0,37187
v11729,0,37187
v32717,0,37187
v32718,0,37187
v61775,0,37187
v11709,0,37187
v11708,0,37187
v32725,0,37187
v11707,0,37187
v32728,0,37187
v11706,0,37187
v32730,0,37187
v32731,0,37187
v32738,0,37187
v32739,0,37187
v32740,0,37187
v32743,0,37187
v32746,0,37187
v11679,0,37187
v32756,0,37187
v11678,0,37187
v32781,0,37187
v11673,0,37187
v32783,0,37187
v32784,0,37187
v32786,0,37187
v11669,0,37187
v11668,0,37187
v11667,0,37187
v11664,0,37187
v11661,0,37187
v11659,0,37187
v32800,0,37187
v32801,0,37187
v61776,0,37187
v11653,0,37187
v11650,0,37187
v32815,0,37187
v61777,0,37187
v32817,0,37187
v11649,0,37187
v11646,0,37187
v61778,0,37187
v32823,0,37187
v32824,0,37187
v32828,0,37187
v32829,0,37187
v32830,0,37187
v32832,0,37187
v32833,0,37187
v32834,0,37187
v32835,0,37187
v32837,0,37187
v32839,0,37187
v32841,0,37187
v32842,0,37187
v32847,0,37187
v32848,0,37187
v32849,0,37187
v32851,0,37187
v32854,0,37187
v32858,0,37187
v32859,0,37187
v32860,0,37187
v32861,0,37187
v32862,0,37187
v32863,0,37187
v32864,0,37187
v32865,0,37187
v32866,0,37187
v32871,0,37187
v32872,0,37187
v32873,0,37187
v32874,0,37187
v60320,0,37187
v32880,0,37187
v32881,0,37187
v11600,0,37187
v11598,0,37187
v60319,0,37187
v32888,0,37187
v32889,0,37187
v32892,0,37187
v32896,0,37187
v32898,0,37187
v32901,0,37187
v32903,0,37187
v32904,0,37187
v32905,0,37187
v32906,0,37187
v60318,0,37187
v32914,0,37187
v32918,0,37187
v60316,0,37187
v32924,0,37187
v32925,0,37187
v32926,0,37187
v32927,0,37187
v11511,0,37187
v11510,0,37187
v32931,0,37187
v11507,0,37187
v32935,0,37187
v32936,0,37187
v11499,0,37187
v11491,0,37187
v38130,0,37187
v11482,0,37187
v32948,0,37187
v61779,0,37187
v38131,0,37187
v38132,0,37187
v38133,0,37187
v32958,0,37187
v32959,0,37187
v32961,0,37187
v32962,0,37187
v32963,0,37187
v32964,0,37187
v32967,0,37187
v32972,0,37187
v32973,0,37187
v32975,0,37187
v32976,0,37187
v32978,0,37187
v11471,0,37187
v61780,0,37187
v38134,0,37187
v38135,0,37187
v32990,0,37187
v32991,0,37187
v32992,0,37187
v32994,0,37187
v33001,0,37187
v11452,0,37187
v33008,0,37187
v33009,0,37187
v33010,0,37187
v33012,0,37187
v11448,0,37187
v38136,0,37187
v38137,0,37187
v38138,0,37187
v38139,0,37187
v11436,0,37187
v33024,0,37187
v33025,0,37187
v11434,0,37187
v33027,0,37187
v33028,0,37187
v33029,0,37187
v33031,0,37187
v61781,0,37187
v38140,0,37187
v33038,0,37187
v33039,0,37187
v33040,0,37187
v60315,0,37187
v33042,0,37187
v33043,0,37187
v33044,0,37187
v33048,0,37187
v33051,0,37187
v33053,0,37187
v33055,0,37187
v33056,0,37187
v33058,0,37187
v38141,0,37187
v33059,0,37187
v33060,0,37187
v33064,0,37187
v33066,0,37187
v38142,0,37187
v33068,0,37187
v33071,0,37187
v33072,0,37187
v33074,0,37187
v33075,0,37187
v33076,0,37187
v33077,0,37187
v33078,0,37187
v33079,0,37187
v33081,0,37187
v33084,0,37187
v33090,0,37187
v33091,0,37187
v33093,0,37187
v38143,0,37187
v33094,0,37187
v33095,0,37187
v33096,0,37187
v33098,0,37187
v33102,0,37187
v61783,0,37187
v33104,0,37187
v33108,0,37187
v61784,0,37187
v33116,0,37187
v33118,0,37187
v61785,0,37187
v33120,0,37187
v61786,0,37187
v33122,0,37187
v33123,0,37187
v33124,0,37187
v38144,0,37187
v33126,0,37187
v33127,0,37187
v33128,0,37187
v34260,0,37187
v33135,0,37187
v11374,0,37187
v33139,0,37187
v33140,0,37187
v33144,0,37187
v61787,0,37187
v11368,0,37187
v33148,0,37187
v33152,0,37187
v33153,0,37187
v33156,0,37187
v33161,0,37187
v33162,0,37187
v33163,0,37187
v11358,0,37187
v33168,0,37187
v33169,0,37187
v61788,0,37187
v33172,0,37187
v33173,0,37187
v33174,0,37187
v11356,0,37187
v33176,0,37187
v33179,0,37187
v33180,0,37187
v33181,0,37187
v33182,0,37187
v33186,0,37187
v11354,0,37187
v33191,0,37187
v33194,0,37187
v33195,0,37187
v61789,0,37187
v61790,0,37187
v33202,0,37187
v33203,0,37187
v33207,0,37187
v33216,0,37187
v33217,0,37187
v11334,0,37187
v33221,0,37187
v33223,0,37187
v61792,0,37187
v33225,0,37187
v33226,0,37187
v33227,0,37187
v33228,0,37187
v33229,0,37187
v33230,0,37187
v11331,0,37187
v33235,0,37187
v33236,0,37187
v33237,0,37187
v33238,0,37187
v60314,0,37187
v33254,0,37187
v33256,0,37187
v33257,0,37187
v11321,0,37187
v34264,0,37187
v34265,0,37187
v11318,0,37187
v33268,0,37187
v33270,0,37187
v33271,0,37187
v11315,0,37187
v33275,0,37187
v33276,0,37187
v60313,0,37187
v61793,0,37187
v11306,0,37187
v34266,0,37187
v33281,0,37187
v33288,0,37187
v33289,0,37187
v33294,0,37187
v33295,0,37187
v33296,0,37187
v33298,0,37187
v33299,0,37187
v33302,0,37187
v33305,0,37187
v33310,0,37187
v34267,0,37187
v61794,0,37187
v11290,0,37187
v11289,0,37187
v33318,0,37187
v33320,0,37187
v33323,0,37187
v33324,0,37187
v33326,0,37187
v33327,0,37187
v33328,0,37187
v33329,0,37187
v33330,0,37187
v33331,0,37187
v33332,0,37187
v33333,0,37187
v33334,0,37187
v60312,0,37187
v33336,0,37187
v33337,0,37187
v33338,0,37187
v61796,0,37187
v33340,0,37187
v33341,0,37187
v33342,0,37187
v33343,0,37187
v33344,0,37187
v33345,0,37187
v33349,0,37187
v34268,0,37187
v33357,0,37187
v33358,0,37187
v33359,0,37187
v33360,0,37187
v33361,0,37187
v33362,0,37187
v33363,0,37187
v33365,0,37187
v33366,0,37187
v33367,0,37187
v11282,0,37187
v33373,0,37187
v33374,0,37187
v33376,0,37187
v11276,0,37187
v33384,0,37187
v33388,0,37187
v33389,0,37187
v33390,0,37187
v33391,0,37187
v33392,0,37187
v33393,0,37187
v33394,0,37187
v33395,0,37187
v33400,0,37187
v33401,0,37187
v33402,0,37187
v33403,0,37187
v61797,0,37187
v33405,0,37187
v33406,0,37187
v33407,0,37187
v11275,0,37187
v33409,0,37187
v61798,0,37187
v33412,0,37187
v34269,0,37187
v34270,0,37187
v11273,0,37187
v33419,0,37187
v33420,0,37187
v33421,0,37187
v33423,0,37187
v33426,0,37187
v61799,0,37187
v33430,0,37187
v33432,0,37187
v33435,0,37187
v33436,0,37187
v33438,0,37187
v33440,0,37187
v34271,0,37187
v34272,0,37187
v33441,0,37187
v33442,0,37187
v33444,0,37187
v60311,0,37187
v33446,0,37187
v33450,0,37187
v33451,0,37187
v33453,0,37187
v33454,0,37187
v33455,0,37187
v33456,0,37187
v33458,0,37187
v33460,0,37187
v33464,0,37187
v33465,0,37187
v33466,0,37187
v33467,0,37187
v33468,0,37187
v33469,0,37187
v33472,0,37187
v33473,0,37187
v33474,0,37187
v33475,0,37187
v33476,0,37187
v33477,0,37187
v33478,0,37187
v33479,0,37187
v33482,0,37187
v33483,0,37187
v33484,0,37187
v33487,0,37187
v33488,0,37187
v61800,0,37187
v11261,0,37187
v33495,0,37187
v11259,0,37187
v33499,0,37187
v33501,0,37187
v33505,0,37187
v33507,0,37187
v33508,0,37187
v11253,0,37187
v33510,0,37187
v33515,0,37187
v11252,0,37187
v11251,0,37187
v33522,0,37187
v33523,0,37187
v33524,0,37187
v33525,0,37187
v33527,0,37187
v33528,0,37187
v61801,0,37187
v33533,0,37187
v33536,0,37187
v61802,0,37187
v33541,0,37187
v33542,0,37187
v43251,0,37187
v43250,0,37187
v11221,0,37187
v33550,0,37187
v33551,0,37187
v33552,0,37187
v33556,0,37187
v33557,0,37187
v33562,0,37187
v33564,0,37187
v33568,0,37187
v33569,0,37187
v33570,0,37187
v33572,0,37187
v33573,0,37187
v33574,0,37187
v33578,0,37187
v33581,0,37187
v33582,0,37187
v11216,0,37187
v11215,0,37187
v33586,0,37187
v33588,0,37187
v33589,0,37187
v33590,0,37187
v33593,0,37187
v33594,0,37187
v33595,0,37187
v33596,0,37187
v33597,0,37187
v33598,0,37187
v61803,0,37187
v33600,0,37187
v11210,0,37187
v11209,0,37187
v33603,0,37187
v61804,0,37187
v11207,0,37187
v33613,0,37187
v33614,0,37187
v33615,0,37187
v33616,0,37187
v33621,0,37187
v33622,0,37187
v33623,0,37187
v33624,0,37187
v33628,0,37187
v33629,0,37187
v33630,0,37187
v33632,0,37187
v33633,0,37187
v33634,0,37187
v33635,0,37187
v33636,0,37187
v33638,0,37187
v33639,0,37187
v33641,0,37187
v33643,0,37187
v33644,0,37187
v43249,0,37187
v33648,0,37187
v33649,0,37187
v11191,0,37187
v33654,0,37187
v33655,0,37187
v33656,0,37187
v33657,0,37187
v33658,0,37187
v33659,0,37187
v33661,0,37187
v33662,0,37187
v33663,0,37187
v33664,0,37187
v33665,0,37187
v33667,0,37187
v33669,0,37187
v33673,0,37187
v33674,0,37187
v33676,0,37187
v33677,0,37187
v33678,0,37187
v33681,0,37187
v33683,0,37187
v33684,0,37187
v33685,0,37187
v33690,0,37187
v43248,0,37187
v33693,0,37187
v33694,0,37187
v33695,0,37187
v33696,0,37187
v33698,0,37187
v33699,0,37187
v33701,0,37187
v33702,0,37187
v33704,0,37187
v33707,0,37187
v33711,0,37187
v33712,0,37187
v33713,0,37187
v11177,0,37187
v33717,0,37187
v11172,0,37187
v11170,0,37187
v11163,0,37187
v34273,0,37187
v34274,0,37187
v34275,0,37187
v11162,0,37187
v33728,0,37187
v33729,0,37187
v11161,0,37187
v11158,0,37187
v60309,0,37187
v33733,0,37187
v33734,0,37187
v33736,0,37187
v33737,0,37187
v33738,0,37187
v33740,0,37187
v33741,0,37187
v33743,0,37187
v33744,0,37187
v33745,0,37187
v33746,0,37187
v33747,0,37187
v33749,0,37187
v33751,0,37187
v33752,0,37187
v33754,0,37187
v33755,0,37187
v33756,0,37187
v33757,0,37187
v33758,0,37187
v33759,0,37187
v33760,0,37187
v33761,0,37187
v33762,0,37187
v33763,0,37187
v33764,0,37187
v33765,0,37187
v33766,0,37187
v33767,0,37187
v33769,0,37187
v33770,0,37187
v33771,0,37187
v33773,0,37187
v33774,0,37187
v33775,0,37187
v33776,0,37187
v33777,0,37187
v33778,0,37187
v33779,0,37187
v33780,0,37187
v33781,0,37187
v33787,0,37187
v33789,0,37187
v33791,0,37187
v33792,0,37187
v33794,0,37187
v33795,0,37187
v33796,0,37187
v33797,0,37187
v33801,0,37187
v33802,0,37187
v33804,0,37187
v34276,0,37187
v33805,0,37187
v33812,0,37187
v33816,0,37187
v33820,0,37187
v33822,0,37187
v33823,0,37187
v33824,0,37187
v33825,0,37187
v11114,0,37187
v61805,0,37187
v33834,0,37187
v11113,0,37187
v11103,0,37187
v38145,0,37187
v38146,0,37187
v38147,0,37187
v33853,0,37187
v33854,0,37187
v33855,0,37187
v33856,0,37187
v61806,0,37187
v33863,0,37187
v33864,0,37187
v33866,0,37187
v33867,0,37187
v33868,0,37187
v33869,0,37187
v33870,0,37187
v11044,0,37187
v11037,0,37187
v61807,0,37187
v38148,0,37187
v33877,0,37187
v33879,0,37187
v33889,0,37187
v33895,0,37187
v60308,0,37187
v33897,0,37187
v61808,0,37187
v33899,0,37187
v61809,0,37187
v33903,0,37187
v11027,0,37187
v11026,0,37187
v11022,0,37187
v11016,0,37187
v61810,0,37187
v33916,0,37187
v11004,0,37187
v11002,0,37187
v33928,0,37187
v33929,0,37187
v33933,0,37187
v33934,0,37187
v33935,0,37187
v33936,0,37187
v33937,0,37187
v33938,0,37187
v33940,0,37187
v33942,0,37187
v33945,0,37187
v33947,0,37187
v10991,0,37187
v33954,0,37187
v33955,0,37187
v61812,0,37187
v33959,0,37187
v33960,0,37187
v33961,0,37187
v33964,0,37187
v33965,0,37187
v33968,0,37187
v33970,0,37187
v33971,0,37187
v33972,0,37187
v33974,0,37187
v33975,0,37187
v33976,0,37187
v61813,0,37187
v33987,0,37187
v33988,0,37187
v10961,0,37187
v33993,0,37187
v33999,0,37187
v34000,0,37187
v10945,0,37187
v34005,0,37187
v34008,0,37187
v61814,0,37187
v34010,0,37187
v34011,0,37187
v34012,0,37187
v10942,0,37187
v10939,0,37187
v34019,0,37187
v10924,0,37187
v10918,0,37187
v61815,0,37187
v34029,0,37187
v34030,0,37187
v34033,0,37187
v34036,0,37187
v34037,0,37187
v34039,0,37187
v34040,0,37187
v10911,0,37187
v34045,0,37187
v34046,0,37187
v34048,0,37187
v34051,0,37187
v34053,0,37187
v34055,0,37187
v34058,0,37187
v34059,0,37187
v34060,0,37187
v34069,0,37187
v10908,0,37187
v61817,0,37187
v34072,0,37187
v34073,0,37187
v34074,0,37187
v34077,0,37187
v34088,0,37187
v34089,0,37187
v34091,0,37187
v34092,0,37187
v34093,0,37187
v34094,0,37187
v34098,0,37187
v38150,0,37187
v10902,0,37187
v34109,0,37187
v34112,0,37187
v34113,0,37187
v34114,0,37187
v34117,0,37187
v10898,0,37187
v10891,0,37187
v34122,0,37187
v34123,0,37187
v34125,0,37187
v34126,0,37187
v34128,0,37187
v34129,0,37187
v34131,0,37187
v34132,0,37187
v34133,0,37187
v34134,0,37187
v34138,0,37187
v34139,0,37187
v34142,0,37187
v34143,0,37187
v61818,0,37187
v34147,0,37187
v34150,0,37187
v34277,0,37187
v38151,0,37187
v61819,0,37187
v34159,0,37187
v34163,0,37187
v34164,0,37187
v34168,0,37187
v34170,0,37187
v34172,0,37187
v10862,0,37187
v10861,0,37187
v34179,0,37187
v34182,0,37187
v34183,0,37187
v34184,0,37187
v34185,0,37187
v34186,0,37187
v34187,0,37187
v10860,0,37187
v34193,0,37187
v34194,0,37187
v10859,0,37187
v10858,0,37187
v34202,0,37187
v34203,0,37187
v34204,0,37187
v34205,0,37187
v34206,0,37187
v34208,0,37187
v34209,0,37187
v34210,0,37187
v34211,0,37187
v34213,0,37187
v61822,0,37187
v34223,0,37187
v34224,0,37187
v34226,0,37187
v34227,0,37187
v34228,0,37187
v34229,0,37187
v34230,0,37187
v34232,0,37187
v34233,0,37187
v34234,0,37187
v34235,0,37187
v34239,0,37187
v34241,0,37187
v34242,0,37187
v34243,0,37187
v34244,0,37187
v34249,0,37187
v34279,0,37187
v34282,0,37187
v34283,0,37187
v34284,0,37187
v34286,0,37187
v34287,0,37187
v34288,0,37187
v10828,0,37187
v10822,0,37187
v34294,0,37187
v10821,0,37187
v34298,0,37187
v34300,0,37187
v34301,0,37187
v34303,0,37187
v34306,0,37187
v10820,0,37187
v10819,0,37187
v34310,0,37187
v34315,0,37187
v34316,0,37187
v61824,0,37187
v34319,0,37187
v34320,0,37187
v34321,0,37187
v34322,0,37187
v34323,0,37187
v34324,0,37187
v34325,0,37187
v34327,0,37187
v34328,0,37187
v34329,0,37187
v34330,0,37187
v34332,0,37187
v34334,0,37187
v34335,0,37187
v34337,0,37187
v34343,0,37187
v34345,0,37187
v34351,0,37187
v34353,0,37187
v34354,0,37187
v34355,0,37187
v34356,0,37187
v34364,0,37187
v34365,0,37187
v34367,0,37187
v34368,0,37187
v10787,0,37187
v10777,0,37187
v34375,0,37187
v34377,0,37187
v34378,0,37187
v61826,0,37187
v34385,0,37187
v34387,0,37187
v34388,0,37187
v34389,0,37187
v34392,0,37187
v34393,0,37187
v34394,0,37187
v34395,0,37187
v34396,0,37187
v34397,0,37187
v34398,0,37187
v34399,0,37187
v10769,0,37187
v10768,0,37187
v34402,0,37187
v34403,0,37187
v61828,0,37187
v61829,0,37187
v36804,0,37187
v10756,0,37187
v34421,0,37187
v34423,0,37187
v34424,0,37187
v34425,0,37187
v34426,0,37187
v34427,0,37187
v34428,0,37187
v34429,0,37187
v34430,0,37187
v34431,0,37187
v34432,0,37187
v34435,0,37187
v34437,0,37187
v34438,0,37187
v34440,0,37187
v34451,0,37187
v34452,0,37187
v34458,0,37187
v34459,0,37187
v34462,0,37187
v34466,0,37187
v10742,0,37187
v34471,0,37187
v34473,0,37187
v61830,0,37187
v34480,0,37187
v34481,0,37187
v34482,0,37187
v34484,0,37187
v36805,0,37187
v36806,0,37187
v34485,0,37187
v34486,0,37187
v34487,0,37187
v34489,0,37187
v34491,0,37187
v34492,0,37187
v34494,0,37187
v61831,0,37187
v34498,0,37187
v34499,0,37187
v34500,0,37187
v34506,0,37187
v34507,0,37187
v34508,0,37187
v34510,0,37187
v34511,0,37187
v36807,0,37187
v34512,0,37187
v61832,0,37187
v34519,0,37187
v34520,0,37187
v34522,0,37187
v34523,0,37187
v34524,0,37187
v34526,0,37187
v34528,0,37187
v34529,0,37187
v34530,0,37187
v34531,0,37187
v10731,0,37187
v34533,0,37187
v10729,0,37187
v34535,0,37187
v34536,0,37187
v10728,0,37187
v10727,0,37187
v34543,0,37187
v61833,0,37187
v34548,0,37187
v61834,0,37187
v34553,0,37187
v34554,0,37187
v34555,0,37187
v34557,0,37187
v34559,0,37187
v34560,0,37187
v34561,0,37187
v34563,0,37187
v34564,0,37187
v34567,0,37187
v34575,0,37187
v34576,0,37187
v34577,0,37187
v34578,0,37187
v34580,0,37187
v34582,0,37187
v34585,0,37187
v34586,0,37187
v34587,0,37187
v34588,0,37187
v34590,0,37187
v61835,0,37187
v10710,0,37187
v34599,0,37187
v34600,0,37187
v34601,0,37187
v34602,0,37187
v34603,0,37187
v34607,0,37187
v61836,0,37187
v10703,0,37187
v34613,0,37187
v10698,0,37187
v10696,0,37187
v34620,0,37187
v34621,0,37187
v34622,0,37187
v34625,0,37187
v34628,0,37187
v34629,0,37187
v34630,0,37187
v34631,0,37187
v34632,0,37187
v34634,0,37187
v34636,0,37187
v34639,0,37187
v34640,0,37187
v34641,0,37187
v10671,0,37187
v34643,0,37187
v34644,0,37187
v34645,0,37187
v34646,0,37187
v34647,0,37187
v34648,0,37187
v34649,0,37187
v34650,0,37187
v34651,0,37187
v34653,0,37187
v34654,0,37187
v61837,0,37187
v34657,0,37187
v10664,0,37187
v34661,0,37187
v10662,0,37187
v34665,0,37187
v34666,0,37187
v10650,0,37187
v34674,0,37187
v34676,0,37187
v34678,0,37187
v34682,0,37187
v34685,0,37187
v61838,0,37187
v34688,0,37187
v34692,0,37187
v10621,0,37187
v34694,0,37187
v34695,0,37187
v34698,0,37187
v10612,0,37187
v61839,0,37187
v34711,0,37187
v10593,0,37187
v34717,0,37187
v10591,0,37187
v10572,0,37187
v10566,0,37187
v61841,0,37187
v34733,0,37187
v34734,0,37187
v34739,0,37187
v34741,0,37187
v34742,0,37187
v34743,0,37187
v34750,0,37187
v10536,0,37187
v61842,0,37187
v61843,0,37187
v34767,0,37187
v34769,0,37187
v34772,0,37187
v34774,0,37187
v61844,0,37187
v34782,0,37187
v34783,0,37187
v34784,0,37187
v61845,0,37187
v34791,0,37187
v34792,0,37187
v34793,0,37187
v10516,0,37187
v34795,0,37187
v34799,0,37187
v10515,0,37187
v34801,0,37187
v34802,0,37187
v61846,0,37187
v34810,0,37187
v34814,0,37187
v34815,0,37187
v10514,0,37187
v34820,0,37187
v61847,0,37187
v34823,0,37187
v10504,0,37187
v10502,0,37187
v34832,0,37187
v34835,0,37187
v34836,0,37187
v10497,0,37187
v34840,0,37187
v10496,0,37187
v10494,0,37187
v34849,0,37187
v10493,0,37187
v10492,0,37187
v34854,0,37187
v34856,0,37187
v34857,0,37187
v34860,0,37187
v34861,0,37187
v34863,0,37187
v34864,0,37187
v34866,0,37187
v34867,0,37187
v34869,0,37187
v34870,0,37187
v61849,0,37187
v34878,0,37187
v10488,0,37187
v34881,0,37187
v34882,0,37187
v34884,0,37187
v34886,0,37187
v34887,0,37187
v34888,0,37187
v34890,0,37187
v34891,0,37187
v34892,0,37187
v61850,0,37187
v34894,0,37187
v34896,0,37187
v36811,0,37187
v34897,0,37187
v34898,0,37187
v34900,0,37187
v34901,0,37187
v34902,0,37187
v34908,0,37187
v34912,0,37187
v36812,0,37187
v34914,0,37187
v34915,0,37187
v34917,0,37187
v34918,0,37187
v34919,0,37187
v34920,0,37187
v34921,0,37187
v34922,0,37187
v34923,0,37187
v34925,0,37187
v34928,0,37187
v34929,0,37187
v34930,0,37187
v34931,0,37187
v34936,0,37187
v34939,0,37187
v36813,0,37187
v61851,0,37187
v34944,0,37187
v34945,0,37187
v34946,0,37187
v34949,0,37187
v34951,0,37187
v34952,0,37187
v34953,0,37187
v34955,0,37187
v34956,0,37187
v34962,0,37187
v34963,0,37187
v34964,0,37187
v34966,0,37187
v61852,0,37187
v10468,0,37187
v34970,0,37187
v34971,0,37187
v34973,0,37187
v34978,0,37187
v34983,0,37187
v34984,0,37187
v34985,0,37187
v34987,0,37187
v36816,0,37187
v34990,0,37187
v61853,0,37187
v34992,0,37187
v34994,0,37187
v34995,0,37187
v10453,0,37187
v34999,0,37187
v35000,0,37187
v10452,0,37187
v10451,0,37187
v10450,0,37187
v10449,0,37187
v35017,0,37187
v61854,0,37187
v61855,0,37187
v61856,0,37187
v35024,0,37187
v10446,0,37187
v35034,0,37187
v35035,0,37187
v35037,0,37187
v35039,0,37187
v35040,0,37187
v35041,0,37187
v35043,0,37187
v35045,0,37187
v35046,0,37187
v35047,0,37187
v35051,0,37187
v35053,0,37187
v61857,0,37187
v35056,0,37187
v35059,0,37187
v35060,0,37187
v35061,0,37187
v35066,0,37187
v35069,0,37187
v35070,0,37187
v35071,0,37187
v35078,0,37187
v35080,0,37187
v35081,0,37187
v35083,0,37187
v35084,0,37187
v35085,0,37187
v35086,0,37187
v35087,0,37187
v35090,0,37187
v35091,0,37187
v35093,0,37187
v35094,0,37187
v35095,0,37187
v35096,0,37187
v35097,0,37187
v35098,0,37187
v35100,0,37187
v35103,0,37187
v35104,0,37187
v35105,0,37187
v35108,0,37187
v35109,0,37187
v35116,0,37187
v35117,0,37187
v35118,0,37187
v35119,0,37187
v35122,0,37187
v35123,0,37187
v35124,0,37187
v35128,0,37187
v35129,0,37187
v35130,0,37187
v35131,0,37187
v35132,0,37187
v35133,0,37187
v35134,0,37187
v35136,0,37187
v35137,0,37187
v35139,0,37187
v35141,0,37187
v35142,0,37187
v35143,0,37187
v35144,0,37187
v35146,0,37187
v35147,0,37187
v35148,0,37187
v35149,0,37187
v35150,0,37187
v35152,0,37187
v35153,0,37187
v35155,0,37187
v35156,0,37187
v35157,0,37187
v35158,0,37187
v35161,0,37187
v35162,0,37187
v35163,0,37187
v35164,0,37187
v35165,0,37187
v35166,0,37187
v35167,0,37187
v35174,0,37187
v35175,0,37187
v35176,0,37187
v35178,0,37187
v10413,0,37187
v35183,0,37187
v35184,0,37187
v10411,0,37187
v35186,0,37187
v35187,0,37187
v35188,0,37187
v35189,0,37187
v35190,0,37187
v35191,0,37187
v35192,0,37187
v35193,0,37187
v35194,0,37187
v35195,0,37187
v35196,0,37187
v35197,0,37187
v10409,0,37187
v10408,0,37187
v35202,0,37187
v35203,0,37187
v35204,0,37187
v35205,0,37187
v35206,0,37187
v35208,0,37187
v35209,0,37187
v35210,0,37187
v35211,0,37187
v35212,0,37187
v35213,0,37187
v35214,0,37187
v35216,0,37187
v35217,0,37187
v35218,0,37187
v35220,0,37187
v35221,0,37187
v35223,0,37187
v35224,0,37187
v35226,0,37187
v35227,0,37187
v35228,0,37187
v35229,0,37187
v35236,0,37187
v35237,0,37187
v35238,0,37187
v35240,0,37187
v35241,0,37187
v35242,0,37187
v35244,0,37187
v35245,0,37187
v10395,0,37187
v35247,0,37187
v35248,0,37187
v35249,0,37187
v35251,0,37187
v35254,0,37187
v35255,0,37187
v35256,0,37187
v35257,0,37187
v35258,0,37187
v35259,0,37187
v35261,0,37187
v35262,0,37187
v35263,0,37187
v35264,0,37187
v35265,0,37187
v35266,0,37187
v35267,0,37187
v35268,0,37187
v35269,0,37187
v35271,0,37187
v35274,0,37187
v35275,0,37187
v35276,0,37187
v10393,0,37187
v35282,0,37187
v14633,0,37187
v35285,0,37187
v35289,0,37187
v10381,0,37187
v10378,0,37187
v35296,0,37187
v35298,0,37187
v35305,0,37187
v35306,0,37187
v35308,0,37187
v35309,0,37187
v35310,0,37187
v35311,0,37187
v35314,0,37187
v35315,0,37187
v35316,0,37187
v35317,0,37187
v35319,0,37187
v35320,0,37187
v35321,0,37187
v35322,0,37187
v35323,0,37187
v35324,0,37187
v35325,0,37187
v35326,0,37187
v35331,0,37187
v35332,0,37187
v35333,0,37187
v35334,0,37187
v35335,0,37187
v35336,0,37187
v35339,0,37187
v35340,0,37187
v35341,0,37187
v35342,0,37187
v35344,0,37187
v35350,0,37187
v35351,0,37187
v35352,0,37187
v35354,0,37187
v35355,0,37187
v35356,0,37187
v35357,0,37187
v35358,0,37187
v35359,0,37187
v35360,0,37187
v35361,0,37187
v35362,0,37187
v35363,0,37187
v35365,0,37187
v35367,0,37187
v35368,0,37187
v10343,0,37187
v35370,0,37187
v35372,0,37187
v35373,0,37187
v35374,0,37187
v35375,0,37187
v35377,0,37187
v35378,0,37187
v35379,0,37187
v35380,0,37187
v35381,0,37187
v35384,0,37187
v35387,0,37187
v35389,0,37187
v35390,0,37187
v35391,0,37187
v35392,0,37187
v35393,0,37187
v35395,0,37187
v35396,0,37187
v35397,0,37187
v35398,0,37187
v35402,0,37187
v35403,0,37187
v35404,0,37187
v35405,0,37187
v35406,0,37187
v35409,0,37187
v35411,0,37187
v35412,0,37187
v35413,0,37187
v35415,0,37187
v35416,0,37187
v35417,0,37187
v35418,0,37187
v35419,0,37187
v35420,0,37187
v35421,0,37187
v35423,0,37187
v35424,0,37187
v35425,0,37187
v10336,0,37187
v35433,0,37187
v35435,0,37187
v35436,0,37187
v35437,0,37187
v35441,0,37187
v35442,0,37187
v35444,0,37187
v35445,0,37187
v35447,0,37187
v10334,0,37187
v35451,0,37187
v35453,0,37187
v35454,0,37187
v35456,0,37187
v35457,0,37187
v35458,0,37187
v35459,0,37187
v35461,0,37187
v35462,0,37187
v35464,0,37187
v35465,0,37187
v10332,0,37187
v35471,0,37187
v35472,0,37187
v35473,0,37187
v35475,0,37187
v35477,0,37187
v35478,0,37187
v35481,0,37187
v35482,0,37187
v35483,0,37187
v35484,0,37187
v35489,0,37187
v35491,0,37187
v10319,0,37187
v35497,0,37187
v10318,0,37187
v35502,0,37187
v35503,0,37187
v35506,0,37187
v35509,0,37187
v35510,0,37187
v35514,0,37187
v35519,0,37187
v35520,0,37187
v35521,0,37187
v35522,0,37187
v35523,0,37187
v35526,0,37187
v35531,0,37187
v35533,0,37187
v35534,0,37187
v35535,0,37187
v35536,0,37187
v35537,0,37187
v35539,0,37187
v35540,0,37187
v35541,0,37187
v35542,0,37187
v35543,0,37187
v35544,0,37187
v35547,0,37187
v35548,0,37187
v35551,0,37187
v35565,0,37187
v35566,0,37187
v35571,0,37187
v35572,0,37187
v35574,0,37187
v35578,0,37187
v35583,0,37187
v35584,0,37187
v35585,0,37187
v35586,0,37187
v35589,0,37187
v35590,0,37187
v35591,0,37187
v35592,0,37187
v35593,0,37187
v35594,0,37187
v35596,0,37187
v35597,0,37187
v35598,0,37187
v35602,0,37187
v35603,0,37187
v35605,0,37187
v35606,0,37187
v35607,0,37187
v35608,0,37187
v35609,0,37187
v35611,0,37187
v35612,0,37187
v35613,0,37187
v35614,0,37187
v35615,0,37187
v10299,0,37187
v61860,0,37187
v35628,0,37187
v35629,0,37187
v35631,0,37187
v35632,0,37187
v35633,0,37187
v35635,0,37187
v35636,0,37187
v35637,0,37187
v35638,0,37187
v35639,0,37187
v35641,0,37187
v35644,0,37187
v10291,0,37187
v35648,0,37187
v61861,0,37187
v35650,0,37187
v35652,0,37187
v35653,0,37187
v35654,0,37187
v35655,0,37187
v35656,0,37187
v35657,0,37187
v35658,0,37187
v35659,0,37187
v35660,0,37187
v10283,0,37187
v10278,0,37187
v35667,0,37187
v61862,0,37187
v61864,0,37187
v61865,0,37187
v35678,0,37187
v35682,0,37187
v35683,0,37187
v35684,0,37187
v61866,0,37187
v35692,0,37187
v35694,0,37187
v35696,0,37187
v35698,0,37187
v35699,0,37187
v35700,0,37187
v35701,0,37187
v35702,0,37187
v35703,0,37187
v35704,0,37187
v35706,0,37187
v35707,0,37187
v35712,0,37187
v35714,0,37187
v35715,0,37187
v35716,0,37187
v61867,0,37187
v35720,0,37187
v35721,0,37187
v35723,0,37187
v35725,0,37187
v35727,0,37187
v35728,0,37187
v35729,0,37187
v35731,0,37187
v35732,0,37187
v35735,0,37187
v35736,0,37187
v35737,0,37187
v35738,0,37187
v35739,0,37187
v10242,0,37187
v61868,0,37187
v35743,0,37187
v35744,0,37187
v35745,0,37187
v35747,0,37187
v35748,0,37187
v35749,0,37187
v35751,0,37187
v35752,0,37187
v35756,0,37187
v35759,0,37187
v35765,0,37187
v35768,0,37187
v35769,0,37187
v35772,0,37187
v35773,0,37187
v61869,0,37187
v35783,0,37187
v35784,0,37187
v35785,0,37187
v35786,0,37187
v35787,0,37187
v35788,0,37187
v35789,0,37187
v35791,0,37187
v35792,0,37187
v35793,0,37187
v35797,0,37187
v10196,0,37187
v10195,0,37187
v35802,0,37187
v61870,0,37187
v35805,0,37187
v61871,0,37187
v61872,0,37187
v10179,0,37187
v35825,0,37187
v10178,0,37187
v35830,0,37187
v35831,0,37187
v35833,0,37187
v35835,0,37187
v35837,0,37187
v61875,0,37187
v35840,0,37187
v35841,0,37187
v35843,0,37187
v35844,0,37187
v35849,0,37187
v35850,0,37187
v35852,0,37187
v61876,0,37187
v35860,0,37187
v61877,0,37187
v35866,0,37187
v35867,0,37187
v35879,0,37187
v10163,0,37187
v35885,0,37187
v35889,0,37187
v35890,0,37187
v35891,0,37187
v35896,0,37187
v35897,0,37187
v35901,0,37187
v35902,0,37187
v35903,0,37187
v35906,0,37187
v35907,0,37187
v35908,0,37187
v35909,0,37187
v35910,0,37187
v35911,0,37187
v35913,0,37187
v35914,0,37187
v35917,0,37187
v35918,0,37187
v35920,0,37187
v35921,0,37187
v35922,0,37187
v35923,0,37187
v35924,0,37187
v35926,0,37187
v35927,0,37187
v35928,0,37187
v35929,0,37187
v10152,0,37187
v35931,0,37187
v35932,0,37187
v35933,0,37187
v61878,0,37187
v35942,0,37187
v35943,0,37187
v35947,0,37187
v35949,0,37187
v35950,0,37187
v35952,0,37187
v35953,0,37187
v35954,0,37187
v35955,0,37187
v35956,0,37187
v35957,0,37187
v35958,0,37187
v35959,0,37187
v35960,0,37187
v35962,0,37187
v35963,0,37187
v35965,0,37187
v35966,0,37187
v35969,0,37187
v35970,0,37187
v35971,0,37187
v35972,0,37187
v35973,0,37187
v35974,0,37187
v35975,0,37187
v35976,0,37187
v35977,0,37187
v61879,0,37187
v35981,0,37187
v35982,0,37187
v35985,0,37187
v35988,0,37187
v35990,0,37187
v35991,0,37187
v35993,0,37187
v35995,0,37187
v35996,0,37187
v35998,0,37187
v35999,0,37187
v36000,0,37187
v36005,0,37187
v36006,0,37187
v36007,0,37187
v36008,0,37187
v36009,0,37187
v36013,0,37187
v36014,0,37187
v36015,0,37187
v36019,0,37187
v36020,0,37187
v36022,0,37187
v36023,0,37187
v36024,0,37187
v36025,0,37187
v36026,0,37187
v36027,0,37187
v10134,0,37187
v36031,0,37187
v36032,0,37187
v36033,0,37187
v61880,0,37187
v36037,0,37187
v36038,0,37187
v36040,0,37187
v36042,0,37187
v36043,0,37187
v36048,0,37187
v36049,0,37187
v36050,0,37187
v36052,0,37187
v36054,0,37187
v61881,0,37187
v36056,0,37187
v36058,0,37187
v36059,0,37187
v36060,0,37187
v36061,0,37187
v36062,0,37187
v10089,0,37187
v10088,0,37187
v36068,0,37187
v36069,0,37187
v36070,0,37187
v36071,0,37187
v36074,0,37187
v36075,0,37187
v36078,0,37187
v39780,0,37187
v36082,0,37187
v36083,0,37187
v36084,0,37187
v36085,0,37187
v36086,0,37187
v36088,0,37187
v36089,0,37187
v36090,0,37187
v36091,0,37187
v36092,0,37187
v36093,0,37187
v36094,0,37187
v36095,0,37187
v36096,0,37187
v36097,0,37187
v36098,0,37187
v36101,0,37187
v36103,0,37187
v36104,0,37187
v36105,0,37187
v36106,0,37187
v36107,0,37187
v36111,0,37187
v36117,0,37187
v10062,0,37187
v10057,0,37187
v36124,0,37187
v36125,0,37187
v36126,0,37187
v10056,0,37187
v10055,0,37187
v36130,0,37187
v10054,0,37187
v36132,0,37187
v10053,0,37187
v36135,0,37187
v36137,0,37187
v36138,0,37187
v36140,0,37187
v36143,0,37187
v36144,0,37187
v36145,0,37187
v36146,0,37187
v36147,0,37187
v36149,0,37187
v36150,0,37187
v10030,0,37187
v10029,0,37187
v10025,0,37187
v10023,0,37187
v36163,0,37187
v36168,0,37187
v36170,0,37187
v36171,0,37187
v36174,0,37187
v10006,0,37187
v61882,0,37187
v36178,0,37187
v36180,0,37187
v36181,0,37187
v36183,0,37187
v36184,0,37187
v36189,0,37187
v36190,0,37187
v39782,0,37187
v9988,0,37187
v36194,0,37187
v36195,0,37187
v36197,0,37187
v61883,0,37187
v36199,0,37187
v36205,0,37187
v36206,0,37187
v36207,0,37187
v36208,0,37187
v36211,0,37187
v39784,0,37187
v61884,0,37187
v36216,0,37187
v36219,0,37187
v36220,0,37187
v36222,0,37187
v36225,0,37187
v36226,0,37187
v36227,0,37187
v9963,0,37187
v36231,0,37187
v36232,0,37187
v36233,0,37187
v36234,0,37187
v36237,0,37187
v36238,0,37187
v36239,0,37187
v36240,0,37187
v36242,0,37187
v36243,0,37187
v36244,0,37187
v36245,0,37187
v9958,0,37187
v61885,0,37187
v9957,0,37187
v36252,0,37187
v36254,0,37187
v36262,0,37187
v36263,0,37187
v36268,0,37187
v36270,0,37187
v36271,0,37187
v36272,0,37187
v36273,0,37187
v36274,0,37187
v36277,0,37187
v36278,0,37187
v36280,0,37187
v36281,0,37187
v36282,0,37187
v36283,0,37187
v9943,0,37187
v36285,0,37187
v36286,0,37187
v36288,0,37187
v36290,0,37187
v36291,0,37187
v36293,0,37187
v36296,0,37187
v36297,0,37187
v36299,0,37187
v36300,0,37187
v36301,0,37187
v61886,0,37187
v36304,0,37187
v36307,0,37187
v36309,0,37187
v36311,0,37187
v36316,0,37187
v36320,0,37187
v36323,0,37187
v36324,0,37187
v36326,0,37187
v9938,0,37187
v36329,0,37187
v36330,0,37187
v9937,0,37187
v36338,0,37187
v36339,0,37187
v36341,0,37187
v36342,0,37187
v36344,0,37187
v36345,0,37187
v36346,0,37187
v36347,0,37187
v36349,0,37187
v36820,0,37187
v36350,0,37187
v36351,0,37187
v36354,0,37187
v36355,0,37187
v36357,0,37187
v36358,0,37187
v36359,0,37187
v36360,0,37187
v36361,0,37187
v36363,0,37187
v9930,0,37187
v36367,0,37187
v36368,0,37187
v36369,0,37187
v36371,0,37187
v36372,0,37187
v36373,0,37187
v36374,0,37187
v36377,0,37187
v36378,0,37187
v36380,0,37187
v36383,0,37187
v36384,0,37187
v36388,0,37187
v36389,0,37187
v36390,0,37187
v36391,0,37187
v36394,0,37187
v36395,0,37187
v36398,0,37187
v61887,0,37187
v36402,0,37187
v36403,0,37187
v36404,0,37187
v36405,0,37187
v36406,0,37187
v36407,0,37187
v36408,0,37187
v36409,0,37187
v36410,0,37187
v36411,0,37187
v36413,0,37187
v36414,0,37187
v36415,0,37187
v36417,0,37187
v36418,0,37187
v36419,0,37187
v36425,0,37187
v36426,0,37187
v36432,0,37187
v36434,0,37187
v9914,0,37187
v36437,0,37187
v36440,0,37187
v36443,0,37187
v36444,0,37187
v36448,0,37187
v36449,0,37187
v39786,0,37187
v36450,0,37187
v36452,0,37187
v36453,0,37187
v36454,0,37187
v36459,0,37187
v36460,0,37187
v36461,0,37187
v36467,0,37187
v36472,0,37187
v36473,0,37187
v36475,0,37187
v36477,0,37187
v36478,0,37187
v36479,0,37187
v36480,0,37187
v36481,0,37187
v36482,0,37187
v36483,0,37187
v36484,0,37187
v36485,0,37187
v36486,0,37187
v36487,0,37187
v36488,0,37187
v36495,0,37187
v36498,0,37187
v36499,0,37187
v36500,0,37187
v36501,0,37187
v36502,0,37187
v36509,0,37187
v36514,0,37187
v36515,0,37187
v36518,0,37187
v9884,0,37187
v9883,0,37187
v36523,0,37187
v36524,0,37187
v36529,0,37187
v36530,0,37187
v36534,0,37187
v36535,0,37187
v36536,0,37187
v36537,0,37187
v36538,0,37187
v36539,0,37187
v36542,0,37187
v36543,0,37187
v36544,0,37187
v36545,0,37187
v36547,0,37187
v36548,0,37187
v36550,0,37187
v36553,0,37187
v61888,0,37187
v61889,0,37187
v61890,0,37187
v36559,0,37187
v36561,0,37187
v36563,0,37187
v36564,0,37187
v36565,0,37187
v36566,0,37187
v36567,0,37187
v36568,0,37187
v36569,0,37187
v36570,0,37187
v36576,0,37187
v36577,0,37187
v36578,0,37187
v36579,0,37187
v36580,0,37187
v36581,0,37187
v36582,0,37187
v36583,0,37187
v61892,0,37187
v36586,0,37187
v36587,0,37187
v36588,0,37187
v36589,0,37187
v36590,0,37187
v36591,0,37187
v36592,0,37187
v36593,0,37187
v36595,0,37187
v36597,0,37187
v36598,0,37187
v36599,0,37187
v36600,0,37187
v36601,0,37187
v36602,0,37187
v36603,0,37187
v36604,0,37187
v36607,0,37187
v36609,0,37187
v36612,0,37187
v36619,0,37187
v36620,0,37187
v36621,0,37187
v36622,0,37187
v36623,0,37187
v36624,0,37187
v36625,0,37187
v36631,0,37187
v36632,0,37187
v36634,0,37187
v61894,0,37187
v36637,0,37187
v36638,0,37187
v36639,0,37187
v36641,0,37187
v36643,0,37187
v36647,0,37187
v36648,0,37187
v36651,0,37187
v36652,0,37187
v36653,0,37187
v36655,0,37187
v36657,0,37187
v36659,0,37187
v36660,0,37187
v36661,0,37187
v36662,0,37187
v9822,0,37187
v36667,0,37187
v36668,0,37187
v36669,0,37187
v36670,0,37187
v36671,0,37187
v36672,0,37187
v36676,0,37187
v36678,0,37187
v36679,0,37187
v61896,0,37187
v9818,0,37187
v36686,0,37187
v36690,0,37187
v36691,0,37187
v36692,0,37187
v36693,0,37187
v36694,0,37187
v36695,0,37187
v36697,0,37187
v36698,0,37187
v36699,0,37187
v36701,0,37187
v36702,0,37187
v36703,0,37187
v61897,0,37187
v36709,0,37187
v36712,0,37187
v36713,0,37187
v36715,0,37187
v36716,0,37187
v36717,0,37187
v36718,0,37187
v36719,0,37187
v36721,0,37187
v36722,0,37187
v36725,0,37187
v36726,0,37187
v9805,0,37187
v36729,0,37187
v36732,0,37187
v36733,0,37187
v36734,0,37187
v36737,0,37187
v36739,0,37187
v36740,0,37187
v9797,0,37187
v9796,0,37187
v36744,0,37187
v9793,0,37187
v9787,0,37187
v9786,0,37187
v36753,0,37187
v36754,0,37187
v36755,0,37187
v36757,0,37187
v36759,0,37187
v36760,0,37187
v36761,0,37187
v36762,0,37187
v36763,0,37187
v36764,0,37187
v36765,0,37187
v9780,0,37187
v36767,0,37187
v36769,0,37187
v36770,0,37187
v9778,0,37187
v61898,0,37187
v9777,0,37187
v36774,0,37187
v36775,0,37187
v59020,0,37187
v36777,0,37187
v36780,0,37187
v36783,0,37187
v36784,0,37187
v36785,0,37187
v36786,0,37187
v36787,0,37187
v36790,0,37187
v9773,0,37187
v9772,0,37187
v36795,0,37187
v36797,0,37187
v36798,0,37187
v36799,0,37187
v36801,0,37187
v36802,0,37187
v36822,0,37187
v36824,0,37187
v36830,0,37187
v36835,0,37187
v36836,0,37187
v36841,0,37187
v36844,0,37187
v36847,0,37187
v36848,0,37187
v36849,0,37187
v36852,0,37187
v36853,0,37187
v36854,0,37187
v36855,0,37187
v36856,0,37187
v36858,0,37187
v36859,0,37187
v36860,0,37187
v36865,0,37187
v36867,0,37187
v36869,0,37187
v36870,0,37187
v36872,0,37187
v36875,0,37187
v36877,0,37187
v36878,0,37187
v61903,0,37187
v61904,0,37187
v36888,0,37187
v36890,0,37187
v36891,0,37187
v36901,0,37187
v36903,0,37187
v36905,0,37187
v36910,0,37187
v36911,0,37187
v36912,0,37187
v36914,0,37187
v36915,0,37187
v36918,0,37187
v36919,0,37187
v36920,0,37187
v36921,0,37187
v36922,0,37187
v36923,0,37187
v36924,0,37187
v36925,0,37187
v36926,0,37187
v36928,0,37187
v36929,0,37187
v36931,0,37187
v36933,0,37187
v36935,0,37187
v36937,0,37187
v36939,0,37187
v36940,0,37187
v36943,0,37187
v36944,0,37187
v36945,0,37187
v36946,0,37187
v36947,0,37187
v36948,0,37187
v36949,0,37187
v36950,0,37187
v36951,0,37187
v36952,0,37187
v61906,0,37187
v9712,0,37187
v36956,0,37187
v36959,0,37187
v36960,0,37187
v36961,0,37187
v35557,0,37187
v36966,0,37187
v36971,0,37187
v36976,0,37187
v36979,0,37187
v36981,0,37187
v36982,0,37187
v36983,0,37187
v36984,0,37187
v36985,0,37187
v36986,0,37187
v36987,0,37187
v36989,0,37187
v36990,0,37187
v36991,0,37187
v36993,0,37187
v36994,0,37187
v36995,0,37187
v36996,0,37187
v36997,0,37187
v36998,0,37187
v37002,0,37187
v37003,0,37187
v37004,0,37187
v37006,0,37187
v37007,0,37187
v37008,0,37187
v37009,0,37187
v37010,0,37187
v61907,0,37187
v9619,0,37187
v37017,0,37187
v37018,0,37187
v37020,0,37187
v37022,0,37187
v9614,0,37187
v37026,0,37187
v37027,0,37187
v37028,0,37187
v37029,0,37187
v37030,0,37187
v37031,0,37187
v61910,0,37187
v37034,0,37187
v37035,0,37187
v37036,0,37187
v37039,0,37187
v37042,0,37187
v61911,0,37187
v37047,0,37187
v37048,0,37187
v37050,0,37187
v37051,0,37187
v37053,0,37187
v37056,0,37187
v61912,0,37187
v37060,0,37187
v37061,0,37187
v37062,0,37187
v37069,0,37187
v37070,0,37187
v37071,0,37187
v37072,0,37187
v37075,0,37187
v37077,0,37187
v37078,0,37187
v37080,0,37187
v37084,0,37187
v37085,0,37187
v37086,0,37187
v37087,0,37187
v37088,0,37187
v37089,0,37187
v37090,0,37187
v37091,0,37187
v37094,0,37187
v37096,0,37187
v37098,0,37187
v37099,0,37187
v37101,0,37187
v37102,0,37187
v37103,0,37187
v37104,0,37187
v37106,0,37187
v37107,0,37187
v61914,0,37187
v37111,0,37187
v37113,0,37187
v39790,0,37187
v37117,0,37187
v37119,0,37187
v9579,0,37187
v37121,0,37187
v37122,0,37187
v37123,0,37187
v37127,0,37187
v37128,0,37187
v37130,0,37187
v37131,0,37187
v37134,0,37187
v37137,0,37187
v37144,0,37187
v61915,0,37187
v37148,0,37187
v37154,0,37187
v37155,0,37187
v37157,0,37187
v37159,0,37187
v37160,0,37187
v37161,0,37187
v37162,0,37187
v37163,0,37187
v37165,0,37187
v37167,0,37187
v39793,0,37187
v39794,0,37187
v37176,0,37187
v37177,0,37187
v37180,0,37187
v37181,0,37187
v37182,0,37187
v37183,0,37187
v37184,0,37187
v37187,0,37187
v37188,0,37187
v37191,0,37187
v37192,0,37187
v37194,0,37187
v37195,0,37187
v61916,0,37187
v37198,0,37187
v37199,0,37187
v37201,0,37187
v37203,0,37187
v37208,0,37187
v37211,0,37187
v61917,0,37187
v61918,0,37187
v37220,0,37187
v37222,0,37187
v61919,0,37187
v37224,0,37187
v37225,0,37187
v37227,0,37187
v37228,0,37187
v37233,0,37187
v37235,0,37187
v37237,0,37187
v37241,0,37187
v37242,0,37187
v37243,0,37187
v37245,0,37187
v37246,0,37187
v37250,0,37187
v37255,0,37187
v37258,0,37187
v37262,0,37187
v37264,0,37187
v37265,0,37187
v37269,0,37187
v37272,0,37187
v9498,0,37187
v37278,0,37187
v37281,0,37187
v37285,0,37187
v37290,0,37187
v37292,0,37187
v37295,0,37187
v9489,0,37187
v37297,0,37187
v37303,0,37187
v37304,0,37187
v9486,0,37187
v9482,0,37187
v37328,0,37187
v37329,0,37187
v37330,0,37187
v61920,0,37187
v37335,0,37187
v37338,0,37187
v61921,0,37187
v37340,0,37187
v37343,0,37187
v37347,0,37187
v61922,0,37187
v9476,0,37187
v37356,0,37187
v37357,0,37187
v37362,0,37187
v9475,0,37187
v9474,0,37187
v59019,0,37187
v9473,0,37187
v37373,0,37187
v37375,0,37187
v37378,0,37187
v9472,0,37187
v37381,0,37187
v37382,0,37187
v37383,0,37187
v37385,0,37187
v37386,0,37187
v37387,0,37187
v37388,0,37187
v37391,0,37187
v37393,0,37187
v37394,0,37187
v9471,0,37187
v37397,0,37187
v37403,0,37187
v37404,0,37187
v37409,0,37187
v37411,0,37187
v9467,0,37187
v37417,0,37187
v37418,0,37187
v37419,0,37187
v37420,0,37187
v37421,0,37187
v37422,0,37187
v37423,0,37187
v37424,0,37187
v37427,0,37187
v37428,0,37187
v37430,0,37187
v37432,0,37187
v37433,0,37187
v37434,0,37187
v37436,0,37187
v9465,0,37187
v37444,0,37187
v37445,0,37187
v37446,0,37187
v37447,0,37187
v9461,0,37187
v37449,0,37187
v37450,0,37187
v37451,0,37187
v37453,0,37187
v37455,0,37187
v61924,0,37187
v9460,0,37187
v61927,0,37187
v61928,0,37187
v9458,0,37187
v37470,0,37187
v61929,0,37187
v9457,0,37187
v37476,0,37187
v37477,0,37187
v37479,0,37187
v37480,0,37187
v37481,0,37187
v37482,0,37187
v37483,0,37187
v37484,0,37187
v37485,0,37187
v37486,0,37187
v37487,0,37187
v37490,0,37187
v37491,0,37187
v37493,0,37187
v37494,0,37187
v37496,0,37187
v37497,0,37187
v37499,0,37187
v37502,0,37187
v37503,0,37187
v37504,0,37187
v37505,0,37187
v37507,0,37187
v37508,0,37187
v37509,0,37187
v37510,0,37187
v37511,0,37187
v37514,0,37187
v37515,0,37187
v37516,0,37187
v37517,0,37187
v37518,0,37187
v37519,0,37187
v37520,0,37187
v37522,0,37187
v9450,0,37187
v61930,0,37187
v37525,0,37187
v9448,0,37187
v37532,0,37187
v37533,0,37187
v37534,0,37187
v37535,0,37187
v37536,0,37187
v37537,0,37187
v37538,0,37187
v37539,0,37187
v37540,0,37187
v37541,0,37187
v37542,0,37187
v37543,0,37187
v37544,0,37187
v37545,0,37187
v37546,0,37187
v37547,0,37187
v9447,0,37187
v37550,0,37187
v9446,0,37187
v37553,0,37187
v37554,0,37187
v37555,0,37187
v37556,0,37187
v61931,0,37187
v9445,0,37187
v37559,0,37187
v37561,0,37187
v9444,0,37187
v37563,0,37187
v37564,0,37187
v37565,0,37187
v37566,0,37187
v37567,0,37187
v37568,0,37187
v37569,0,37187
v37570,0,37187
v37571,0,37187
v37572,0,37187
v37574,0,37187
v37575,0,37187
v37576,0,37187
v37577,0,37187
v37579,0,37187
v9442,0,37187
v37587,0,37187
v37588,0,37187
v37589,0,37187
v37592,0,37187
v37593,0,37187
v37595,0,37187
v37596,0,37187
v37597,0,37187
v37599,0,37187
v37601,0,37187
v37604,0,37187
v37605,0,37187
v37607,0,37187
v37608,0,37187
v37610,0,37187
v37611,0,37187
v37612,0,37187
v37613,0,37187
v37614,0,37187
v37615,0,37187
v37616,0,37187
v37618,0,37187
v9438,0,37187
v37621,0,37187
v37623,0,37187
v37624,0,37187
v37625,0,37187
v37627,0,37187
v37629,0,37187
v37630,0,37187
v37631,0,37187
v37632,0,37187
v37633,0,37187
v37634,0,37187
v37635,0,37187
v37636,0,37187
v37637,0,37187
v37638,0,37187
v37639,0,37187
v37641,0,37187
v37642,0,37187
v37643,0,37187
v37644,0,37187
v37645,0,37187
v37646,0,37187
v37647,0,37187
v37648,0,37187
v37649,0,37187
v37652,0,37187
v37654,0,37187
v9432,0,37187
v37656,0,37187
v37660,0,37187
v37661,0,37187
v37662,0,37187
v9430,0,37187
v37664,0,37187
v37665,0,37187
v37666,0,37187
v37669,0,37187
v37670,0,37187
v37671,0,37187
v37672,0,37187
v37673,0,37187
v9425,0,37187
v37675,0,37187
v37676,0,37187
v37677,0,37187
v37680,0,37187
v37681,0,37187
v37684,0,37187
v37688,0,37187
v37690,0,37187
v37692,0,37187
v37694,0,37187
v37696,0,37187
v37697,0,37187
v9424,0,37187
v37700,0,37187
v37701,0,37187
v37702,0,37187
v37703,0,37187
v37704,0,37187
v37705,0,37187
v37706,0,37187
v37708,0,37187
v37710,0,37187
v9423,0,37187
v37714,0,37187
v9421,0,37187
v9420,0,37187
v37717,0,37187
v37718,0,37187
v37719,0,37187
v37720,0,37187
v9418,0,37187
v9413,0,37187
v37728,0,37187
v37729,0,37187
v37735,0,37187
v37736,0,37187
v37737,0,37187
v37738,0,37187
v37739,0,37187
v9407,0,37187
v37744,0,37187
v37746,0,37187
v37747,0,37187
v9406,0,37187
v37749,0,37187
v37750,0,37187
v37751,0,37187
v37752,0,37187
v37753,0,37187
v37754,0,37187
v37755,0,37187
v37757,0,37187
v37759,0,37187
v37760,0,37187
v37761,0,37187
v37762,0,37187
v37766,0,37187
v37769,0,37187
v9403,0,37187
v37771,0,37187
v37772,0,37187
v37773,0,37187
v37774,0,37187
v9402,0,37187
v37776,0,37187
v37777,0,37187
v37778,0,37187
v37780,0,37187
v37781,0,37187
v37782,0,37187
v37783,0,37187
v37785,0,37187
v37786,0,37187
v37787,0,37187
v9401,0,37187
v37791,0,37187
v37792,0,37187
v37794,0,37187
v9400,0,37187
v37796,0,37187
v37797,0,37187
v37798,0,37187
v37799,0,37187
v37800,0,37187
v37801,0,37187
v37802,0,37187
v37803,0,37187
v37804,0,37187
v37805,0,37187
v61932,0,37187
v9399,0,37187
v37811,0,37187
v37812,0,37187
v37815,0,37187
v37816,0,37187
v37817,0,37187
v37818,0,37187
v37819,0,37187
v37820,0,37187
v37821,0,37187
v37822,0,37187
v37825,0,37187
v61933,0,37187
v9395,0,37187
v37829,0,37187
v37830,0,37187
v37831,0,37187
v37834,0,37187
v37835,0,37187
v37836,0,37187
v37839,0,37187
v37840,0,37187
v9391,0,37187
v37844,0,37187
v37847,0,37187
v37848,0,37187
v9390,0,37187
v37853,0,37187
v37854,0,37187
v37855,0,37187
v9387,0,37187
v37860,0,37187
v37861,0,37187
v37864,0,37187
v37865,0,37187
v9383,0,37187
v9381,0,37187
v38154,0,37187
v9380,0,37187
v37869,0,37187
v37870,0,37187
v37871,0,37187
v37872,0,37187
v37873,0,37187
v9379,0,37187
v37876,0,37187
v37878,0,37187
v37879,0,37187
v37881,0,37187
v37882,0,37187
v37885,0,37187
v37887,0,37187
v37888,0,37187
v9374,0,37187
v37894,0,37187
v9373,0,37187
v37896,0,37187
v37897,0,37187
v37900,0,37187
v37901,0,37187
v37903,0,37187
v37905,0,37187
v37906,0,37187
v37907,0,37187
v37908,0,37187
v37910,0,37187
v37911,0,37187
v37912,0,37187
v9370,0,37187
v37914,0,37187
v37915,0,37187
v37916,0,37187
v37917,0,37187
v37918,0,37187
v37919,0,37187
v37922,0,37187
v37927,0,37187
v37928,0,37187
v43252,0,37187
v37931,0,37187
v37932,0,37187
v37933,0,37187
v37934,0,37187
v9367,0,37187
v37939,0,37187
v37942,0,37187
v37943,0,37187
v37945,0,37187
v37948,0,37187
v37949,0,37187
v37950,0,37187
v37951,0,37187
v37952,0,37187
v37953,0,37187
v37954,0,37187
v37955,0,37187
v37956,0,37187
v37957,0,37187
v37958,0,37187
v9366,0,37187
v37961,0,37187
v37964,0,37187
v37966,0,37187
v37967,0,37187
v37968,0,37187
v37969,0,37187
v37970,0,37187
v37974,0,37187
v37975,0,37187
v37976,0,37187
v37981,0,37187
v37983,0,37187
v37984,0,37187
v37985,0,37187
v9363,0,37187
v37988,0,37187
v37989,0,37187
v37990,0,37187
v37991,0,37187
v37993,0,37187
v37994,0,37187
v37995,0,37187
v37997,0,37187
v37998,0,37187
v38000,0,37187
v9359,0,37187
v38003,0,37187
v38004,0,37187
v38005,0,37187
v38007,0,37187
v38008,0,37187
v38009,0,37187
v38014,0,37187
v38017,0,37187
v38018,0,37187
v38019,0,37187
v38020,0,37187
v59018,0,37187
v38022,0,37187
v38024,0,37187
v38025,0,37187
v38027,0,37187
v38029,0,37187
v38030,0,37187
v38031,0,37187
v59017,0,37187
v38035,0,37187
v38036,0,37187
v38040,0,37187
v61934,0,37187
v38042,0,37187
v38044,0,37187
v38047,0,37187
v38048,0,37187
v38050,0,37187
v38051,0,37187
v38052,0,37187
v9316,0,37187
v38055,0,37187
v38056,0,37187
v38058,0,37187
v38060,0,37187
v38063,0,37187
v38064,0,37187
v38065,0,37187
v9313,0,37187
v9312,0,37187
v38069,0,37187
v9311,0,37187
v38071,0,37187
v38072,0,37187
v38074,0,37187
v38075,0,37187
v38076,0,37187
v38077,0,37187
v38078,0,37187
v38079,0,37187
v38080,0,37187
v38081,0,37187
v38082,0,37187
v38085,0,37187
v38086,0,37187
v9308,0,37187
v38093,0,37187
v38094,0,37187
v38095,0,37187
v38096,0,37187
v38098,0,37187
v38099,0,37187
v9304,0,37187
v38110,0,37187
v38111,0,37187
v38157,0,37187
v38158,0,37187
v38159,0,37187
v38160,0,37187
v38161,0,37187
v38162,0,37187
v38163,0,37187
v38164,0,37187
v38171,0,37187
v38173,0,37187
v38175,0,37187
v38178,0,37187
v38180,0,37187
v9285,0,37187
v38182,0,37187
v38183,0,37187
v38184,0,37187
v38185,0,37187
v38186,0,37187
v38187,0,37187
v38188,0,37187
v38192,0,37187
v38193,0,37187
v9276,0,37187
v38195,0,37187
v38197,0,37187
v38198,0,37187
v38199,0,37187
v38200,0,37187
v38205,0,37187
v38206,0,37187
v38207,0,37187
v38208,0,37187
v38209,0,37187
v38210,0,37187
v38211,0,37187
v38212,0,37187
v38215,0,37187
v38216,0,37187
v38217,0,37187
v38218,0,37187
v38221,0,37187
v38222,0,37187
v38223,0,37187
v38224,0,37187
v38225,0,37187
v38226,0,37187
v38227,0,37187
v38228,0,37187
v38229,0,37187
v38230,0,37187
v38231,0,37187
v38232,0,37187
v38233,0,37187
v38235,0,37187
v38236,0,37187
v38237,0,37187
v38238,0,37187
v38239,0,37187
v38240,0,37187
v38241,0,37187
v38242,0,37187
v38243,0,37187
v38244,0,37187
v38245,0,37187
v38246,0,37187
v38247,0,37187
v38248,0,37187
v38249,0,37187
v38250,0,37187
v38252,0,37187
v38253,0,37187
v38254,0,37187
v38255,0,37187
v38257,0,37187
v38259,0,37187
v38260,0,37187
v38261,0,37187
v38263,0,37187
v38264,0,37187
v38266,0,37187
v38267,0,37187
v38268,0,37187
v38269,0,37187
v38270,0,37187
v38273,0,37187
v38274,0,37187
v38275,0,37187
v38276,0,37187
v38277,0,37187
v38278,0,37187
v38279,0,37187
v38280,0,37187
v38282,0,37187
v38283,0,37187
v38284,0,37187
v38289,0,37187
v38291,0,37187
v38292,0,37187
v38293,0,37187
v38294,0,37187
v38295,0,37187
v38297,0,37187
v38298,0,37187
v38299,0,37187
v38301,0,37187
v38304,0,37187
v38308,0,37187
v38309,0,37187
v38310,0,37187
v38313,0,37187
v38315,0,37187
v38316,0,37187
v38317,0,37187
v38318,0,37187
v38319,0,37187
v38320,0,37187
v38321,0,37187
v9249,0,37187
v38327,0,37187
v38328,0,37187
v38329,0,37187
v38332,0,37187
v38333,0,37187
v38335,0,37187
v38336,0,37187
v38338,0,37187
v61936,0,37187
v61937,0,37187
v43254,0,37187
v43255,0,37187
v38342,0,37187
v38343,0,37187
v61939,0,37187
v38348,0,37187
v38350,0,37187
v38351,0,37187
v38352,0,37187
v38353,0,37187
v38354,0,37187
v9244,0,37187
v9243,0,37187
v38357,0,37187
v38358,0,37187
v38359,0,37187
v38360,0,37187
v38361,0,37187
v38362,0,37187
v38363,0,37187
v38364,0,37187
v38365,0,37187
v38368,0,37187
v38369,0,37187
v38370,0,37187
v38371,0,37187
v38372,0,37187
v38373,0,37187
v38374,0,37187
v38375,0,37187
v38376,0,37187
v38377,0,37187
v38378,0,37187
v38380,0,37187
v38381,0,37187
v38383,0,37187
v38384,0,37187
v38385,0,37187
v38386,0,37187
v38388,0,37187
v61940,0,37187
v61941,0,37187
v38395,0,37187
v38396,0,37187
v38398,0,37187
v38399,0,37187
v38400,0,37187
v38401,0,37187
v38402,0,37187
v38405,0,37187
v38406,0,37187
v38407,0,37187
v38410,0,37187
v38413,0,37187
v38414,0,37187
v38415,0,37187
v38416,0,37187
v38417,0,37187
v38418,0,37187
v38420,0,37187
v38421,0,37187
v38422,0,37187
v38426,0,37187
v9218,0,37187
v38431,0,37187
v38432,0,37187
v38433,0,37187
v38435,0,37187
v9217,0,37187
v38437,0,37187
v38438,0,37187
v38439,0,37187
v38440,0,37187
v38441,0,37187
v38443,0,37187
v38444,0,37187
v38445,0,37187
v38447,0,37187
v38449,0,37187
v38450,0,37187
v9216,0,37187
v38454,0,37187
v38455,0,37187
v38456,0,37187
v38457,0,37187
v38460,0,37187
v38461,0,37187
v38462,0,37187
v38463,0,37187
v38464,0,37187
v38465,0,37187
v38467,0,37187
v38470,0,37187
v38471,0,37187
v38473,0,37187
v38474,0,37187
v38476,0,37187
v38477,0,37187
v38478,0,37187
v38479,0,37187
v38480,0,37187
v38482,0,37187
v38483,0,37187
v38484,0,37187
v38485,0,37187
v38486,0,37187
v38487,0,37187
v38488,0,37187
v38489,0,37187
v38490,0,37187
v38492,0,37187
v9215,0,37187
v38495,0,37187
v38497,0,37187
v38498,0,37187
v38499,0,37187
v38500,0,37187
v38502,0,37187
v38504,0,37187
v43257,0,37187
v61942,0,37187
v38509,0,37187
v38512,0,37187
v59016,0,37187
v9203,0,37187
v9201,0,37187
v38516,0,37187
v38517,0,37187
v38519,0,37187
v9194,0,37187
v43258,0,37187
v43259,0,37187
v38526,0,37187
v38527,0,37187
v38528,0,37187
v38529,0,37187
v38530,0,37187
v38531,0,37187
v38536,0,37187
v38537,0,37187
v38538,0,37187
v38539,0,37187
v9172,0,37187
v61943,0,37187
v38545,0,37187
v38546,0,37187
v38547,0,37187
v38549,0,37187
v38551,0,37187
v38553,0,37187
v38554,0,37187
v38555,0,37187
v38559,0,37187
v38560,0,37187
v38561,0,37187
v38562,0,37187
v38564,0,37187
v38565,0,37187
v38566,0,37187
v38567,0,37187
v38569,0,37187
v38570,0,37187
v38571,0,37187
v38575,0,37187
v38576,0,37187
v38577,0,37187
v38578,0,37187
v38580,0,37187
v38581,0,37187
v38582,0,37187
v38583,0,37187
v38584,0,37187
v38585,0,37187
v38586,0,37187
v38589,0,37187
v38590,0,37187
v38591,0,37187
v38592,0,37187
v38593,0,37187
v38594,0,37187
v38595,0,37187
v38597,0,37187
v38598,0,37187
v38600,0,37187
v38603,0,37187
v38605,0,37187
v38606,0,37187
v38607,0,37187
v38608,0,37187
v38610,0,37187
v38611,0,37187
v38612,0,37187
v38613,0,37187
v38614,0,37187
v38615,0,37187
v9150,0,37187
v38617,0,37187
v38618,0,37187
v38619,0,37187
v38620,0,37187
v38622,0,37187
v38623,0,37187
v38624,0,37187
v38627,0,37187
v38628,0,37187
v38630,0,37187
v38631,0,37187
v38632,0,37187
v38633,0,37187
v38634,0,37187
v38635,0,37187
v38636,0,37187
v38637,0,37187
v38638,0,37187
v38639,0,37187
v38642,0,37187
v38643,0,37187
v38644,0,37187
v9144,0,37187
v38648,0,37187
v38649,0,37187
v38650,0,37187
v61944,0,37187
v61945,0,37187
v38654,0,37187
v38655,0,37187
v38657,0,37187
v38658,0,37187
v38659,0,37187
v38660,0,37187
v38661,0,37187
v38662,0,37187
v38663,0,37187
v38664,0,37187
v38665,0,37187
v38666,0,37187
v38667,0,37187
v38668,0,37187
v38671,0,37187
v9142,0,37187
v38673,0,37187
v38675,0,37187
v38678,0,37187
v9139,0,37187
v38680,0,37187
v38681,0,37187
v38683,0,37187
v38684,0,37187
v61946,0,37187
v38686,0,37187
v38687,0,37187
v38690,0,37187
v38691,0,37187
v38693,0,37187
v38698,0,37187
v38700,0,37187
v38701,0,37187
v38702,0,37187
v38703,0,37187
v38705,0,37187
v38706,0,37187
v38707,0,37187
v38708,0,37187
v38709,0,37187
v38712,0,37187
v38713,0,37187
v61947,0,37187
v38715,0,37187
v38716,0,37187
v38719,0,37187
v38720,0,37187
v38721,0,37187
v61948,0,37187
v38729,0,37187
v38730,0,37187
v38731,0,37187
v38732,0,37187
v38733,0,37187
v38734,0,37187
v38735,0,37187
v38736,0,37187
v38737,0,37187
v38738,0,37187
v38740,0,37187
v38741,0,37187
v38743,0,37187
v38744,0,37187
v38746,0,37187
v38747,0,37187
v38749,0,37187
v38751,0,37187
v38752,0,37187
v38755,0,37187
v38756,0,37187
v38757,0,37187
v9128,0,37187
v38759,0,37187
v38760,0,37187
v38762,0,37187
v38763,0,37187
v59015,0,37187
v38768,0,37187
v38770,0,37187
v38771,0,37187
v38772,0,37187
v38773,0,37187
v38776,0,37187
v38781,0,37187
v38782,0,37187
v38783,0,37187
v38784,0,37187
v38786,0,37187
v38787,0,37187
v38789,0,37187
v38790,0,37187
v38791,0,37187
v38793,0,37187
v38795,0,37187
v38796,0,37187
v38798,0,37187
v38799,0,37187
v38801,0,37187
v38802,0,37187
v38803,0,37187
v38804,0,37187
v38806,0,37187
v38807,0,37187
v38808,0,37187
v38809,0,37187
v38810,0,37187
v9119,0,37187
v9118,0,37187
v9117,0,37187
v38814,0,37187
v9116,0,37187
v38816,0,37187
v38817,0,37187
v38820,0,37187
v9115,0,37187
v38824,0,37187
v9114,0,37187
v38829,0,37187
v38831,0,37187
v38833,0,37187
v38834,0,37187
v38836,0,37187
v38837,0,37187
v38838,0,37187
v38839,0,37187
v38840,0,37187
v38842,0,37187
v38843,0,37187
v38844,0,37187
v38845,0,37187
v38846,0,37187
v38847,0,37187
v38848,0,37187
v38849,0,37187
v38850,0,37187
v38851,0,37187
v38852,0,37187
v38853,0,37187
v38854,0,37187
v38855,0,37187
v38856,0,37187
v38857,0,37187
v38858,0,37187
v38859,0,37187
v38860,0,37187
v38861,0,37187
v38862,0,37187
v38863,0,37187
v38867,0,37187
v38868,0,37187
v38869,0,37187
v38871,0,37187
v38873,0,37187
v38874,0,37187
v9107,0,37187
v38876,0,37187
v38877,0,37187
v38878,0,37187
v38881,0,37187
v38890,0,37187
v61950,0,37187
v38896,0,37187
v38897,0,37187
v38899,0,37187
v38901,0,37187
v38902,0,37187
v38903,0,37187
v38904,0,37187
v38905,0,37187
v38906,0,37187
v38907,0,37187
v38911,0,37187
v38913,0,37187
v38914,0,37187
v38916,0,37187
v38917,0,37187
v38918,0,37187
v38921,0,37187
v38922,0,37187
v38923,0,37187
v38926,0,37187
v38927,0,37187
v38928,0,37187
v38929,0,37187
v38930,0,37187
v38932,0,37187
v38933,0,37187
v38934,0,37187
v38935,0,37187
v38937,0,37187
v38938,0,37187
v61951,0,37187
v38942,0,37187
v38943,0,37187
v38944,0,37187
v38946,0,37187
v38947,0,37187
v38950,0,37187
v38951,0,37187
v38953,0,37187
v38954,0,37187
v61952,0,37187
v9088,0,37187
v38957,0,37187
v38958,0,37187
v38960,0,37187
v38961,0,37187
v38962,0,37187
v38963,0,37187
v38964,0,37187
v38965,0,37187
v38966,0,37187
v38968,0,37187
v38969,0,37187
v38970,0,37187
v38971,0,37187
v38972,0,37187
v38973,0,37187
v38974,0,37187
v38975,0,37187
v38976,0,37187
v38977,0,37187
v38978,0,37187
v38979,0,37187
v38980,0,37187
v38981,0,37187
v38984,0,37187
v38988,0,37187
v38989,0,37187
v38991,0,37187
v38992,0,37187
v38996,0,37187
v38997,0,37187
v9075,0,37187
v39002,0,37187
v39004,0,37187
v39005,0,37187
v43262,0,37187
v39006,0,37187
v39007,0,37187
v39008,0,37187
v39009,0,37187
v39010,0,37187
v39011,0,37187
v39018,0,37187
v39019,0,37187
v39023,0,37187
v39025,0,37187
v39026,0,37187
v39027,0,37187
v39028,0,37187
v39029,0,37187
v39030,0,37187
v39031,0,37187
v39032,0,37187
v39033,0,37187
v39034,0,37187
v39035,0,37187
v39036,0,37187
v39037,0,37187
v39038,0,37187
v39039,0,37187
v39040,0,37187
v39041,0,37187
v39042,0,37187
v39043,0,37187
v39044,0,37187
v39045,0,37187
v39046,0,37187
v39047,0,37187
v39048,0,37187
v39050,0,37187
v39051,0,37187
v39052,0,37187
v39053,0,37187
v39054,0,37187
v39055,0,37187
v39056,0,37187
v39057,0,37187
v39058,0,37187
v39059,0,37187
v39061,0,37187
v39062,0,37187
v39064,0,37187
v39065,0,37187
v39066,0,37187
v39067,0,37187
v61953,0,37187
v39071,0,37187
v39073,0,37187
v39076,0,37187
v39077,0,37187
v39078,0,37187
v39079,0,37187
v39080,0,37187
v39081,0,37187
v39082,0,37187
v39083,0,37187
v39084,0,37187
v39085,0,37187
v39086,0,37187
v39087,0,37187
v39088,0,37187
v39089,0,37187
v39090,0,37187
v39091,0,37187
v39093,0,37187
v39094,0,37187
v39095,0,37187
v39097,0,37187
v39098,0,37187
v39100,0,37187
v39101,0,37187
v39102,0,37187
v39103,0,37187
v39104,0,37187
v39105,0,37187
v39106,0,37187
v39107,0,37187
v39108,0,37187
v39109,0,37187
v39110,0,37187
v39111,0,37187
v39112,0,37187
v39113,0,37187
v39114,0,37187
v39115,0,37187
v39116,0,37187
v39117,0,37187
v39118,0,37187
v39119,0,37187
v39120,0,37187
v39122,0,37187
v39123,0,37187
v39125,0,37187
v39127,0,37187
v39128,0,37187
v39129,0,37187
v39131,0,37187
v39132,0,37187
v39133,0,37187
v39134,0,37187
v39135,0,37187
v9068,0,37187
v61954,0,37187
v61955,0,37187
v39147,0,37187
v39148,0,37187
v39149,0,37187
v39150,0,37187
v39151,0,37187
v39152,0,37187
v39153,0,37187
v39154,0,37187
v39157,0,37187
v39158,0,37187
v39159,0,37187
v59014,0,37187
v39162,0,37187
v39163,0,37187
v39164,0,37187
v39165,0,37187
v39166,0,37187
v39167,0,37187
v39168,0,37187
v39169,0,37187
v39170,0,37187
v39171,0,37187
v39172,0,37187
v39173,0,37187
v39174,0,37187
v39175,0,37187
v39176,0,37187
v39177,0,37187
v39178,0,37187
v39179,0,37187
v39180,0,37187
v39181,0,37187
v39182,0,37187
v39183,0,37187
v39184,0,37187
v39186,0,37187
v39187,0,37187
v39188,0,37187
v39189,0,37187
v39190,0,37187
v39191,0,37187
v39192,0,37187
v39193,0,37187
v39194,0,37187
v39195,0,37187
v39199,0,37187
v39200,0,37187
v39201,0,37187
v39203,0,37187
v39204,0,37187
v39205,0,37187
v39206,0,37187
v39207,0,37187
v39208,0,37187
v39209,0,37187
v39210,0,37187
v39211,0,37187
v39212,0,37187
v39213,0,37187
v39214,0,37187
v39215,0,37187
v39216,0,37187
v39217,0,37187
v39218,0,37187
v39219,0,37187
v39220,0,37187
v39795,0,37187
v39229,0,37187
v39230,0,37187
v39231,0,37187
v39232,0,37187
v39233,0,37187
v61956,0,37187
v39235,0,37187
v39236,0,37187
v39796,0,37187
v39798,0,37187
v39799,0,37187
v39800,0,37187
v39243,0,37187
v39244,0,37187
v39246,0,37187
v39248,0,37187
v39249,0,37187
v39250,0,37187
v39251,0,37187
v39252,0,37187
v39253,0,37187
v39254,0,37187
v39255,0,37187
v39257,0,37187
v39258,0,37187
v39259,0,37187
v39260,0,37187
v39261,0,37187
v39262,0,37187
v39263,0,37187
v39801,0,37187
v39802,0,37187
v39264,0,37187
v39265,0,37187
v39266,0,37187
v39267,0,37187
v39268,0,37187
v39269,0,37187
v39272,0,37187
v39273,0,37187
v39274,0,37187
v39276,0,37187
v39277,0,37187
v39278,0,37187
v39279,0,37187
v39280,0,37187
v39281,0,37187
v39283,0,37187
v39284,0,37187
v39285,0,37187
v39286,0,37187
v39287,0,37187
v39288,0,37187
v39289,0,37187
v39290,0,37187
v39291,0,37187
v61957,0,37187
v39296,0,37187
v39297,0,37187
v39298,0,37187
v39301,0,37187
v39303,0,37187
v39304,0,37187
v39305,0,37187
v39306,0,37187
v39307,0,37187
v9039,0,37187
v9038,0,37187
v39312,0,37187
v39315,0,37187
v61958,0,37187
v9037,0,37187
v39318,0,37187
v39319,0,37187
v39320,0,37187
v39322,0,37187
v39324,0,37187
v39326,0,37187
v39327,0,37187
v39328,0,37187
v39329,0,37187
v39330,0,37187
v39332,0,37187
v39333,0,37187
v39334,0,37187
v39336,0,37187
v39338,0,37187
v39340,0,37187
v39342,0,37187
v9031,0,37187
v39344,0,37187
v39345,0,37187
v39346,0,37187
v39347,0,37187
v39348,0,37187
v39350,0,37187
v39352,0,37187
v39353,0,37187
v39354,0,37187
v39356,0,37187
v39359,0,37187
v39361,0,37187
v39364,0,37187
v39365,0,37187
v39366,0,37187
v39367,0,37187
v39368,0,37187
v39369,0,37187
v39370,0,37187
v39371,0,37187
v39372,0,37187
v39374,0,37187
v39375,0,37187
v39376,0,37187
v39377,0,37187
v39378,0,37187
v39379,0,37187
v39380,0,37187
v39381,0,37187
v39382,0,37187
v39383,0,37187
v39384,0,37187
v39385,0,37187
v39387,0,37187
v39390,0,37187
v39391,0,37187
v39392,0,37187
v39394,0,37187
v39396,0,37187
v61959,0,37187
v39404,0,37187
v39405,0,37187
v39406,0,37187
v39407,0,37187
v39408,0,37187
v39409,0,37187
v39410,0,37187
v39411,0,37187
v39412,0,37187
v39413,0,37187
v39414,0,37187
v39415,0,37187
v39416,0,37187
v39417,0,37187
v39418,0,37187
v39420,0,37187
v39421,0,37187
v39422,0,37187
v39423,0,37187
v39424,0,37187
v39425,0,37187
v39426,0,37187
v39427,0,37187
v39429,0,37187
v39430,0,37187
v39432,0,37187
v39434,0,37187
v39435,0,37187
v39436,0,37187
v39437,0,37187
v39438,0,37187
v39439,0,37187
v39440,0,37187
v39441,0,37187
v39442,0,37187
v39443,0,37187
v39444,0,37187
v39445,0,37187
v39446,0,37187
v39447,0,37187
v39448,0,37187
v39449,0,37187
v39450,0,37187
v39452,0,37187
v39453,0,37187
v39454,0,37187
v39455,0,37187
v39456,0,37187
v39458,0,37187
v61960,0,37187
v39464,0,37187
v39465,0,37187
v39466,0,37187
v39467,0,37187
v39469,0,37187
v39470,0,37187
v39474,0,37187
v39476,0,37187
v39477,0,37187
v39478,0,37187
v39479,0,37187
v39480,0,37187
v39482,0,37187
v39483,0,37187
v39484,0,37187
v39485,0,37187
v39487,0,37187
v39488,0,37187
v39489,0,37187
v39490,0,37187
v39491,0,37187
v39492,0,37187
v39493,0,37187
v39494,0,37187
v39495,0,37187
v39498,0,37187
v39499,0,37187
v39500,0,37187
v39502,0,37187
v39503,0,37187
v39504,0,37187
v39505,0,37187
v39506,0,37187
v39507,0,37187
v39508,0,37187
v39509,0,37187
v39510,0,37187
v39511,0,37187
v39513,0,37187
v39514,0,37187
v39515,0,37187
v39516,0,37187
v39517,0,37187
v39518,0,37187
v39519,0,37187
v39520,0,37187
v39521,0,37187
v39523,0,37187
v39524,0,37187
v39526,0,37187
v39528,0,37187
v39529,0,37187
v39532,0,37187
v39533,0,37187
v39534,0,37187
v39535,0,37187
v39536,0,37187
v39538,0,37187
v61961,0,37187
v39540,0,37187
v39541,0,37187
v39542,0,37187
v39543,0,37187
v39544,0,37187
v39545,0,37187
v39547,0,37187
v39549,0,37187
v39550,0,37187
v39551,0,37187
v39552,0,37187
v39553,0,37187
v39554,0,37187
v39555,0,37187
v39557,0,37187
v39558,0,37187
v39559,0,37187
v39561,0,37187
v39562,0,37187
v39563,0,37187
v39564,0,37187
v39565,0,37187
v39566,0,37187
v39567,0,37187
v39568,0,37187
v39569,0,37187
v39570,0,37187
v39571,0,37187
v39572,0,37187
v39573,0,37187
v39574,0,37187
v39575,0,37187
v39576,0,37187
v39577,0,37187
v39578,0,37187
v39579,0,37187
v39580,0,37187
v39581,0,37187
v39582,0,37187
v39583,0,37187
v39587,0,37187
v39588,0,37187
v39589,0,37187
v39590,0,37187
v39591,0,37187
v39592,0,37187
v39594,0,37187
v39596,0,37187
v39600,0,37187
v39604,0,37187
v39607,0,37187
v39614,0,37187
v39615,0,37187
v39617,0,37187
v39618,0,37187
v39619,0,37187
v39620,0,37187
v39622,0,37187
v39623,0,37187
v39624,0,37187
v39625,0,37187
v39627,0,37187
v39628,0,37187
v39629,0,37187
v39630,0,37187
v39631,0,37187
v39632,0,37187
v39633,0,37187
v39634,0,37187
v39635,0,37187
v39637,0,37187
v39639,0,37187
v39640,0,37187
v39644,0,37187
v39647,0,37187
v39648,0,37187
v39655,0,37187
v39660,0,37187
v61962,0,37187
v39666,0,37187
v39668,0,37187
v39669,0,37187
v39670,0,37187
v39671,0,37187
v39673,0,37187
v39674,0,37187
v39678,0,37187
v59013,0,37187
v39680,0,37187
v39681,0,37187
v39682,0,37187
v39684,0,37187
v39686,0,37187
v39687,0,37187
v39688,0,37187
v39690,0,37187
v39691,0,37187
v39692,0,37187
v39693,0,37187
v39695,0,37187
v39696,0,37187
v39697,0,37187
v39698,0,37187
v39699,0,37187
v39700,0,37187
v39701,0,37187
v39702,0,37187
v39703,0,37187
v39704,0,37187
v39705,0,37187
v39706,0,37187
v39707,0,37187
v39708,0,37187
v39709,0,37187
v39710,0,37187
v39711,0,37187
v39712,0,37187
v39713,0,37187
v39714,0,37187
v39715,0,37187
v39716,0,37187
v39717,0,37187
v39718,0,37187
v39719,0,37187
v39720,0,37187
v39721,0,37187
v39722,0,37187
v39724,0,37187
v39725,0,37187
v39726,0,37187
v39727,0,37187
v39728,0,37187
v39729,0,37187
v39730,0,37187
v39731,0,37187
v39732,0,37187
v39733,0,37187
v39734,0,37187
v39735,0,37187
v39736,0,37187
v39737,0,37187
v39738,0,37187
v39739,0,37187
v39740,0,37187
v39741,0,37187
v39742,0,37187
v39744,0,37187
v39745,0,37187
v39746,0,37187
v39747,0,37187
v39748,0,37187
v39749,0,37187
v39754,0,37187
v39755,0,37187
v39759,0,37187
v39760,0,37187
v39761,0,37187
v39762,0,37187
v39763,0,37187
v39765,0,37187
v39766,0,37187
v39767,0,37187
v39768,0,37187
v39808,0,37187
v39809,0,37187
v39810,0,37187
v39811,0,37187
v39814,0,37187
v61963,0,37187
v8956,0,37187
v39831,0,37187
v39832,0,37187
v39837,0,37187
v39840,0,37187
v39841,0,37187
v39842,0,37187
v8943,0,37187
v39845,0,37187
v8942,0,37187
v39848,0,37187
v39851,0,37187
v39852,0,37187
v39853,0,37187
v39854,0,37187
v39855,0,37187
v39856,0,37187
v39857,0,37187
v39858,0,37187
v39859,0,37187
v39860,0,37187
v39864,0,37187
v39868,0,37187
v39869,0,37187
v39870,0,37187
v8939,0,37187
v8938,0,37187
v39874,0,37187
v39875,0,37187
v39877,0,37187
v39878,0,37187
v39879,0,37187
v39880,0,37187
v39881,0,37187
v39882,0,37187
v39883,0,37187
v39884,0,37187
v39885,0,37187
v39886,0,37187
v39887,0,37187
v39889,0,37187
v39890,0,37187
v61964,0,37187
v39894,0,37187
v39896,0,37187
v39897,0,37187
v39898,0,37187
v39902,0,37187
v39906,0,37187
v39907,0,37187
v39908,0,37187
v39909,0,37187
v39911,0,37187
v39912,0,37187
v39916,0,37187
v39917,0,37187
v39921,0,37187
v61965,0,37187
v39923,0,37187
v39924,0,37187
v39925,0,37187
v39929,0,37187
v39930,0,37187
v39931,0,37187
v39932,0,37187
v39933,0,37187
v39934,0,37187
v39935,0,37187
v8930,0,37187
v39937,0,37187
v39938,0,37187
v39939,0,37187
v39940,0,37187
v39941,0,37187
v39942,0,37187
v39943,0,37187
v39944,0,37187
v39945,0,37187
v39946,0,37187
v39947,0,37187
v39949,0,37187
v39950,0,37187
v39951,0,37187
v39952,0,37187
v39953,0,37187
v39955,0,37187
v39956,0,37187
v39958,0,37187
v39960,0,37187
v39963,0,37187
v39964,0,37187
v39965,0,37187
v39966,0,37187
v39968,0,37187
v8924,0,37187
v8923,0,37187
v39977,0,37187
v39978,0,37187
v8922,0,37187
v39980,0,37187
v39981,0,37187
v39984,0,37187
v8921,0,37187
v8908,0,37187
v39996,0,37187
v39999,0,37187
v40000,0,37187
v59012,0,37187
v40002,0,37187
v40004,0,37187
v40005,0,37187
v40007,0,37187
v40008,0,37187
v40009,0,37187
v40010,0,37187
v40011,0,37187
v40012,0,37187
v40013,0,37187
v40014,0,37187
v8903,0,37187
v40019,0,37187
v40020,0,37187
v40023,0,37187
v40024,0,37187
v40028,0,37187
v40031,0,37187
v40032,0,37187
v40033,0,37187
v40034,0,37187
v40035,0,37187
v40036,0,37187
v40037,0,37187
v40038,0,37187
v40039,0,37187
v40040,0,37187
v40041,0,37187
v40042,0,37187
v40045,0,37187
v8898,0,37187
v40047,0,37187
v40049,0,37187
v40050,0,37187
v61967,0,37187
v40052,0,37187
v40054,0,37187
v40055,0,37187
v61968,0,37187
v40059,0,37187
v40060,0,37187
v40062,0,37187
v40064,0,37187
v40068,0,37187
v40069,0,37187
v40070,0,37187
v40071,0,37187
v40072,0,37187
v40074,0,37187
v40075,0,37187
v40076,0,37187
v40078,0,37187
v40079,0,37187
v40082,0,37187
v40083,0,37187
v40084,0,37187
v40086,0,37187
v40087,0,37187
v40088,0,37187
v40089,0,37187
v40090,0,37187
v40091,0,37187
v40093,0,37187
v40094,0,37187
v40095,0,37187
v40096,0,37187
v40097,0,37187
v40098,0,37187
v40099,0,37187
v40100,0,37187
v40101,0,37187
v40102,0,37187
v40103,0,37187
v40104,0,37187
v40105,0,37187
v40106,0,37187
v40108,0,37187
v40109,0,37187
v8883,0,37187
v40111,0,37187
v40112,0,37187
v40113,0,37187
v40114,0,37187
v40115,0,37187
v40116,0,37187
v40117,0,37187
v40118,0,37187
v40119,0,37187
v40120,0,37187
v40121,0,37187
v40122,0,37187
v40123,0,37187
v40124,0,37187
v40125,0,37187
v40126,0,37187
v40127,0,37187
v40128,0,37187
v40129,0,37187
v40130,0,37187
v40131,0,37187
v40132,0,37187
v40133,0,37187
v40134,0,37187
v40135,0,37187
v40136,0,37187
v40137,0,37187
v40139,0,37187
v40140,0,37187
v40141,0,37187
v40142,0,37187
v40143,0,37187
v40144,0,37187
v40145,0,37187
v40146,0,37187
v40147,0,37187
v40150,0,37187
v40151,0,37187
v40152,0,37187
v40153,0,37187
v40154,0,37187
v40155,0,37187
v40156,0,37187
v40159,0,37187
v40160,0,37187
v40161,0,37187
v40162,0,37187
v40163,0,37187
v40164,0,37187
v40165,0,37187
v40167,0,37187
v40168,0,37187
v40169,0,37187
v40170,0,37187
v40172,0,37187
v40173,0,37187
v40174,0,37187
v40175,0,37187
v40176,0,37187
v40177,0,37187
v40179,0,37187
v40180,0,37187
v40181,0,37187
v40182,0,37187
v40183,0,37187
v40184,0,37187
v40185,0,37187
v40186,0,37187
v40187,0,37187
v40189,0,37187
v40190,0,37187
v40191,0,37187
v40192,0,37187
v40194,0,37187
v61969,0,37187
v40198,0,37187
v40200,0,37187
v8873,0,37187
v40203,0,37187
v40206,0,37187
v8868,0,37187
v40215,0,37187
v40216,0,37187
v40218,0,37187
v40219,0,37187
v40222,0,37187
v40223,0,37187
v40224,0,37187
v40225,0,37187
v40226,0,37187
v40227,0,37187
v40228,0,37187
v40229,0,37187
v40230,0,37187
v40231,0,37187
v40232,0,37187
v40233,0,37187
v40234,0,37187
v40235,0,37187
v40236,0,37187
v40237,0,37187
v40241,0,37187
v8863,0,37187
v8861,0,37187
v40246,0,37187
v40247,0,37187
v40248,0,37187
v40249,0,37187
v40250,0,37187
v40251,0,37187
v40252,0,37187
v40259,0,37187
v40260,0,37187
v40261,0,37187
v40262,0,37187
v40263,0,37187
v40264,0,37187
v40265,0,37187
v40266,0,37187
v40267,0,37187
v40269,0,37187
v40272,0,37187
v40273,0,37187
v40274,0,37187
v40275,0,37187
v40277,0,37187
v40278,0,37187
v40279,0,37187
v40280,0,37187
v40281,0,37187
v40283,0,37187
v40285,0,37187
v40286,0,37187
v40288,0,37187
v40289,0,37187
v40290,0,37187
v40291,0,37187
v40292,0,37187
v40293,0,37187
v40294,0,37187
v40295,0,37187
v40296,0,37187
v40297,0,37187
v40298,0,37187
v40299,0,37187
v40300,0,37187
v40301,0,37187
v40302,0,37187
v40303,0,37187
v40304,0,37187
v40305,0,37187
v40306,0,37187
v40307,0,37187
v40309,0,37187
v40311,0,37187
v40312,0,37187
v40313,0,37187
v40316,0,37187
v40317,0,37187
v40318,0,37187
v40319,0,37187
v40320,0,37187
v40322,0,37187
v40323,0,37187
v40324,0,37187
v40325,0,37187
v40326,0,37187
v40327,0,37187
v61971,0,37187
v40329,0,37187
v40331,0,37187
v40332,0,37187
v40333,0,37187
v40334,0,37187
v40335,0,37187
v40336,0,37187
v40337,0,37187
v40338,0,37187
v40339,0,37187
v40340,0,37187
v40341,0,37187
v40342,0,37187
v40343,0,37187
v40344,0,37187
v40347,0,37187
v40348,0,37187
v40349,0,37187
v40350,0,37187
v40351,0,37187
v40352,0,37187
v40353,0,37187
v40354,0,37187
v40355,0,37187
v40356,0,37187
v40357,0,37187
v40359,0,37187
v40360,0,37187
v40361,0,37187
v40362,0,37187
v40363,0,37187
v40364,0,37187
v40365,0,37187
v40366,0,37187
v40367,0,37187
v40368,0,37187
v40369,0,37187
v40370,0,37187
v40371,0,37187
v40372,0,37187
v40373,0,37187
v40374,0,37187
v40375,0,37187
v40377,0,37187
v40378,0,37187
v40379,0,37187
v40381,0,37187
v40382,0,37187
v40384,0,37187
v40388,0,37187
v40389,0,37187
v40391,0,37187
v40392,0,37187
v27300,0,37187
v40394,0,37187
v40396,0,37187
v40397,0,37187
v40398,0,37187
v40399,0,37187
v40400,0,37187
v40401,0,37187
v43267,0,37187
v40407,0,37187
v40408,0,37187
v40409,0,37187
v40410,0,37187
v40411,0,37187
v40412,0,37187
v40413,0,37187
v40414,0,37187
v40415,0,37187
v40416,0,37187
v40417,0,37187
v40418,0,37187
v40419,0,37187
v40421,0,37187
v40422,0,37187
v40423,0,37187
v40425,0,37187
v40426,0,37187
v40428,0,37187
v40430,0,37187
v40431,0,37187
v40432,0,37187
v40433,0,37187
v40434,0,37187
v40435,0,37187
v40436,0,37187
v40437,0,37187
v40438,0,37187
v40439,0,37187
v40441,0,37187
v40442,0,37187
v40443,0,37187
v40444,0,37187
v40445,0,37187
v40446,0,37187
v40447,0,37187
v40448,0,37187
v40449,0,37187
v40451,0,37187
v40452,0,37187
v40454,0,37187
v40455,0,37187
v40456,0,37187
v40458,0,37187
v40459,0,37187
v40460,0,37187
v40462,0,37187
v40463,0,37187
v40464,0,37187
v40465,0,37187
v40466,0,37187
v40467,0,37187
v40468,0,37187
v40469,0,37187
v40471,0,37187
v40473,0,37187
v40474,0,37187
v40475,0,37187
v40476,0,37187
v40477,0,37187
v40478,0,37187
v40479,0,37187
v40480,0,37187
v40481,0,37187
v40484,0,37187
v40486,0,37187
v40487,0,37187
v40488,0,37187
v40489,0,37187
v40490,0,37187
v40491,0,37187
v40492,0,37187
v40493,0,37187
v40494,0,37187
v40495,0,37187
v40496,0,37187
v40497,0,37187
v40498,0,37187
v40499,0,37187
v40500,0,37187
v40503,0,37187
v40504,0,37187
v40505,0,37187
v40506,0,37187
v40510,0,37187
v40512,0,37187
v40513,0,37187
v40514,0,37187
v40515,0,37187
v40523,0,37187
v40525,0,37187
v40526,0,37187
v40527,0,37187
v40528,0,37187
v40529,0,37187
v40530,0,37187
v40531,0,37187
v40532,0,37187
v40533,0,37187
v40534,0,37187
v40535,0,37187
v40536,0,37187
v40537,0,37187
v40538,0,37187
v40539,0,37187
v40542,0,37187
v40543,0,37187
v61972,0,37187
v40545,0,37187
v40546,0,37187
v40547,0,37187
v40549,0,37187
v40550,0,37187
v40551,0,37187
v40553,0,37187
v40555,0,37187
v40556,0,37187
v40557,0,37187
v40558,0,37187
v40559,0,37187
v40560,0,37187
v40561,0,37187
v40563,0,37187
v40564,0,37187
v40565,0,37187
v40566,0,37187
v40567,0,37187
v40568,0,37187
v40569,0,37187
v40570,0,37187
v40571,0,37187
v40572,0,37187
v61973,0,37187
v8825,0,37187
v40576,0,37187
v40579,0,37187
v40580,0,37187
v40581,0,37187
v40582,0,37187
v40583,0,37187
v40589,0,37187
v40591,0,37187
v40592,0,37187
v40593,0,37187
v40594,0,37187
v40595,0,37187
v40596,0,37187
v40597,0,37187
v40598,0,37187
v40599,0,37187
v40600,0,37187
v40603,0,37187
v40604,0,37187
v40607,0,37187
v40608,0,37187
v40609,0,37187
v40610,0,37187
v40611,0,37187
v40612,0,37187
v40613,0,37187
v59010,0,37187
v40616,0,37187
v40617,0,37187
v40618,0,37187
v40619,0,37187
v40620,0,37187
v40621,0,37187
v40622,0,37187
v40623,0,37187
v40624,0,37187
v27299,0,37187
v40626,0,37187
v40632,0,37187
v40633,0,37187
v40634,0,37187
v40635,0,37187
v40636,0,37187
v40637,0,37187
v40638,0,37187
v40640,0,37187
v40641,0,37187
v40642,0,37187
v40643,0,37187
v40645,0,37187
v40647,0,37187
v40650,0,37187
v40651,0,37187
v8801,0,37187
v40656,0,37187
v40657,0,37187
v40658,0,37187
v40659,0,37187
v40660,0,37187
v40662,0,37187
v40663,0,37187
v40664,0,37187
v40665,0,37187
v40666,0,37187
v40667,0,37187
v8800,0,37187
v40669,0,37187
v40670,0,37187
v40671,0,37187
v40672,0,37187
v40673,0,37187
v27298,0,37187
v40676,0,37187
v8796,0,37187
v40678,0,37187
v40683,0,37187
v40684,0,37187
v8793,0,37187
v40687,0,37187
v40688,0,37187
v40689,0,37187
v40690,0,37187
v40691,0,37187
v40692,0,37187
v40693,0,37187
v40694,0,37187
v40695,0,37187
v40696,0,37187
v40697,0,37187
v40699,0,37187
v40700,0,37187
v40701,0,37187
v40703,0,37187
v40704,0,37187
v40707,0,37187
v40709,0,37187
v40710,0,37187
v40711,0,37187
v40713,0,37187
v40714,0,37187
v40715,0,37187
v40716,0,37187
v40717,0,37187
v40718,0,37187
v40719,0,37187
v40720,0,37187
v61975,0,37187
v40723,0,37187
v40724,0,37187
v59009,0,37187
v40726,0,37187
v40728,0,37187
v40729,0,37187
v40730,0,37187
v40731,0,37187
v40732,0,37187
v40733,0,37187
v40734,0,37187
v40735,0,37187
v40736,0,37187
v40738,0,37187
v43268,0,37187
v40740,0,37187
v40742,0,37187
v40743,0,37187
v40744,0,37187
v40745,0,37187
v40746,0,37187
v40748,0,37187
v40749,0,37187
v40750,0,37187
v40751,0,37187
v40752,0,37187
v40753,0,37187
v40754,0,37187
v40755,0,37187
v40756,0,37187
v40758,0,37187
v40759,0,37187
v40760,0,37187
v40762,0,37187
v40763,0,37187
v40765,0,37187
v40766,0,37187
v40767,0,37187
v40768,0,37187
v40769,0,37187
v40770,0,37187
v40771,0,37187
v40773,0,37187
v40774,0,37187
v40775,0,37187
v40777,0,37187
v40778,0,37187
v40779,0,37187
v40780,0,37187
v40781,0,37187
v40782,0,37187
v40783,0,37187
v40784,0,37187
v40785,0,37187
v40786,0,37187
v8776,0,37187
v40789,0,37187
v40793,0,37187
v40797,0,37187
v40799,0,37187
v40800,0,37187
v40801,0,37187
v40802,0,37187
v40803,0,37187
v40804,0,37187
v40805,0,37187
v40806,0,37187
v40807,0,37187
v40808,0,37187
v40809,0,37187
v40810,0,37187
v40811,0,37187
v40812,0,37187
v40814,0,37187
v40815,0,37187
v40816,0,37187
v40817,0,37187
v40818,0,37187
v40819,0,37187
v40820,0,37187
v40821,0,37187
v40822,0,37187
v40823,0,37187
v40824,0,37187
v40825,0,37187
v40826,0,37187
v40828,0,37187
v40829,0,37187
v40831,0,37187
v40833,0,37187
v40834,0,37187
v40835,0,37187
v40836,0,37187
v43269,0,37187
v59008,0,37187
v40839,0,37187
v40840,0,37187
v40841,0,37187
v40843,0,37187
v40844,0,37187
v40845,0,37187
v40846,0,37187
v40848,0,37187
v40849,0,37187
v40851,0,37187
v40852,0,37187
v40853,0,37187
v40854,0,37187
v40855,0,37187
v40856,0,37187
v40857,0,37187
v40859,0,37187
v61977,0,37187
v40861,0,37187
v40862,0,37187
v40863,0,37187
v40865,0,37187
v40866,0,37187
v40868,0,37187
v40869,0,37187
v40870,0,37187
v40871,0,37187
v40872,0,37187
v40874,0,37187
v40875,0,37187
v40876,0,37187
v40877,0,37187
v40878,0,37187
v40879,0,37187
v40880,0,37187
v40881,0,37187
v40882,0,37187
v40883,0,37187
v40884,0,37187
v40885,0,37187
v40886,0,37187
v40887,0,37187
v40888,0,37187
v40891,0,37187
v40892,0,37187
v40893,0,37187
v40894,0,37187
v40895,0,37187
v40896,0,37187
v40897,0,37187
v40899,0,37187
v40900,0,37187
v40902,0,37187
v40903,0,37187
v40904,0,37187
v40905,0,37187
v40906,0,37187
v40907,0,37187
v40908,0,37187
v40909,0,37187
v40910,0,37187
v40911,0,37187
v40912,0,37187
v40913,0,37187
v40914,0,37187
v40915,0,37187
v40916,0,37187
v40917,0,37187
v40918,0,37187
v40919,0,37187
v40920,0,37187
v40921,0,37187
v40922,0,37187
v40923,0,37187
v40924,0,37187
v40925,0,37187
v40926,0,37187
v40928,0,37187
v40929,0,37187
v40930,0,37187
v40931,0,37187
v40932,0,37187
v40933,0,37187
v40934,0,37187
v40935,0,37187
v40936,0,37187
v8763,0,37187
v40939,0,37187
v40940,0,37187
v40941,0,37187
v40942,0,37187
v40943,0,37187
v40944,0,37187
v40945,0,37187
v40948,0,37187
v40951,0,37187
v40952,0,37187
v40953,0,37187
v40954,0,37187
v40955,0,37187
v40956,0,37187
v40957,0,37187
v40958,0,37187
v40959,0,37187
v40960,0,37187
v40961,0,37187
v40962,0,37187
v40964,0,37187
v40965,0,37187
v40966,0,37187
v40967,0,37187
v40968,0,37187
v40969,0,37187
v40970,0,37187
v40971,0,37187
v40972,0,37187
v40973,0,37187
v40974,0,37187
v40975,0,37187
v40978,0,37187
v40979,0,37187
v40980,0,37187
v40981,0,37187
v40982,0,37187
v40985,0,37187
v40986,0,37187
v40987,0,37187
v40988,0,37187
v40989,0,37187
v40991,0,37187
v40992,0,37187
v40993,0,37187
v40994,0,37187
v40995,0,37187
v40996,0,37187
v40997,0,37187
v40998,0,37187
v40999,0,37187
v41000,0,37187
v41001,0,37187
v41002,0,37187
v41003,0,37187
v41004,0,37187
v41005,0,37187
v41006,0,37187
v41007,0,37187
v41008,0,37187
v41009,0,37187
v41010,0,37187
v41011,0,37187
v41012,0,37187
v41013,0,37187
v41014,0,37187
v41015,0,37187
v41016,0,37187
v41017,0,37187
v41018,0,37187
v41020,0,37187
v41021,0,37187
v41024,0,37187
v41026,0,37187
v41027,0,37187
v41029,0,37187
v41031,0,37187
v41032,0,37187
v41033,0,37187
v41034,0,37187
v41035,0,37187
v41036,0,37187
v41037,0,37187
v41038,0,37187
v41039,0,37187
v41042,0,37187
v41043,0,37187
v41044,0,37187
v41045,0,37187
v41046,0,37187
v41047,0,37187
v41048,0,37187
v41049,0,37187
v41053,0,37187
v41060,0,37187
v41061,0,37187
v41062,0,37187
v41064,0,37187
v41065,0,37187
v41066,0,37187
v41067,0,37187
v41068,0,37187
v41069,0,37187
v41070,0,37187
v8750,0,37187
v41072,0,37187
v41073,0,37187
v41077,0,37187
v8748,0,37187
v61978,0,37187
v41080,0,37187
v41081,0,37187
v41082,0,37187
v41083,0,37187
v41084,0,37187
v41087,0,37187
v41089,0,37187
v41090,0,37187
v41091,0,37187
v41093,0,37187
v41097,0,37187
v41098,0,37187
v41099,0,37187
v41100,0,37187
v41101,0,37187
v41103,0,37187
v41105,0,37187
v41107,0,37187
v41108,0,37187
v41110,0,37187
v41111,0,37187
v41112,0,37187
v41113,0,37187
v41114,0,37187
v41115,0,37187
v41116,0,37187
v41117,0,37187
v41118,0,37187
v41119,0,37187
v41120,0,37187
v41121,0,37187
v41122,0,37187
v41123,0,37187
v41125,0,37187
v41126,0,37187
v41128,0,37187
v41131,0,37187
v41134,0,37187
v41135,0,37187
v41136,0,37187
v41137,0,37187
v41138,0,37187
v41140,0,37187
v41141,0,37187
v41142,0,37187
v41143,0,37187
v41145,0,37187
v41146,0,37187
v41147,0,37187
v41148,0,37187
v41149,0,37187
v41150,0,37187
v41151,0,37187
v41152,0,37187
v41153,0,37187
v41154,0,37187
v41156,0,37187
v41157,0,37187
v41159,0,37187
v41160,0,37187
v41161,0,37187
v41162,0,37187
v41164,0,37187
v41165,0,37187
v41166,0,37187
v41167,0,37187
v41168,0,37187
v41169,0,37187
v41170,0,37187
v41171,0,37187
v41174,0,37187
v41175,0,37187
v41176,0,37187
v41178,0,37187
v41179,0,37187
v41180,0,37187
v41183,0,37187
v41184,0,37187
v41186,0,37187
v41187,0,37187
v41188,0,37187
v41189,0,37187
v41190,0,37187
v41192,0,37187
v41194,0,37187
v41196,0,37187
v41197,0,37187
v41198,0,37187
v41199,0,37187
v41201,0,37187
v41203,0,37187
v41204,0,37187
v41205,0,37187
v41206,0,37187
v41207,0,37187
v41208,0,37187
v41209,0,37187
v41210,0,37187
v41211,0,37187
v41212,0,37187
v41213,0,37187
v41214,0,37187
v41215,0,37187
v41216,0,37187
v41217,0,37187
v41218,0,37187
v41219,0,37187
v41220,0,37187
v41221,0,37187
v41222,0,37187
v43270,0,37187
v41224,0,37187
v41225,0,37187
v41226,0,37187
v41227,0,37187
v41228,0,37187
v41229,0,37187
v41230,0,37187
v41231,0,37187
v41232,0,37187
v41233,0,37187
v41234,0,37187
v41235,0,37187
v41236,0,37187
v41237,0,37187
v41238,0,37187
v41239,0,37187
v41240,0,37187
v41241,0,37187
v41242,0,37187
v41243,0,37187
v41244,0,37187
v41245,0,37187
v41246,0,37187
v41247,0,37187
v41248,0,37187
v41249,0,37187
v41250,0,37187
v41251,0,37187
v41252,0,37187
v41253,0,37187
v41256,0,37187
v41260,0,37187
v41261,0,37187
v41262,0,37187
v41263,0,37187
v41264,0,37187
v41265,0,37187
v41266,0,37187
v41267,0,37187
v41268,0,37187
v41269,0,37187
v41270,0,37187
v41272,0,37187
v41273,0,37187
v41274,0,37187
v41275,0,37187
v41277,0,37187
v41278,0,37187
v41280,0,37187
v41281,0,37187
v41282,0,37187
v41286,0,37187
v41287,0,37187
v41288,0,37187
v41289,0,37187
v41291,0,37187
v41292,0,37187
v41293,0,37187
v41294,0,37187
v41295,0,37187
v41297,0,37187
v41298,0,37187
v41299,0,37187
v41300,0,37187
v41302,0,37187
v41303,0,37187
v41304,0,37187
v41305,0,37187
v41306,0,37187
v41307,0,37187
v41308,0,37187
v41309,0,37187
v41310,0,37187
v41311,0,37187
v41312,0,37187
v41313,0,37187
v41314,0,37187
v41315,0,37187
v41316,0,37187
v41317,0,37187
v41318,0,37187
v41319,0,37187
v41320,0,37187
v41322,0,37187
v41324,0,37187
v41325,0,37187
v41326,0,37187
v41327,0,37187
v41328,0,37187
v41329,0,37187
v41330,0,37187
v41332,0,37187
v41333,0,37187
v41334,0,37187
v41335,0,37187
v43272,0,37187
v41336,0,37187
v41337,0,37187
v41338,0,37187
v41340,0,37187
v41341,0,37187
v61979,0,37187
v41346,0,37187
v41348,0,37187
v41349,0,37187
v41350,0,37187
v41352,0,37187
v41353,0,37187
v41354,0,37187
v41355,0,37187
v41356,0,37187
v41357,0,37187
v41358,0,37187
v41359,0,37187
v41360,0,37187
v41362,0,37187
v41363,0,37187
v41364,0,37187
v41365,0,37187
v41366,0,37187
v41368,0,37187
v41369,0,37187
v41370,0,37187
v41371,0,37187
v41372,0,37187
v41373,0,37187
v41374,0,37187
v41375,0,37187
v41376,0,37187
v9652,0,37187
v41378,0,37187
v41379,0,37187
v41380,0,37187
v41381,0,37187
v41382,0,37187
v41384,0,37187
v41385,0,37187
v41386,0,37187
v41395,0,37187
v41396,0,37187
v41397,0,37187
v41398,0,37187
v41399,0,37187
v41400,0,37187
v41401,0,37187
v41402,0,37187
v41403,0,37187
v41404,0,37187
v41405,0,37187
v41406,0,37187
v41410,0,37187
v41411,0,37187
v9651,0,37187
v41413,0,37187
v41414,0,37187
v41416,0,37187
v41419,0,37187
v41420,0,37187
v41424,0,37187
v41426,0,37187
v41427,0,37187
v41429,0,37187
v41430,0,37187
v41431,0,37187
v41432,0,37187
v61980,0,37187
v41435,0,37187
v41438,0,37187
v41440,0,37187
v41441,0,37187
v41442,0,37187
v41444,0,37187
v41445,0,37187
v41446,0,37187
v41448,0,37187
v41450,0,37187
v41451,0,37187
v41454,0,37187
v41455,0,37187
v41456,0,37187
v41460,0,37187
v41461,0,37187
v41462,0,37187
v41465,0,37187
v61981,0,37187
v41472,0,37187
v41473,0,37187
v41475,0,37187
v41476,0,37187
v41477,0,37187
v41479,0,37187
v41480,0,37187
v41482,0,37187
v41484,0,37187
v41485,0,37187
v41487,0,37187
v41489,0,37187
v41490,0,37187
v41491,0,37187
v41492,0,37187
v41493,0,37187
v41494,0,37187
v41495,0,37187
v41496,0,37187
v41497,0,37187
v41498,0,37187
v41499,0,37187
v41500,0,37187
v41501,0,37187
v41502,0,37187
v41503,0,37187
v41504,0,37187
v41505,0,37187
v41506,0,37187
v41508,0,37187
v41509,0,37187
v41510,0,37187
v41512,0,37187
v43273,0,37187
v41513,0,37187
v41515,0,37187
v41516,0,37187
v41517,0,37187
v41518,0,37187
v41519,0,37187
v41520,0,37187
v41521,0,37187
v41522,0,37187
v41523,0,37187
v27295,0,37187
v41525,0,37187
v41530,0,37187
v41531,0,37187
v41532,0,37187
v41533,0,37187
v41534,0,37187
v41535,0,37187
v41536,0,37187
v41537,0,37187
v41538,0,37187
v41539,0,37187
v41540,0,37187
v41541,0,37187
v41544,0,37187
v41545,0,37187
v41548,0,37187
v41549,0,37187
v41551,0,37187
v41553,0,37187
v41558,0,37187
v41559,0,37187
v41561,0,37187
v41563,0,37187
v41565,0,37187
v41566,0,37187
v41567,0,37187
v41568,0,37187
v41570,0,37187
v41572,0,37187
v41573,0,37187
v41574,0,37187
v41576,0,37187
v41577,0,37187
v41579,0,37187
v41580,0,37187
v41581,0,37187
v41582,0,37187
v41583,0,37187
v41585,0,37187
v41586,0,37187
v41587,0,37187
v41588,0,37187
v41589,0,37187
v41590,0,37187
v41591,0,37187
v41592,0,37187
v41593,0,37187
v43274,0,37187
v41594,0,37187
v41595,0,37187
v41596,0,37187
v41597,0,37187
v41600,0,37187
v41601,0,37187
v41603,0,37187
v41604,0,37187
v41605,0,37187
v41606,0,37187
v41608,0,37187
v41609,0,37187
v8653,0,37187
v41611,0,37187
v41613,0,37187
v41614,0,37187
v41615,0,37187
v8652,0,37187
v41617,0,37187
v41619,0,37187
v41620,0,37187
v41622,0,37187
v41623,0,37187
v41624,0,37187
v41626,0,37187
v41627,0,37187
v41628,0,37187
v41629,0,37187
v41630,0,37187
v41632,0,37187
v41633,0,37187
v41634,0,37187
v41637,0,37187
v41638,0,37187
v41639,0,37187
v41647,0,37187
v41650,0,37187
v61982,0,37187
v41652,0,37187
v41653,0,37187
v41654,0,37187
v59007,0,37187
v41656,0,37187
v41657,0,37187
v41658,0,37187
v41659,0,37187
v41660,0,37187
v41661,0,37187
v41662,0,37187
v41663,0,37187
v41665,0,37187
v41666,0,37187
v41667,0,37187
v43275,0,37187
v41668,0,37187
v41669,0,37187
v41670,0,37187
v41671,0,37187
v41672,0,37187
v41673,0,37187
v41674,0,37187
v41675,0,37187
v41676,0,37187
v41680,0,37187
v41681,0,37187
v41682,0,37187
v41683,0,37187
v41684,0,37187
v41685,0,37187
v41686,0,37187
v41687,0,37187
v41689,0,37187
v41690,0,37187
v41691,0,37187
v41692,0,37187
v41693,0,37187
v41694,0,37187
v41696,0,37187
v41697,0,37187
v41698,0,37187
v41699,0,37187
v41702,0,37187
v41704,0,37187
v41705,0,37187
v41706,0,37187
v41707,0,37187
v41708,0,37187
v41709,0,37187
v41710,0,37187
v41711,0,37187
v41712,0,37187
v41713,0,37187
v41714,0,37187
v41715,0,37187
v41716,0,37187
v41717,0,37187
v41718,0,37187
v41719,0,37187
v43276,0,37187
v43277,0,37187
v43278,0,37187
v41720,0,37187
v41721,0,37187
v41722,0,37187
v41723,0,37187
v41724,0,37187
v41725,0,37187
v41726,0,37187
v41728,0,37187
v41729,0,37187
v41731,0,37187
v41732,0,37187
v41733,0,37187
v41734,0,37187
v41735,0,37187
v41737,0,37187
v41738,0,37187
v41739,0,37187
v41740,0,37187
v41741,0,37187
v41742,0,37187
v41743,0,37187
v41744,0,37187
v41745,0,37187
v41748,0,37187
v41749,0,37187
v41750,0,37187
v41751,0,37187
v41752,0,37187
v8629,0,37187
v41755,0,37187
v41756,0,37187
v43279,0,37187
v43280,0,37187
v43281,0,37187
v41758,0,37187
v41759,0,37187
v41760,0,37187
v41761,0,37187
v41762,0,37187
v41765,0,37187
v41766,0,37187
v41767,0,37187
v41768,0,37187
v41769,0,37187
v41770,0,37187
v41771,0,37187
v41772,0,37187
v41773,0,37187
v41774,0,37187
v41775,0,37187
v41776,0,37187
v41777,0,37187
v41778,0,37187
v41779,0,37187
v41780,0,37187
v41781,0,37187
v41782,0,37187
v41783,0,37187
v41784,0,37187
v41785,0,37187
v41786,0,37187
v41787,0,37187
v41788,0,37187
v41789,0,37187
v41790,0,37187
v59006,0,37187
v61983,0,37187
v41796,0,37187
v41797,0,37187
v41798,0,37187
v41799,0,37187
v41800,0,37187
v41801,0,37187
v41802,0,37187
v41803,0,37187
v41804,0,37187
v41805,0,37187
v41806,0,37187
v41807,0,37187
v41808,0,37187
v41809,0,37187
v41810,0,37187
v41811,0,37187
v41812,0,37187
v41818,0,37187
v41819,0,37187
v41820,0,37187
v41821,0,37187
v41822,0,37187
v41823,0,37187
v41824,0,37187
v41825,0,37187
v41826,0,37187
v41827,0,37187
v41831,0,37187
v41833,0,37187
v41834,0,37187
v41835,0,37187
v41836,0,37187
v41838,0,37187
v41839,0,37187
v41840,0,37187
v41841,0,37187
v41842,0,37187
v41844,0,37187
v41845,0,37187
v41846,0,37187
v41848,0,37187
v41849,0,37187
v41850,0,37187
v41851,0,37187
v41852,0,37187
v41853,0,37187
v41854,0,37187
v41855,0,37187
v43282,0,37187
v43283,0,37187
v41856,0,37187
v41857,0,37187
v41859,0,37187
v41860,0,37187
v41861,0,37187
v41862,0,37187
v41865,0,37187
v41866,0,37187
v41868,0,37187
v41869,0,37187
v41870,0,37187
v41871,0,37187
v41872,0,37187
v41874,0,37187
v41876,0,37187
v41877,0,37187
v61984,0,37187
v41881,0,37187
v41882,0,37187
v59004,0,37187
v41884,0,37187
v41885,0,37187
v41886,0,37187
v41887,0,37187
v41888,0,37187
v41889,0,37187
v41890,0,37187
v41891,0,37187
v41892,0,37187
v41893,0,37187
v41895,0,37187
v41896,0,37187
v41897,0,37187
v41898,0,37187
v41899,0,37187
v41900,0,37187
v41901,0,37187
v41902,0,37187
v41904,0,37187
v41905,0,37187
v41910,0,37187
v41912,0,37187
v41913,0,37187
v41914,0,37187
v41915,0,37187
v41916,0,37187
v41919,0,37187
v41920,0,37187
v41922,0,37187
v41923,0,37187
v41924,0,37187
v41925,0,37187
v41926,0,37187
v41927,0,37187
v41929,0,37187
v41930,0,37187
v41932,0,37187
v59003,0,37187
v41934,0,37187
v41935,0,37187
v59002,0,37187
v41939,0,37187
v41940,0,37187
v41941,0,37187
v8590,0,37187
v8581,0,37187
v8579,0,37187
v41949,0,37187
v41950,0,37187
v43287,0,37187
v41951,0,37187
v41952,0,37187
v41953,0,37187
v41954,0,37187
v41956,0,37187
v41962,0,37187
v41963,0,37187
v41964,0,37187
v41966,0,37187
v41967,0,37187
v41968,0,37187
v61985,0,37187
v41970,0,37187
v41971,0,37187
v41972,0,37187
v41974,0,37187
v41975,0,37187
v41976,0,37187
v41977,0,37187
v41981,0,37187
v41982,0,37187
v41984,0,37187
v41985,0,37187
v41986,0,37187
v41987,0,37187
v41988,0,37187
v41989,0,37187
v41990,0,37187
v41991,0,37187
v41992,0,37187
v41996,0,37187
v41997,0,37187
v8572,0,37187
v41999,0,37187
v42000,0,37187
v42002,0,37187
v42003,0,37187
v42004,0,37187
v42005,0,37187
v42007,0,37187
v42008,0,37187
v42009,0,37187
v42010,0,37187
v42012,0,37187
v42014,0,37187
v42015,0,37187
v42016,0,37187
v42017,0,37187
v42018,0,37187
v43289,0,37187
v42021,0,37187
v42024,0,37187
v8567,0,37187
v42028,0,37187
v42030,0,37187
v42031,0,37187
v42032,0,37187
v42033,0,37187
v42035,0,37187
v42036,0,37187
v42039,0,37187
v42040,0,37187
v42041,0,37187
v42042,0,37187
v42043,0,37187
v42044,0,37187
v8558,0,37187
v42046,0,37187
v42047,0,37187
v42050,0,37187
v42052,0,37187
v42053,0,37187
v42055,0,37187
v42056,0,37187
v42057,0,37187
v42058,0,37187
v42059,0,37187
v42061,0,37187
v42062,0,37187
v42063,0,37187
v42065,0,37187
v42066,0,37187
v42067,0,37187
v42068,0,37187
v42069,0,37187
v42070,0,37187
v42071,0,37187
v61986,0,37187
v42073,0,37187
v42075,0,37187
v42077,0,37187
v42078,0,37187
v42080,0,37187
v8548,0,37187
v8543,0,37187
v8541,0,37187
v42092,0,37187
v42093,0,37187
v42094,0,37187
v42095,0,37187
v42096,0,37187
v42097,0,37187
v42098,0,37187
v42099,0,37187
v8540,0,37187
v42102,0,37187
v42103,0,37187
v42104,0,37187
v42105,0,37187
v42106,0,37187
v42107,0,37187
v42108,0,37187
v42109,0,37187
v42110,0,37187
v42111,0,37187
v42112,0,37187
v42114,0,37187
v42115,0,37187
v42116,0,37187
v42117,0,37187
v42118,0,37187
v42119,0,37187
v42120,0,37187
v42121,0,37187
v42122,0,37187
v42123,0,37187
v42124,0,37187
v8537,0,37187
v42128,0,37187
v42130,0,37187
v42131,0,37187
v42132,0,37187
v42133,0,37187
v42134,0,37187
v42135,0,37187
v42136,0,37187
v42143,0,37187
v42144,0,37187
v42145,0,37187
v42146,0,37187
v42148,0,37187
v42149,0,37187
v42150,0,37187
v42151,0,37187
v42152,0,37187
v42153,0,37187
v42154,0,37187
v42155,0,37187
v42157,0,37187
v42160,0,37187
v42161,0,37187
v42162,0,37187
v42163,0,37187
v42164,0,37187
v42165,0,37187
v42166,0,37187
v42167,0,37187
v42169,0,37187
v42171,0,37187
v42172,0,37187
v42173,0,37187
v42174,0,37187
v42175,0,37187
v42176,0,37187
v42177,0,37187
v42178,0,37187
v42179,0,37187
v42180,0,37187
v42181,0,37187
v42182,0,37187
v42183,0,37187
v42184,0,37187
v42185,0,37187
v42186,0,37187
v61987,0,37187
v42195,0,37187
v42196,0,37187
v42197,0,37187
v42198,0,37187
v42199,0,37187
v42200,0,37187
v42201,0,37187
v42203,0,37187
v42204,0,37187
v42207,0,37187
v42209,0,37187
v8522,0,37187
v42211,0,37187
v42212,0,37187
v42213,0,37187
v42215,0,37187
v42217,0,37187
v42218,0,37187
v61988,0,37187
v42220,0,37187
v42222,0,37187
v42223,0,37187
v42225,0,37187
v42226,0,37187
v42230,0,37187
v42232,0,37187
v42234,0,37187
v42235,0,37187
v42236,0,37187
v42237,0,37187
v42238,0,37187
v42239,0,37187
v42242,0,37187
v61989,0,37187
v8521,0,37187
v42247,0,37187
v42248,0,37187
v42251,0,37187
v42252,0,37187
v42254,0,37187
v42255,0,37187
v42256,0,37187
v42258,0,37187
v42259,0,37187
v42260,0,37187
v61990,0,37187
v42262,0,37187
v43290,0,37187
v43291,0,37187
v8515,0,37187
v42264,0,37187
v42266,0,37187
v42267,0,37187
v42268,0,37187
v42270,0,37187
v42271,0,37187
v42272,0,37187
v8484,0,37187
v8475,0,37187
v42280,0,37187
v42282,0,37187
v42284,0,37187
v42286,0,37187
v42288,0,37187
v42289,0,37187
v42293,0,37187
v42295,0,37187
v42297,0,37187
v42298,0,37187
v42299,0,37187
v42300,0,37187
v42301,0,37187
v42302,0,37187
v42303,0,37187
v42304,0,37187
v42305,0,37187
v42306,0,37187
v42307,0,37187
v42308,0,37187
v42311,0,37187
v42312,0,37187
v42314,0,37187
v42316,0,37187
v42318,0,37187
v42319,0,37187
v42322,0,37187
v42323,0,37187
v42325,0,37187
v42326,0,37187
v42327,0,37187
v42329,0,37187
v42330,0,37187
v42331,0,37187
v42332,0,37187
v42333,0,37187
v42335,0,37187
v42336,0,37187
v42337,0,37187
v42338,0,37187
v42340,0,37187
v42341,0,37187
v42343,0,37187
v42344,0,37187
v42345,0,37187
v42346,0,37187
v42347,0,37187
v42348,0,37187
v42350,0,37187
v42352,0,37187
v42353,0,37187
v42354,0,37187
v42356,0,37187
v42357,0,37187
v42358,0,37187
v42360,0,37187
v42361,0,37187
v61992,0,37187
v42363,0,37187
v42364,0,37187
v42365,0,37187
v42366,0,37187
v42367,0,37187
v42368,0,37187
v42369,0,37187
v42370,0,37187
v42371,0,37187
v42374,0,37187
v42375,0,37187
v42376,0,37187
v42377,0,37187
v42378,0,37187
v42379,0,37187
v42381,0,37187
v8450,0,37187
v42386,0,37187
v42387,0,37187
v42388,0,37187
v8448,0,37187
v42391,0,37187
v42393,0,37187
v8445,0,37187
v42396,0,37187
v42397,0,37187
v42399,0,37187
v42400,0,37187
v42401,0,37187
v42402,0,37187
v8444,0,37187
v42404,0,37187
v42407,0,37187
v42408,0,37187
v42409,0,37187
v42410,0,37187
v42411,0,37187
v42415,0,37187
v42417,0,37187
v42422,0,37187
v42424,0,37187
v42426,0,37187
v42427,0,37187
v8419,0,37187
v42431,0,37187
v42432,0,37187
v42434,0,37187
v42437,0,37187
v42438,0,37187
v42440,0,37187
v42441,0,37187
v42442,0,37187
v61993,0,37187
v42445,0,37187
v42446,0,37187
v42447,0,37187
v8406,0,37187
v42449,0,37187
v42454,0,37187
v42455,0,37187
v42457,0,37187
v42458,0,37187
v42461,0,37187
v42462,0,37187
v42463,0,37187
v42464,0,37187
v42465,0,37187
v8404,0,37187
v42468,0,37187
v42470,0,37187
v42474,0,37187
v42475,0,37187
v42476,0,37187
v42478,0,37187
v42479,0,37187
v42480,0,37187
v42482,0,37187
v42483,0,37187
v42484,0,37187
v42486,0,37187
v42490,0,37187
v42491,0,37187
v8400,0,37187
v42493,0,37187
v42494,0,37187
v42495,0,37187
v42496,0,37187
v42497,0,37187
v42498,0,37187
v42500,0,37187
v42501,0,37187
v42503,0,37187
v42504,0,37187
v42505,0,37187
v42506,0,37187
v42507,0,37187
v42508,0,37187
v42510,0,37187
v42511,0,37187
v42513,0,37187
v42514,0,37187
v42515,0,37187
v42518,0,37187
v42521,0,37187
v42522,0,37187
v42524,0,37187
v42525,0,37187
v42526,0,37187
v42527,0,37187
v42528,0,37187
v42529,0,37187
v8395,0,37187
v42531,0,37187
v42532,0,37187
v42533,0,37187
v42534,0,37187
v42535,0,37187
v42536,0,37187
v42537,0,37187
v8394,0,37187
v42542,0,37187
v42543,0,37187
v42544,0,37187
v42545,0,37187
v42546,0,37187
v42547,0,37187
v42548,0,37187
v42549,0,37187
v61994,0,37187
v61995,0,37187
v42552,0,37187
v42553,0,37187
v42554,0,37187
v42555,0,37187
v42559,0,37187
v8390,0,37187
v42562,0,37187
v42563,0,37187
v42564,0,37187
v8388,0,37187
v8384,0,37187
v42567,0,37187
v42568,0,37187
v42571,0,37187
v42572,0,37187
v42574,0,37187
v42575,0,37187
v42576,0,37187
v42577,0,37187
v42578,0,37187
v42579,0,37187
v42581,0,37187
v42583,0,37187
v42584,0,37187
v42585,0,37187
v8376,0,37187
v42588,0,37187
v42591,0,37187
v42593,0,37187
v42596,0,37187
v8371,0,37187
v42598,0,37187
v42599,0,37187
v42601,0,37187
v42603,0,37187
v42604,0,37187
v42605,0,37187
v42610,0,37187
v42612,0,37187
v42613,0,37187
v58998,0,37187
v58997,0,37187
v42617,0,37187
v42619,0,37187
v42621,0,37187
v42622,0,37187
v42623,0,37187
v42624,0,37187
v42625,0,37187
v42626,0,37187
v42627,0,37187
v42628,0,37187
v61996,0,37187
v42630,0,37187
v42632,0,37187
v42633,0,37187
v42639,0,37187
v42641,0,37187
v42643,0,37187
v42644,0,37187
v42646,0,37187
v42647,0,37187
v42648,0,37187
v42649,0,37187
v42650,0,37187
v8352,0,37187
v42653,0,37187
v42654,0,37187
v42656,0,37187
v42657,0,37187
v42658,0,37187
v42660,0,37187
v8346,0,37187
v42663,0,37187
v42664,0,37187
v42666,0,37187
v42667,0,37187
v42668,0,37187
v42669,0,37187
v42670,0,37187
v42671,0,37187
v8345,0,37187
v42673,0,37187
v42675,0,37187
v42677,0,37187
v42680,0,37187
v42681,0,37187
v42682,0,37187
v42683,0,37187
v42685,0,37187
v42686,0,37187
v42687,0,37187
v62000,0,37187
v42692,0,37187
v42693,0,37187
v42695,0,37187
v42696,0,37187
v42697,0,37187
v42698,0,37187
v42700,0,37187
v42701,0,37187
v42703,0,37187
v42704,0,37187
v42705,0,37187
v42706,0,37187
v42708,0,37187
v42709,0,37187
v42710,0,37187
v42711,0,37187
v42713,0,37187
v42714,0,37187
v42715,0,37187
v42717,0,37187
v42719,0,37187
v42720,0,37187
v42721,0,37187
v42722,0,37187
v62001,0,37187
v42724,0,37187
v42725,0,37187
v42726,0,37187
v42727,0,37187
v42728,0,37187
v42729,0,37187
v42730,0,37187
v42731,0,37187
v42734,0,37187
v42735,0,37187
v42736,0,37187
v42737,0,37187
v42738,0,37187
v42739,0,37187
v42740,0,37187
v42741,0,37187
v42742,0,37187
v42743,0,37187
v42747,0,37187
v42749,0,37187
v42750,0,37187
v42752,0,37187
v42753,0,37187
v42754,0,37187
v42756,0,37187
v42758,0,37187
v42761,0,37187
v42762,0,37187
v42763,0,37187
v42767,0,37187
v42768,0,37187
v42771,0,37187
v42772,0,37187
v42773,0,37187
v42774,0,37187
v42775,0,37187
v42776,0,37187
v42779,0,37187
v42780,0,37187
v42782,0,37187
v42784,0,37187
v42785,0,37187
v42786,0,37187
v42788,0,37187
v8340,0,37187
v42790,0,37187
v42791,0,37187
v42793,0,37187
v42794,0,37187
v42795,0,37187
v42796,0,37187
v42797,0,37187
v42798,0,37187
v58996,0,37187
v42801,0,37187
v42802,0,37187
v42803,0,37187
v42805,0,37187
v42806,0,37187
v42807,0,37187
v42808,0,37187
v42809,0,37187
v42810,0,37187
v42811,0,37187
v42812,0,37187
v42813,0,37187
v42814,0,37187
v62002,0,37187
v42816,0,37187
v42817,0,37187
v42818,0,37187
v42819,0,37187
v42820,0,37187
v42821,0,37187
v42824,0,37187
v42825,0,37187
v42826,0,37187
v42827,0,37187
v42828,0,37187
v42829,0,37187
v42830,0,37187
v42831,0,37187
v42832,0,37187
v42833,0,37187
v42834,0,37187
v42835,0,37187
v42836,0,37187
v42837,0,37187
v42838,0,37187
v42839,0,37187
v42840,0,37187
v42841,0,37187
v42843,0,37187
v42844,0,37187
v42846,0,37187
v42847,0,37187
v62003,0,37187
v42850,0,37187
v42851,0,37187
v42852,0,37187
v42853,0,37187
v8333,0,37187
v42859,0,37187
v42860,0,37187
v42864,0,37187
v42865,0,37187
v42866,0,37187
v42867,0,37187
v42868,0,37187
v42871,0,37187
v42873,0,37187
v42874,0,37187
v42875,0,37187
v62004,0,37187
v42877,0,37187
v42878,0,37187
v42879,0,37187
v42881,0,37187
v42882,0,37187
v8312,0,37187
v42889,0,37187
v42890,0,37187
v42891,0,37187
v42892,0,37187
v62005,0,37187
v42896,0,37187
v42900,0,37187
v42901,0,37187
v42908,0,37187
v42909,0,37187
v42911,0,37187
v8305,0,37187
v42915,0,37187
v42916,0,37187
v42917,0,37187
v42921,0,37187
v42924,0,37187
v42925,0,37187
v42928,0,37187
v42931,0,37187
v42932,0,37187
v42933,0,37187
v62007,0,37187
v8302,0,37187
v42937,0,37187
v62008,0,37187
v42941,0,37187
v42943,0,37187
v58995,0,37187
v42946,0,37187
v42947,0,37187
v42950,0,37187
v42951,0,37187
v42954,0,37187
v42956,0,37187
v42958,0,37187
v42959,0,37187
v42963,0,37187
v42969,0,37187
v42970,0,37187
v62009,0,37187
v42973,0,37187
v42974,0,37187
v42975,0,37187
v42976,0,37187
v42980,0,37187
v42981,0,37187
v42982,0,37187
v42983,0,37187
v42984,0,37187
v42985,0,37187
v42986,0,37187
v42988,0,37187
v42990,0,37187
v42991,0,37187
v42992,0,37187
v42993,0,37187
v42994,0,37187
v42996,0,37187
v42997,0,37187
v42998,0,37187
v58994,0,37187
v62010,0,37187
v43006,0,37187
v62011,0,37187
v8250,0,37187
v43010,0,37187
v43012,0,37187
v43013,0,37187
v43014,0,37187
v43016,0,37187
v43018,0,37187
v43020,0,37187
v43024,0,37187
v43025,0,37187
v43026,0,37187
v43027,0,37187
v43029,0,37187
v43031,0,37187
v43032,0,37187
v43033,0,37187
v43034,0,37187
v43035,0,37187
v43036,0,37187
v43038,0,37187
v43039,0,37187
v43040,0,37187
v43041,0,37187
v43042,0,37187
v43043,0,37187
v43044,0,37187
v43046,0,37187
v43049,0,37187
v43050,0,37187
v43051,0,37187
v43052,0,37187
v43057,0,37187
v43058,0,37187
v43060,0,37187
v43063,0,37187
v8239,0,37187
v43067,0,37187
v43069,0,37187
v43070,0,37187
v43071,0,37187
v43072,0,37187
v8237,0,37187
v43075,0,37187
v43077,0,37187
v43078,0,37187
v43079,0,37187
v43080,0,37187
v43081,0,37187
v62012,0,37187
v62013,0,37187
v43085,0,37187
v43086,0,37187
v43088,0,37187
v8236,0,37187
v43091,0,37187
v43092,0,37187
v43096,0,37187
v43097,0,37187
v43098,0,37187
v43099,0,37187
v43100,0,37187
v43101,0,37187
v43104,0,37187
v43106,0,37187
v43107,0,37187
v43110,0,37187
v43111,0,37187
v43112,0,37187
v43116,0,37187
v43117,0,37187
v43122,0,37187
v43124,0,37187
v43125,0,37187
v43126,0,37187
v43127,0,37187
v43128,0,37187
v43135,0,37187
v43136,0,37187
v43140,0,37187
v43142,0,37187
v43144,0,37187
v43145,0,37187
v43146,0,37187
v43148,0,37187
v43150,0,37187
v43152,0,37187
v43153,0,37187
v43155,0,37187
v43156,0,37187
v43158,0,37187
v43159,0,37187
v43162,0,37187
v43164,0,37187
v43166,0,37187
v43167,0,37187
v43168,0,37187
v43169,0,37187
v43175,0,37187
v43176,0,37187
v43178,0,37187
v43180,0,37187
v46066,0,37187
v8200,0,37187
v43184,0,37187
v43185,0,37187
v43186,0,37187
v43187,0,37187
v43190,0,37187
v43192,0,37187
v43193,0,37187
v43195,0,37187
v43197,0,37187
v43198,0,37187
v43200,0,37187
v43201,0,37187
v43202,0,37187
v43203,0,37187
v43204,0,37187
v43205,0,37187
v43206,0,37187
v43207,0,37187
v43208,0,37187
v43209,0,37187
v43211,0,37187
v43212,0,37187
v43213,0,37187
v43214,0,37187
v43216,0,37187
v43217,0,37187
v43218,0,37187
v43220,0,37187
v8193,0,37187
v43293,0,37187
v43295,0,37187
v62015,0,37187
v43298,0,37187
v43302,0,37187
v43303,0,37187
v43304,0,37187
v43305,0,37187
v62016,0,37187
v43308,0,37187
v43310,0,37187
v43313,0,37187
v43314,0,37187
v43315,0,37187
v62017,0,37187
v43318,0,37187
v43319,0,37187
v8165,0,37187
v43321,0,37187
v62018,0,37187
v43323,0,37187
v43324,0,37187
v8164,0,37187
v43328,0,37187
v43329,0,37187
v8163,0,37187
v62019,0,37187
v43338,0,37187
v43339,0,37187
v43340,0,37187
v43341,0,37187
v43342,0,37187
v43345,0,37187
v43346,0,37187
v43347,0,37187
v43348,0,37187
v43349,0,37187
v43350,0,37187
v43351,0,37187
v43353,0,37187
v43354,0,37187
v43355,0,37187
v43356,0,37187
v43357,0,37187
v43358,0,37187
v43359,0,37187
v43360,0,37187
v43364,0,37187
v43366,0,37187
v43367,0,37187
v43368,0,37187
v43369,0,37187
v43370,0,37187
v43371,0,37187
v43372,0,37187
v43374,0,37187
v43375,0,37187
v43378,0,37187
v43380,0,37187
v43382,0,37187
v43383,0,37187
v43386,0,37187
v43387,0,37187
v43388,0,37187
v43389,0,37187
v43390,0,37187
v43391,0,37187
v43392,0,37187
v43393,0,37187
v43395,0,37187
v43396,0,37187
v43397,0,37187
v43398,0,37187
v43399,0,37187
v43400,0,37187
v43401,0,37187
v43403,0,37187
v43404,0,37187
v43405,0,37187
v43406,0,37187
v43407,0,37187
v43408,0,37187
v43409,0,37187
v8156,0,37187
v43412,0,37187
v43413,0,37187
v43415,0,37187
v43416,0,37187
v43417,0,37187
v43420,0,37187
v62020,0,37187
v43425,0,37187
v43426,0,37187
v43427,0,37187
v43428,0,37187
v43429,0,37187
v8149,0,37187
v43432,0,37187
v43435,0,37187
v43436,0,37187
v8140,0,37187
v43439,0,37187
v43440,0,37187
v43441,0,37187
v43442,0,37187
v43443,0,37187
v43444,0,37187
v62021,0,37187
v43449,0,37187
v43450,0,37187
v43452,0,37187
v62022,0,37187
v43455,0,37187
v43462,0,37187
v43463,0,37187
v43464,0,37187
v43466,0,37187
v43469,0,37187
v8127,0,37187
v62023,0,37187
v43473,0,37187
v43474,0,37187
v43475,0,37187
v43476,0,37187
v43480,0,37187
v43482,0,37187
v43483,0,37187
v43484,0,37187
v43486,0,37187
v43488,0,37187
v43489,0,37187
v62024,0,37187
v43493,0,37187
v43495,0,37187
v46068,0,37187
v43496,0,37187
v43499,0,37187
v43502,0,37187
v43504,0,37187
v43507,0,37187
v43508,0,37187
v43509,0,37187
v43510,0,37187
v43511,0,37187
v43512,0,37187
v43514,0,37187
v43515,0,37187
v43516,0,37187
v43517,0,37187
v43518,0,37187
v43519,0,37187
v43521,0,37187
v43524,0,37187
v43526,0,37187
v43527,0,37187
v43528,0,37187
v43529,0,37187
v43532,0,37187
v43533,0,37187
v43534,0,37187
v8101,0,37187
v43536,0,37187
v62025,0,37187
v43538,0,37187
v43540,0,37187
v43543,0,37187
v43545,0,37187
v43546,0,37187
v43547,0,37187
v62026,0,37187
v43553,0,37187
v43555,0,37187
v43558,0,37187
v43559,0,37187
v43560,0,37187
v43561,0,37187
v43562,0,37187
v43563,0,37187
v43564,0,37187
v46069,0,37187
v46070,0,37187
v43565,0,37187
v43568,0,37187
v43569,0,37187
v43571,0,37187
v43573,0,37187
v43575,0,37187
v43585,0,37187
v43586,0,37187
v43587,0,37187
v43588,0,37187
v43589,0,37187
v43590,0,37187
v43591,0,37187
v43592,0,37187
v46072,0,37187
v8072,0,37187
v43594,0,37187
v43595,0,37187
v43596,0,37187
v43597,0,37187
v43598,0,37187
v43600,0,37187
v43601,0,37187
v43602,0,37187
v43603,0,37187
v43604,0,37187
v43605,0,37187
v43607,0,37187
v43609,0,37187
v43610,0,37187
v62027,0,37187
v43615,0,37187
v43617,0,37187
v43618,0,37187
v43619,0,37187
v43621,0,37187
v43622,0,37187
v43623,0,37187
v43624,0,37187
v43625,0,37187
v43626,0,37187
v43627,0,37187
v43628,0,37187
v43629,0,37187
v43631,0,37187
v43632,0,37187
v62028,0,37187
v43641,0,37187
v43643,0,37187
v8058,0,37187
v43646,0,37187
v43647,0,37187
v46073,0,37187
v43650,0,37187
v43651,0,37187
v43652,0,37187
v43653,0,37187
v43654,0,37187
v43657,0,37187
v43658,0,37187
v46074,0,37187
v43660,0,37187
v43662,0,37187
v43663,0,37187
v43664,0,37187
v43665,0,37187
v43666,0,37187
v43669,0,37187
v43670,0,37187
v43671,0,37187
v43672,0,37187
v43674,0,37187
v43675,0,37187
v43677,0,37187
v43681,0,37187
v43682,0,37187
v43683,0,37187
v43684,0,37187
v43686,0,37187
v43688,0,37187
v43689,0,37187
v43690,0,37187
v43691,0,37187
v43692,0,37187
v43693,0,37187
v43695,0,37187
v43696,0,37187
v43697,0,37187
v43699,0,37187
v43700,0,37187
v43701,0,37187
v43702,0,37187
v43703,0,37187
v8031,0,37187
v43706,0,37187
v43707,0,37187
v43708,0,37187
v43710,0,37187
v43711,0,37187
v43712,0,37187
v43713,0,37187
v43714,0,37187
v43715,0,37187
v43716,0,37187
v43717,0,37187
v43718,0,37187
v43719,0,37187
v43720,0,37187
v43721,0,37187
v43722,0,37187
v43723,0,37187
v43724,0,37187
v43725,0,37187
v43726,0,37187
v43727,0,37187
v43728,0,37187
v43730,0,37187
v43731,0,37187
v43732,0,37187
v43733,0,37187
v43734,0,37187
v43737,0,37187
v43739,0,37187
v43742,0,37187
v43743,0,37187
v43744,0,37187
v43745,0,37187
v43746,0,37187
v43747,0,37187
v43748,0,37187
v43749,0,37187
v43750,0,37187
v43751,0,37187
v43752,0,37187
v43754,0,37187
v43755,0,37187
v43756,0,37187
v43757,0,37187
v43759,0,37187
v43760,0,37187
v43761,0,37187
v43763,0,37187
v43764,0,37187
v43765,0,37187
v8024,0,37187
v43767,0,37187
v43769,0,37187
v43770,0,37187
v43771,0,37187
v43772,0,37187
v43773,0,37187
v43774,0,37187
v43775,0,37187
v8004,0,37187
v46076,0,37187
v46077,0,37187
v43781,0,37187
v43782,0,37187
v43783,0,37187
v43784,0,37187
v43786,0,37187
v43788,0,37187
v43790,0,37187
v43791,0,37187
v43792,0,37187
v43795,0,37187
v43796,0,37187
v43797,0,37187
v43799,0,37187
v43800,0,37187
v43801,0,37187
v43803,0,37187
v43804,0,37187
v43805,0,37187
v43806,0,37187
v43807,0,37187
v43808,0,37187
v43811,0,37187
v43812,0,37187
v43813,0,37187
v43814,0,37187
v43815,0,37187
v43817,0,37187
v43822,0,37187
v43823,0,37187
v43824,0,37187
v43825,0,37187
v43826,0,37187
v43827,0,37187
v43828,0,37187
v43829,0,37187
v43830,0,37187
v43831,0,37187
v43832,0,37187
v43833,0,37187
v43834,0,37187
v43836,0,37187
v43837,0,37187
v43839,0,37187
v43840,0,37187
v43841,0,37187
v43842,0,37187
v43843,0,37187
v43844,0,37187
v43846,0,37187
v43847,0,37187
v43849,0,37187
v43850,0,37187
v43851,0,37187
v43854,0,37187
v43855,0,37187
v43856,0,37187
v43857,0,37187
v43858,0,37187
v43859,0,37187
v43861,0,37187
v43865,0,37187
v43866,0,37187
v43867,0,37187
v43869,0,37187
v43870,0,37187
v43871,0,37187
v43872,0,37187
v43873,0,37187
v43874,0,37187
v43876,0,37187
v43880,0,37187
v7975,0,37187
v43886,0,37187
v62029,0,37187
v43888,0,37187
v43889,0,37187
v43891,0,37187
v43893,0,37187
v43894,0,37187
v43895,0,37187
v43897,0,37187
v43898,0,37187
v43899,0,37187
v62030,0,37187
v43903,0,37187
v43904,0,37187
v43905,0,37187
v43906,0,37187
v43907,0,37187
v43908,0,37187
v43909,0,37187
v43910,0,37187
v43911,0,37187
v43913,0,37187
v43915,0,37187
v43916,0,37187
v43917,0,37187
v43918,0,37187
v43919,0,37187
v43920,0,37187
v43921,0,37187
v46079,0,37187
v43922,0,37187
v43924,0,37187
v43925,0,37187
v43926,0,37187
v43927,0,37187
v62031,0,37187
v43929,0,37187
v43930,0,37187
v43933,0,37187
v43934,0,37187
v43936,0,37187
v43937,0,37187
v43938,0,37187
v43939,0,37187
v43940,0,37187
v43942,0,37187
v43946,0,37187
v62032,0,37187
v43948,0,37187
v43949,0,37187
v43951,0,37187
v43952,0,37187
v43954,0,37187
v43955,0,37187
v43956,0,37187
v43958,0,37187
v43960,0,37187
v43963,0,37187
v43964,0,37187
v43965,0,37187
v43966,0,37187
v58993,0,37187
v7940,0,37187
v43969,0,37187
v43971,0,37187
v43973,0,37187
v62033,0,37187
v43975,0,37187
v43978,0,37187
v7920,0,37187
v43982,0,37187
v43983,0,37187
v43984,0,37187
v43987,0,37187
v43988,0,37187
v62034,0,37187
v62035,0,37187
v43997,0,37187
v44002,0,37187
v44004,0,37187
v44005,0,37187
v7903,0,37187
v44017,0,37187
v44018,0,37187
v44021,0,37187
v44023,0,37187
v44025,0,37187
v44026,0,37187
v44029,0,37187
v44035,0,37187
v44038,0,37187
v44039,0,37187
v44040,0,37187
v44041,0,37187
v44042,0,37187
v44046,0,37187
v44048,0,37187
v44049,0,37187
v44051,0,37187
v44052,0,37187
v44055,0,37187
v44057,0,37187
v44061,0,37187
v44064,0,37187
v44065,0,37187
v44066,0,37187
v44067,0,37187
v44069,0,37187
v44070,0,37187
v62036,0,37187
v44075,0,37187
v44076,0,37187
v44077,0,37187
v44080,0,37187
v44082,0,37187
v44086,0,37187
v44089,0,37187
v44093,0,37187
v44094,0,37187
v7868,0,37187
v44100,0,37187
v44111,0,37187
v62038,0,37187
v7841,0,37187
v58990,0,37187
v7823,0,37187
v44121,0,37187
v44123,0,37187
v44125,0,37187
v44126,0,37187
v44128,0,37187
v58989,0,37187
v44133,0,37187
v44134,0,37187
v58988,0,37187
v44139,0,37187
v44140,0,37187
v44143,0,37187
v7811,0,37187
v44148,0,37187
v44156,0,37187
v44160,0,37187
v44161,0,37187
v7797,0,37187
v44165,0,37187
v44166,0,37187
v44172,0,37187
v44174,0,37187
v44181,0,37187
v44182,0,37187
v58987,0,37187
v7765,0,37187
v7764,0,37187
v46084,0,37187
v7720,0,37187
v44214,0,37187
v44216,0,37187
v44217,0,37187
v44218,0,37187
v44221,0,37187
v44222,0,37187
v44223,0,37187
v44224,0,37187
v44225,0,37187
v44228,0,37187
v44230,0,37187
v44232,0,37187
v7683,0,37187
v7671,0,37187
v44240,0,37187
v44242,0,37187
v7669,0,37187
v7668,0,37187
v44247,0,37187
v44250,0,37187
v44253,0,37187
v44256,0,37187
v44257,0,37187
v44258,0,37187
v44260,0,37187
v44262,0,37187
v44263,0,37187
v44265,0,37187
v44267,0,37187
v44268,0,37187
v44269,0,37187
v44270,0,37187
v7654,0,37187
v44272,0,37187
v44273,0,37187
v44274,0,37187
v44275,0,37187
v44278,0,37187
v44281,0,37187
v44283,0,37187
v44285,0,37187
v44286,0,37187
v44287,0,37187
v44288,0,37187
v44292,0,37187
v44295,0,37187
v44296,0,37187
v44297,0,37187
v44298,0,37187
v44299,0,37187
v44300,0,37187
v44301,0,37187
v44302,0,37187
v44304,0,37187
v7649,0,37187
v44308,0,37187
v44309,0,37187
v44311,0,37187
v7643,0,37187
v44313,0,37187
v44315,0,37187
v44316,0,37187
v44317,0,37187
v44318,0,37187
v44319,0,37187
v44321,0,37187
v44322,0,37187
v44324,0,37187
v44325,0,37187
v44326,0,37187
v44329,0,37187
v44330,0,37187
v44331,0,37187
v44332,0,37187
v44333,0,37187
v44334,0,37187
v44335,0,37187
v44336,0,37187
v44337,0,37187
v44338,0,37187
v7631,0,37187
v44341,0,37187
v44343,0,37187
v44344,0,37187
v62040,0,37187
v44349,0,37187
v44350,0,37187
v44351,0,37187
v44355,0,37187
v44356,0,37187
v7605,0,37187
v7599,0,37187
v44361,0,37187
v44363,0,37187
v44364,0,37187
v44365,0,37187
v44366,0,37187
v44367,0,37187
v44368,0,37187
v44369,0,37187
v44370,0,37187
v44372,0,37187
v44373,0,37187
v44374,0,37187
v44375,0,37187
v44376,0,37187
v44377,0,37187
v44378,0,37187
v44379,0,37187
v44380,0,37187
v44381,0,37187
v44382,0,37187
v44384,0,37187
v44385,0,37187
v44387,0,37187
v44391,0,37187
v44392,0,37187
v44396,0,37187
v44397,0,37187
v44399,0,37187
v44400,0,37187
v44401,0,37187
v44402,0,37187
v44403,0,37187
v44404,0,37187
v44405,0,37187
v44406,0,37187
v44407,0,37187
v44408,0,37187
v44409,0,37187
v44410,0,37187
v44411,0,37187
v44413,0,37187
v44414,0,37187
v44415,0,37187
v44416,0,37187
v44417,0,37187
v44419,0,37187
v44421,0,37187
v44422,0,37187
v44423,0,37187
v44424,0,37187
v44425,0,37187
v44427,0,37187
v44428,0,37187
v44430,0,37187
v44431,0,37187
v44432,0,37187
v44433,0,37187
v44434,0,37187
v44435,0,37187
v44437,0,37187
v44438,0,37187
v44439,0,37187
v44441,0,37187
v44442,0,37187
v44443,0,37187
v44444,0,37187
v44445,0,37187
v44446,0,37187
v44447,0,37187
v44449,0,37187
v44450,0,37187
v44451,0,37187
v44453,0,37187
v44454,0,37187
v44455,0,37187
v44456,0,37187
v44457,0,37187
v44458,0,37187
v44459,0,37187
v44460,0,37187
v44461,0,37187
v44462,0,37187
v44463,0,37187
v44464,0,37187
v7582,0,37187
v44466,0,37187
v44467,0,37187
v44468,0,37187
v44469,0,37187
v44470,0,37187
v44471,0,37187
v44472,0,37187
v44473,0,37187
v44474,0,37187
v44475,0,37187
v44476,0,37187
v44477,0,37187
v44478,0,37187
v44479,0,37187
v44481,0,37187
v7578,0,37187
v44483,0,37187
v44484,0,37187
v44485,0,37187
v44486,0,37187
v44487,0,37187
v44488,0,37187
v44490,0,37187
v44492,0,37187
v44493,0,37187
v44494,0,37187
v44496,0,37187
v44499,0,37187
v44501,0,37187
v44503,0,37187
v44504,0,37187
v44505,0,37187
v44506,0,37187
v44507,0,37187
v44508,0,37187
v44509,0,37187
v44510,0,37187
v44513,0,37187
v44514,0,37187
v44515,0,37187
v44516,0,37187
v44517,0,37187
v44519,0,37187
v44520,0,37187
v44521,0,37187
v44522,0,37187
v44523,0,37187
v44524,0,37187
v44525,0,37187
v44526,0,37187
v44527,0,37187
v44528,0,37187
v44530,0,37187
v44531,0,37187
v44532,0,37187
v44533,0,37187
v44536,0,37187
v44537,0,37187
v44538,0,37187
v44539,0,37187
v44540,0,37187
v44541,0,37187
v44542,0,37187
v44543,0,37187
v44544,0,37187
v44545,0,37187
v44546,0,37187
v44547,0,37187
v44548,0,37187
v44549,0,37187
v44550,0,37187
v44553,0,37187
v44555,0,37187
v44557,0,37187
v44558,0,37187
v44559,0,37187
v44562,0,37187
v44563,0,37187
v44564,0,37187
v44565,0,37187
v62041,0,37187
v44573,0,37187
v44574,0,37187
v44575,0,37187
v44576,0,37187
v44577,0,37187
v44578,0,37187
v44579,0,37187
v44582,0,37187
v44585,0,37187
v44586,0,37187
v44587,0,37187
v44590,0,37187
v44591,0,37187
v44594,0,37187
v44595,0,37187
v44596,0,37187
v44597,0,37187
v44598,0,37187
v44599,0,37187
v44600,0,37187
v44601,0,37187
v44602,0,37187
v44603,0,37187
v44605,0,37187
v44606,0,37187
v44608,0,37187
v44609,0,37187
v44610,0,37187
v7518,0,37187
v44612,0,37187
v44613,0,37187
v44614,0,37187
v44616,0,37187
v44618,0,37187
v44619,0,37187
v44622,0,37187
v44624,0,37187
v44625,0,37187
v44626,0,37187
v44627,0,37187
v44629,0,37187
v44630,0,37187
v44631,0,37187
v44632,0,37187
v44633,0,37187
v44634,0,37187
v44635,0,37187
v44636,0,37187
v44639,0,37187
v7515,0,37187
v44642,0,37187
v44643,0,37187
v44644,0,37187
v44645,0,37187
v44646,0,37187
v44647,0,37187
v44649,0,37187
v44650,0,37187
v44651,0,37187
v62042,0,37187
v44654,0,37187
v44657,0,37187
v44658,0,37187
v44660,0,37187
v44661,0,37187
v44664,0,37187
v44665,0,37187
v44666,0,37187
v44667,0,37187
v44668,0,37187
v44670,0,37187
v44673,0,37187
v44674,0,37187
v44675,0,37187
v44676,0,37187
v44677,0,37187
v44678,0,37187
v44679,0,37187
v44680,0,37187
v44681,0,37187
v44682,0,37187
v44683,0,37187
v44684,0,37187
v44685,0,37187
v44686,0,37187
v44687,0,37187
v44688,0,37187
v44689,0,37187
v44690,0,37187
v44691,0,37187
v44692,0,37187
v44693,0,37187
v44694,0,37187
v44695,0,37187
v44696,0,37187
v44697,0,37187
v44698,0,37187
v44699,0,37187
v7510,0,37187
v44701,0,37187
v44704,0,37187
v44705,0,37187
v44709,0,37187
v44710,0,37187
v44711,0,37187
v44712,0,37187
v44713,0,37187
v44714,0,37187
v44715,0,37187
v44716,0,37187
v44717,0,37187
v44718,0,37187
v44719,0,37187
v44720,0,37187
v44721,0,37187
v44723,0,37187
v44724,0,37187
v44735,0,37187
v44736,0,37187
v44737,0,37187
v44738,0,37187
v44739,0,37187
v44740,0,37187
v44741,0,37187
v44742,0,37187
v44743,0,37187
v44745,0,37187
v44747,0,37187
v44748,0,37187
v44749,0,37187
v44750,0,37187
v44751,0,37187
v44752,0,37187
v44753,0,37187
v44754,0,37187
v44755,0,37187
v44756,0,37187
v44757,0,37187
v44760,0,37187
v44761,0,37187
v44762,0,37187
v44763,0,37187
v44764,0,37187
v44765,0,37187
v44766,0,37187
v44768,0,37187
v44770,0,37187
v44771,0,37187
v44772,0,37187
v44773,0,37187
v44774,0,37187
v44775,0,37187
v44776,0,37187
v44777,0,37187
v44778,0,37187
v44779,0,37187
v44780,0,37187
v44781,0,37187
v44782,0,37187
v44784,0,37187
v44786,0,37187
v44787,0,37187
v44788,0,37187
v44789,0,37187
v44790,0,37187
v44791,0,37187
v44792,0,37187
v44793,0,37187
v44794,0,37187
v44795,0,37187
v44797,0,37187
v44799,0,37187
v44800,0,37187
v44801,0,37187
v44802,0,37187
v44803,0,37187
v44804,0,37187
v44805,0,37187
v44806,0,37187
v44810,0,37187
v44811,0,37187
v44812,0,37187
v44813,0,37187
v44814,0,37187
v44815,0,37187
v44819,0,37187
v44820,0,37187
v44821,0,37187
v44822,0,37187
v44823,0,37187
v44824,0,37187
v44825,0,37187
v44826,0,37187
v44827,0,37187
v44828,0,37187
v44829,0,37187
v44830,0,37187
v44831,0,37187
v44832,0,37187
v44833,0,37187
v44834,0,37187
v44835,0,37187
v44840,0,37187
v44841,0,37187
v44842,0,37187
v44843,0,37187
v44844,0,37187
v44846,0,37187
v44848,0,37187
v44849,0,37187
v44852,0,37187
v44853,0,37187
v44854,0,37187
v44855,0,37187
v44857,0,37187
v44860,0,37187
v44861,0,37187
v44862,0,37187
v44863,0,37187
v62043,0,37187
v44865,0,37187
v44866,0,37187
v44867,0,37187
v44868,0,37187
v44869,0,37187
v44870,0,37187
v44871,0,37187
v44872,0,37187
v44873,0,37187
v44874,0,37187
v44875,0,37187
v44876,0,37187
v44877,0,37187
v44878,0,37187
v44879,0,37187
v44880,0,37187
v44882,0,37187
v44884,0,37187
v44885,0,37187
v44886,0,37187
v44888,0,37187
v44889,0,37187
v44891,0,37187
v44892,0,37187
v44893,0,37187
v44894,0,37187
v44896,0,37187
v44897,0,37187
v44898,0,37187
v44899,0,37187
v44900,0,37187
v44901,0,37187
v44903,0,37187
v44904,0,37187
v44905,0,37187
v44906,0,37187
v44907,0,37187
v44908,0,37187
v44910,0,37187
v44911,0,37187
v44912,0,37187
v44914,0,37187
v44915,0,37187
v44916,0,37187
v44917,0,37187
v44918,0,37187
v44919,0,37187
v44922,0,37187
v44923,0,37187
v44924,0,37187
v44925,0,37187
v44926,0,37187
v44927,0,37187
v44928,0,37187
v44929,0,37187
v44930,0,37187
v44931,0,37187
v44932,0,37187
v44933,0,37187
v44934,0,37187
v44937,0,37187
v44938,0,37187
v44939,0,37187
v44940,0,37187
v44941,0,37187
v44942,0,37187
v44943,0,37187
v44944,0,37187
v44945,0,37187
v44946,0,37187
v44947,0,37187
v44949,0,37187
v44950,0,37187
v44951,0,37187
v44952,0,37187
v44953,0,37187
v44954,0,37187
v44955,0,37187
v44956,0,37187
v44957,0,37187
v44958,0,37187
v44959,0,37187
v44960,0,37187
v44961,0,37187
v44963,0,37187
v44964,0,37187
v44965,0,37187
v44969,0,37187
v44970,0,37187
v44971,0,37187
v44972,0,37187
v44973,0,37187
v44974,0,37187
v44975,0,37187
v44976,0,37187
v44978,0,37187
v44979,0,37187
v44981,0,37187
v44982,0,37187
v44983,0,37187
v44984,0,37187
v44985,0,37187
v44986,0,37187
v44987,0,37187
v44988,0,37187
v44989,0,37187
v44991,0,37187
v44994,0,37187
v44995,0,37187
v44997,0,37187
v62044,0,37187
v45000,0,37187
v45001,0,37187
v45002,0,37187
v45003,0,37187
v45004,0,37187
v45005,0,37187
v45006,0,37187
v45008,0,37187
v45009,0,37187
v45010,0,37187
v45012,0,37187
v45013,0,37187
v45015,0,37187
v45016,0,37187
v45017,0,37187
v45018,0,37187
v45019,0,37187
v45020,0,37187
v45023,0,37187
v45024,0,37187
v45025,0,37187
v45028,0,37187
v45029,0,37187
v45030,0,37187
v45031,0,37187
v45032,0,37187
v45033,0,37187
v45034,0,37187
v45035,0,37187
v45036,0,37187
v45038,0,37187
v45041,0,37187
v45042,0,37187
v45043,0,37187
v45046,0,37187
v45047,0,37187
v7408,0,37187
v45053,0,37187
v45055,0,37187
v45056,0,37187
v45057,0,37187
v45060,0,37187
v45061,0,37187
v45063,0,37187
v45065,0,37187
v45067,0,37187
v45068,0,37187
v45069,0,37187
v45070,0,37187
v45071,0,37187
v45072,0,37187
v45073,0,37187
v45075,0,37187
v45076,0,37187
v45078,0,37187
v45080,0,37187
v45082,0,37187
v45084,0,37187
v45085,0,37187
v45086,0,37187
v45087,0,37187
v45088,0,37187
v45089,0,37187
v45090,0,37187
v45091,0,37187
v7393,0,37187
v45096,0,37187
v45099,0,37187
v45100,0,37187
v45101,0,37187
v45102,0,37187
v45103,0,37187
v45104,0,37187
v45106,0,37187
v45107,0,37187
v45109,0,37187
v45110,0,37187
v45113,0,37187
v45114,0,37187
v45118,0,37187
v45119,0,37187
v45120,0,37187
v45124,0,37187
v45127,0,37187
v45128,0,37187
v45130,0,37187
v45131,0,37187
v45132,0,37187
v45134,0,37187
v45135,0,37187
v45136,0,37187
v45139,0,37187
v45140,0,37187
v45141,0,37187
v45142,0,37187
v45143,0,37187
v45144,0,37187
v45145,0,37187
v45146,0,37187
v45147,0,37187
v45148,0,37187
v45149,0,37187
v45150,0,37187
v45152,0,37187
v45153,0,37187
v45154,0,37187
v45157,0,37187
v45158,0,37187
v45159,0,37187
v45160,0,37187
v45161,0,37187
v45162,0,37187
v45163,0,37187
v45164,0,37187
v45165,0,37187
v45166,0,37187
v45168,0,37187
v45169,0,37187
v45170,0,37187
v45171,0,37187
v45172,0,37187
v45173,0,37187
v58986,0,37187
v62045,0,37187
v45176,0,37187
v45177,0,37187
v45178,0,37187
v45179,0,37187
v45180,0,37187
v45181,0,37187
v45182,0,37187
v45184,0,37187
v45185,0,37187
v45187,0,37187
v45188,0,37187
v45189,0,37187
v45190,0,37187
v45191,0,37187
v45192,0,37187
v45193,0,37187
v45194,0,37187
v45195,0,37187
v45196,0,37187
v45197,0,37187
v45198,0,37187
v45199,0,37187
v45200,0,37187
v45201,0,37187
v45203,0,37187
v45204,0,37187
v45205,0,37187
v45206,0,37187
v45207,0,37187
v45208,0,37187
v45209,0,37187
v45210,0,37187
v45211,0,37187
v45212,0,37187
v45213,0,37187
v45214,0,37187
v45216,0,37187
v45217,0,37187
v45219,0,37187
v45220,0,37187
v45221,0,37187
v45222,0,37187
v45223,0,37187
v45224,0,37187
v45225,0,37187
v45226,0,37187
v45227,0,37187
v45228,0,37187
v45229,0,37187
v45230,0,37187
v45231,0,37187
v45234,0,37187
v45235,0,37187
v45240,0,37187
v45241,0,37187
v45242,0,37187
v45243,0,37187
v45244,0,37187
v45246,0,37187
v45248,0,37187
v45252,0,37187
v7368,0,37187
v45257,0,37187
v45259,0,37187
v45260,0,37187
v45261,0,37187
v45262,0,37187
v45263,0,37187
v45265,0,37187
v45266,0,37187
v45267,0,37187
v45268,0,37187
v45269,0,37187
v45270,0,37187
v45271,0,37187
v45273,0,37187
v45274,0,37187
v45275,0,37187
v45276,0,37187
v45277,0,37187
v45278,0,37187
v45281,0,37187
v45284,0,37187
v45285,0,37187
v62046,0,37187
v45288,0,37187
v45289,0,37187
v45290,0,37187
v45292,0,37187
v45293,0,37187
v45295,0,37187
v45296,0,37187
v62047,0,37187
v45298,0,37187
v45299,0,37187
v45300,0,37187
v50006,0,37187
v45302,0,37187
v45304,0,37187
v45309,0,37187
v45310,0,37187
v45311,0,37187
v45312,0,37187
v45314,0,37187
v45315,0,37187
v45316,0,37187
v45317,0,37187
v45318,0,37187
v45320,0,37187
v45321,0,37187
v45323,0,37187
v45324,0,37187
v45325,0,37187
v45326,0,37187
v45327,0,37187
v45329,0,37187
v45333,0,37187
v45334,0,37187
v45335,0,37187
v45337,0,37187
v45338,0,37187
v45340,0,37187
v45341,0,37187
v45343,0,37187
v62048,0,37187
v45345,0,37187
v45346,0,37187
v45347,0,37187
v45348,0,37187
v45349,0,37187
v45350,0,37187
v62049,0,37187
v45352,0,37187
v45353,0,37187
v45354,0,37187
v45357,0,37187
v45358,0,37187
v45359,0,37187
v45360,0,37187
v45361,0,37187
v45364,0,37187
v45366,0,37187
v45367,0,37187
v45368,0,37187
v45370,0,37187
v45373,0,37187
v45374,0,37187
v45375,0,37187
v45380,0,37187
v45382,0,37187
v45383,0,37187
v45384,0,37187
v45385,0,37187
v7290,0,37187
v45389,0,37187
v45390,0,37187
v45392,0,37187
v45393,0,37187
v45394,0,37187
v45395,0,37187
v45397,0,37187
v45399,0,37187
v62050,0,37187
v45401,0,37187
v45402,0,37187
v45403,0,37187
v45404,0,37187
v45407,0,37187
v45410,0,37187
v45413,0,37187
v45414,0,37187
v45415,0,37187
v45416,0,37187
v45417,0,37187
v7277,0,37187
v45421,0,37187
v45422,0,37187
v45424,0,37187
v45425,0,37187
v7276,0,37187
v45430,0,37187
v7273,0,37187
v45434,0,37187
v45435,0,37187
v45436,0,37187
v45438,0,37187
v45439,0,37187
v45441,0,37187
v45442,0,37187
v45443,0,37187
v45444,0,37187
v45445,0,37187
v45446,0,37187
v45447,0,37187
v45448,0,37187
v45449,0,37187
v45450,0,37187
v45451,0,37187
v45452,0,37187
v45453,0,37187
v45454,0,37187
v45458,0,37187
v45460,0,37187
v45461,0,37187
v45462,0,37187
v45464,0,37187
v45465,0,37187
v45466,0,37187
v45467,0,37187
v62051,0,37187
v7268,0,37187
v45471,0,37187
v45472,0,37187
v45473,0,37187
v45477,0,37187
v45483,0,37187
v45484,0,37187
v45485,0,37187
v45486,0,37187
v45487,0,37187
v45490,0,37187
v45494,0,37187
v46103,0,37187
v45495,0,37187
v62052,0,37187
v62053,0,37187
v45504,0,37187
v45505,0,37187
v45508,0,37187
v45511,0,37187
v62054,0,37187
v45516,0,37187
v45521,0,37187
v45523,0,37187
v45525,0,37187
v45526,0,37187
v45527,0,37187
v45528,0,37187
v7221,0,37187
v45534,0,37187
v7211,0,37187
v45541,0,37187
v45543,0,37187
v45546,0,37187
v45547,0,37187
v45550,0,37187
v45554,0,37187
v45555,0,37187
v45556,0,37187
v45557,0,37187
v7196,0,37187
v7193,0,37187
v45564,0,37187
v7191,0,37187
v45566,0,37187
v62055,0,37187
v45572,0,37187
v45573,0,37187
v45575,0,37187
v46107,0,37187
v45576,0,37187
v45578,0,37187
v45579,0,37187
v45581,0,37187
v45583,0,37187
v45584,0,37187
v45586,0,37187
v45587,0,37187
v45589,0,37187
v45591,0,37187
v45592,0,37187
v45595,0,37187
v45596,0,37187
v45598,0,37187
v45599,0,37187
v62056,0,37187
v45603,0,37187
v62057,0,37187
v45606,0,37187
v45608,0,37187
v7174,0,37187
v45612,0,37187
v45615,0,37187
v45616,0,37187
v45619,0,37187
v45620,0,37187
v45621,0,37187
v45623,0,37187
v45624,0,37187
v45625,0,37187
v45626,0,37187
v62058,0,37187
v45628,0,37187
v62059,0,37187
v7163,0,37187
v45632,0,37187
v45633,0,37187
v45635,0,37187
v45636,0,37187
v45637,0,37187
v45638,0,37187
v45642,0,37187
v45643,0,37187
v45644,0,37187
v45645,0,37187
v45646,0,37187
v45647,0,37187
v45648,0,37187
v45650,0,37187
v45651,0,37187
v45652,0,37187
v45653,0,37187
v45654,0,37187
v45655,0,37187
v7156,0,37187
v62060,0,37187
v7154,0,37187
v45661,0,37187
v45662,0,37187
v45665,0,37187
v45667,0,37187
v45668,0,37187
v45672,0,37187
v45673,0,37187
v45675,0,37187
v45676,0,37187
v45677,0,37187
v45678,0,37187
v45679,0,37187
v45684,0,37187
v45685,0,37187
v45687,0,37187
v45691,0,37187
v45695,0,37187
v45700,0,37187
v45702,0,37187
v45704,0,37187
v45705,0,37187
v45708,0,37187
v45711,0,37187
v45714,0,37187
v45715,0,37187
v45716,0,37187
v45720,0,37187
v45721,0,37187
v45727,0,37187
v45728,0,37187
v62062,0,37187
v45734,0,37187
v45735,0,37187
v45736,0,37187
v62063,0,37187
v45740,0,37187
v45741,0,37187
v45743,0,37187
v7098,0,37187
v7097,0,37187
v45747,0,37187
v45750,0,37187
v45751,0,37187
v45756,0,37187
v45757,0,37187
v45759,0,37187
v45762,0,37187
v45763,0,37187
v45765,0,37187
v45770,0,37187
v45772,0,37187
v45773,0,37187
v45774,0,37187
v45775,0,37187
v45776,0,37187
v45778,0,37187
v45782,0,37187
v45784,0,37187
v45786,0,37187
v45789,0,37187
v45790,0,37187
v45791,0,37187
v45792,0,37187
v45793,0,37187
v45795,0,37187
v45796,0,37187
v45798,0,37187
v45799,0,37187
v56236,0,37187
v45801,0,37187
v45803,0,37187
v45804,0,37187
v45805,0,37187
v45806,0,37187
v45807,0,37187
v45808,0,37187
v45809,0,37187
v45810,0,37187
v45815,0,37187
v45818,0,37187
v62064,0,37187
v23112,0,37187
v45821,0,37187
v23111,0,37187
v45823,0,37187
v45824,0,37187
v45825,0,37187
v45826,0,37187
v45828,0,37187
v45829,0,37187
v45832,0,37187
v45833,0,37187
v45835,0,37187
v45836,0,37187
v45837,0,37187
v45839,0,37187
v45840,0,37187
v45841,0,37187
v45842,0,37187
v45845,0,37187
v45846,0,37187
v45848,0,37187
v45849,0,37187
v45850,0,37187
v45853,0,37187
v45854,0,37187
v45855,0,37187
v45856,0,37187
v45857,0,37187
v45858,0,37187
v45859,0,37187
v45861,0,37187
v7057,0,37187
v45865,0,37187
v58985,0,37187
v45868,0,37187
v45873,0,37187
v45874,0,37187
v45876,0,37187
v45877,0,37187
v45878,0,37187
v45883,0,37187
v45884,0,37187
v45888,0,37187
v45889,0,37187
v45893,0,37187
v45895,0,37187
v45899,0,37187
v45903,0,37187
v45904,0,37187
v45905,0,37187
v45906,0,37187
v45907,0,37187
v45908,0,37187
v45910,0,37187
v7010,0,37187
v45913,0,37187
v45915,0,37187
v45916,0,37187
v45920,0,37187
v57579,0,37187
v45922,0,37187
v45923,0,37187
v45924,0,37187
v45927,0,37187
v45928,0,37187
v45930,0,37187
v45931,0,37187
v45932,0,37187
v45933,0,37187
v45934,0,37187
v6994,0,37187
v45940,0,37187
v45941,0,37187
v45942,0,37187
v45945,0,37187
v45946,0,37187
v45947,0,37187
v45948,0,37187
v45949,0,37187
v45951,0,37187
v45952,0,37187
v62065,0,37187
v45956,0,37187
v45957,0,37187
v45958,0,37187
v45959,0,37187
v45960,0,37187
v45961,0,37187
v45962,0,37187
v45963,0,37187
v45964,0,37187
v45965,0,37187
v45966,0,37187
v45967,0,37187
v45968,0,37187
v45971,0,37187
v45972,0,37187
v45977,0,37187
v45979,0,37187
v45980,0,37187
v45981,0,37187
v45982,0,37187
v45983,0,37187
v45988,0,37187
v45989,0,37187
v45990,0,37187
v45991,0,37187
v45993,0,37187
v45996,0,37187
v45998,0,37187
v46003,0,37187
v62066,0,37187
v46006,0,37187
v46008,0,37187
v46009,0,37187
v46010,0,37187
v46011,0,37187
v46013,0,37187
v46014,0,37187
v46015,0,37187
v46016,0,37187
v46017,0,37187
v46018,0,37187
v46021,0,37187
v46024,0,37187
v46027,0,37187
v46028,0,37187
v46030,0,37187
v46032,0,37187
v46036,0,37187
v46037,0,37187
v46040,0,37187
v46041,0,37187
v46044,0,37187
v46045,0,37187
v46046,0,37187
v46048,0,37187
v46049,0,37187
v46052,0,37187
v46053,0,37187
v46054,0,37187
v62067,0,37187
v46058,0,37187
v46059,0,37187
v62068,0,37187
v46063,0,37187
v46108,0,37187
v46117,0,37187
v46118,0,37187
v46130,0,37187
v46132,0,37187
v62069,0,37187
v46136,0,37187
v46138,0,37187
v46146,0,37187
v6941,0,37187
v62070,0,37187
v62071,0,37187
v46156,0,37187
v46157,0,37187
v46158,0,37187
v6937,0,37187
v46164,0,37187
v46166,0,37187
v46167,0,37187
v46168,0,37187
v46171,0,37187
v46172,0,37187
v6936,0,37187
v46178,0,37187
v46179,0,37187
v46182,0,37187
v46184,0,37187
v62072,0,37187
v46187,0,37187
v46188,0,37187
v62073,0,37187
v62074,0,37187
v46199,0,37187
v46201,0,37187
v46203,0,37187
v46204,0,37187
v62075,0,37187
v46209,0,37187
v62076,0,37187
v46220,0,37187
v46226,0,37187
v62078,0,37187
v62079,0,37187
v46243,0,37187
v62080,0,37187
v46247,0,37187
v46252,0,37187
v46253,0,37187
v46254,0,37187
v6899,0,37187
v46260,0,37187
v46261,0,37187
v46262,0,37187
v46263,0,37187
v46267,0,37187
v46269,0,37187
v46270,0,37187
v46271,0,37187
v46272,0,37187
v46273,0,37187
v46274,0,37187
v46275,0,37187
v46276,0,37187
v46279,0,37187
v46281,0,37187
v46283,0,37187
v46285,0,37187
v46286,0,37187
v46289,0,37187
v46290,0,37187
v46293,0,37187
v46294,0,37187
v46295,0,37187
v46298,0,37187
v46300,0,37187
v46301,0,37187
v46302,0,37187
v46303,0,37187
v46304,0,37187
v46305,0,37187
v46306,0,37187
v46308,0,37187
v46310,0,37187
v46311,0,37187
v46313,0,37187
v46314,0,37187
v6890,0,37187
v6888,0,37187
v46320,0,37187
v46323,0,37187
v46324,0,37187
v46325,0,37187
v46326,0,37187
v62081,0,37187
v46328,0,37187
v46332,0,37187
v46334,0,37187
v46335,0,37187
v46336,0,37187
v46338,0,37187
v46340,0,37187
v62082,0,37187
v46343,0,37187
v6880,0,37187
v46347,0,37187
v46348,0,37187
v46349,0,37187
v62083,0,37187
v46352,0,37187
v46354,0,37187
v46355,0,37187
v46356,0,37187
v46358,0,37187
v46360,0,37187
v46362,0,37187
v46363,0,37187
v46364,0,37187
v46366,0,37187
v46369,0,37187
v46370,0,37187
v46371,0,37187
v46372,0,37187
v46375,0,37187
v46376,0,37187
v46377,0,37187
v46378,0,37187
v46379,0,37187
v46380,0,37187
v46381,0,37187
v46382,0,37187
v46383,0,37187
v46384,0,37187
v46385,0,37187
v46386,0,37187
v46388,0,37187
v46390,0,37187
v46392,0,37187
v46393,0,37187
v46394,0,37187
v46395,0,37187
v46396,0,37187
v46397,0,37187
v46398,0,37187
v46400,0,37187
v46402,0,37187
v46403,0,37187
v46404,0,37187
v46405,0,37187
v46406,0,37187
v46407,0,37187
v46408,0,37187
v46409,0,37187
v46410,0,37187
v46411,0,37187
v46413,0,37187
v46414,0,37187
v46415,0,37187
v46416,0,37187
v46417,0,37187
v46418,0,37187
v46419,0,37187
v46420,0,37187
v46425,0,37187
v46426,0,37187
v46427,0,37187
v46428,0,37187
v46429,0,37187
v46430,0,37187
v46431,0,37187
v46433,0,37187
v46434,0,37187
v46435,0,37187
v46436,0,37187
v46438,0,37187
v46439,0,37187
v46443,0,37187
v46445,0,37187
v46446,0,37187
v46447,0,37187
v46448,0,37187
v46449,0,37187
v46450,0,37187
v46451,0,37187
v46452,0,37187
v46453,0,37187
v46454,0,37187
v46457,0,37187
v46459,0,37187
v46460,0,37187
v46461,0,37187
v46462,0,37187
v46463,0,37187
v46464,0,37187
v46465,0,37187
v46466,0,37187
v46467,0,37187
v46468,0,37187
v46469,0,37187
v46470,0,37187
v46471,0,37187
v46472,0,37187
v46473,0,37187
v46474,0,37187
v62084,0,37187
v46476,0,37187
v46477,0,37187
v46478,0,37187
v46479,0,37187
v46483,0,37187
v46484,0,37187
v46485,0,37187
v46486,0,37187
v46488,0,37187
v46490,0,37187
v46491,0,37187
v46492,0,37187
v46493,0,37187
v46495,0,37187
v6869,0,37187
v46501,0,37187
v46503,0,37187
v46505,0,37187
v46506,0,37187
v46507,0,37187
v46511,0,37187
v46514,0,37187
v46515,0,37187
v46518,0,37187
v6859,0,37187
v46523,0,37187
v62085,0,37187
v46526,0,37187
v46527,0,37187
v46529,0,37187
v46530,0,37187
v46531,0,37187
v46532,0,37187
v46533,0,37187
v46535,0,37187
v46536,0,37187
v46539,0,37187
v46548,0,37187
v46549,0,37187
v46552,0,37187
v46554,0,37187
v46555,0,37187
v46556,0,37187
v46557,0,37187
v46558,0,37187
v46563,0,37187
v46564,0,37187
v46565,0,37187
v46566,0,37187
v46567,0,37187
v46568,0,37187
v46569,0,37187
v46571,0,37187
v46572,0,37187
v46573,0,37187
v46574,0,37187
v46576,0,37187
v46577,0,37187
v46579,0,37187
v46581,0,37187
v46583,0,37187
v46584,0,37187
v46587,0,37187
v6850,0,37187
v46594,0,37187
v46595,0,37187
v46596,0,37187
v46597,0,37187
v46598,0,37187
v46599,0,37187
v46600,0,37187
v46601,0,37187
v46603,0,37187
v46608,0,37187
v46609,0,37187
v46610,0,37187
v46611,0,37187
v46618,0,37187
v46620,0,37187
v46622,0,37187
v46626,0,37187
v46629,0,37187
v46630,0,37187
v46633,0,37187
v46635,0,37187
v46639,0,37187
v46646,0,37187
v46648,0,37187
v50010,0,37187
v46652,0,37187
v62089,0,37187
v46655,0,37187
v46658,0,37187
v46659,0,37187
v6821,0,37187
v46661,0,37187
v46662,0,37187
v62090,0,37187
v46664,0,37187
v46665,0,37187
v46668,0,37187
v46669,0,37187
v46677,0,37187
v46679,0,37187
v46680,0,37187
v46681,0,37187
v46682,0,37187
v62091,0,37187
v62092,0,37187
v46687,0,37187
v46692,0,37187
v46693,0,37187
v46694,0,37187
v46695,0,37187
v46696,0,37187
v46697,0,37187
v46698,0,37187
v46699,0,37187
v46700,0,37187
v46701,0,37187
v46705,0,37187
v46706,0,37187
v46708,0,37187
v46710,0,37187
v46712,0,37187
v46714,0,37187
v46718,0,37187
v46720,0,37187
v46721,0,37187
v46723,0,37187
v46724,0,37187
v46725,0,37187
v46726,0,37187
v46728,0,37187
v46730,0,37187
v46731,0,37187
v46732,0,37187
v46733,0,37187
v46734,0,37187
v46735,0,37187
v46737,0,37187
v46739,0,37187
v46741,0,37187
v46742,0,37187
v46743,0,37187
v6795,0,37187
v46753,0,37187
v46754,0,37187
v46763,0,37187
v46768,0,37187
v46770,0,37187
v46771,0,37187
v46772,0,37187
v46773,0,37187
v46775,0,37187
v46776,0,37187
v46782,0,37187
v46787,0,37187
v6782,0,37187
v6781,0,37187
v60307,0,37187
v46801,0,37187
v46803,0,37187
v46806,0,37187
v46808,0,37187
v46810,0,37187
v46811,0,37187
v6726,0,37187
v6722,0,37187
v46818,0,37187
v46819,0,37187
v46820,0,37187
v46821,0,37187
v46822,0,37187
v46823,0,37187
v46824,0,37187
v46825,0,37187
v6720,0,37187
v46828,0,37187
v46829,0,37187
v46830,0,37187
v46831,0,37187
v46834,0,37187
v46835,0,37187
v46836,0,37187
v46838,0,37187
v46843,0,37187
v6705,0,37187
v46845,0,37187
v62093,0,37187
v46852,0,37187
v46856,0,37187
v62094,0,37187
v46860,0,37187
v62095,0,37187
v46869,0,37187
v46871,0,37187
v46872,0,37187
v46874,0,37187
v62098,0,37187
v46879,0,37187
v46881,0,37187
v46888,0,37187
v46889,0,37187
v46890,0,37187
v46893,0,37187
v46894,0,37187
v6651,0,37187
v62099,0,37187
v46899,0,37187
v46900,0,37187
v46901,0,37187
v46902,0,37187
v46903,0,37187
v62100,0,37187
v46905,0,37187
v46906,0,37187
v46907,0,37187
v46908,0,37187
v46909,0,37187
v46911,0,37187
v46918,0,37187
v46920,0,37187
v46924,0,37187
v6644,0,37187
v46926,0,37187
v46931,0,37187
v46935,0,37187
v46938,0,37187
v46939,0,37187
v46941,0,37187
v46943,0,37187
v46945,0,37187
v46950,0,37187
v46952,0,37187
v46954,0,37187
v46955,0,37187
v62101,0,37187
v50012,0,37187
v50013,0,37187
v46956,0,37187
v46957,0,37187
v46958,0,37187
v46965,0,37187
v46968,0,37187
v46970,0,37187
v46972,0,37187
v46974,0,37187
v46977,0,37187
v46980,0,37187
v62102,0,37187
v46982,0,37187
v46985,0,37187
v46986,0,37187
v46987,0,37187
v46988,0,37187
v46989,0,37187
v46990,0,37187
v46991,0,37187
v46992,0,37187
v46993,0,37187
v46994,0,37187
v46995,0,37187
v46996,0,37187
v46999,0,37187
v47000,0,37187
v47001,0,37187
v47002,0,37187
v50015,0,37187
v50016,0,37187
v50017,0,37187
v50018,0,37187
v47008,0,37187
v47014,0,37187
v47015,0,37187
v47018,0,37187
v47022,0,37187
v47023,0,37187
v47024,0,37187
v47027,0,37187
v47028,0,37187
v47029,0,37187
v47033,0,37187
v47034,0,37187
v47039,0,37187
v47044,0,37187
v47045,0,37187
v47046,0,37187
v47047,0,37187
v47050,0,37187
v47051,0,37187
v6829,0,37187
v47058,0,37187
v47059,0,37187
v47062,0,37187
v47063,0,37187
v6571,0,37187
v47068,0,37187
v6551,0,37187
v6549,0,37187
v47076,0,37187
v47077,0,37187
v47078,0,37187
v47080,0,37187
v47081,0,37187
v47087,0,37187
v47092,0,37187
v47093,0,37187
v47096,0,37187
v47100,0,37187
v47108,0,37187
v6541,0,37187
v47112,0,37187
v47117,0,37187
v47119,0,37187
v47122,0,37187
v47123,0,37187
v47124,0,37187
v47125,0,37187
v47126,0,37187
v47129,0,37187
v47134,0,37187
v6827,0,37187
v62103,0,37187
v47139,0,37187
v47140,0,37187
v47141,0,37187
v6524,0,37187
v47144,0,37187
v47145,0,37187
v47146,0,37187
v47148,0,37187
v47150,0,37187
v47151,0,37187
v47152,0,37187
v47153,0,37187
v47154,0,37187
v47156,0,37187
v47157,0,37187
v47169,0,37187
v47170,0,37187
v6490,0,37187
v47182,0,37187
v6467,0,37187
v6452,0,37187
v6445,0,37187
v47190,0,37187
v62104,0,37187
v6436,0,37187
v6424,0,37187
v47208,0,37187
v50020,0,37187
v50021,0,37187
v50022,0,37187
v47212,0,37187
v47214,0,37187
v47215,0,37187
v62106,0,37187
v62107,0,37187
v47220,0,37187
v6423,0,37187
v62108,0,37187
v47231,0,37187
v47232,0,37187
v47234,0,37187
v6400,0,37187
v47236,0,37187
v47237,0,37187
v47239,0,37187
v50023,0,37187
v50024,0,37187
v6398,0,37187
v6397,0,37187
v47244,0,37187
v47246,0,37187
v47249,0,37187
v47250,0,37187
v47251,0,37187
v47256,0,37187
v47262,0,37187
v47264,0,37187
v50026,0,37187
v50027,0,37187
v47271,0,37187
v47277,0,37187
v47280,0,37187
v50028,0,37187
v47282,0,37187
v47286,0,37187
v47287,0,37187
v62109,0,37187
v47291,0,37187
v47292,0,37187
v62110,0,37187
v47296,0,37187
v47298,0,37187
v50029,0,37187
v50031,0,37187
v47302,0,37187
v47305,0,37187
v47307,0,37187
v47310,0,37187
v47311,0,37187
v47312,0,37187
v47313,0,37187
v47314,0,37187
v47315,0,37187
v47316,0,37187
v47317,0,37187
v47318,0,37187
v47319,0,37187
v47322,0,37187
v47324,0,37187
v50032,0,37187
v50034,0,37187
v47327,0,37187
v47328,0,37187
v47329,0,37187
v47332,0,37187
v62111,0,37187
v47334,0,37187
v47335,0,37187
v47338,0,37187
v47339,0,37187
v6336,0,37187
v50035,0,37187
v6328,0,37187
v47345,0,37187
v47347,0,37187
v47349,0,37187
v50037,0,37187
v50038,0,37187
v50039,0,37187
v50040,0,37187
v47353,0,37187
v47354,0,37187
v47357,0,37187
v47358,0,37187
v47360,0,37187
v47362,0,37187
v47364,0,37187
v50042,0,37187
v50043,0,37187
v50044,0,37187
v47365,0,37187
v47370,0,37187
v47371,0,37187
v47374,0,37187
v47377,0,37187
v47382,0,37187
v47384,0,37187
v47386,0,37187
v47388,0,37187
v47391,0,37187
v47392,0,37187
v47396,0,37187
v62113,0,37187
v62114,0,37187
v62115,0,37187
v62116,0,37187
v47418,0,37187
v47419,0,37187
v47421,0,37187
v47422,0,37187
v47423,0,37187
v47424,0,37187
v47426,0,37187
v47427,0,37187
v47428,0,37187
v47429,0,37187
v47433,0,37187
v47434,0,37187
v47435,0,37187
v47436,0,37187
v47437,0,37187
v6288,0,37187
v47441,0,37187
v47442,0,37187
v6287,0,37187
v47447,0,37187
v6286,0,37187
v47449,0,37187
v47453,0,37187
v47455,0,37187
v47456,0,37187
v47459,0,37187
v47460,0,37187
v47461,0,37187
v47462,0,37187
v47464,0,37187
v47465,0,37187
v47467,0,37187
v47470,0,37187
v47477,0,37187
v47479,0,37187
v47483,0,37187
v47484,0,37187
v47485,0,37187
v47487,0,37187
v47488,0,37187
v47489,0,37187
v47490,0,37187
v47491,0,37187
v47492,0,37187
v47495,0,37187
v47497,0,37187
v47502,0,37187
v6259,0,37187
v47504,0,37187
v47508,0,37187
v47509,0,37187
v47511,0,37187
v47513,0,37187
v47514,0,37187
v47515,0,37187
v47516,0,37187
v47517,0,37187
v47519,0,37187
v47520,0,37187
v47521,0,37187
v47523,0,37187
v47524,0,37187
v47525,0,37187
v47526,0,37187
v47527,0,37187
v47528,0,37187
v47529,0,37187
v47530,0,37187
v47531,0,37187
v47532,0,37187
v47533,0,37187
v47534,0,37187
v47535,0,37187
v47536,0,37187
v47539,0,37187
v47540,0,37187
v47541,0,37187
v47542,0,37187
v47544,0,37187
v6258,0,37187
v6241,0,37187
v6240,0,37187
v47556,0,37187
v47557,0,37187
v47558,0,37187
v47564,0,37187
v47566,0,37187
v47567,0,37187
v47569,0,37187
v47570,0,37187
v47573,0,37187
v47576,0,37187
v47578,0,37187
v47582,0,37187
v47583,0,37187
v47585,0,37187
v47586,0,37187
v47587,0,37187
v47588,0,37187
v47589,0,37187
v47590,0,37187
v47591,0,37187
v47592,0,37187
v47593,0,37187
v47594,0,37187
v47595,0,37187
v47596,0,37187
v6230,0,37187
v47598,0,37187
v47599,0,37187
v47600,0,37187
v47601,0,37187
v47602,0,37187
v47604,0,37187
v47606,0,37187
v47607,0,37187
v47608,0,37187
v47611,0,37187
v47612,0,37187
v47615,0,37187
v47616,0,37187
v47618,0,37187
v47619,0,37187
v6225,0,37187
v47624,0,37187
v47625,0,37187
v47627,0,37187
v47628,0,37187
v47629,0,37187
v47632,0,37187
v47633,0,37187
v47634,0,37187
v47639,0,37187
v47640,0,37187
v6200,0,37187
v47651,0,37187
v47653,0,37187
v47656,0,37187
v47659,0,37187
v47660,0,37187
v47665,0,37187
v47668,0,37187
v47670,0,37187
v47671,0,37187
v62118,0,37187
v47675,0,37187
v6179,0,37187
v47678,0,37187
v47679,0,37187
v47680,0,37187
v47681,0,37187
v47682,0,37187
v47683,0,37187
v47684,0,37187
v47686,0,37187
v47687,0,37187
v62119,0,37187
v47692,0,37187
v47693,0,37187
v62120,0,37187
v47695,0,37187
v47697,0,37187
v47698,0,37187
v47699,0,37187
v47701,0,37187
v47706,0,37187
v47707,0,37187
v47708,0,37187
v47710,0,37187
v47711,0,37187
v47712,0,37187
v47714,0,37187
v47715,0,37187
v47718,0,37187
v47719,0,37187
v47720,0,37187
v47722,0,37187
v62121,0,37187
v47724,0,37187
v47726,0,37187
v47727,0,37187
v47728,0,37187
v47730,0,37187
v47731,0,37187
v47733,0,37187
v47735,0,37187
v47736,0,37187
v47741,0,37187
v62122,0,37187
v47743,0,37187
v47748,0,37187
v47749,0,37187
v47750,0,37187
v47757,0,37187
v47759,0,37187
v47760,0,37187
v47761,0,37187
v47762,0,37187
v47763,0,37187
v47764,0,37187
v47770,0,37187
v47773,0,37187
v47774,0,37187
v47776,0,37187
v47777,0,37187
v47780,0,37187
v47782,0,37187
v47784,0,37187
v47785,0,37187
v47790,0,37187
v47791,0,37187
v47794,0,37187
v47796,0,37187
v47797,0,37187
v47798,0,37187
v47799,0,37187
v47800,0,37187
v47802,0,37187
v47804,0,37187
v47807,0,37187
v47808,0,37187
v47809,0,37187
v47810,0,37187
v47811,0,37187
v47812,0,37187
v47813,0,37187
v47814,0,37187
v47815,0,37187
v47816,0,37187
v47817,0,37187
v47818,0,37187
v47820,0,37187
v47821,0,37187
v6141,0,37187
v6140,0,37187
v47826,0,37187
v62123,0,37187
v47832,0,37187
v47833,0,37187
v47835,0,37187
v47836,0,37187
v6139,0,37187
v47840,0,37187
v47841,0,37187
v6136,0,37187
v47845,0,37187
v47846,0,37187
v47849,0,37187
v47850,0,37187
v62124,0,37187
v47852,0,37187
v47853,0,37187
v47854,0,37187
v47856,0,37187
v62125,0,37187
v47857,0,37187
v47858,0,37187
v47859,0,37187
v47860,0,37187
v47861,0,37187
v47862,0,37187
v47865,0,37187
v47867,0,37187
v47868,0,37187
v47869,0,37187
v47870,0,37187
v50048,0,37187
v50049,0,37187
v50050,0,37187
v50051,0,37187
v50053,0,37187
v50054,0,37187
v50055,0,37187
v50056,0,37187
v47873,0,37187
v47879,0,37187
v6126,0,37187
v47883,0,37187
v6125,0,37187
v47885,0,37187
v47886,0,37187
v47888,0,37187
v47889,0,37187
v50058,0,37187
v47896,0,37187
v47903,0,37187
v47904,0,37187
v47906,0,37187
v47907,0,37187
v47908,0,37187
v47910,0,37187
v47911,0,37187
v47912,0,37187
v47913,0,37187
v47919,0,37187
v47923,0,37187
v47924,0,37187
v47927,0,37187
v47928,0,37187
v47931,0,37187
v47933,0,37187
v6102,0,37187
v47935,0,37187
v50059,0,37187
v50060,0,37187
v50061,0,37187
v50063,0,37187
v47939,0,37187
v47941,0,37187
v6097,0,37187
v47943,0,37187
v47944,0,37187
v47946,0,37187
v47947,0,37187
v47948,0,37187
v47950,0,37187
v47951,0,37187
v47952,0,37187
v47953,0,37187
v47954,0,37187
v47958,0,37187
v47959,0,37187
v47961,0,37187
v6078,0,37187
v47965,0,37187
v47966,0,37187
v47967,0,37187
v47969,0,37187
v47971,0,37187
v47972,0,37187
v47973,0,37187
v47974,0,37187
v47976,0,37187
v47977,0,37187
v47978,0,37187
v47981,0,37187
v47982,0,37187
v47983,0,37187
v47984,0,37187
v47985,0,37187
v47987,0,37187
v47988,0,37187
v47989,0,37187
v47990,0,37187
v47991,0,37187
v47992,0,37187
v47993,0,37187
v47994,0,37187
v47995,0,37187
v47996,0,37187
v47997,0,37187
v47998,0,37187
v47999,0,37187
v48000,0,37187
v48001,0,37187
v48002,0,37187
v48003,0,37187
v48004,0,37187
v48005,0,37187
v48007,0,37187
v48008,0,37187
v48013,0,37187
v48014,0,37187
v48016,0,37187
v48017,0,37187
v48019,0,37187
v48022,0,37187
v62126,0,37187
v6054,0,37187
v48027,0,37187
v48028,0,37187
v48030,0,37187
v48031,0,37187
v48032,0,37187
v48033,0,37187
v48034,0,37187
v48035,0,37187
v48036,0,37187
v48037,0,37187
v48039,0,37187
v48042,0,37187
v48043,0,37187
v48044,0,37187
v48045,0,37187
v48046,0,37187
v48047,0,37187
v48048,0,37187
v48049,0,37187
v48050,0,37187
v48051,0,37187
v48052,0,37187
v48053,0,37187
v48054,0,37187
v48055,0,37187
v48056,0,37187
v48057,0,37187
v48058,0,37187
v48059,0,37187
v48060,0,37187
v48062,0,37187
v48063,0,37187
v48064,0,37187
v48065,0,37187
v48066,0,37187
v48067,0,37187
v48070,0,37187
v48071,0,37187
v48072,0,37187
v48073,0,37187
v48074,0,37187
v48075,0,37187
v48076,0,37187
v48077,0,37187
v48078,0,37187
v48079,0,37187
v48080,0,37187
v48081,0,37187
v48082,0,37187
v48083,0,37187
v48085,0,37187
v48086,0,37187
v48087,0,37187
v48088,0,37187
v48089,0,37187
v48090,0,37187
v48091,0,37187
v48092,0,37187
v48093,0,37187
v48094,0,37187
v48098,0,37187
v48099,0,37187
v48100,0,37187
v48101,0,37187
v48102,0,37187
v48106,0,37187
v48107,0,37187
v48108,0,37187
v48109,0,37187
v62127,0,37187
v48114,0,37187
v48115,0,37187
v48117,0,37187
v48118,0,37187
v48123,0,37187
v48124,0,37187
v48126,0,37187
v48127,0,37187
v48128,0,37187
v48129,0,37187
v48132,0,37187
v48134,0,37187
v48135,0,37187
v48136,0,37187
v48137,0,37187
v48138,0,37187
v48140,0,37187
v48141,0,37187
v48142,0,37187
v48143,0,37187
v48145,0,37187
v48146,0,37187
v48147,0,37187
v48148,0,37187
v48149,0,37187
v48150,0,37187
v48151,0,37187
v48152,0,37187
v48153,0,37187
v48154,0,37187
v48155,0,37187
v48158,0,37187
v48160,0,37187
v48170,0,37187
v48171,0,37187
v48172,0,37187
v48174,0,37187
v48175,0,37187
v48178,0,37187
v48179,0,37187
v48180,0,37187
v48182,0,37187
v48185,0,37187
v48189,0,37187
v48190,0,37187
v48191,0,37187
v62128,0,37187
v48194,0,37187
v48195,0,37187
v48196,0,37187
v48197,0,37187
v48198,0,37187
v48199,0,37187
v48200,0,37187
v48201,0,37187
v48202,0,37187
v48203,0,37187
v48207,0,37187
v48208,0,37187
v48212,0,37187
v48213,0,37187
v48214,0,37187
v48216,0,37187
v48217,0,37187
v48220,0,37187
v48221,0,37187
v48222,0,37187
v48224,0,37187
v48225,0,37187
v48226,0,37187
v48229,0,37187
v48230,0,37187
v48231,0,37187
v48232,0,37187
v48233,0,37187
v48234,0,37187
v48238,0,37187
v48240,0,37187
v48241,0,37187
v48242,0,37187
v48243,0,37187
v48244,0,37187
v48246,0,37187
v48247,0,37187
v48248,0,37187
v62129,0,37187
v48252,0,37187
v48253,0,37187
v48255,0,37187
v48256,0,37187
v48258,0,37187
v48262,0,37187
v48263,0,37187
v48264,0,37187
v48265,0,37187
v48267,0,37187
v48268,0,37187
v48269,0,37187
v48270,0,37187
v48273,0,37187
v48277,0,37187
v48278,0,37187
v48279,0,37187
v48280,0,37187
v48283,0,37187
v48286,0,37187
v48287,0,37187
v62130,0,37187
v48290,0,37187
v48292,0,37187
v48293,0,37187
v48295,0,37187
v48296,0,37187
v48297,0,37187
v48298,0,37187
v48299,0,37187
v48300,0,37187
v48301,0,37187
v48302,0,37187
v48303,0,37187
v48304,0,37187
v48305,0,37187
v48306,0,37187
v48307,0,37187
v48308,0,37187
v48309,0,37187
v48310,0,37187
v48311,0,37187
v48312,0,37187
v48313,0,37187
v48319,0,37187
v48323,0,37187
v48324,0,37187
v48325,0,37187
v48326,0,37187
v48327,0,37187
v57578,0,37187
v48331,0,37187
v48332,0,37187
v48333,0,37187
v48334,0,37187
v48335,0,37187
v48336,0,37187
v48337,0,37187
v48338,0,37187
v48339,0,37187
v48345,0,37187
v48346,0,37187
v48347,0,37187
v48348,0,37187
v48350,0,37187
v48351,0,37187
v48352,0,37187
v48353,0,37187
v48354,0,37187
v48355,0,37187
v48356,0,37187
v48358,0,37187
v48359,0,37187
v48360,0,37187
v48361,0,37187
v48362,0,37187
v48363,0,37187
v48365,0,37187
v48367,0,37187
v48368,0,37187
v48369,0,37187
v48370,0,37187
v62131,0,37187
v48377,0,37187
v48379,0,37187
v48380,0,37187
v48381,0,37187
v48382,0,37187
v48383,0,37187
v48384,0,37187
v48385,0,37187
v48386,0,37187
v48387,0,37187
v48388,0,37187
v48389,0,37187
v48390,0,37187
v48391,0,37187
v48400,0,37187
v48404,0,37187
v48406,0,37187
v48409,0,37187
v48410,0,37187
v48411,0,37187
v48412,0,37187
v48415,0,37187
v48421,0,37187
v48423,0,37187
v48424,0,37187
v48425,0,37187
v48428,0,37187
v48431,0,37187
v48432,0,37187
v48434,0,37187
v48435,0,37187
v62132,0,37187
v48438,0,37187
v48439,0,37187
v48441,0,37187
v48442,0,37187
v62133,0,37187
v50065,0,37187
v48446,0,37187
v48447,0,37187
v48448,0,37187
v48453,0,37187
v48456,0,37187
v48458,0,37187
v48459,0,37187
v48460,0,37187
v48462,0,37187
v48463,0,37187
v48464,0,37187
v48465,0,37187
v48467,0,37187
v48469,0,37187
v48470,0,37187
v48471,0,37187
v48472,0,37187
v48473,0,37187
v48474,0,37187
v48475,0,37187
v48476,0,37187
v5892,0,37187
v48478,0,37187
v48479,0,37187
v48480,0,37187
v48481,0,37187
v48482,0,37187
v48483,0,37187
v48485,0,37187
v48486,0,37187
v48488,0,37187
v48489,0,37187
v48490,0,37187
v48494,0,37187
v50067,0,37187
v50068,0,37187
v48498,0,37187
v48500,0,37187
v48501,0,37187
v48502,0,37187
v48504,0,37187
v48505,0,37187
v48506,0,37187
v62137,0,37187
v48508,0,37187
v48509,0,37187
v48510,0,37187
v48513,0,37187
v48514,0,37187
v48516,0,37187
v48517,0,37187
v48518,0,37187
v48519,0,37187
v48520,0,37187
v48521,0,37187
v48524,0,37187
v48525,0,37187
v48526,0,37187
v48527,0,37187
v48528,0,37187
v48529,0,37187
v48530,0,37187
v48534,0,37187
v48535,0,37187
v48539,0,37187
v48540,0,37187
v48541,0,37187
v48542,0,37187
v48543,0,37187
v48544,0,37187
v48545,0,37187
v48546,0,37187
v48547,0,37187
v48553,0,37187
v48554,0,37187
v48555,0,37187
v48556,0,37187
v48559,0,37187
v48560,0,37187
v48563,0,37187
v48564,0,37187
v48566,0,37187
v48567,0,37187
v48568,0,37187
v48570,0,37187
v48571,0,37187
v48574,0,37187
v48576,0,37187
v48577,0,37187
v48578,0,37187
v48579,0,37187
v48580,0,37187
v48581,0,37187
v48582,0,37187
v48583,0,37187
v48585,0,37187
v48586,0,37187
v48589,0,37187
v48590,0,37187
v5867,0,37187
v48596,0,37187
v48599,0,37187
v48600,0,37187
v48601,0,37187
v48602,0,37187
v48606,0,37187
v48607,0,37187
v48608,0,37187
v5851,0,37187
v48610,0,37187
v48611,0,37187
v48612,0,37187
v48613,0,37187
v48616,0,37187
v48617,0,37187
v48619,0,37187
v48621,0,37187
v48622,0,37187
v48625,0,37187
v48626,0,37187
v48627,0,37187
v48628,0,37187
v48629,0,37187
v48630,0,37187
v48631,0,37187
v48633,0,37187
v62139,0,37187
v5833,0,37187
v48643,0,37187
v48645,0,37187
v48648,0,37187
v48651,0,37187
v48652,0,37187
v48653,0,37187
v48654,0,37187
v48656,0,37187
v48661,0,37187
v48663,0,37187
v48664,0,37187
v48665,0,37187
v48666,0,37187
v48667,0,37187
v48668,0,37187
v48669,0,37187
v48670,0,37187
v48671,0,37187
v48672,0,37187
v48674,0,37187
v48676,0,37187
v48678,0,37187
v48680,0,37187
v48681,0,37187
v48682,0,37187
v48683,0,37187
v48686,0,37187
v48687,0,37187
v48689,0,37187
v48693,0,37187
v48695,0,37187
v48696,0,37187
v48697,0,37187
v48698,0,37187
v48700,0,37187
v48701,0,37187
v48702,0,37187
v48703,0,37187
v48706,0,37187
v48707,0,37187
v48710,0,37187
v48711,0,37187
v48713,0,37187
v48714,0,37187
v48716,0,37187
v48727,0,37187
v48729,0,37187
v48732,0,37187
v48733,0,37187
v48734,0,37187
v48735,0,37187
v48737,0,37187
v48741,0,37187
v48742,0,37187
v48743,0,37187
v48744,0,37187
v48746,0,37187
v48747,0,37187
v62140,0,37187
v48750,0,37187
v48751,0,37187
v62141,0,37187
v48755,0,37187
v50071,0,37187
v48757,0,37187
v48758,0,37187
v48759,0,37187
v48761,0,37187
v48762,0,37187
v5815,0,37187
v48765,0,37187
v48768,0,37187
v48769,0,37187
v48770,0,37187
v48771,0,37187
v48772,0,37187
v48773,0,37187
v48774,0,37187
v48776,0,37187
v48777,0,37187
v48778,0,37187
v48779,0,37187
v48780,0,37187
v48781,0,37187
v48782,0,37187
v48783,0,37187
v48784,0,37187
v48785,0,37187
v48787,0,37187
v48788,0,37187
v48789,0,37187
v48790,0,37187
v48791,0,37187
v48792,0,37187
v48793,0,37187
v48796,0,37187
v48798,0,37187
v48799,0,37187
v48800,0,37187
v48802,0,37187
v48803,0,37187
v48804,0,37187
v48807,0,37187
v48812,0,37187
v48814,0,37187
v62142,0,37187
v48816,0,37187
v48820,0,37187
v48821,0,37187
v48822,0,37187
v48824,0,37187
v48825,0,37187
v48826,0,37187
v48827,0,37187
v48828,0,37187
v48829,0,37187
v48833,0,37187
v48834,0,37187
v48835,0,37187
v48836,0,37187
v48837,0,37187
v48838,0,37187
v48840,0,37187
v48842,0,37187
v48843,0,37187
v48844,0,37187
v48846,0,37187
v48849,0,37187
v48851,0,37187
v48854,0,37187
v48857,0,37187
v48858,0,37187
v48860,0,37187
v48862,0,37187
v48863,0,37187
v48864,0,37187
v48866,0,37187
v48868,0,37187
v48869,0,37187
v48870,0,37187
v48871,0,37187
v48872,0,37187
v48873,0,37187
v48874,0,37187
v48875,0,37187
v48876,0,37187
v48877,0,37187
v48878,0,37187
v48879,0,37187
v48880,0,37187
v48881,0,37187
v48882,0,37187
v48883,0,37187
v48884,0,37187
v48885,0,37187
v48886,0,37187
v48887,0,37187
v48890,0,37187
v48891,0,37187
v48893,0,37187
v48894,0,37187
v48895,0,37187
v48896,0,37187
v48897,0,37187
v48898,0,37187
v48900,0,37187
v48901,0,37187
v48902,0,37187
v48904,0,37187
v48905,0,37187
v48907,0,37187
v48908,0,37187
v48913,0,37187
v48917,0,37187
v48919,0,37187
v48920,0,37187
v48921,0,37187
v48922,0,37187
v48927,0,37187
v5772,0,37187
v48929,0,37187
v48932,0,37187
v48933,0,37187
v48935,0,37187
v48937,0,37187
v5768,0,37187
v62143,0,37187
v48943,0,37187
v48944,0,37187
v48949,0,37187
v48950,0,37187
v48953,0,37187
v48954,0,37187
v48956,0,37187
v48957,0,37187
v48958,0,37187
v5745,0,37187
v48960,0,37187
v48963,0,37187
v62145,0,37187
v48968,0,37187
v48969,0,37187
v48971,0,37187
v48972,0,37187
v48974,0,37187
v62147,0,37187
v5740,0,37187
v48978,0,37187
v5739,0,37187
v48982,0,37187
v48984,0,37187
v48989,0,37187
v48991,0,37187
v48993,0,37187
v48994,0,37187
v48995,0,37187
v48996,0,37187
v48997,0,37187
v48998,0,37187
v48999,0,37187
v49000,0,37187
v49004,0,37187
v62149,0,37187
v49010,0,37187
v49012,0,37187
v49013,0,37187
v49014,0,37187
v5728,0,37187
v49016,0,37187
v49017,0,37187
v49020,0,37187
v49021,0,37187
v49022,0,37187
v49024,0,37187
v49026,0,37187
v49030,0,37187
v49031,0,37187
v49032,0,37187
v49033,0,37187
v49036,0,37187
v62150,0,37187
v49042,0,37187
v49044,0,37187
v49045,0,37187
v49046,0,37187
v49047,0,37187
v49049,0,37187
v49051,0,37187
v5703,0,37187
v49053,0,37187
v5701,0,37187
v5694,0,37187
v49060,0,37187
v49063,0,37187
v49064,0,37187
v49068,0,37187
v49069,0,37187
v49070,0,37187
v49071,0,37187
v49072,0,37187
v49074,0,37187
v49077,0,37187
v49078,0,37187
v49079,0,37187
v49082,0,37187
v5687,0,37187
v62151,0,37187
v49087,0,37187
v5686,0,37187
v49090,0,37187
v49091,0,37187
v49093,0,37187
v49094,0,37187
v49095,0,37187
v5683,0,37187
v49097,0,37187
v49099,0,37187
v49101,0,37187
v49102,0,37187
v49103,0,37187
v49107,0,37187
v49108,0,37187
v62152,0,37187
v49112,0,37187
v49115,0,37187
v49116,0,37187
v49119,0,37187
v49121,0,37187
v49125,0,37187
v49126,0,37187
v49129,0,37187
v49130,0,37187
v49131,0,37187
v49134,0,37187
v5673,0,37187
v49137,0,37187
v49138,0,37187
v49141,0,37187
v49142,0,37187
v49144,0,37187
v49146,0,37187
v49149,0,37187
v49150,0,37187
v49154,0,37187
v5648,0,37187
v49161,0,37187
v49164,0,37187
v49166,0,37187
v49168,0,37187
v62154,0,37187
v62155,0,37187
v49175,0,37187
v49178,0,37187
v49179,0,37187
v5642,0,37187
v62156,0,37187
v49183,0,37187
v49185,0,37187
v5638,0,37187
v49190,0,37187
v49191,0,37187
v49192,0,37187
v49193,0,37187
v49195,0,37187
v49196,0,37187
v49197,0,37187
v49199,0,37187
v49200,0,37187
v49202,0,37187
v49203,0,37187
v49204,0,37187
v49205,0,37187
v49206,0,37187
v49209,0,37187
v49210,0,37187
v49212,0,37187
v49216,0,37187
v62157,0,37187
v49219,0,37187
v49222,0,37187
v49229,0,37187
v49231,0,37187
v49233,0,37187
v49234,0,37187
v49235,0,37187
v49238,0,37187
v49239,0,37187
v49240,0,37187
v49241,0,37187
v49244,0,37187
v49245,0,37187
v49248,0,37187
v49250,0,37187
v49251,0,37187
v49253,0,37187
v49254,0,37187
v49256,0,37187
v49257,0,37187
v49258,0,37187
v49259,0,37187
v49260,0,37187
v49262,0,37187
v49263,0,37187
v49264,0,37187
v49265,0,37187
v49267,0,37187
v49269,0,37187
v49272,0,37187
v49273,0,37187
v49275,0,37187
v49277,0,37187
v49278,0,37187
v49279,0,37187
v49280,0,37187
v62158,0,37187
v49286,0,37187
v49289,0,37187
v49293,0,37187
v49294,0,37187
v49296,0,37187
v49297,0,37187
v49298,0,37187
v49299,0,37187
v49301,0,37187
v49302,0,37187
v49303,0,37187
v49305,0,37187
v5602,0,37187
v49309,0,37187
v49310,0,37187
v49311,0,37187
v49312,0,37187
v5601,0,37187
v49319,0,37187
v49325,0,37187
v49326,0,37187
v49327,0,37187
v49328,0,37187
v49333,0,37187
v49334,0,37187
v49335,0,37187
v43244,0,37187
v49340,0,37187
v49342,0,37187
v49343,0,37187
v49345,0,37187
v49346,0,37187
v49347,0,37187
v49348,0,37187
v49349,0,37187
v49350,0,37187
v49352,0,37187
v49353,0,37187
v49355,0,37187
v49357,0,37187
v49358,0,37187
v49359,0,37187
v49360,0,37187
v49362,0,37187
v49363,0,37187
v49364,0,37187
v49365,0,37187
v49367,0,37187
v49371,0,37187
v49373,0,37187
v49374,0,37187
v49375,0,37187
v49381,0,37187
v49383,0,37187
v49385,0,37187
v62159,0,37187
v49389,0,37187
v49390,0,37187
v49396,0,37187
v62160,0,37187
v49403,0,37187
v49404,0,37187
v49405,0,37187
v49406,0,37187
v49407,0,37187
v49409,0,37187
v62161,0,37187
v49411,0,37187
v5536,0,37187
v49417,0,37187
v49419,0,37187
v5534,0,37187
v5533,0,37187
v49424,0,37187
v49425,0,37187
v49426,0,37187
v49431,0,37187
v49432,0,37187
v49433,0,37187
v49436,0,37187
v49437,0,37187
v62162,0,37187
v49440,0,37187
v49441,0,37187
v49442,0,37187
v49443,0,37187
v49448,0,37187
v49449,0,37187
v49450,0,37187
v49452,0,37187
v49453,0,37187
v49454,0,37187
v49455,0,37187
v49456,0,37187
v49457,0,37187
v49458,0,37187
v49459,0,37187
v49461,0,37187
v57476,0,37187
v62163,0,37187
v49464,0,37187
v49466,0,37187
v49468,0,37187
v5489,0,37187
v5487,0,37187
v5480,0,37187
v49474,0,37187
v49476,0,37187
v57477,0,37187
v5466,0,37187
v49484,0,37187
v5465,0,37187
v49487,0,37187
v49488,0,37187
v49489,0,37187
v49490,0,37187
v49491,0,37187
v5463,0,37187
v49495,0,37187
v49496,0,37187
v49498,0,37187
v49499,0,37187
v49501,0,37187
v5462,0,37187
v49505,0,37187
v49508,0,37187
v49511,0,37187
v5459,0,37187
v49513,0,37187
v49514,0,37187
v49515,0,37187
v5456,0,37187
v5455,0,37187
v5454,0,37187
v49519,0,37187
v5449,0,37187
v62165,0,37187
v49524,0,37187
v62166,0,37187
v5448,0,37187
v62167,0,37187
